"an","location_name","caen_description","total_value","yoy_growth","market_share_pct","growth_rank"
2008, Maramures,B  INDUSTRIA EXTRACTIVA,40000000,,0.30000750018750468800,1
2008, Suceava,B  INDUSTRIA EXTRACTIVA,111000000,,0.83252081302032550800,1
2008, Gorj,B  INDUSTRIA EXTRACTIVA,1016000000,,7.62019050476261906500,1
2008, Botosani,B  INDUSTRIA EXTRACTIVA,12000000,,0.09000225005625140600,1
2008, Bihor,B  INDUSTRIA EXTRACTIVA,240000000,,1.80004500112502812600,1
2008, Olt,B  INDUSTRIA EXTRACTIVA,27000000,,0.20250506262656566400,1
2008, Giurgiu,B  INDUSTRIA EXTRACTIVA,145000000,,1.08752718817970449300,1
2008, Dolj,B  INDUSTRIA EXTRACTIVA,287000000,,2.15255381384534613400,1
2008, Hunedoara,B  INDUSTRIA EXTRACTIVA,551000000,,4.13260331508287707200,1
2008, Ilfov,B  INDUSTRIA EXTRACTIVA,48000000,,0.36000900022500562500,1
2008, Dambovita,B  INDUSTRIA EXTRACTIVA,501000000,,3.75759393984849621200,1
2008, Arad,B  INDUSTRIA EXTRACTIVA,108000000,,0.81002025050626265700,1
2008, Buzau,B  INDUSTRIA EXTRACTIVA,67000000,,0.50251256281407035200,1
2008, Braila,B  INDUSTRIA EXTRACTIVA,102000000,,0.76501912547813695300,1
2008, Valcea,B  INDUSTRIA EXTRACTIVA,282000000,,2.11505287632190804800,1
2008, Satu Mare,B  INDUSTRIA EXTRACTIVA,15000000,,0.11250281257031425800,1
2008, Bistrita-Nasaud,B  INDUSTRIA EXTRACTIVA,21000000,,0.15750393759843996100,1
2008, Caras-Severin,B  INDUSTRIA EXTRACTIVA,91000000,,0.68251706292657316400,1
2008, Bacau,B  INDUSTRIA EXTRACTIVA,523000000,,3.92259806495162379100,1
2008, Sibiu,B  INDUSTRIA EXTRACTIVA,1993000000,,14.94787369684242106100,1
2008, Tulcea,B  INDUSTRIA EXTRACTIVA,83000000,,0.62251556288907222700,1
2008, Arges,B  INDUSTRIA EXTRACTIVA,455000000,,3.41258531463286582200,1
2008, Municipiul Bucuresti,B  INDUSTRIA EXTRACTIVA,1660000000,,12.45031125778144453600,1
2008, Cluj,B  INDUSTRIA EXTRACTIVA,237000000,,1.77754443861096527400,1
2008, Neamt,B  INDUSTRIA EXTRACTIVA,48000000,,0.36000900022500562500,1
2008, Harghita,B  INDUSTRIA EXTRACTIVA,76000000,,0.57001425035625890600,1
2008, Teleorman,B  INDUSTRIA EXTRACTIVA,462000000,,3.46508662716567914200,1
2008, Mehedinti,B  INDUSTRIA EXTRACTIVA,140000000,,1.05002625065626640700,1
2008, Vrancea,B  INDUSTRIA EXTRACTIVA,28000000,,0.21000525013125328100,1
2008, Alba,B  INDUSTRIA EXTRACTIVA,74000000,,0.55501387534688367200,1
2008, Prahova,B  INDUSTRIA EXTRACTIVA,1058000000,,7.93519837995949898700,1
2008, Salaj,B  INDUSTRIA EXTRACTIVA,15000000,,0.11250281257031425800,1
2008, Timis,B  INDUSTRIA EXTRACTIVA,281000000,,2.10755268881722043100,1
2008, Brasov,B  INDUSTRIA EXTRACTIVA,64000000,,0.48001200030000750000,1
2008, Iasi,B  INDUSTRIA EXTRACTIVA,22000000,,0.16500412510312757800,1
2008, Covasna,B  INDUSTRIA EXTRACTIVA,63000000,,0.47251181279531988300,1
2008, Ialomita,B  INDUSTRIA EXTRACTIVA,1000000,,0.007500187504687617190400,1
2008, Constanta,B  INDUSTRIA EXTRACTIVA,976000000,,7.32018300457511437800,1
2008, Mures,B  INDUSTRIA EXTRACTIVA,1388000000,,10.41026025650641266000,1
2008, Galati,B  INDUSTRIA EXTRACTIVA,22000000,,0.16500412510312757800,1
2008, Suceava,C  INDUSTRIA PRELUCRATOARE,2681000000,,1.11125388068424390400,1
2008, Braila,C  INDUSTRIA PRELUCRATOARE,2192000000,,0.90856714153668878700,1
2008, Cluj,C  INDUSTRIA PRELUCRATOARE,9032000000,,3.74369453574788919800,1
2008, Iasi,C  INDUSTRIA PRELUCRATOARE,3753000000,,1.55558963603430338400,1
2008, Dambovita,C  INDUSTRIA PRELUCRATOARE,4710000000,,1.95225877583841431800,1
2008, Dolj,C  INDUSTRIA PRELUCRATOARE,4528000000,,1.87682117558308705600,1
2008, Prahova,C  INDUSTRIA PRELUCRATOARE,19123000000,,7.92633642682760021400,1
2008, Arges,C  INDUSTRIA PRELUCRATOARE,20347000000,,8.43367501316013081400,1
2008, Covasna,C  INDUSTRIA PRELUCRATOARE,1571000000,,0.65116741758856664400,1
2008, Vaslui,C  INDUSTRIA PRELUCRATOARE,1224000000,,0.50733858633253060000,1
2008, Ialomita,C  INDUSTRIA PRELUCRATOARE,1831000000,,0.75893541795331987600,1
2008, Teleorman,C  INDUSTRIA PRELUCRATOARE,1231000000,,0.51024003249619703300,1
2008, Giurgiu,C  INDUSTRIA PRELUCRATOARE,679000000,,0.28144027787564401700,1
2008, Constanta,C  INDUSTRIA PRELUCRATOARE,15255000000,,6.32308017524734828500,1
2008, Galati,C  INDUSTRIA PRELUCRATOARE,10266000000,,4.25517804517137184500,1
2008, Vrancea,C  INDUSTRIA PRELUCRATOARE,1395000000,,0.57821677118781061000,1
2008, Olt,C  INDUSTRIA PRELUCRATOARE,5718000000,,2.37006702340638069500,1
2008, Brasov,C  INDUSTRIA PRELUCRATOARE,8935000000,,3.70348878176565433800,1
2008, Salaj,C  INDUSTRIA PRELUCRATOARE,2565000000,,1.06317277282920015400,1
2008, Maramures,C  INDUSTRIA PRELUCRATOARE,3507000000,,1.45362452799688301800,1
2008, Municipiul Bucuresti,C  INDUSTRIA PRELUCRATOARE,31800000000,,13.18085542922751068400,1
2008, Valcea,C  INDUSTRIA PRELUCRATOARE,4079000000,,1.69071412879934012800,1
2008, Mures,C  INDUSTRIA PRELUCRATOARE,5238000000,,2.17111071504068242000,1
2008, Mehedinti,C  INDUSTRIA PRELUCRATOARE,1355000000,,0.56163707882400242100,1
2008, Alba,C  INDUSTRIA PRELUCRATOARE,4800000000,,1.98956308365698274500,1
2008, Bacau,C  INDUSTRIA PRELUCRATOARE,3890000000,,1.61237508238034643300,1
2008, Bihor,C  INDUSTRIA PRELUCRATOARE,5653000000,,2.34312502331519238700,1
2008, Sibiu,C  INDUSTRIA PRELUCRATOARE,6325000000,,2.62166385502716997100,1
2008, Caras-Severin,C  INDUSTRIA PRELUCRATOARE,1817000000,,0.75313252562598701000,1
2008, Ilfov,C  INDUSTRIA PRELUCRATOARE,9521000000,,3.94638127489544431500,1
2008, Botosani,C  INDUSTRIA PRELUCRATOARE,1434000000,,0.59438197124252359500,1
2008, Harghita,C  INDUSTRIA PRELUCRATOARE,2934000000,,1.21612043488533070300,1
2008, Timis,C  INDUSTRIA PRELUCRATOARE,11067000000,,4.58718638475663084100,1
2008, Calarasi,C  INDUSTRIA PRELUCRATOARE,3113000000,,1.29031455821337235100,1
2008, Bistrita-Nasaud,C  INDUSTRIA PRELUCRATOARE,3458000000,,1.43331440485121798600,1
2008, Arad,C  INDUSTRIA PRELUCRATOARE,6224000000,,2.57980013180855429200,1
2008, Gorj,C  INDUSTRIA PRELUCRATOARE,1401000000,,0.58070372504238183900,1
2008, Neamt,C  INDUSTRIA PRELUCRATOARE,3415000000,,1.41549123556012418200,1
2008, Tulcea,C  INDUSTRIA PRELUCRATOARE,1389000000,,0.57572981733323938200,1
2008, Buzau,C  INDUSTRIA PRELUCRATOARE,4601000000,,1.90707911414703700200,1
2008, Hunedoara,C  INDUSTRIA PRELUCRATOARE,3588000000,,1.48719840503359460200,1
2008, Satu Mare,C  INDUSTRIA PRELUCRATOARE,3614000000,,1.49797520507006992500,1
2008, Constanta,D  PRODUCTIA SI FURNIZAREA DE ENERGIE ELECTRICA SI TERMICA  GAZE  APA CALDA SI AER CONDITIONAT,2199000000,,4.51308363263211903500,1
2008, Caras-Severin,D  PRODUCTIA SI FURNIZAREA DE ENERGIE ELECTRICA SI TERMICA  GAZE  APA CALDA SI AER CONDITIONAT,58000000,,0.11903540277065161600,1
2008, Cluj,D  PRODUCTIA SI FURNIZAREA DE ENERGIE ELECTRICA SI TERMICA  GAZE  APA CALDA SI AER CONDITIONAT,946000000,,1.94150846587993843000,1
2008, Botosani,D  PRODUCTIA SI FURNIZAREA DE ENERGIE ELECTRICA SI TERMICA  GAZE  APA CALDA SI AER CONDITIONAT,216000000,,0.44330425859415084700,1
2008, Iasi,D  PRODUCTIA SI FURNIZAREA DE ENERGIE ELECTRICA SI TERMICA  GAZE  APA CALDA SI AER CONDITIONAT,646000000,,1.32580810672139558700,1
2008, Olt,D  PRODUCTIA SI FURNIZAREA DE ENERGIE ELECTRICA SI TERMICA  GAZE  APA CALDA SI AER CONDITIONAT,1000000,,0.002052334530528476141600,1
2008, Prahova,D  PRODUCTIA SI FURNIZAREA DE ENERGIE ELECTRICA SI TERMICA  GAZE  APA CALDA SI AER CONDITIONAT,892000000,,1.83068240123140071800,1
2008, Hunedoara,D  PRODUCTIA SI FURNIZAREA DE ENERGIE ELECTRICA SI TERMICA  GAZE  APA CALDA SI AER CONDITIONAT,1243000000,,2.55105182144689584400,1
2008, Maramures,D  PRODUCTIA SI FURNIZAREA DE ENERGIE ELECTRICA SI TERMICA  GAZE  APA CALDA SI AER CONDITIONAT,253000000,,0.51924063622370446400,1
2008, Mures,D  PRODUCTIA SI FURNIZAREA DE ENERGIE ELECTRICA SI TERMICA  GAZE  APA CALDA SI AER CONDITIONAT,4552000000,,9.34222678296562339700,1
2008, Braila,D  PRODUCTIA SI FURNIZAREA DE ENERGIE ELECTRICA SI TERMICA  GAZE  APA CALDA SI AER CONDITIONAT,416000000,,0.85377116469984607500,1
2008, Covasna,D  PRODUCTIA SI FURNIZAREA DE ENERGIE ELECTRICA SI TERMICA  GAZE  APA CALDA SI AER CONDITIONAT,147000000,,0.30169317598768599300,1
2008, Tulcea,D  PRODUCTIA SI FURNIZAREA DE ENERGIE ELECTRICA SI TERMICA  GAZE  APA CALDA SI AER CONDITIONAT,28000000,,0.05746536685479733200,1
2008, Neamt,D  PRODUCTIA SI FURNIZAREA DE ENERGIE ELECTRICA SI TERMICA  GAZE  APA CALDA SI AER CONDITIONAT,279000000,,0.57260133401744484400,1
2008, Brasov,D  PRODUCTIA SI FURNIZAREA DE ENERGIE ELECTRICA SI TERMICA  GAZE  APA CALDA SI AER CONDITIONAT,715000000,,1.46741918932786044100,1
2008, Alba,D  PRODUCTIA SI FURNIZAREA DE ENERGIE ELECTRICA SI TERMICA  GAZE  APA CALDA SI AER CONDITIONAT,294000000,,0.60338635197537198600,1
2008, Vaslui,D  PRODUCTIA SI FURNIZAREA DE ENERGIE ELECTRICA SI TERMICA  GAZE  APA CALDA SI AER CONDITIONAT,368000000,,0.75525910723447922000,1
2008, Arad,D  PRODUCTIA SI FURNIZAREA DE ENERGIE ELECTRICA SI TERMICA  GAZE  APA CALDA SI AER CONDITIONAT,170000000,,0.34889687018984094400,1
2008, Giurgiu,D  PRODUCTIA SI FURNIZAREA DE ENERGIE ELECTRICA SI TERMICA  GAZE  APA CALDA SI AER CONDITIONAT,45000000,,0.09235505387378142600,1
2008, Bistrita-Nasaud,D  PRODUCTIA SI FURNIZAREA DE ENERGIE ELECTRICA SI TERMICA  GAZE  APA CALDA SI AER CONDITIONAT,176000000,,0.36121087737301180100,1
2008, Galati,D  PRODUCTIA SI FURNIZAREA DE ENERGIE ELECTRICA SI TERMICA  GAZE  APA CALDA SI AER CONDITIONAT,987000000,,2.02565418163160595200,1
2008, Satu Mare,D  PRODUCTIA SI FURNIZAREA DE ENERGIE ELECTRICA SI TERMICA  GAZE  APA CALDA SI AER CONDITIONAT,196000000,,0.40225756798358132400,1
2008, Harghita,D  PRODUCTIA SI FURNIZAREA DE ENERGIE ELECTRICA SI TERMICA  GAZE  APA CALDA SI AER CONDITIONAT,273000000,,0.56028732683427398700,1
2008, Dolj,D  PRODUCTIA SI FURNIZAREA DE ENERGIE ELECTRICA SI TERMICA  GAZE  APA CALDA SI AER CONDITIONAT,3263000000,,6.69676757311441765000,1
2008, Municipiul Bucuresti,D  PRODUCTIA SI FURNIZAREA DE ENERGIE ELECTRICA SI TERMICA  GAZE  APA CALDA SI AER CONDITIONAT,22917000000,,47.03335043612108773700,1
2008, Mehedinti,D  PRODUCTIA SI FURNIZAREA DE ENERGIE ELECTRICA SI TERMICA  GAZE  APA CALDA SI AER CONDITIONAT,473000000,,0.97075423293996921500,1
2008, Calarasi,D  PRODUCTIA SI FURNIZAREA DE ENERGIE ELECTRICA SI TERMICA  GAZE  APA CALDA SI AER CONDITIONAT,6000000,,0.01231400718317085700,1
2008, Timis,D  PRODUCTIA SI FURNIZAREA DE ENERGIE ELECTRICA SI TERMICA  GAZE  APA CALDA SI AER CONDITIONAT,619000000,,1.27039507439712673200,1
2008, Bihor,D  PRODUCTIA SI FURNIZAREA DE ENERGIE ELECTRICA SI TERMICA  GAZE  APA CALDA SI AER CONDITIONAT,612000000,,1.25602873268342739900,1
2008, Arges,D  PRODUCTIA SI FURNIZAREA DE ENERGIE ELECTRICA SI TERMICA  GAZE  APA CALDA SI AER CONDITIONAT,158000000,,0.32426885582349923000,1
2008, Valcea,D  PRODUCTIA SI FURNIZAREA DE ENERGIE ELECTRICA SI TERMICA  GAZE  APA CALDA SI AER CONDITIONAT,383000000,,0.78604412519240636200,1
2008, Ilfov,D  PRODUCTIA SI FURNIZAREA DE ENERGIE ELECTRICA SI TERMICA  GAZE  APA CALDA SI AER CONDITIONAT,134000000,,0.27501282709081580300,1
2008, Bacau,D  PRODUCTIA SI FURNIZAREA DE ENERGIE ELECTRICA SI TERMICA  GAZE  APA CALDA SI AER CONDITIONAT,770000000,,1.58029758850692662900,1
2008, Gorj,D  PRODUCTIA SI FURNIZAREA DE ENERGIE ELECTRICA SI TERMICA  GAZE  APA CALDA SI AER CONDITIONAT,2266000000,,4.65059004617752693700,1
2008, Teleorman,D  PRODUCTIA SI FURNIZAREA DE ENERGIE ELECTRICA SI TERMICA  GAZE  APA CALDA SI AER CONDITIONAT,113000000,,0.23191380194971780400,1
2008, Dambovita,D  PRODUCTIA SI FURNIZAREA DE ENERGIE ELECTRICA SI TERMICA  GAZE  APA CALDA SI AER CONDITIONAT,366000000,,0.75115443817342226800,1
2008, Ialomita,D  PRODUCTIA SI FURNIZAREA DE ENERGIE ELECTRICA SI TERMICA  GAZE  APA CALDA SI AER CONDITIONAT,2000000,,0.004104669061056952283200,1
2008, Salaj,D  PRODUCTIA SI FURNIZAREA DE ENERGIE ELECTRICA SI TERMICA  GAZE  APA CALDA SI AER CONDITIONAT,216000000,,0.44330425859415084700,1
2008, Sibiu,D  PRODUCTIA SI FURNIZAREA DE ENERGIE ELECTRICA SI TERMICA  GAZE  APA CALDA SI AER CONDITIONAT,335000000,,0.68753206772703950700,1
2008, Buzau,D  PRODUCTIA SI FURNIZAREA DE ENERGIE ELECTRICA SI TERMICA  GAZE  APA CALDA SI AER CONDITIONAT,313000000,,0.64238070805541303200,1
2008, Suceava,D  PRODUCTIA SI FURNIZAREA DE ENERGIE ELECTRICA SI TERMICA  GAZE  APA CALDA SI AER CONDITIONAT,482000000,,0.98922524371472550000,1
2008, Vrancea,D  PRODUCTIA SI FURNIZAREA DE ENERGIE ELECTRICA SI TERMICA  GAZE  APA CALDA SI AER CONDITIONAT,197000000,,0.40430990251410980000,1
2008, Vaslui,E  DISTRIBUTIA APEI; SALUBRITATE  GESTIONAREA DESEURILOR  ACTIVITATI DE DECONTAMINARE,94000000,,0.78385590393595730500,1
2008, Hunedoara,E  DISTRIBUTIA APEI; SALUBRITATE  GESTIONAREA DESEURILOR  ACTIVITATI DE DECONTAMINARE,403000000,,3.36057371581054036000,1
2008, Cluj,E  DISTRIBUTIA APEI; SALUBRITATE  GESTIONAREA DESEURILOR  ACTIVITATI DE DECONTAMINARE,275000000,,2.29319546364242828600,1
2008, Salaj,E  DISTRIBUTIA APEI; SALUBRITATE  GESTIONAREA DESEURILOR  ACTIVITATI DE DECONTAMINARE,65000000,,0.54202801867911941300,1
2008, Galati,E  DISTRIBUTIA APEI; SALUBRITATE  GESTIONAREA DESEURILOR  ACTIVITATI DE DECONTAMINARE,535000000,,4.46130753835890593700,1
2008, Timis,E  DISTRIBUTIA APEI; SALUBRITATE  GESTIONAREA DESEURILOR  ACTIVITATI DE DECONTAMINARE,253000000,,2.10973982655103402300,1
2008, Suceava,E  DISTRIBUTIA APEI; SALUBRITATE  GESTIONAREA DESEURILOR  ACTIVITATI DE DECONTAMINARE,71000000,,0.59206137424949966600,1
2008, Dolj,E  DISTRIBUTIA APEI; SALUBRITATE  GESTIONAREA DESEURILOR  ACTIVITATI DE DECONTAMINARE,272000000,,2.26817878585723815900,1
2008, Botosani,E  DISTRIBUTIA APEI; SALUBRITATE  GESTIONAREA DESEURILOR  ACTIVITATI DE DECONTAMINARE,121000000,,1.00900600400266844600,1
2008, Mures,E  DISTRIBUTIA APEI; SALUBRITATE  GESTIONAREA DESEURILOR  ACTIVITATI DE DECONTAMINARE,180000000,,1.50100066711140760500,1
2008, Gorj,E  DISTRIBUTIA APEI; SALUBRITATE  GESTIONAREA DESEURILOR  ACTIVITATI DE DECONTAMINARE,212000000,,1.76784523015343562400,1
2008, Valcea,E  DISTRIBUTIA APEI; SALUBRITATE  GESTIONAREA DESEURILOR  ACTIVITATI DE DECONTAMINARE,193000000,,1.60940627084723148800,1
2008, Alba,E  DISTRIBUTIA APEI; SALUBRITATE  GESTIONAREA DESEURILOR  ACTIVITATI DE DECONTAMINARE,116000000,,0.96731154102735156800,1
2008, Iasi,E  DISTRIBUTIA APEI; SALUBRITATE  GESTIONAREA DESEURILOR  ACTIVITATI DE DECONTAMINARE,419000000,,3.49399599733155437000,1
2008, Maramures,E  DISTRIBUTIA APEI; SALUBRITATE  GESTIONAREA DESEURILOR  ACTIVITATI DE DECONTAMINARE,128000000,,1.06737825216811207500,1
2008, Ialomita,E  DISTRIBUTIA APEI; SALUBRITATE  GESTIONAREA DESEURILOR  ACTIVITATI DE DECONTAMINARE,83000000,,0.69212808539026017300,1
2008, Prahova,E  DISTRIBUTIA APEI; SALUBRITATE  GESTIONAREA DESEURILOR  ACTIVITATI DE DECONTAMINARE,331000000,,2.76017344896597731800,1
2008, Constanta,E  DISTRIBUTIA APEI; SALUBRITATE  GESTIONAREA DESEURILOR  ACTIVITATI DE DECONTAMINARE,1083000000,,9.03102068045363575700,1
2008, Braila,E  DISTRIBUTIA APEI; SALUBRITATE  GESTIONAREA DESEURILOR  ACTIVITATI DE DECONTAMINARE,99000000,,0.82555036691127418300,1
2008, Brasov,E  DISTRIBUTIA APEI; SALUBRITATE  GESTIONAREA DESEURILOR  ACTIVITATI DE DECONTAMINARE,886000000,,7.38825883922615076700,1
2008, Buzau,E  DISTRIBUTIA APEI; SALUBRITATE  GESTIONAREA DESEURILOR  ACTIVITATI DE DECONTAMINARE,179000000,,1.49266177451634422900,1
2008, Tulcea,E  DISTRIBUTIA APEI; SALUBRITATE  GESTIONAREA DESEURILOR  ACTIVITATI DE DECONTAMINARE,93000000,,0.77551701134089392900,1
2008, Bihor,E  DISTRIBUTIA APEI; SALUBRITATE  GESTIONAREA DESEURILOR  ACTIVITATI DE DECONTAMINARE,150000000,,1.25083388925950633800,1
2008, Covasna,E  DISTRIBUTIA APEI; SALUBRITATE  GESTIONAREA DESEURILOR  ACTIVITATI DE DECONTAMINARE,36000000,,0.30020013342228152100,1
2008, Bistrita-Nasaud,E  DISTRIBUTIA APEI; SALUBRITATE  GESTIONAREA DESEURILOR  ACTIVITATI DE DECONTAMINARE,145000000,,1.20913942628418946000,1
2008, Caras-Severin,E  DISTRIBUTIA APEI; SALUBRITATE  GESTIONAREA DESEURILOR  ACTIVITATI DE DECONTAMINARE,104000000,,0.86724482988659106100,1
2008, Giurgiu,E  DISTRIBUTIA APEI; SALUBRITATE  GESTIONAREA DESEURILOR  ACTIVITATI DE DECONTAMINARE,56000000,,0.46697798532354903300,1
2008, Ilfov,E  DISTRIBUTIA APEI; SALUBRITATE  GESTIONAREA DESEURILOR  ACTIVITATI DE DECONTAMINARE,763000000,,6.36257505003335557000,1
2008, Bacau,E  DISTRIBUTIA APEI; SALUBRITATE  GESTIONAREA DESEURILOR  ACTIVITATI DE DECONTAMINARE,141000000,,1.17578385590393595700,1
2008, Arges,E  DISTRIBUTIA APEI; SALUBRITATE  GESTIONAREA DESEURILOR  ACTIVITATI DE DECONTAMINARE,422000000,,3.51901267511674449600,1
2008, Municipiul Bucuresti,E  DISTRIBUTIA APEI; SALUBRITATE  GESTIONAREA DESEURILOR  ACTIVITATI DE DECONTAMINARE,2270000000,,18.92928619079386257500,1
2008, Teleorman,E  DISTRIBUTIA APEI; SALUBRITATE  GESTIONAREA DESEURILOR  ACTIVITATI DE DECONTAMINARE,38000000,,0.31687791861240827200,1
2008, Olt,E  DISTRIBUTIA APEI; SALUBRITATE  GESTIONAREA DESEURILOR  ACTIVITATI DE DECONTAMINARE,108000000,,0.90060040026684456300,1
2008, Satu Mare,E  DISTRIBUTIA APEI; SALUBRITATE  GESTIONAREA DESEURILOR  ACTIVITATI DE DECONTAMINARE,69000000,,0.57538358905937291500,1
2008, Calarasi,E  DISTRIBUTIA APEI; SALUBRITATE  GESTIONAREA DESEURILOR  ACTIVITATI DE DECONTAMINARE,472000000,,3.93595730486991327600,1
2008, Vrancea,E  DISTRIBUTIA APEI; SALUBRITATE  GESTIONAREA DESEURILOR  ACTIVITATI DE DECONTAMINARE,78000000,,0.65043362241494329600,1
2008, Arad,E  DISTRIBUTIA APEI; SALUBRITATE  GESTIONAREA DESEURILOR  ACTIVITATI DE DECONTAMINARE,219000000,,1.82621747831887925300,1
2008, Sibiu,E  DISTRIBUTIA APEI; SALUBRITATE  GESTIONAREA DESEURILOR  ACTIVITATI DE DECONTAMINARE,169000000,,1.40927284856571047400,1
2008, Harghita,E  DISTRIBUTIA APEI; SALUBRITATE  GESTIONAREA DESEURILOR  ACTIVITATI DE DECONTAMINARE,30000000,,0.25016677785190126800,1
2008, Mehedinti,E  DISTRIBUTIA APEI; SALUBRITATE  GESTIONAREA DESEURILOR  ACTIVITATI DE DECONTAMINARE,375000000,,3.12708472314876584400,1
2008, Dambovita,E  DISTRIBUTIA APEI; SALUBRITATE  GESTIONAREA DESEURILOR  ACTIVITATI DE DECONTAMINARE,161000000,,1.34256170780520346900,1
2008, Neamt,E  DISTRIBUTIA APEI; SALUBRITATE  GESTIONAREA DESEURILOR  ACTIVITATI DE DECONTAMINARE,95000000,,0.79219479653102068000,1
2008, Cluj,F  CONSTRUCTII,5414000000,,5.85474522017475560200,1
2008, Tulcea,F  CONSTRUCTII,331000000,,0.35794618911670559700,1
2008, Galati,F  CONSTRUCTII,1656000000,,1.79081235400986244500,1
2008, Iasi,F  CONSTRUCTII,2492000000,,2.69486979842546933100,1
2008, Valcea,F  CONSTRUCTII,1179000000,,1.27498053464832598000,1
2008, Ilfov,F  CONSTRUCTII,2728000000,,2.95008218704040141900,1
2008, Bacau,F  CONSTRUCTII,2711000000,,2.93169824379271563300,1
2008, Municipiul Bucuresti,F  CONSTRUCTII,30165000000,,32.62068518037892551300,1
2008, Mehedinti,F  CONSTRUCTII,651000000,,0.70399688554373215700,1
2008, Botosani,F  CONSTRUCTII,657000000,,0.71048533610173890500,1
2008, Hunedoara,F  CONSTRUCTII,1234000000,,1.33445799809672117000,1
2008, Covasna,F  CONSTRUCTII,354000000,,0.38281858292239813100,1
2008, Gorj,F  CONSTRUCTII,665000000,,0.71913660351241456900,1
2008, Vaslui,F  CONSTRUCTII,436000000,,0.47149407388182368700,1
2008, Timis,F  CONSTRUCTII,4956000000,,5.35946016091357383900,1
2008, Giurgiu,F  CONSTRUCTII,1485000000,,1.60589151310667012700,1
2008, Dambovita,F  CONSTRUCTII,734000000,,0.79375378492949217100,1
2008, Mures,F  CONSTRUCTII,1459000000,,1.57777489402197421900,1
2008, Teleorman,F  CONSTRUCTII,417000000,,0.45094731378146898500,1
2008, Arad,F  CONSTRUCTII,1288000000,,1.39285405311878190200,1
2008, Ialomita,F  CONSTRUCTII,441000000,,0.47690111601349597700,1
2008, Arges,F  CONSTRUCTII,2904000000,,3.14041007007526602600,1
2008, Satu Mare,F  CONSTRUCTII,1312000000,,1.41880785535080889400,1
2008, Salaj,F  CONSTRUCTII,457000000,,0.49420365083484730500,1
2008, Suceava,F  CONSTRUCTII,1578000000,,1.70646249675577472100,1
2008, Harghita,F  CONSTRUCTII,1079000000,,1.16683969201488018000,1
2008, Maramures,F  CONSTRUCTII,1143000000,,1.23604983130028549200,1
2008, Vrancea,F  CONSTRUCTII,312000000,,0.33739942901635089500,1
2008, Caras-Severin,F  CONSTRUCTII,616000000,,0.66614759062202612700,1
2008, Neamt,F  CONSTRUCTII,877000000,,0.94839518989531966400,1
2008, Calarasi,F  CONSTRUCTII,499000000,,0.53962280474089454100,1
2008, Braila,F  CONSTRUCTII,790000000,,0.85431265680422181800,1
2008, Bistrita-Nasaud,F  CONSTRUCTII,691000000,,0.74725322259711047700,1
2008, Constanta,F  CONSTRUCTII,3741000000,,4.04554892291720737100,1
2008, Prahova,F  CONSTRUCTII,3325000000,,3.59568301756207284400,1
2008, Olt,F  CONSTRUCTII,934000000,,1.01003547019638377000,1
2008, Bihor,F  CONSTRUCTII,2094000000,,2.26446924474435504800,1
2008, Sibiu,F  CONSTRUCTII,1946000000,,2.10442079764685526400,1
2008, Buzau,F  CONSTRUCTII,1102000000,,1.19171208582057271400,1
2008, Alba,F  CONSTRUCTII,847000000,,0.91595293710528592400,1
2008, Dolj,F  CONSTRUCTII,1433000000,,1.54965827493727831100,1
2008, Brasov,F  CONSTRUCTII,3339000000,,3.61082273553075525600,1
2008, Arges,G  COMERT CU RIDICATA SI CU AMANUNTUL; REPARAREA AUTOVEHICULELOR SI MOTOCICLETELOR,10837000000,,2.73866324323231506400,1
2008, Giurgiu,G  COMERT CU RIDICATA SI CU AMANUNTUL; REPARAREA AUTOVEHICULELOR SI MOTOCICLETELOR,2592000000,,0.65503507672401593100,1
2008, Harghita,G  COMERT CU RIDICATA SI CU AMANUNTUL; REPARAREA AUTOVEHICULELOR SI MOTOCICLETELOR,3280000000,,0.82890241190384732000,1
2008, Arad,G  COMERT CU RIDICATA SI CU AMANUNTUL; REPARAREA AUTOVEHICULELOR SI MOTOCICLETELOR,7411000000,,1.87286456543274771000,1
2008, Vrancea,G  COMERT CU RIDICATA SI CU AMANUNTUL; REPARAREA AUTOVEHICULELOR SI MOTOCICLETELOR,3273000000,,0.82713341285405252400,1
2008, Iasi,G  COMERT CU RIDICATA SI CU AMANUNTUL; REPARAREA AUTOVEHICULELOR SI MOTOCICLETELOR,9846000000,,2.48822352061136607200,1
2008, Ialomita,G  COMERT CU RIDICATA SI CU AMANUNTUL; REPARAREA AUTOVEHICULELOR SI MOTOCICLETELOR,2803000000,,0.70835776236783050000,1
2008, Bistrita-Nasaud,G  COMERT CU RIDICATA SI CU AMANUNTUL; REPARAREA AUTOVEHICULELOR SI MOTOCICLETELOR,2645000000,,0.66842892667246224500,1
2008, Olt,G  COMERT CU RIDICATA SI CU AMANUNTUL; REPARAREA AUTOVEHICULELOR SI MOTOCICLETELOR,2912000000,,0.73590360471463518200,1
2008, Cluj,G  COMERT CU RIDICATA SI CU AMANUNTUL; REPARAREA AUTOVEHICULELOR SI MOTOCICLETELOR,16046000000,,4.05505125042961405500,1
2008, Dolj,G  COMERT CU RIDICATA SI CU AMANUNTUL; REPARAREA AUTOVEHICULELOR SI MOTOCICLETELOR,9529000000,,2.40811313507065887600,1
2008, Braila,G  COMERT CU RIDICATA SI CU AMANUNTUL; REPARAREA AUTOVEHICULELOR SI MOTOCICLETELOR,3694000000,,0.93352606999171097600,1
2008, Municipiul Bucuresti,G  COMERT CU RIDICATA SI CU AMANUNTUL; REPARAREA AUTOVEHICULELOR SI MOTOCICLETELOR,131544000000,,33.24303014374380850300,1
2008, Mures,G  COMERT CU RIDICATA SI CU AMANUNTUL; REPARAREA AUTOVEHICULELOR SI MOTOCICLETELOR,6970000000,,1.76141762529567555500,1
2008, Covasna,G  COMERT CU RIDICATA SI CU AMANUNTUL; REPARAREA AUTOVEHICULELOR SI MOTOCICLETELOR,2713000000,,0.68561348887046883500,1
2008, Maramures,G  COMERT CU RIDICATA SI CU AMANUNTUL; REPARAREA AUTOVEHICULELOR SI MOTOCICLETELOR,4729000000,,1.19508521521137011500,1
2008, Gorj,G  COMERT CU RIDICATA SI CU AMANUNTUL; REPARAREA AUTOVEHICULELOR SI MOTOCICLETELOR,2563000000,,0.64770636637486606200,1
2008, Buzau,G  COMERT CU RIDICATA SI CU AMANUNTUL; REPARAREA AUTOVEHICULELOR SI MOTOCICLETELOR,5678000000,,1.43491094353355033100,1
2008, Suceava,G  COMERT CU RIDICATA SI CU AMANUNTUL; REPARAREA AUTOVEHICULELOR SI MOTOCICLETELOR,6490000000,,1.64011483330974667900,1
2008, Timis,G  COMERT CU RIDICATA SI CU AMANUNTUL; REPARAREA AUTOVEHICULELOR SI MOTOCICLETELOR,13524000000,,3.41770616420354608500,1
2008, Bacau,G  COMERT CU RIDICATA SI CU AMANUNTUL; REPARAREA AUTOVEHICULELOR SI MOTOCICLETELOR,7181000000,,1.81474031093949012400,1
2008, Mehedinti,G  COMERT CU RIDICATA SI CU AMANUNTUL; REPARAREA AUTOVEHICULELOR SI MOTOCICLETELOR,1747000000,,0.44149161999878697200,1
2008, Tulcea,G  COMERT CU RIDICATA SI CU AMANUNTUL; REPARAREA AUTOVEHICULELOR SI MOTOCICLETELOR,2091000000,,0.52842528758870266700,1
2008, Alba,G  COMERT CU RIDICATA SI CU AMANUNTUL; REPARAREA AUTOVEHICULELOR SI MOTOCICLETELOR,2851000000,,0.72048804156642338700,1
2008, Sibiu,G  COMERT CU RIDICATA SI CU AMANUNTUL; REPARAREA AUTOVEHICULELOR SI MOTOCICLETELOR,7541000000,,1.90571740492893678100,1
2008, Ilfov,G  COMERT CU RIDICATA SI CU AMANUNTUL; REPARAREA AUTOVEHICULELOR SI MOTOCICLETELOR,32679000000,,8.25844570689202029800,1
2008, Botosani,G  COMERT CU RIDICATA SI CU AMANUNTUL; REPARAREA AUTOVEHICULELOR SI MOTOCICLETELOR,2261000000,,0.57138669308371914400,1
2008, Vaslui,G  COMERT CU RIDICATA SI CU AMANUNTUL; REPARAREA AUTOVEHICULELOR SI MOTOCICLETELOR,2116000000,,0.53474314133796979600,1
2008, Dambovita,G  COMERT CU RIDICATA SI CU AMANUNTUL; REPARAREA AUTOVEHICULELOR SI MOTOCICLETELOR,3818000000,,0.96486262458807593600,1
2008, Brasov,G  COMERT CU RIDICATA SI CU AMANUNTUL; REPARAREA AUTOVEHICULELOR SI MOTOCICLETELOR,13654000000,,3.45055900369973515600,1
2008, Constanta,G  COMERT CU RIDICATA SI CU AMANUNTUL; REPARAREA AUTOVEHICULELOR SI MOTOCICLETELOR,15932000000,,4.02624183733295594700,1
2008, Calarasi,G  COMERT CU RIDICATA SI CU AMANUNTUL; REPARAREA AUTOVEHICULELOR SI MOTOCICLETELOR,1810000000,,0.45741261144694013700,1
2008, Prahova,G  COMERT CU RIDICATA SI CU AMANUNTUL; REPARAREA AUTOVEHICULELOR SI MOTOCICLETELOR,11419000000,,2.88574287851525382600,1
2008, Teleorman,G  COMERT CU RIDICATA SI CU AMANUNTUL; REPARAREA AUTOVEHICULELOR SI MOTOCICLETELOR,2410000000,,0.60904110142935123200,1
2008, Bihor,G  COMERT CU RIDICATA SI CU AMANUNTUL; REPARAREA AUTOVEHICULELOR SI MOTOCICLETELOR,9825000000,,2.48291652346198168300,1
2008, Salaj,G  COMERT CU RIDICATA SI CU AMANUNTUL; REPARAREA AUTOVEHICULELOR SI MOTOCICLETELOR,2371000000,,0.59918524958049451100,1
2008, Valcea,G  COMERT CU RIDICATA SI CU AMANUNTUL; REPARAREA AUTOVEHICULELOR SI MOTOCICLETELOR,3988000000,,1.00782403008309241300,1
2008, Neamt,G  COMERT CU RIDICATA SI CU AMANUNTUL; REPARAREA AUTOVEHICULELOR SI MOTOCICLETELOR,4258000000,,1.07605685057517740500,1
2008, Caras-Severin,G  COMERT CU RIDICATA SI CU AMANUNTUL; REPARAREA AUTOVEHICULELOR SI MOTOCICLETELOR,1926000000,,0.48672745284353961500,1
2008, Galati,G  COMERT CU RIDICATA SI CU AMANUNTUL; REPARAREA AUTOVEHICULELOR SI MOTOCICLETELOR,7657000000,,1.93503224632553625900,1
2008, Hunedoara,G  COMERT CU RIDICATA SI CU AMANUNTUL; REPARAREA AUTOVEHICULELOR SI MOTOCICLETELOR,5231000000,,1.32194771849665406500,1
2008, Satu Mare,G  COMERT CU RIDICATA SI CU AMANUNTUL; REPARAREA AUTOVEHICULELOR SI MOTOCICLETELOR,3859000000,,0.97522390473687402700,1
2008, Prahova,H  TRANSPORT SI DEPOZITARE,1599000000,,3.57510173053704780200,1
2008, Timis,H  TRANSPORT SI DEPOZITARE,1787000000,,3.99543889460269194700,1
2008, Brasov,H  TRANSPORT SI DEPOZITARE,1165000000,,2.60474891561955015000,1
2008, Mures,H  TRANSPORT SI DEPOZITARE,692000000,,1.54719849751822206300,1
2008, Iasi,H  TRANSPORT SI DEPOZITARE,670000000,,1.49801010597862540800,1
2008, Hunedoara,H  TRANSPORT SI DEPOZITARE,823000000,,1.84009301077672941900,1
2008, Galati,H  TRANSPORT SI DEPOZITARE,901000000,,2.01448821714439028800,1
2008, Mehedinti,H  TRANSPORT SI DEPOZITARE,446000000,,0.99718284666636855500,1
2008, Dolj,H  TRANSPORT SI DEPOZITARE,710000000,,1.58744354514152841700,1
2008, Dambovita,H  TRANSPORT SI DEPOZITARE,510000000,,1.14027634932701337000,1
2008, Vrancea,H  TRANSPORT SI DEPOZITARE,188000000,,0.42033716406564414400,1
2008, Buzau,H  TRANSPORT SI DEPOZITARE,393000000,,0.87868353977552206800,1
2008, Olt,H  TRANSPORT SI DEPOZITARE,265000000,,0.59249653445423243800,1
2008, Ilfov,H  TRANSPORT SI DEPOZITARE,2983000000,,6.66949872557349192900,1
2008, Bihor,H  TRANSPORT SI DEPOZITARE,1635000000,,3.65559182578366051100,1
2008, Arges,H  TRANSPORT SI DEPOZITARE,1394000000,,3.11675535482716987900,1
2008, Calarasi,H  TRANSPORT SI DEPOZITARE,501000000,,1.12015382551536019300,1
2008, Braila,H  TRANSPORT SI DEPOZITARE,411000000,,0.91892858739882842200,1
2008, Maramures,H  TRANSPORT SI DEPOZITARE,703000000,,1.57179269328802039100,1
2008, Municipiul Bucuresti,H  TRANSPORT SI DEPOZITARE,10626000000,,23.75799311362518445600,1
2008, Covasna,H  TRANSPORT SI DEPOZITARE,376000000,,0.84067432813128828900,1
2008, Tulcea,H  TRANSPORT SI DEPOZITARE,267000000,,0.59696820641237758800,1
2008, Valcea,H  TRANSPORT SI DEPOZITARE,491000000,,1.09779546572463444100,1
2008, Harghita,H  TRANSPORT SI DEPOZITARE,542000000,,1.21182310065733577800,1
2008, Bistrita-Nasaud,H  TRANSPORT SI DEPOZITARE,343000000,,0.76689174082189330600,1
2008, Teleorman,H  TRANSPORT SI DEPOZITARE,248000000,,0.55448732280999865800,1
2008, Caras-Severin,H  TRANSPORT SI DEPOZITARE,278000000,,0.62156240218217591600,1
2008, Cluj,H  TRANSPORT SI DEPOZITARE,1660000000,,3.71148772526047489200,1
2008, Bacau,H  TRANSPORT SI DEPOZITARE,727000000,,1.62545275678576219600,1
2008, Giurgiu,H  TRANSPORT SI DEPOZITARE,394000000,,0.88091937575459464300,1
2008, Sibiu,H  TRANSPORT SI DEPOZITARE,1567000000,,3.50355497920672539500,1
2008, Vaslui,H  TRANSPORT SI DEPOZITARE,184000000,,0.41139382014935384300,1
2008, Arad,H  TRANSPORT SI DEPOZITARE,1277000000,,2.85516254527567857600,1
2008, Satu Mare,H  TRANSPORT SI DEPOZITARE,485000000,,1.08438044985019898900,1
2008, Constanta,H  TRANSPORT SI DEPOZITARE,4009000000,,8.96346644010195412100,1
2008, Salaj,H  TRANSPORT SI DEPOZITARE,837000000,,1.87139471448374547200,1
2008, Gorj,H  TRANSPORT SI DEPOZITARE,330000000,,0.73782587309394982800,1
2008, Alba,H  TRANSPORT SI DEPOZITARE,601000000,,1.34373742342261771700,1
2008, Botosani,H  TRANSPORT SI DEPOZITARE,256000000,,0.57237401064257926000,1
2008, Neamt,H  TRANSPORT SI DEPOZITARE,398000000,,0.88986271967088494400,1
2008, Suceava,H  TRANSPORT SI DEPOZITARE,734000000,,1.64110360863927022300,1
2008, Ialomita,H  TRANSPORT SI DEPOZITARE,320000000,,0.71546751330322407500,1
2008, Ilfov,I  HOTELURI SI RESTAURANTE,345000000,,3.07678587353964148800,1
2008, Prahova,I  HOTELURI SI RESTAURANTE,400000000,,3.56728796932132346400,1
2008, Dambovita,I  HOTELURI SI RESTAURANTE,91000000,,0.81155801302060108800,1
2008, Brasov,I  HOTELURI SI RESTAURANTE,485000000,,4.32533666280210470000,1
2008, Harghita,I  HOTELURI SI RESTAURANTE,131000000,,1.16828680995273343400,1
2008, Bacau,I  HOTELURI SI RESTAURANTE,165000000,,1.47150628734504592900,1
2008, Constanta,I  HOTELURI SI RESTAURANTE,923000000,,8.23151698920895389300,1
2008, Giurgiu,I  HOTELURI SI RESTAURANTE,31000000,,0.27646481762240256800,1
2008, Ialomita,I  HOTELURI SI RESTAURANTE,153000000,,1.36448764826540622500,1
2008, Bihor,I  HOTELURI SI RESTAURANTE,334000000,,2.97868545438330509200,1
2008, Buzau,I  HOTELURI SI RESTAURANTE,208000000,,1.85498974404708820100,1
2008, Vaslui,I  HOTELURI SI RESTAURANTE,71000000,,0.63319361455453491500,1
2008, Alba,I  HOTELURI SI RESTAURANTE,113000000,,1.00775885133327387900,1
2008, Satu Mare,I  HOTELURI SI RESTAURANTE,110000000,,0.98100419156336395300,1
2008, Gorj,I  HOTELURI SI RESTAURANTE,125000000,,1.11477749041291358200,1
2008, Suceava,I  HOTELURI SI RESTAURANTE,212000000,,1.89066262374030143600,1
2008, Mures,I  HOTELURI SI RESTAURANTE,242000000,,2.15820922143940069600,1
2008, Tulcea,I  HOTELURI SI RESTAURANTE,90000000,,0.80263979309729777900,1
2008, Timis,I  HOTELURI SI RESTAURANTE,396000000,,3.53161508962811022900,1
2008, Covasna,I  HOTELURI SI RESTAURANTE,112000000,,0.99884063140997057000,1
2008, Sibiu,I  HOTELURI SI RESTAURANTE,265000000,,2.36332827967537679500,1
2008, Mehedinti,I  HOTELURI SI RESTAURANTE,60000000,,0.53509319539819852000,1
2008, Cluj,I  HOTELURI SI RESTAURANTE,487000000,,4.34317310264871131700,1
2008, Dolj,I  HOTELURI SI RESTAURANTE,185000000,,1.64987068581111210200,1
2008, Braila,I  HOTELURI SI RESTAURANTE,93000000,,0.82939445286720770500,1
2008, Vrancea,I  HOTELURI SI RESTAURANTE,53000000,,0.47266565593507535900,1
2008, Municipiul Bucuresti,I  HOTELURI SI RESTAURANTE,2963000000,,26.42468563274770355800,1
2008, Galati,I  HOTELURI SI RESTAURANTE,217000000,,1.93525372335681797900,1
2008, Teleorman,I  HOTELURI SI RESTAURANTE,55000000,,0.49050209578168197600,1
2008, Valcea,I  HOTELURI SI RESTAURANTE,274000000,,2.44359225898510657300,1
2008, Calarasi,I  HOTELURI SI RESTAURANTE,51000000,,0.45482921608846874200,1
2008, Maramures,I  HOTELURI SI RESTAURANTE,142000000,,1.26638722910906983000,1
2008, Bistrita-Nasaud,I  HOTELURI SI RESTAURANTE,171000000,,1.52501560688486578100,1
2008, Arges,I  HOTELURI SI RESTAURANTE,254000000,,2.26522786051904040000,1
2008, Salaj,I  HOTELURI SI RESTAURANTE,59000000,,0.52617497547489521100,1
2008, Olt,I  HOTELURI SI RESTAURANTE,61000000,,0.54401141532150182800,1
2008, Arad,I  HOTELURI SI RESTAURANTE,197000000,,1.75688932489075180600,1
2008, Hunedoara,I  HOTELURI SI RESTAURANTE,227000000,,2.02443592258985106600,1
2008, Iasi,I  HOTELURI SI RESTAURANTE,322000000,,2.87166681530366538800,1
2008, Botosani,I  HOTELURI SI RESTAURANTE,75000000,,0.66886649424774814900,1
2008, Neamt,I  HOTELURI SI RESTAURANTE,158000000,,1.40907874788192276800,1
2008, Caras-Severin,I  HOTELURI SI RESTAURANTE,107000000,,0.95424953179345402700,1
2008, Municipiul Bucuresti,J  INFORMATII SI COMUNICATII,24277000000,,69.44420606996767642100,1
2008, Cluj,J  INFORMATII SI COMUNICATII,1234000000,,3.52984925198089190200,1
2008, Dambovita,J  INFORMATII SI COMUNICATII,81000000,,0.23169999141851883600,1
2008, Vaslui,J  INFORMATII SI COMUNICATII,51000000,,0.14588517978203037800,1
2008, Iasi,J  INFORMATII SI COMUNICATII,626000000,,1.79066906948139248800,1
2008, Galati,J  INFORMATII SI COMUNICATII,192000000,,0.54921479447352613100,1
2008, Ilfov,J  INFORMATII SI COMUNICATII,1271000000,,3.63568751966589433300,1
2008, Mehedinti,J  INFORMATII SI COMUNICATII,46000000,,0.13158271117594896900,1
2008, Sibiu,J  INFORMATII SI COMUNICATII,239000000,,0.68365799937069138100,1
2008, Tulcea,J  INFORMATII SI COMUNICATII,46000000,,0.13158271117594896900,1
2008, Arges,J  INFORMATII SI COMUNICATII,202000000,,0.57781973168568895000,1
2008, Timis,J  INFORMATII SI COMUNICATII,1681000000,,4.80848994536456992500,1
2008, Covasna,J  INFORMATII SI COMUNICATII,127000000,,0.36328270259446780500,1
2008, Gorj,J  INFORMATII SI COMUNICATII,75000000,,0.21453702909122114500,1
2008, Brasov,J  INFORMATII SI COMUNICATII,533000000,,1.52464315340827826900,1
2008, Salaj,J  INFORMATII SI COMUNICATII,41000000,,0.11728024256986755900,1
2008, Alba,J  INFORMATII SI COMUNICATII,90000000,,0.25744443490946537400,1
2008, Valcea,J  INFORMATII SI COMUNICATII,116000000,,0.33181727166108870400,1
2008, Mures,J  INFORMATII SI COMUNICATII,231000000,,0.66077404960096112600,1
2008, Bihor,J  INFORMATII SI COMUNICATII,229000000,,0.65505306215852856200,1
2008, Caras-Severin,J  INFORMATII SI COMUNICATII,61000000,,0.17449011699419319800,1
2008, Buzau,J  INFORMATII SI COMUNICATII,93000000,,0.26602591607311422000,1
2008, Dolj,J  INFORMATII SI COMUNICATII,278000000,,0.79521725449812637700,1
2008, Prahova,J  INFORMATII SI COMUNICATII,1162000000,,3.32389370405331960300,1
2008, Maramures,J  INFORMATII SI COMUNICATII,157000000,,0.44909751423095626300,1
2008, Ialomita,J  INFORMATII SI COMUNICATII,73000000,,0.20881604164878858100,1
2008, Bacau,J  INFORMATII SI COMUNICATII,189000000,,0.54063331330987728500,1
2008, Satu Mare,J  INFORMATII SI COMUNICATII,87000000,,0.24886295374581652800,1
2008, Braila,J  INFORMATII SI COMUNICATII,80000000,,0.22883949769730255400,1
2008, Vrancea,J  INFORMATII SI COMUNICATII,72000000,,0.20595554792757229900,1
2008, Constanta,J  INFORMATII SI COMUNICATII,357000000,,1.02119625847421264900,1
2008, Suceava,J  INFORMATII SI COMUNICATII,120000000,,0.34325924654595383200,1
2008, Olt,J  INFORMATII SI COMUNICATII,78000000,,0.22311851025486999100,1
2008, Harghita,J  INFORMATII SI COMUNICATII,103000000,,0.29463085328527703900,1
2008, Botosani,J  INFORMATII SI COMUNICATII,65000000,,0.18593209187905832500,1
2008, Giurgiu,J  INFORMATII SI COMUNICATII,38000000,,0.10869876140621871300,1
2008, Bistrita-Nasaud,J  INFORMATII SI COMUNICATII,50000000,,0.14302468606081409700,1
2008, Arad,J  INFORMATII SI COMUNICATII,128000000,,0.36614319631568408700,1
2008, Hunedoara,J  INFORMATII SI COMUNICATII,105000000,,0.30035184072770960300,1
2008, Neamt,J  INFORMATII SI COMUNICATII,159000000,,0.45481850167338882700,1
2008, Teleorman,J  INFORMATII SI COMUNICATII,65000000,,0.18593209187905832500,1
2008, Calarasi,J  INFORMATII SI COMUNICATII,51000000,,0.14588517978203037800,1
2008, Gorj,P  INVATAMANT,3000000,,0.50000000000000000000,1
2008, Bistrita-Nasaud,P  INVATAMANT,3000000,,0.50000000000000000000,1
2008, Iasi,P  INVATAMANT,15000000,,2.50000000000000000000,1
2008, Galati,P  INVATAMANT,9000000,,1.50000000000000000000,1
2008, Hunedoara,P  INVATAMANT,3000000,,0.50000000000000000000,1
2008, Arges,P  INVATAMANT,8000000,,1.33333333333333333300,1
2008, Sibiu,P  INVATAMANT,9000000,,1.50000000000000000000,1
2008, Prahova,P  INVATAMANT,25000000,,4.16666666666666666700,1
2008, Teleorman,P  INVATAMANT,2000000,,0.33333333333333333300,1
2008, Tulcea,P  INVATAMANT,3000000,,0.50000000000000000000,1
2008, Constanta,P  INVATAMANT,22000000,,3.66666666666666666700,1
2008, Covasna,P  INVATAMANT,5000000,,0.83333333333333333300,1
2008, Neamt,P  INVATAMANT,9000000,,1.50000000000000000000,1
2008, Valcea,P  INVATAMANT,5000000,,0.83333333333333333300,1
2008, Vaslui,P  INVATAMANT,2000000,,0.33333333333333333300,1
2008, Giurgiu,P  INVATAMANT,2000000,,0.33333333333333333300,1
2008, Botosani,P  INVATAMANT,1000000,,0.16666666666666666700,1
2008, Brasov,P  INVATAMANT,17000000,,2.83333333333333333300,1
2008, Bacau,P  INVATAMANT,29000000,,4.83333333333333333300,1
2008, Maramures,P  INVATAMANT,3000000,,0.50000000000000000000,1
2008, Olt,P  INVATAMANT,3000000,,0.50000000000000000000,1
2008, Braila,P  INVATAMANT,3000000,,0.50000000000000000000,1
2008, Arad,P  INVATAMANT,4000000,,0.66666666666666666700,1
2008, Dolj,P  INVATAMANT,6000000,,1.00000000000000000000,1
2008, Salaj,P  INVATAMANT,4000000,,0.66666666666666666700,1
2008, Cluj,P  INVATAMANT,18000000,,3.00000000000000000000,1
2008, Alba,P  INVATAMANT,5000000,,0.83333333333333333300,1
2008, Vrancea,P  INVATAMANT,4000000,,0.66666666666666666700,1
2008, Caras-Severin,P  INVATAMANT,2000000,,0.33333333333333333300,1
2008, Ialomita,P  INVATAMANT,1000000,,0.16666666666666666700,1
2008, Bihor,P  INVATAMANT,5000000,,0.83333333333333333300,1
2008, Buzau,P  INVATAMANT,2000000,,0.33333333333333333300,1
2008, Timis,P  INVATAMANT,17000000,,2.83333333333333333300,1
2008, Ilfov,P  INVATAMANT,26000000,,4.33333333333333333300,1
2008, Mehedinti,P  INVATAMANT,2000000,,0.33333333333333333300,1
2008, Harghita,P  INVATAMANT,25000000,,4.16666666666666666700,1
2008, Dambovita,P  INVATAMANT,7000000,,1.16666666666666666700,1
2008, Mures,P  INVATAMANT,7000000,,1.16666666666666666700,1
2008, Satu Mare,P  INVATAMANT,3000000,,0.50000000000000000000,1
2008, Suceava,P  INVATAMANT,10000000,,1.66666666666666666700,1
2008, Calarasi,P  INVATAMANT,3000000,,0.50000000000000000000,1
2008, Municipiul Bucuresti,P  INVATAMANT,268000000,,44.66666666666666666700,1
2008, Giurgiu,Q  SANATATE SI ASISTENTA SOCIALA,4000000,,0.15649452269170579000,1
2008, Constanta,Q  SANATATE SI ASISTENTA SOCIALA,91000000,,3.56025039123630672900,1
2008, Ilfov,Q  SANATATE SI ASISTENTA SOCIALA,18000000,,0.70422535211267605600,1
2008, Mures,Q  SANATATE SI ASISTENTA SOCIALA,50000000,,1.95618153364632237900,1
2008, Salaj,Q  SANATATE SI ASISTENTA SOCIALA,18000000,,0.70422535211267605600,1
2008, Timis,Q  SANATATE SI ASISTENTA SOCIALA,123000000,,4.81220657276995305200,1
2008, Vrancea,Q  SANATATE SI ASISTENTA SOCIALA,26000000,,1.01721439749608763700,1
2008, Harghita,Q  SANATATE SI ASISTENTA SOCIALA,16000000,,0.62597809076682316100,1
2008, Olt,Q  SANATATE SI ASISTENTA SOCIALA,21000000,,0.82159624413145539900,1
2008, Buzau,Q  SANATATE SI ASISTENTA SOCIALA,44000000,,1.72143974960876369300,1
2008, Dolj,Q  SANATATE SI ASISTENTA SOCIALA,83000000,,3.24726134585289514900,1
2008, Braila,Q  SANATATE SI ASISTENTA SOCIALA,21000000,,0.82159624413145539900,1
2008, Alba,Q  SANATATE SI ASISTENTA SOCIALA,20000000,,0.78247261345852895100,1
2008, Galati,Q  SANATATE SI ASISTENTA SOCIALA,33000000,,1.29107981220657277000,1
2008, Satu Mare,Q  SANATATE SI ASISTENTA SOCIALA,14000000,,0.54773082942097026600,1
2008, Tulcea,Q  SANATATE SI ASISTENTA SOCIALA,20000000,,0.78247261345852895100,1
2008, Sibiu,Q  SANATATE SI ASISTENTA SOCIALA,65000000,,2.54303599374021909200,1
2008, Iasi,Q  SANATATE SI ASISTENTA SOCIALA,66000000,,2.58215962441314554000,1
2008, Calarasi,Q  SANATATE SI ASISTENTA SOCIALA,7000000,,0.27386541471048513300,1
2008, Botosani,Q  SANATATE SI ASISTENTA SOCIALA,11000000,,0.43035993740219092300,1
2008, Dambovita,Q  SANATATE SI ASISTENTA SOCIALA,19000000,,0.74334898278560250400,1
2008, Arad,Q  SANATATE SI ASISTENTA SOCIALA,67000000,,2.62128325508607198700,1
2008, Maramures,Q  SANATATE SI ASISTENTA SOCIALA,19000000,,0.74334898278560250400,1
2008, Brasov,Q  SANATATE SI ASISTENTA SOCIALA,111000000,,4.34272300469483568100,1
2008, Teleorman,Q  SANATATE SI ASISTENTA SOCIALA,18000000,,0.70422535211267605600,1
2008, Municipiul Bucuresti,Q  SANATATE SI ASISTENTA SOCIALA,992000000,,38.81064162754303599400,1
2008, Caras-Severin,Q  SANATATE SI ASISTENTA SOCIALA,15000000,,0.58685446009389671400,1
2008, Bistrita-Nasaud,Q  SANATATE SI ASISTENTA SOCIALA,10000000,,0.39123630672926447600,1
2008, Vaslui,Q  SANATATE SI ASISTENTA SOCIALA,19000000,,0.74334898278560250400,1
2008, Arges,Q  SANATATE SI ASISTENTA SOCIALA,51000000,,1.99530516431924882600,1
2008, Hunedoara,Q  SANATATE SI ASISTENTA SOCIALA,26000000,,1.01721439749608763700,1
2008, Covasna,Q  SANATATE SI ASISTENTA SOCIALA,6000000,,0.23474178403755868500,1
2008, Valcea,Q  SANATATE SI ASISTENTA SOCIALA,18000000,,0.70422535211267605600,1
2008, Prahova,Q  SANATATE SI ASISTENTA SOCIALA,77000000,,3.01251956181533646300,1
2008, Ialomita,Q  SANATATE SI ASISTENTA SOCIALA,7000000,,0.27386541471048513300,1
2008, Cluj,Q  SANATATE SI ASISTENTA SOCIALA,126000000,,4.92957746478873239400,1
2008, Bihor,Q  SANATATE SI ASISTENTA SOCIALA,53000000,,2.07355242566510172100,1
2008, Neamt,Q  SANATATE SI ASISTENTA SOCIALA,23000000,,0.89984350547730829400,1
2008, Mehedinti,Q  SANATATE SI ASISTENTA SOCIALA,11000000,,0.43035993740219092300,1
2008, Gorj,Q  SANATATE SI ASISTENTA SOCIALA,29000000,,1.13458528951486698000,1
2008, Suceava,Q  SANATATE SI ASISTENTA SOCIALA,34000000,,1.33020344287949921800,1
2008, Bacau,Q  SANATATE SI ASISTENTA SOCIALA,74000000,,2.89514866979655712100,1
2008, Vaslui,R+S ALTE ACTIVITATI DE SERVICII COLECTIVE  SOCIALE SI PERSONALE,92000000,,1.15635997988939165400,1
2008, Ialomita,R+S ALTE ACTIVITATI DE SERVICII COLECTIVE  SOCIALE SI PERSONALE,33000000,,0.41478129713423831100,1
2008, Botosani,R+S ALTE ACTIVITATI DE SERVICII COLECTIVE  SOCIALE SI PERSONALE,70000000,,0.87983911513323278000,1
2008, Arges,R+S ALTE ACTIVITATI DE SERVICII COLECTIVE  SOCIALE SI PERSONALE,117000000,,1.47058823529411764700,1
2008, Covasna,R+S ALTE ACTIVITATI DE SERVICII COLECTIVE  SOCIALE SI PERSONALE,26000000,,0.32679738562091503300,1
2008, Suceava,R+S ALTE ACTIVITATI DE SERVICII COLECTIVE  SOCIALE SI PERSONALE,105000000,,1.31975867269984917000,1
2008, Neamt,R+S ALTE ACTIVITATI DE SERVICII COLECTIVE  SOCIALE SI PERSONALE,75000000,,0.94268476621417797900,1
2008, Bistrita-Nasaud,R+S ALTE ACTIVITATI DE SERVICII COLECTIVE  SOCIALE SI PERSONALE,93000000,,1.16892911010558069400,1
2008, Galati,R+S ALTE ACTIVITATI DE SERVICII COLECTIVE  SOCIALE SI PERSONALE,190000000,,2.38813474107591754700,1
2008, Constanta,R+S ALTE ACTIVITATI DE SERVICII COLECTIVE  SOCIALE SI PERSONALE,303000000,,3.80844645550527903500,1
2008, Braila,R+S ALTE ACTIVITATI DE SERVICII COLECTIVE  SOCIALE SI PERSONALE,78000000,,0.98039215686274509800,1
2008, Prahova,R+S ALTE ACTIVITATI DE SERVICII COLECTIVE  SOCIALE SI PERSONALE,207000000,,2.60180995475113122200,1
2008, Dambovita,R+S ALTE ACTIVITATI DE SERVICII COLECTIVE  SOCIALE SI PERSONALE,35000000,,0.43991955756661639000,1
2008, Maramures,R+S ALTE ACTIVITATI DE SERVICII COLECTIVE  SOCIALE SI PERSONALE,92000000,,1.15635997988939165400,1
2008, Teleorman,R+S ALTE ACTIVITATI DE SERVICII COLECTIVE  SOCIALE SI PERSONALE,55000000,,0.69130216189039718500,1
2008, Caras-Severin,R+S ALTE ACTIVITATI DE SERVICII COLECTIVE  SOCIALE SI PERSONALE,35000000,,0.43991955756661639000,1
2008, Dolj,R+S ALTE ACTIVITATI DE SERVICII COLECTIVE  SOCIALE SI PERSONALE,161000000,,2.02362996480643539500,1
2008, Sibiu,R+S ALTE ACTIVITATI DE SERVICII COLECTIVE  SOCIALE SI PERSONALE,173000000,,2.17445952740070387100,1
2008, Calarasi,R+S ALTE ACTIVITATI DE SERVICII COLECTIVE  SOCIALE SI PERSONALE,21000000,,0.26395173453996983400,1
2008, Gorj,R+S ALTE ACTIVITATI DE SERVICII COLECTIVE  SOCIALE SI PERSONALE,64000000,,0.80442433383609854200,1
2008, Arad,R+S ALTE ACTIVITATI DE SERVICII COLECTIVE  SOCIALE SI PERSONALE,80000000,,1.00553041729512317700,1
2008, Brasov,R+S ALTE ACTIVITATI DE SERVICII COLECTIVE  SOCIALE SI PERSONALE,210000000,,2.63951734539969834100,1
2008, Salaj,R+S ALTE ACTIVITATI DE SERVICII COLECTIVE  SOCIALE SI PERSONALE,45000000,,0.56561085972850678700,1
2008, Harghita,R+S ALTE ACTIVITATI DE SERVICII COLECTIVE  SOCIALE SI PERSONALE,56000000,,0.70387129210658622400,1
2008, Municipiul Bucuresti,R+S ALTE ACTIVITATI DE SERVICII COLECTIVE  SOCIALE SI PERSONALE,3382000000,,42.50879839115133232800,1
2008, Tulcea,R+S ALTE ACTIVITATI DE SERVICII COLECTIVE  SOCIALE SI PERSONALE,40000000,,0.50276520864756158900,1
2008, Bihor,R+S ALTE ACTIVITATI DE SERVICII COLECTIVE  SOCIALE SI PERSONALE,225000000,,2.82805429864253393700,1
2008, Mures,R+S ALTE ACTIVITATI DE SERVICII COLECTIVE  SOCIALE SI PERSONALE,226000000,,2.84062342885872297600,1
2008, Iasi,R+S ALTE ACTIVITATI DE SERVICII COLECTIVE  SOCIALE SI PERSONALE,199000000,,2.50125691302161890400,1
2008, Ilfov,R+S ALTE ACTIVITATI DE SERVICII COLECTIVE  SOCIALE SI PERSONALE,121000000,,1.52086475615887380600,1
2008, Mehedinti,R+S ALTE ACTIVITATI DE SERVICII COLECTIVE  SOCIALE SI PERSONALE,43000000,,0.54047259929612870800,1
2008, Satu Mare,R+S ALTE ACTIVITATI DE SERVICII COLECTIVE  SOCIALE SI PERSONALE,87000000,,1.09351432880844645600,1
2008, Valcea,R+S ALTE ACTIVITATI DE SERVICII COLECTIVE  SOCIALE SI PERSONALE,72000000,,0.90497737556561086000,1
2008, Buzau,R+S ALTE ACTIVITATI DE SERVICII COLECTIVE  SOCIALE SI PERSONALE,53000000,,0.66616390145801910500,1
2008, Cluj,R+S ALTE ACTIVITATI DE SERVICII COLECTIVE  SOCIALE SI PERSONALE,444000000,,5.58069381598793363500,1
2008, Alba,R+S ALTE ACTIVITATI DE SERVICII COLECTIVE  SOCIALE SI PERSONALE,44000000,,0.55304172951231774800,1
2008, Giurgiu,R+S ALTE ACTIVITATI DE SERVICII COLECTIVE  SOCIALE SI PERSONALE,54000000,,0.67873303167420814500,1
2008, Hunedoara,R+S ALTE ACTIVITATI DE SERVICII COLECTIVE  SOCIALE SI PERSONALE,75000000,,0.94268476621417797900,1
2008, Timis,R+S ALTE ACTIVITATI DE SERVICII COLECTIVE  SOCIALE SI PERSONALE,314000000,,3.94670688788335847200,1
2008, Bacau,R+S ALTE ACTIVITATI DE SERVICII COLECTIVE  SOCIALE SI PERSONALE,97000000,,1.21920563097033685300,1
2008, Olt,R+S ALTE ACTIVITATI DE SERVICII COLECTIVE  SOCIALE SI PERSONALE,27000000,,0.33936651583710407200,1
2008, Vrancea,R+S ALTE ACTIVITATI DE SERVICII COLECTIVE  SOCIALE SI PERSONALE,37000000,,0.46505781799899447000,1
2008, Harghita,TRANZACTII IMOBILIARE  INCHIRIERI SI ACTIVITATI DE SERVICII PRESTATE IN PRINCIPAL INTREPRINDERILOR  (activitati profesionale  stiintifice si tehnice  activitati de servicii administrative si activitati de servicii suport ),303000000,,0.56195404217437267000,1
2008, Ialomita,TRANZACTII IMOBILIARE  INCHIRIERI SI ACTIVITATI DE SERVICII PRESTATE IN PRINCIPAL INTREPRINDERILOR  (activitati profesionale  stiintifice si tehnice  activitati de servicii administrative si activitati de servicii suport ),124000000,,0.22997459151690498700,1
2008, Neamt,TRANZACTII IMOBILIARE  INCHIRIERI SI ACTIVITATI DE SERVICII PRESTATE IN PRINCIPAL INTREPRINDERILOR  (activitati profesionale  stiintifice si tehnice  activitati de servicii administrative si activitati de servicii suport ),309000000,,0.57308184498970678200,1
2008, Covasna,TRANZACTII IMOBILIARE  INCHIRIERI SI ACTIVITATI DE SERVICII PRESTATE IN PRINCIPAL INTREPRINDERILOR  (activitati profesionale  stiintifice si tehnice  activitati de servicii administrative si activitati de servicii suport ),138000000,,0.25593946475268458200,1
2008, Iasi,TRANZACTII IMOBILIARE  INCHIRIERI SI ACTIVITATI DE SERVICII PRESTATE IN PRINCIPAL INTREPRINDERILOR  (activitati profesionale  stiintifice si tehnice  activitati de servicii administrative si activitati de servicii suport ),1057000000,,1.96034792930135944700,1
2008, Galati,TRANZACTII IMOBILIARE  INCHIRIERI SI ACTIVITATI DE SERVICII PRESTATE IN PRINCIPAL INTREPRINDERILOR  (activitati profesionale  stiintifice si tehnice  activitati de servicii administrative si activitati de servicii suport ),575000000,,1.06641443646951909300,1
2008, Mehedinti,TRANZACTII IMOBILIARE  INCHIRIERI SI ACTIVITATI DE SERVICII PRESTATE IN PRINCIPAL INTREPRINDERILOR  (activitati profesionale  stiintifice si tehnice  activitati de servicii administrative si activitati de servicii suport ),187000000,,0.34681652107791316600,1
2008, Olt,TRANZACTII IMOBILIARE  INCHIRIERI SI ACTIVITATI DE SERVICII PRESTATE IN PRINCIPAL INTREPRINDERILOR  (activitati profesionale  stiintifice si tehnice  activitati de servicii administrative si activitati de servicii suport ),143000000,,0.26521263376546300900,1
2008, Vrancea,TRANZACTII IMOBILIARE  INCHIRIERI SI ACTIVITATI DE SERVICII PRESTATE IN PRINCIPAL INTREPRINDERILOR  (activitati profesionale  stiintifice si tehnice  activitati de servicii administrative si activitati de servicii suport ),132000000,,0.24481166193735047000,1
2008, Bacau,TRANZACTII IMOBILIARE  INCHIRIERI SI ACTIVITATI DE SERVICII PRESTATE IN PRINCIPAL INTREPRINDERILOR  (activitati profesionale  stiintifice si tehnice  activitati de servicii administrative si activitati de servicii suport ),409000000,,0.75854522524527532000,1
2008, Bistrita-Nasaud,TRANZACTII IMOBILIARE  INCHIRIERI SI ACTIVITATI DE SERVICII PRESTATE IN PRINCIPAL INTREPRINDERILOR  (activitati profesionale  stiintifice si tehnice  activitati de servicii administrative si activitati de servicii suport ),187000000,,0.34681652107791316600,1
2008, Satu Mare,TRANZACTII IMOBILIARE  INCHIRIERI SI ACTIVITATI DE SERVICII PRESTATE IN PRINCIPAL INTREPRINDERILOR  (activitati profesionale  stiintifice si tehnice  activitati de servicii administrative si activitati de servicii suport ),231000000,,0.42842040839036332300,1
2008, Prahova,TRANZACTII IMOBILIARE  INCHIRIERI SI ACTIVITATI DE SERVICII PRESTATE IN PRINCIPAL INTREPRINDERILOR  (activitati profesionale  stiintifice si tehnice  activitati de servicii administrative si activitati de servicii suport ),1848000000,,3.42736326712290658200,1
2008, Arad,TRANZACTII IMOBILIARE  INCHIRIERI SI ACTIVITATI DE SERVICII PRESTATE IN PRINCIPAL INTREPRINDERILOR  (activitati profesionale  stiintifice si tehnice  activitati de servicii administrative si activitati de servicii suport ),588000000,,1.09052467590274300300,1
2008, Municipiul Bucuresti,TRANZACTII IMOBILIARE  INCHIRIERI SI ACTIVITATI DE SERVICII PRESTATE IN PRINCIPAL INTREPRINDERILOR  (activitati profesionale  stiintifice si tehnice  activitati de servicii administrative si activitati de servicii suport ),30726000000,,56.98547821732598898300,1
2008, Sibiu,TRANZACTII IMOBILIARE  INCHIRIERI SI ACTIVITATI DE SERVICII PRESTATE IN PRINCIPAL INTREPRINDERILOR  (activitati profesionale  stiintifice si tehnice  activitati de servicii administrative si activitati de servicii suport ),727000000,,1.34831877445798327100,1
2008, Ilfov,TRANZACTII IMOBILIARE  INCHIRIERI SI ACTIVITATI DE SERVICII PRESTATE IN PRINCIPAL INTREPRINDERILOR  (activitati profesionale  stiintifice si tehnice  activitati de servicii administrative si activitati de servicii suport ),2461000000,,4.56425378808954172000,1
2008, Teleorman,TRANZACTII IMOBILIARE  INCHIRIERI SI ACTIVITATI DE SERVICII PRESTATE IN PRINCIPAL INTREPRINDERILOR  (activitati profesionale  stiintifice si tehnice  activitati de servicii administrative si activitati de servicii suport ),121000000,,0.22441069010923793100,1
2008, Giurgiu,TRANZACTII IMOBILIARE  INCHIRIERI SI ACTIVITATI DE SERVICII PRESTATE IN PRINCIPAL INTREPRINDERILOR  (activitati profesionale  stiintifice si tehnice  activitati de servicii administrative si activitati de servicii suport ),123000000,,0.22811995771434930200,1
2008, Salaj,TRANZACTII IMOBILIARE  INCHIRIERI SI ACTIVITATI DE SERVICII PRESTATE IN PRINCIPAL INTREPRINDERILOR  (activitati profesionale  stiintifice si tehnice  activitati de servicii administrative si activitati de servicii suport ),170000000,,0.31528774643446651500,1
2008, Dambovita,TRANZACTII IMOBILIARE  INCHIRIERI SI ACTIVITATI DE SERVICII PRESTATE IN PRINCIPAL INTREPRINDERILOR  (activitati profesionale  stiintifice si tehnice  activitati de servicii administrative si activitati de servicii suport ),286000000,,0.53042526753092601900,1
2008, Dolj,TRANZACTII IMOBILIARE  INCHIRIERI SI ACTIVITATI DE SERVICII PRESTATE IN PRINCIPAL INTREPRINDERILOR  (activitati profesionale  stiintifice si tehnice  activitati de servicii administrative si activitati de servicii suport ),570000000,,1.05714126745674066700,1
2008, Calarasi,TRANZACTII IMOBILIARE  INCHIRIERI SI ACTIVITATI DE SERVICII PRESTATE IN PRINCIPAL INTREPRINDERILOR  (activitati profesionale  stiintifice si tehnice  activitati de servicii administrative si activitati de servicii suport ),121000000,,0.22441069010923793100,1
2008, Braila,TRANZACTII IMOBILIARE  INCHIRIERI SI ACTIVITATI DE SERVICII PRESTATE IN PRINCIPAL INTREPRINDERILOR  (activitati profesionale  stiintifice si tehnice  activitati de servicii administrative si activitati de servicii suport ),254000000,,0.47107698584914408700,1
2008, Constanta,TRANZACTII IMOBILIARE  INCHIRIERI SI ACTIVITATI DE SERVICII PRESTATE IN PRINCIPAL INTREPRINDERILOR  (activitati profesionale  stiintifice si tehnice  activitati de servicii administrative si activitati de servicii suport ),1331000000,,2.46851759120161724100,1
2008, Cluj,TRANZACTII IMOBILIARE  INCHIRIERI SI ACTIVITATI DE SERVICII PRESTATE IN PRINCIPAL INTREPRINDERILOR  (activitati profesionale  stiintifice si tehnice  activitati de servicii administrative si activitati de servicii suport ),2015000000,,3.73708711214970604100,1
2008, Valcea,TRANZACTII IMOBILIARE  INCHIRIERI SI ACTIVITATI DE SERVICII PRESTATE IN PRINCIPAL INTREPRINDERILOR  (activitati profesionale  stiintifice si tehnice  activitati de servicii administrative si activitati de servicii suport ),275000000,,0.51002429570281347900,1
2008, Vaslui,TRANZACTII IMOBILIARE  INCHIRIERI SI ACTIVITATI DE SERVICII PRESTATE IN PRINCIPAL INTREPRINDERILOR  (activitati profesionale  stiintifice si tehnice  activitati de servicii administrative si activitati de servicii suport ),121000000,,0.22441069010923793100,1
2008, Suceava,TRANZACTII IMOBILIARE  INCHIRIERI SI ACTIVITATI DE SERVICII PRESTATE IN PRINCIPAL INTREPRINDERILOR  (activitati profesionale  stiintifice si tehnice  activitati de servicii administrative si activitati de servicii suport ),247000000,,0.45809454923125428900,1
2008, Mures,TRANZACTII IMOBILIARE  INCHIRIERI SI ACTIVITATI DE SERVICII PRESTATE IN PRINCIPAL INTREPRINDERILOR  (activitati profesionale  stiintifice si tehnice  activitati de servicii administrative si activitati de servicii suport ),562000000,,1.04230419703629518400,1
2008, Timis,TRANZACTII IMOBILIARE  INCHIRIERI SI ACTIVITATI DE SERVICII PRESTATE IN PRINCIPAL INTREPRINDERILOR  (activitati profesionale  stiintifice si tehnice  activitati de servicii administrative si activitati de servicii suport ),1806000000,,3.34946864741556779600,1
2008, Tulcea,TRANZACTII IMOBILIARE  INCHIRIERI SI ACTIVITATI DE SERVICII PRESTATE IN PRINCIPAL INTREPRINDERILOR  (activitati profesionale  stiintifice si tehnice  activitati de servicii administrative si activitati de servicii suport ),115000000,,0.21328288729390381900,1
2008, Hunedoara,TRANZACTII IMOBILIARE  INCHIRIERI SI ACTIVITATI DE SERVICII PRESTATE IN PRINCIPAL INTREPRINDERILOR  (activitati profesionale  stiintifice si tehnice  activitati de servicii administrative si activitati de servicii suport ),406000000,,0.75298132383760826400,1
2008, Caras-Severin,TRANZACTII IMOBILIARE  INCHIRIERI SI ACTIVITATI DE SERVICII PRESTATE IN PRINCIPAL INTREPRINDERILOR  (activitati profesionale  stiintifice si tehnice  activitati de servicii administrative si activitati de servicii suport ),193000000,,0.35794432389324727800,1
2008, Botosani,TRANZACTII IMOBILIARE  INCHIRIERI SI ACTIVITATI DE SERVICII PRESTATE IN PRINCIPAL INTREPRINDERILOR  (activitati profesionale  stiintifice si tehnice  activitati de servicii administrative si activitati de servicii suport ),100000000,,0.18546338025556853800,1
2008, Maramures,TRANZACTII IMOBILIARE  INCHIRIERI SI ACTIVITATI DE SERVICII PRESTATE IN PRINCIPAL INTREPRINDERILOR  (activitati profesionale  stiintifice si tehnice  activitati de servicii administrative si activitati de servicii suport ),391000000,,0.72516181679927298400,1
2008, Bihor,TRANZACTII IMOBILIARE  INCHIRIERI SI ACTIVITATI DE SERVICII PRESTATE IN PRINCIPAL INTREPRINDERILOR  (activitati profesionale  stiintifice si tehnice  activitati de servicii administrative si activitati de servicii suport ),995000000,,1.84536063354290695300,1
2008, Buzau,TRANZACTII IMOBILIARE  INCHIRIERI SI ACTIVITATI DE SERVICII PRESTATE IN PRINCIPAL INTREPRINDERILOR  (activitati profesionale  stiintifice si tehnice  activitati de servicii administrative si activitati de servicii suport ),234000000,,0.43398430979803037900,1
2008, Brasov,TRANZACTII IMOBILIARE  INCHIRIERI SI ACTIVITATI DE SERVICII PRESTATE IN PRINCIPAL INTREPRINDERILOR  (activitati profesionale  stiintifice si tehnice  activitati de servicii administrative si activitati de servicii suport ),2148000000,,3.98375340788961219600,1
2008, Gorj,TRANZACTII IMOBILIARE  INCHIRIERI SI ACTIVITATI DE SERVICII PRESTATE IN PRINCIPAL INTREPRINDERILOR  (activitati profesionale  stiintifice si tehnice  activitati de servicii administrative si activitati de servicii suport ),199000000,,0.36907212670858139100,1
2008, Alba,TRANZACTII IMOBILIARE  INCHIRIERI SI ACTIVITATI DE SERVICII PRESTATE IN PRINCIPAL INTREPRINDERILOR  (activitati profesionale  stiintifice si tehnice  activitati de servicii administrative si activitati de servicii suport ),261000000,,0.48405942246703388400,1
2008, Arges,TRANZACTII IMOBILIARE  INCHIRIERI SI ACTIVITATI DE SERVICII PRESTATE IN PRINCIPAL INTREPRINDERILOR  (activitati profesionale  stiintifice si tehnice  activitati de servicii administrative si activitati de servicii suport ),730000000,,1.35388267586565032700,1
2009, Calarasi,B  INDUSTRIA EXTRACTIVA,2000000,,0.02256826901376664400,1
2009, Iasi,B  INDUSTRIA EXTRACTIVA,50000000,1.2727272727272727,0.56420672534416610200,2
2009, Salaj,B  INDUSTRIA EXTRACTIVA,34000000,1.2666666666666667,0.38366057323403295000,3
2009, Botosani,B  INDUSTRIA EXTRACTIVA,19000000,0.58333333333333333333,0.21439855563078311900,4
2009, Maramures,B  INDUSTRIA EXTRACTIVA,55000000,0.37500000000000000000,0.62062739787858271300,5
2009, Cluj,B  INDUSTRIA EXTRACTIVA,307000000,0.29535864978902953586,3.46422929361317986900,6
2009, Constanta,B  INDUSTRIA EXTRACTIVA,1047000000,0.07274590163934426230,11.81448882870683818600,7
2009, Brasov,B  INDUSTRIA EXTRACTIVA,66000000,0.03125000000000000000,0.74475287745429925500,8
2009, Mures,B  INDUSTRIA EXTRACTIVA,1415000000,0.01945244956772334294,15.96705032723990070000,9
2009, Ialomita,B  INDUSTRIA EXTRACTIVA,1000000,0.000000000000000000000000,0.01128413450688332200,10
2009, Ilfov,B  INDUSTRIA EXTRACTIVA,45000000,-0.06250000000000000000,0.50778605280974949200,11
2009, Sibiu,B  INDUSTRIA EXTRACTIVA,1840000000,-0.07676869041645760161,20.76280749266531257100,12
2009, Tulcea,B  INDUSTRIA EXTRACTIVA,74000000,-0.10843373493975903614,0.83502595350936583200,13
2009, Hunedoara,B  INDUSTRIA EXTRACTIVA,476000000,-0.13611615245009074410,5.37124802527646129500,14
2009, Alba,B  INDUSTRIA EXTRACTIVA,63000000,-0.14864864864864864865,0.71090047393364928900,15
2009, Galati,B  INDUSTRIA EXTRACTIVA,18000000,-0.18181818181818181818,0.20311442112389979700,16
2009, Gorj,B  INDUSTRIA EXTRACTIVA,806000000,-0.20669291338582677165,9.09501241254795757200,17
2009, Neamt,B  INDUSTRIA EXTRACTIVA,38000000,-0.20833333333333333333,0.42879711126156623800,18
2009, Valcea,B  INDUSTRIA EXTRACTIVA,213000000,-0.24468085106382978723,2.40352064996614759600,19
2009, Caras-Severin,B  INDUSTRIA EXTRACTIVA,68000000,-0.25274725274725274725,0.76732114646806589900,20
2009, Olt,B  INDUSTRIA EXTRACTIVA,20000000,-0.25925925925925925926,0.22568269013766644100,21
2009, Harghita,B  INDUSTRIA EXTRACTIVA,54000000,-0.28947368421052631579,0.60934326337169939100,22
2009, Bihor,B  INDUSTRIA EXTRACTIVA,143000000,-0.40416666666666666667,1.61363123448431505300,23
2009, Timis,B  INDUSTRIA EXTRACTIVA,164000000,-0.41637010676156583630,1.85059805912886481600,24
2009, Bistrita-Nasaud,B  INDUSTRIA EXTRACTIVA,12000000,-0.42857142857142857143,0.13540961408259986500,25
2009, Mehedinti,B  INDUSTRIA EXTRACTIVA,80000000,-0.42857142857142857143,0.90273076055066576400,25
2009, Prahova,B  INDUSTRIA EXTRACTIVA,599000000,-0.43383742911153119093,6.75919656962310990700,26
2009, Satu Mare,B  INDUSTRIA EXTRACTIVA,8000000,-0.46666666666666666667,0.09027307605506657600,27
2009, Buzau,B  INDUSTRIA EXTRACTIVA,31000000,-0.53731343283582089552,0.34980816971338298400,28
2009, Covasna,B  INDUSTRIA EXTRACTIVA,29000000,-0.53968253968253968254,0.32723990069961633900,29
2009, Giurgiu,B  INDUSTRIA EXTRACTIVA,66000000,-0.54482758620689655172,0.74475287745429925500,30
2009, Suceava,B  INDUSTRIA EXTRACTIVA,50000000,-0.54954954954954954955,0.56420672534416610200,31
2009, Vrancea,B  INDUSTRIA EXTRACTIVA,10000000,-0.64285714285714285714,0.11284134506883322000,32
2009, Dolj,B  INDUSTRIA EXTRACTIVA,100000000,-0.65156794425087108014,1.12841345068833220500,33
2009, Municipiul Bucuresti,B  INDUSTRIA EXTRACTIVA,539000000,-0.67530120481927710843,6.08214849921011058500,34
2009, Arad,B  INDUSTRIA EXTRACTIVA,33000000,-0.69444444444444444444,0.37237643872714962800,35
2009, Bacau,B  INDUSTRIA EXTRACTIVA,94000000,-0.82026768642447418738,1.06070864364703227300,36
2009, Dambovita,B  INDUSTRIA EXTRACTIVA,85000000,-0.83033932135728542914,0.95915143308508237400,37
2009, Arges,B  INDUSTRIA EXTRACTIVA,74000000,-0.83736263736263736264,0.83502595350936583200,38
2009, Braila,B  INDUSTRIA EXTRACTIVA,7000000,-0.93137254901960784314,0.07898894154818325400,39
2009, Teleorman,B  INDUSTRIA EXTRACTIVA,27000000,-0.94155844155844155844,0.30467163168584969500,40
2009, Cluj,C  INDUSTRIA PRELUCRATOARE,10308000000,0.14127546501328609389,4.97111276150425833600,1
2009, Tulcea,C  INDUSTRIA PRELUCRATOARE,1571000000,0.13102951763858891289,0.75762690612370875500,2
2009, Suceava,C  INDUSTRIA PRELUCRATOARE,2898000000,0.08093994778067885117,1.39758292421801907800,3
2009, Timis,C  INDUSTRIA PRELUCRATOARE,11664000000,0.05394415830848468420,5.62505425399550535800,4
2009, Brasov,C  INDUSTRIA PRELUCRATOARE,9220000000,0.03189703413542249580,4.44641634275021942700,5
2009, Caras-Severin,C  INDUSTRIA PRELUCRATOARE,1832000000,0.00825536598789212988,0.88349617569613904500,6
2009, Maramures,C  INDUSTRIA PRELUCRATOARE,3520000000,0.00370687197034502424,1.69754723714541999800,7
2009, Giurgiu,C  INDUSTRIA PRELUCRATOARE,678000000,-0.00147275405007363770,0.32697074624562351100,8
2009, Arges,C  INDUSTRIA PRELUCRATOARE,20197000000,-0.00737209416621614980,9.74015953085967264300,9
2009, Buzau,C  INDUSTRIA PRELUCRATOARE,4362000000,-0.05194522929797870028,2.10360825239440966800,10
2009, Braila,C  INDUSTRIA PRELUCRATOARE,2068000000,-0.05656934306569343066,0.99730900182293424900,11
2009, Sibiu,C  INDUSTRIA PRELUCRATOARE,5942000000,-0.06055335968379446640,2.86557547815854705400,12
2009, Bihor,C  INDUSTRIA PRELUCRATOARE,5271000000,-0.06757473907659649743,2.54198053607770136700,13
2009, Arad,C  INDUSTRIA PRELUCRATOARE,5775000000,-0.07214010282776349614,2.78503843594170468500,14
2009, Vrancea,C  INDUSTRIA PRELUCRATOARE,1291000000,-0.07455197132616487455,0.62259473953259580000,15
2009, Mehedinti,C  INDUSTRIA PRELUCRATOARE,1241000000,-0.08413284132841328413,0.59848185264132563000,16
2009, Botosani,C  INDUSTRIA PRELUCRATOARE,1309000000,-0.08716875871687587169,0.63127537881345306200,17
2009, Covasna,C  INDUSTRIA PRELUCRATOARE,1429000000,-0.09038828771483131763,0.68914630735250147100,18
2009, Bistrita-Nasaud,C  INDUSTRIA PRELUCRATOARE,3138000000,-0.09253903990746096009,1.51332478129611589600,19
2009, Mures,C  INDUSTRIA PRELUCRATOARE,4668000000,-0.10882016036655211913,2.25117912016898311100,20
2009, Ilfov,C  INDUSTRIA PRELUCRATOARE,8425000000,-0.11511395861779224871,4.06302144117902371700,21
2009, Alba,C  INDUSTRIA PRELUCRATOARE,4168000000,-0.13166666666666666667,2.01005025125628140700,22
2009, Harghita,C  INDUSTRIA PRELUCRATOARE,2540000000,-0.13428766189502385821,1.22493465407652465800,23
2009, Iasi,C  INDUSTRIA PRELUCRATOARE,3228000000,-0.13988808952837729816,1.55672797770040220300,24
2009, Vaslui,C  INDUSTRIA PRELUCRATOARE,1044000000,-0.14705882352941176471,0.50347707828972115900,25
2009, Gorj,C  INDUSTRIA PRELUCRATOARE,1193000000,-0.14846538187009279086,0.57533348122570626600,26
2009, Satu Mare,C  INDUSTRIA PRELUCRATOARE,3077000000,-0.14858882125069175429,1.48390705928876628800,27
2009, Teleorman,C  INDUSTRIA PRELUCRATOARE,1037000000,-0.15759545085296506905,0.50010127412494333500,28
2009, Ialomita,C  INDUSTRIA PRELUCRATOARE,1503000000,-0.17913708356089568542,0.72483337995158132300,29
2009, Neamt,C  INDUSTRIA PRELUCRATOARE,2732000000,-0.20000000000000000000,1.31752813973900211200,30
2009, Constanta,C  INDUSTRIA PRELUCRATOARE,12193000000,-0.20072107505735824320,5.88016859730514376100,31
2009, Olt,C  INDUSTRIA PRELUCRATOARE,4508000000,-0.21161245190626093040,2.17401788211691856600,32
2009, Dolj,C  INDUSTRIA PRELUCRATOARE,3540000000,-0.21819787985865724382,1.70719239190192806600,33
2009, Hunedoara,C  INDUSTRIA PRELUCRATOARE,2791000000,-0.22212931995540691193,1.34598134627070091300,34
2009, Prahova,C  INDUSTRIA PRELUCRATOARE,14653000000,-0.23374993463368718297,7.06652263235563614600,35
2009, Dambovita,C  INDUSTRIA PRELUCRATOARE,3497000000,-0.25753715498938428875,1.68645530917543572000,36
2009, Valcea,C  INDUSTRIA PRELUCRATOARE,3019000000,-0.25986761461142436872,1.45593611049489289100,37
2009, Municipiul Bucuresti,C  INDUSTRIA PRELUCRATOARE,23130000000,-0.27264150943396226415,11.15462147590158084100,38
2009, Bacau,C  INDUSTRIA PRELUCRATOARE,2768000000,-0.28843187660668380463,1.33488941830071663500,39
2009, Calarasi,C  INDUSTRIA PRELUCRATOARE,2090000000,-0.32862190812720848057,1.00791867205509312400,40
2009, Galati,C  INDUSTRIA PRELUCRATOARE,6355000000,-0.38096629651276056887,3.06474792388043866200,41
2009, Salaj,C  INDUSTRIA PRELUCRATOARE,1485000000,-0.42105263157894736842,0.71615274067072406200,42
2009, Olt,D  PRODUCTIA SI FURNIZAREA DE ENERGIE ELECTRICA SI TERMICA  GAZE  APA CALDA SI AER CONDITIONAT,73000000,72.0000000000000000,0.14568241234109641000,1
2009, Ialomita,D  PRODUCTIA SI FURNIZAREA DE ENERGIE ELECTRICA SI TERMICA  GAZE  APA CALDA SI AER CONDITIONAT,78000000,38.0000000000000000,0.15566065976171945200,2
2009, Calarasi,D  PRODUCTIA SI FURNIZAREA DE ENERGIE ELECTRICA SI TERMICA  GAZE  APA CALDA SI AER CONDITIONAT,92000000,14.3333333333333333,0.18359975253946396900,3
2009, Tulcea,D  PRODUCTIA SI FURNIZAREA DE ENERGIE ELECTRICA SI TERMICA  GAZE  APA CALDA SI AER CONDITIONAT,88000000,2.1428571428571429,0.17561715460296553500,4
2009, Vrancea,D  PRODUCTIA SI FURNIZAREA DE ENERGIE ELECTRICA SI TERMICA  GAZE  APA CALDA SI AER CONDITIONAT,424000000,1.1522842639593909,0.84615538126883394200,5
2009, Arges,D  PRODUCTIA SI FURNIZAREA DE ENERGIE ELECTRICA SI TERMICA  GAZE  APA CALDA SI AER CONDITIONAT,324000000,1.05063291139240506329,0.64659043285637310700,6
2009, Dambovita,D  PRODUCTIA SI FURNIZAREA DE ENERGIE ELECTRICA SI TERMICA  GAZE  APA CALDA SI AER CONDITIONAT,565000000,0.54371584699453551913,1.12754195853040372000,7
2009, Buzau,D  PRODUCTIA SI FURNIZAREA DE ENERGIE ELECTRICA SI TERMICA  GAZE  APA CALDA SI AER CONDITIONAT,468000000,0.49520766773162939297,0.93396395857031671000,8
2009, Brasov,D  PRODUCTIA SI FURNIZAREA DE ENERGIE ELECTRICA SI TERMICA  GAZE  APA CALDA SI AER CONDITIONAT,1013000000,0.41678321678321678322,2.02159292741822826200,9
2009, Valcea,D  PRODUCTIA SI FURNIZAREA DE ENERGIE ELECTRICA SI TERMICA  GAZE  APA CALDA SI AER CONDITIONAT,517000000,0.34986945169712793734,1.03175078329242251900,10
2009, Braila,D  PRODUCTIA SI FURNIZAREA DE ENERGIE ELECTRICA SI TERMICA  GAZE  APA CALDA SI AER CONDITIONAT,534000000,0.28365384615384615385,1.06567682452254086100,11
2009, Covasna,D  PRODUCTIA SI FURNIZAREA DE ENERGIE ELECTRICA SI TERMICA  GAZE  APA CALDA SI AER CONDITIONAT,184000000,0.25170068027210884354,0.36719950507892793700,12
2009, Prahova,D  PRODUCTIA SI FURNIZAREA DE ENERGIE ELECTRICA SI TERMICA  GAZE  APA CALDA SI AER CONDITIONAT,1053000000,0.18049327354260089686,2.10141890678321259700,13
2009, Giurgiu,D  PRODUCTIA SI FURNIZAREA DE ENERGIE ELECTRICA SI TERMICA  GAZE  APA CALDA SI AER CONDITIONAT,52000000,0.15555555555555555556,0.10377377317447963400,14
2009, Arad,D  PRODUCTIA SI FURNIZAREA DE ENERGIE ELECTRICA SI TERMICA  GAZE  APA CALDA SI AER CONDITIONAT,186000000,0.09411764705882352941,0.37119080404717715400,15
2009, Galati,D  PRODUCTIA SI FURNIZAREA DE ENERGIE ELECTRICA SI TERMICA  GAZE  APA CALDA SI AER CONDITIONAT,1074000000,0.08814589665653495441,2.14332754594982937200,16
2009, Dolj,D  PRODUCTIA SI FURNIZAREA DE ENERGIE ELECTRICA SI TERMICA  GAZE  APA CALDA SI AER CONDITIONAT,3478000000,0.06589028501379098989,6.94086890578538785400,17
2009, Maramures,D  PRODUCTIA SI FURNIZAREA DE ENERGIE ELECTRICA SI TERMICA  GAZE  APA CALDA SI AER CONDITIONAT,263000000,0.03952569169960474308,0.52485581432477199700,18
2009, Municipiul Bucuresti,D  PRODUCTIA SI FURNIZAREA DE ENERGIE ELECTRICA SI TERMICA  GAZE  APA CALDA SI AER CONDITIONAT,23559000000,0.02801413797617489200,47.01550619649164820700,19
2009, Bihor,D  PRODUCTIA SI FURNIZAREA DE ENERGIE ELECTRICA SI TERMICA  GAZE  APA CALDA SI AER CONDITIONAT,622000000,0.01633986928104575163,1.24129397912550639600,20
2009, Timis,D  PRODUCTIA SI FURNIZAREA DE ENERGIE ELECTRICA SI TERMICA  GAZE  APA CALDA SI AER CONDITIONAT,626000000,0.01130856219709208401,1.24927657706200482900,21
2009, Botosani,D  PRODUCTIA SI FURNIZAREA DE ENERGIE ELECTRICA SI TERMICA  GAZE  APA CALDA SI AER CONDITIONAT,218000000,0.00925925925925925926,0.43505158753916462100,22
2009, Iasi,D  PRODUCTIA SI FURNIZAREA DE ENERGIE ELECTRICA SI TERMICA  GAZE  APA CALDA SI AER CONDITIONAT,647000000,0.00154798761609907121,1.29118521622862160500,23
2009, Suceava,D  PRODUCTIA SI FURNIZAREA DE ENERGIE ELECTRICA SI TERMICA  GAZE  APA CALDA SI AER CONDITIONAT,482000000,0.0000000000000000000000000000,0.96190305134806122700,24
2009, Vaslui,D  PRODUCTIA SI FURNIZAREA DE ENERGIE ELECTRICA SI TERMICA  GAZE  APA CALDA SI AER CONDITIONAT,368000000,0.0000000000000000000000000000,0.73439901015785587400,24
2009, Hunedoara,D  PRODUCTIA SI FURNIZAREA DE ENERGIE ELECTRICA SI TERMICA  GAZE  APA CALDA SI AER CONDITIONAT,1232000000,-0.00884955752212389381,2.45864016444151749200,25
2009, Cluj,D  PRODUCTIA SI FURNIZAREA DE ENERGIE ELECTRICA SI TERMICA  GAZE  APA CALDA SI AER CONDITIONAT,932000000,-0.01479915433403805497,1.85994531920413498600,26
2009, Harghita,D  PRODUCTIA SI FURNIZAREA DE ENERGIE ELECTRICA SI TERMICA  GAZE  APA CALDA SI AER CONDITIONAT,268000000,-0.01831501831501831502,0.53483406174539503900,27
2009, Neamt,D  PRODUCTIA SI FURNIZAREA DE ENERGIE ELECTRICA SI TERMICA  GAZE  APA CALDA SI AER CONDITIONAT,273000000,-0.02150537634408602151,0.54481230916601808100,28
2009, Sibiu,D  PRODUCTIA SI FURNIZAREA DE ENERGIE ELECTRICA SI TERMICA  GAZE  APA CALDA SI AER CONDITIONAT,324000000,-0.03283582089552238806,0.64659043285637310700,29
2009, Constanta,D  PRODUCTIA SI FURNIZAREA DE ENERGIE ELECTRICA SI TERMICA  GAZE  APA CALDA SI AER CONDITIONAT,2123000000,-0.03456116416552978627,4.23676385479654353500,30
2009, Gorj,D  PRODUCTIA SI FURNIZAREA DE ENERGIE ELECTRICA SI TERMICA  GAZE  APA CALDA SI AER CONDITIONAT,2150000000,-0.05119152691968225949,4.29064639086790796100,31
2009, Bacau,D  PRODUCTIA SI FURNIZAREA DE ENERGIE ELECTRICA SI TERMICA  GAZE  APA CALDA SI AER CONDITIONAT,723000000,-0.06103896103896103896,1.44285457702209184000,32
2009, Bistrita-Nasaud,D  PRODUCTIA SI FURNIZAREA DE ENERGIE ELECTRICA SI TERMICA  GAZE  APA CALDA SI AER CONDITIONAT,165000000,-0.06250000000000000000,0.32928216488056037800,33
2009, Alba,D  PRODUCTIA SI FURNIZAREA DE ENERGIE ELECTRICA SI TERMICA  GAZE  APA CALDA SI AER CONDITIONAT,275000000,-0.06462585034013605442,0.54880360813426729700,34
2009, Caras-Severin,D  PRODUCTIA SI FURNIZAREA DE ENERGIE ELECTRICA SI TERMICA  GAZE  APA CALDA SI AER CONDITIONAT,54000000,-0.06896551724137931034,0.10776507214272885100,35
2009, Mures,D  PRODUCTIA SI FURNIZAREA DE ENERGIE ELECTRICA SI TERMICA  GAZE  APA CALDA SI AER CONDITIONAT,3862000000,-0.15158172231985940246,7.70719830768923746200,36
2009, Satu Mare,D  PRODUCTIA SI FURNIZAREA DE ENERGIE ELECTRICA SI TERMICA  GAZE  APA CALDA SI AER CONDITIONAT,152000000,-0.22448979591836734694,0.30333872158694047000,37
2009, Mehedinti,D  PRODUCTIA SI FURNIZAREA DE ENERGIE ELECTRICA SI TERMICA  GAZE  APA CALDA SI AER CONDITIONAT,354000000,-0.25158562367864693446,0.70645991738011135700,38
2009, Salaj,D  PRODUCTIA SI FURNIZAREA DE ENERGIE ELECTRICA SI TERMICA  GAZE  APA CALDA SI AER CONDITIONAT,137000000,-0.36574074074074074074,0.27340397932507134400,39
2009, Ilfov,D  PRODUCTIA SI FURNIZAREA DE ENERGIE ELECTRICA SI TERMICA  GAZE  APA CALDA SI AER CONDITIONAT,57000000,-0.57462686567164179104,0.11375202059510267600,40
2009, Teleorman,D  PRODUCTIA SI FURNIZAREA DE ENERGIE ELECTRICA SI TERMICA  GAZE  APA CALDA SI AER CONDITIONAT,40000000,-0.64601769911504424779,0.07982597936498433400,41
2009, Cluj,E  DISTRIBUTIA APEI; SALUBRITATE  GESTIONAREA DESEURILOR  ACTIVITATI DE DECONTAMINARE,352000000,0.28000000000000000000,3.48722013077075490400,1
2009, Harghita,E  DISTRIBUTIA APEI; SALUBRITATE  GESTIONAREA DESEURILOR  ACTIVITATI DE DECONTAMINARE,36000000,0.20000000000000000000,0.35664751337428175200,2
2009, Ialomita,E  DISTRIBUTIA APEI; SALUBRITATE  GESTIONAREA DESEURILOR  ACTIVITATI DE DECONTAMINARE,96000000,0.15662650602409638554,0.95106003566475133700,3
2009, Satu Mare,E  DISTRIBUTIA APEI; SALUBRITATE  GESTIONAREA DESEURILOR  ACTIVITATI DE DECONTAMINARE,76000000,0.10144927536231884058,0.75292252823459480900,4
2009, Suceava,E  DISTRIBUTIA APEI; SALUBRITATE  GESTIONAREA DESEURILOR  ACTIVITATI DE DECONTAMINARE,76000000,0.07042253521126760563,0.75292252823459480900,5
2009, Bacau,E  DISTRIBUTIA APEI; SALUBRITATE  GESTIONAREA DESEURILOR  ACTIVITATI DE DECONTAMINARE,147000000,0.04255319148936170213,1.45631067961165048500,6
2009, Arad,E  DISTRIBUTIA APEI; SALUBRITATE  GESTIONAREA DESEURILOR  ACTIVITATI DE DECONTAMINARE,220000000,0.00456621004566210046,2.17951258173172181500,7
2009, Prahova,E  DISTRIBUTIA APEI; SALUBRITATE  GESTIONAREA DESEURILOR  ACTIVITATI DE DECONTAMINARE,325000000,-0.01812688821752265861,3.21973449574004359000,8
2009, Constanta,E  DISTRIBUTIA APEI; SALUBRITATE  GESTIONAREA DESEURILOR  ACTIVITATI DE DECONTAMINARE,1063000000,-0.01846722068328716528,10.53100851991281949700,9
2009, Buzau,E  DISTRIBUTIA APEI; SALUBRITATE  GESTIONAREA DESEURILOR  ACTIVITATI DE DECONTAMINARE,175000000,-0.02234636871508379888,1.73370319001386962600,10
2009, Teleorman,E  DISTRIBUTIA APEI; SALUBRITATE  GESTIONAREA DESEURILOR  ACTIVITATI DE DECONTAMINARE,37000000,-0.02631578947368421053,0.36655438874578957800,11
2009, Bihor,E  DISTRIBUTIA APEI; SALUBRITATE  GESTIONAREA DESEURILOR  ACTIVITATI DE DECONTAMINARE,141000000,-0.06000000000000000000,1.39686942738260352700,12
2009, Municipiul Bucuresti,E  DISTRIBUTIA APEI; SALUBRITATE  GESTIONAREA DESEURILOR  ACTIVITATI DE DECONTAMINARE,2121000000,-0.06563876651982378855,21.01248266296809986100,13
2009, Galati,E  DISTRIBUTIA APEI; SALUBRITATE  GESTIONAREA DESEURILOR  ACTIVITATI DE DECONTAMINARE,483000000,-0.09719626168224299065,4.78502080443828016600,14
2009, Timis,E  DISTRIBUTIA APEI; SALUBRITATE  GESTIONAREA DESEURILOR  ACTIVITATI DE DECONTAMINARE,226000000,-0.10671936758893280632,2.23895383396076877400,15
2009, Mures,E  DISTRIBUTIA APEI; SALUBRITATE  GESTIONAREA DESEURILOR  ACTIVITATI DE DECONTAMINARE,159000000,-0.11666666666666666667,1.57519318406974440300,16
2009, Dambovita,E  DISTRIBUTIA APEI; SALUBRITATE  GESTIONAREA DESEURILOR  ACTIVITATI DE DECONTAMINARE,142000000,-0.11801242236024844720,1.40677630275411135300,17
2009, Calarasi,E  DISTRIBUTIA APEI; SALUBRITATE  GESTIONAREA DESEURILOR  ACTIVITATI DE DECONTAMINARE,409000000,-0.13347457627118644068,4.05191202694670101100,18
2009, Covasna,E  DISTRIBUTIA APEI; SALUBRITATE  GESTIONAREA DESEURILOR  ACTIVITATI DE DECONTAMINARE,31000000,-0.13888888888888888889,0.30711313651674261900,19
2009, Vrancea,E  DISTRIBUTIA APEI; SALUBRITATE  GESTIONAREA DESEURILOR  ACTIVITATI DE DECONTAMINARE,67000000,-0.14102564102564102564,0.66376064989102437100,20
2009, Braila,E  DISTRIBUTIA APEI; SALUBRITATE  GESTIONAREA DESEURILOR  ACTIVITATI DE DECONTAMINARE,85000000,-0.14141414141414141414,0.84208440657816524700,21
2009, Neamt,E  DISTRIBUTIA APEI; SALUBRITATE  GESTIONAREA DESEURILOR  ACTIVITATI DE DECONTAMINARE,76000000,-0.20000000000000000000,0.75292252823459480900,22
2009, Sibiu,E  DISTRIBUTIA APEI; SALUBRITATE  GESTIONAREA DESEURILOR  ACTIVITATI DE DECONTAMINARE,134000000,-0.20710059171597633136,1.32752129978204874200,23
2009, Dolj,E  DISTRIBUTIA APEI; SALUBRITATE  GESTIONAREA DESEURILOR  ACTIVITATI DE DECONTAMINARE,212000000,-0.22058823529411764706,2.10025757875965920300,24
2009, Salaj,E  DISTRIBUTIA APEI; SALUBRITATE  GESTIONAREA DESEURILOR  ACTIVITATI DE DECONTAMINARE,50000000,-0.23076923076923076923,0.49534376857539132200,25
2009, Ilfov,E  DISTRIBUTIA APEI; SALUBRITATE  GESTIONAREA DESEURILOR  ACTIVITATI DE DECONTAMINARE,586000000,-0.23197903014416775885,5.80542896770358628900,26
2009, Alba,E  DISTRIBUTIA APEI; SALUBRITATE  GESTIONAREA DESEURILOR  ACTIVITATI DE DECONTAMINARE,89000000,-0.23275862068965517241,0.88171190806419655200,27
2009, Iasi,E  DISTRIBUTIA APEI; SALUBRITATE  GESTIONAREA DESEURILOR  ACTIVITATI DE DECONTAMINARE,320000000,-0.23627684964200477327,3.17020011888250445800,28
2009, Maramures,E  DISTRIBUTIA APEI; SALUBRITATE  GESTIONAREA DESEURILOR  ACTIVITATI DE DECONTAMINARE,97000000,-0.24218750000000000000,0.96096691103625916400,29
2009, Valcea,E  DISTRIBUTIA APEI; SALUBRITATE  GESTIONAREA DESEURILOR  ACTIVITATI DE DECONTAMINARE,146000000,-0.24352331606217616580,1.44640380424014265900,30
2009, Brasov,E  DISTRIBUTIA APEI; SALUBRITATE  GESTIONAREA DESEURILOR  ACTIVITATI DE DECONTAMINARE,649000000,-0.26749435665914221219,6.42956211610857935400,31
2009, Olt,E  DISTRIBUTIA APEI; SALUBRITATE  GESTIONAREA DESEURILOR  ACTIVITATI DE DECONTAMINARE,77000000,-0.28703703703703703704,0.76282940360610263500,32
2009, Vaslui,E  DISTRIBUTIA APEI; SALUBRITATE  GESTIONAREA DESEURILOR  ACTIVITATI DE DECONTAMINARE,65000000,-0.30851063829787234043,0.64394689914800871800,33
2009, Arges,E  DISTRIBUTIA APEI; SALUBRITATE  GESTIONAREA DESEURILOR  ACTIVITATI DE DECONTAMINARE,275000000,-0.34834123222748815166,2.72439072716465226900,34
2009, Hunedoara,E  DISTRIBUTIA APEI; SALUBRITATE  GESTIONAREA DESEURILOR  ACTIVITATI DE DECONTAMINARE,256000000,-0.36476426799007444169,2.53616009510600356600,35
2009, Caras-Severin,E  DISTRIBUTIA APEI; SALUBRITATE  GESTIONAREA DESEURILOR  ACTIVITATI DE DECONTAMINARE,64000000,-0.38461538461538461538,0.63404002377650089200,36
2009, Mehedinti,E  DISTRIBUTIA APEI; SALUBRITATE  GESTIONAREA DESEURILOR  ACTIVITATI DE DECONTAMINARE,215000000,-0.42666666666666666667,2.12997820487418268300,37
2009, Tulcea,E  DISTRIBUTIA APEI; SALUBRITATE  GESTIONAREA DESEURILOR  ACTIVITATI DE DECONTAMINARE,51000000,-0.45161290322580645161,0.50525064394689914800,38
2009, Bistrita-Nasaud,E  DISTRIBUTIA APEI; SALUBRITATE  GESTIONAREA DESEURILOR  ACTIVITATI DE DECONTAMINARE,79000000,-0.45517241379310344828,0.78264315434911828800,39
2009, Giurgiu,E  DISTRIBUTIA APEI; SALUBRITATE  GESTIONAREA DESEURILOR  ACTIVITATI DE DECONTAMINARE,28000000,-0.50000000000000000000,0.27739251040221914000,40
2009, Gorj,E  DISTRIBUTIA APEI; SALUBRITATE  GESTIONAREA DESEURILOR  ACTIVITATI DE DECONTAMINARE,103000000,-0.51415094339622641509,1.02040816326530612200,41
2009, Botosani,E  DISTRIBUTIA APEI; SALUBRITATE  GESTIONAREA DESEURILOR  ACTIVITATI DE DECONTAMINARE,55000000,-0.54545454545454545455,0.54487814543293045400,42
2009, Ilfov,F  CONSTRUCTII,3239000000,0.18731671554252199413,4.06638795776681355400,1
2009, Caras-Severin,F  CONSTRUCTII,699000000,0.13474025974025974026,0.87755640088885541000,2
2009, Bacau,F  CONSTRUCTII,2952000000,0.08889708594614533383,3.70607510074950096000,3
2009, Mehedinti,F  CONSTRUCTII,692000000,0.06298003072196620584,0.86876828242501851800,4
2009, Giurgiu,F  CONSTRUCTII,1563000000,0.05252525252525252525,1.96226130842529471600,5
2009, Ialomita,F  CONSTRUCTII,452000000,0.02494331065759637188,0.56746136366489648900,6
2009, Maramures,F  CONSTRUCTII,1137000000,-0.00524934383202099738,1.42744152762607811400,7
2009, Dolj,F  CONSTRUCTII,1397000000,-0.02512212142358688067,1.75385735628287697900,8
2009, Tulcea,F  CONSTRUCTII,313000000,-0.05438066465256797583,0.39295443988299248000,9
2009, Teleorman,F  CONSTRUCTII,390000000,-0.06474820143884892086,0.48962374298519829800,10
2009, Galati,F  CONSTRUCTII,1519000000,-0.08272946859903381643,1.90702170665260567700,11
2009, Bihor,F  CONSTRUCTII,1911000000,-0.08739255014326647564,2.39915634062747165800,12
2009, Cluj,F  CONSTRUCTII,4889000000,-0.09697081640192094570,6.13787302424265250500,13
2009, Covasna,F  CONSTRUCTII,319000000,-0.09887005649717514124,0.40048711285199553100,14
2009, Dambovita,F  CONSTRUCTII,651000000,-0.11307901907356948229,0.81729501713683100400,15
2009, Valcea,F  CONSTRUCTII,1039000000,-0.11874469889737065310,1.30440786913236161900,16
2009, Buzau,F  CONSTRUCTII,961000000,-0.12794918330308529946,1.20648312053532195900,17
2009, Prahova,F  CONSTRUCTII,2892000000,-0.13022556390977443609,3.63074837105947045300,18
2009, Arad,F  CONSTRUCTII,1110000000,-0.13819875776397515528,1.39354449926556438600,19
2009, Municipiul Bucuresti,F  CONSTRUCTII,25817000000,-0.14414056025194762142,32.41183634012529346000,20
2009, Sibiu,F  CONSTRUCTII,1655000000,-0.14953751284686536485,2.07776229395000816000,21
2009, Harghita,F  CONSTRUCTII,894000000,-0.17145505097312326228,1.12236827238145455900,22
2009, Constanta,F  CONSTRUCTII,3066000000,-0.18043303929430633520,3.84919588716055892400,23
2009, Gorj,F  CONSTRUCTII,538000000,-0.19097744360902255639,0.67542967622060688200,24
2009, Hunedoara,F  CONSTRUCTII,990000000,-0.19773095623987034036,1.24289103988550337100,25
2009, Satu Mare,F  CONSTRUCTII,1050000000,-0.19969512195121951220,1.31821776957553387800,26
2009, Timis,F  CONSTRUCTII,3962000000,-0.20056497175141242938,4.97407505053168116700,27
2009, Calarasi,F  CONSTRUCTII,398000000,-0.20240480961923847695,0.49966730694386903200,28
2009, Alba,F  CONSTRUCTII,674000000,-0.20425029515938606848,0.84617026351800936600,29
2009, Iasi,F  CONSTRUCTII,1922000000,-0.22873194221508828250,2.41296624107064391800,30
2009, Bistrita-Nasaud,F  CONSTRUCTII,532000000,-0.23010130246020260492,0.66789700325160383200,31
2009, Neamt,F  CONSTRUCTII,671000000,-0.23489167616875712657,0.84240392703350784000,32
2009, Vrancea,F  CONSTRUCTII,236000000,-0.24358974358974358974,0.29628513678078666200,33
2009, Arges,F  CONSTRUCTII,2195000000,-0.24414600550964187328,2.75570286116028272600,34
2009, Mures,F  CONSTRUCTII,1089000000,-0.25359835503769705278,1.36718014387405370800,35
2009, Olt,F  CONSTRUCTII,695000000,-0.25588865096359743041,0.87253461890952004300,36
2009, Brasov,F  CONSTRUCTII,2435000000,-0.27073974243785564540,3.05700977992040475600,37
2009, Vaslui,F  CONSTRUCTII,315000000,-0.27752293577981651376,0.39546533087266016300,38
2009, Suceava,F  CONSTRUCTII,1130000000,-0.28390367553865652725,1.41865340916224122100,39
2009, Braila,F  CONSTRUCTII,558000000,-0.29367088607594936709,0.70053858611728371800,40
2009, Salaj,F  CONSTRUCTII,322000000,-0.29540481400437636761,0.40425344933649705600,41
2009, Botosani,F  CONSTRUCTII,384000000,-0.41552511415525114155,0.48209107001619524700,42
2009, Mehedinti,G  COMERT CU RIDICATA SI CU AMANUNTUL; REPARAREA AUTOVEHICULELOR SI MOTOCICLETELOR,1961000000,0.12249570692615912994,0.56100058932239367900,1
2009, Buzau,G  COMERT CU RIDICATA SI CU AMANUNTUL; REPARAREA AUTOVEHICULELOR SI MOTOCICLETELOR,5717000000,0.00686861570975695667,1.63551268187461737000,2
2009, Alba,G  COMERT CU RIDICATA SI CU AMANUNTUL; REPARAREA AUTOVEHICULELOR SI MOTOCICLETELOR,2806000000,-0.01578393546124166959,0.80273720226345571800,3
2009, Ilfov,G  COMERT CU RIDICATA SI CU AMANUNTUL; REPARAREA AUTOVEHICULELOR SI MOTOCICLETELOR,32075000000,-0.01848281771168028397,9.17597853264445550600,4
2009, Tulcea,G  COMERT CU RIDICATA SI CU AMANUNTUL; REPARAREA AUTOVEHICULELOR SI MOTOCICLETELOR,2026000000,-0.03108560497369679579,0.57959571339478306600,5
2009, Covasna,G  COMERT CU RIDICATA SI CU AMANUNTUL; REPARAREA AUTOVEHICULELOR SI MOTOCICLETELOR,2587000000,-0.04644305197198673056,0.74008593808109762700,6
2009, Caras-Severin,G  COMERT CU RIDICATA SI CU AMANUNTUL; REPARAREA AUTOVEHICULELOR SI MOTOCICLETELOR,1802000000,-0.06438213914849428868,0.51551405505301040800,7
2009, Braila,G  COMERT CU RIDICATA SI CU AMANUNTUL; REPARAREA AUTOVEHICULELOR SI MOTOCICLETELOR,3417000000,-0.07498646453708716838,0.97753136854391596100,8
2009, Municipiul Bucuresti,G  COMERT CU RIDICATA SI CU AMANUNTUL; REPARAREA AUTOVEHICULELOR SI MOTOCICLETELOR,120682000000,-0.08257313142370613635,34.52456558929378579600,9
2009, Mures,G  COMERT CU RIDICATA SI CU AMANUNTUL; REPARAREA AUTOVEHICULELOR SI MOTOCICLETELOR,6346000000,-0.08952654232424677188,1.81545626712897005900,10
2009, Calarasi,G  COMERT CU RIDICATA SI CU AMANUNTUL; REPARAREA AUTOVEHICULELOR SI MOTOCICLETELOR,1637000000,-0.09558011049723756906,0.46831104779232965400,11
2009, Dambovita,G  COMERT CU RIDICATA SI CU AMANUNTUL; REPARAREA AUTOVEHICULELOR SI MOTOCICLETELOR,3413000000,-0.10607647983237297014,0.97638705321638430700,12
2009, Vrancea,G  COMERT CU RIDICATA SI CU AMANUNTUL; REPARAREA AUTOVEHICULELOR SI MOTOCICLETELOR,2910000000,-0.11090742438130155820,0.83248940077927873800,13
2009, Gorj,G  COMERT CU RIDICATA SI CU AMANUNTUL; REPARAREA AUTOVEHICULELOR SI MOTOCICLETELOR,2251000000,-0.12173234490831057355,0.64396345056843863900,14
2009, Satu Mare,G  COMERT CU RIDICATA SI CU AMANUNTUL; REPARAREA AUTOVEHICULELOR SI MOTOCICLETELOR,3386000000,-0.12257061414874319772,0.96866292475554563800,15
2009, Bihor,G  COMERT CU RIDICATA SI CU AMANUNTUL; REPARAREA AUTOVEHICULELOR SI MOTOCICLETELOR,8561000000,-0.12865139949109414758,2.44912087974962380600,16
2009, Bacau,G  COMERT CU RIDICATA SI CU AMANUNTUL; REPARAREA AUTOVEHICULELOR SI MOTOCICLETELOR,6245000000,-0.13034396323631806155,1.78656230510879578000,17
2009, Neamt,G  COMERT CU RIDICATA SI CU AMANUNTUL; REPARAREA AUTOVEHICULELOR SI MOTOCICLETELOR,3690000000,-0.13339596054485674025,1.05563088964795138900,18
2009, Olt,G  COMERT CU RIDICATA SI CU AMANUNTUL; REPARAREA AUTOVEHICULELOR SI MOTOCICLETELOR,2523000000,-0.13358516483516483516,0.72177689284059115300,19
2009, Arges,G  COMERT CU RIDICATA SI CU AMANUNTUL; REPARAREA AUTOVEHICULELOR SI MOTOCICLETELOR,9382000000,-0.13426224970010150411,2.68399160072549591800,20
2009, Maramures,G  COMERT CU RIDICATA SI CU AMANUNTUL; REPARAREA AUTOVEHICULELOR SI MOTOCICLETELOR,4087000000,-0.13575808839078029182,1.16920418590546811100,21
2009, Timis,G  COMERT CU RIDICATA SI CU AMANUNTUL; REPARAREA AUTOVEHICULELOR SI MOTOCICLETELOR,11661000000,-0.13775510204081632653,3.33596525858665613900,22
2009, Sibiu,G  COMERT CU RIDICATA SI CU AMANUNTUL; REPARAREA AUTOVEHICULELOR SI MOTOCICLETELOR,6498000000,-0.13831056889006763029,1.85894024957517293500,23
2009, Harghita,G  COMERT CU RIDICATA SI CU AMANUNTUL; REPARAREA AUTOVEHICULELOR SI MOTOCICLETELOR,2826000000,-0.13841463414634146341,0.80845877890111399100,24
2009, Iasi,G  COMERT CU RIDICATA SI CU AMANUNTUL; REPARAREA AUTOVEHICULELOR SI MOTOCICLETELOR,8481000000,-0.13863497867154174284,2.42623457319899071400,25
2009, Vaslui,G  COMERT CU RIDICATA SI CU AMANUNTUL; REPARAREA AUTOVEHICULELOR SI MOTOCICLETELOR,1802000000,-0.14839319470699432892,0.51551405505301040800,26
2009, Dolj,G  COMERT CU RIDICATA SI CU AMANUNTUL; REPARAREA AUTOVEHICULELOR SI MOTOCICLETELOR,8102000000,-0.14975338440549900304,2.31781069591536643800,27
2009, Suceava,G  COMERT CU RIDICATA SI CU AMANUNTUL; REPARAREA AUTOVEHICULELOR SI MOTOCICLETELOR,5472000000,-0.15685670261941448382,1.56542336806330352400,28
2009, Prahova,G  COMERT CU RIDICATA SI CU AMANUNTUL; REPARAREA AUTOVEHICULELOR SI MOTOCICLETELOR,9601000000,-0.15920833698222261144,2.74664286490785400800,29
2009, Teleorman,G  COMERT CU RIDICATA SI CU AMANUNTUL; REPARAREA AUTOVEHICULELOR SI MOTOCICLETELOR,2004000000,-0.16846473029045643154,0.57330197909335896600,30
2009, Botosani,G  COMERT CU RIDICATA SI CU AMANUNTUL; REPARAREA AUTOVEHICULELOR SI MOTOCICLETELOR,1880000000,-0.16850950906678460858,0.53782820393987767300,31
2009, Galati,G  COMERT CU RIDICATA SI CU AMANUNTUL; REPARAREA AUTOVEHICULELOR SI MOTOCICLETELOR,6343000000,-0.17160767924774715946,1.81459803063332131800,32
2009, Constanta,G  COMERT CU RIDICATA SI CU AMANUNTUL; REPARAREA AUTOVEHICULELOR SI MOTOCICLETELOR,13068000000,-0.17976399698719558122,3.73847817504591565300,33
2009, Hunedoara,G  COMERT CU RIDICATA SI CU AMANUNTUL; REPARAREA AUTOVEHICULELOR SI MOTOCICLETELOR,4283000000,-0.18122729879564136876,1.22527563695451918700,34
2009, Ialomita,G  COMERT CU RIDICATA SI CU AMANUNTUL; REPARAREA AUTOVEHICULELOR SI MOTOCICLETELOR,2274000000,-0.18872636460934712808,0.65054326370174565300,35
2009, Bistrita-Nasaud,G  COMERT CU RIDICATA SI CU AMANUNTUL; REPARAREA AUTOVEHICULELOR SI MOTOCICLETELOR,2120000000,-0.19848771266540642722,0.60648712359177695000,36
2009, Cluj,G  COMERT CU RIDICATA SI CU AMANUNTUL; REPARAREA AUTOVEHICULELOR SI MOTOCICLETELOR,12790000000,-0.20291661473264364951,3.65894825978246565600,37
2009, Valcea,G  COMERT CU RIDICATA SI CU AMANUNTUL; REPARAREA AUTOVEHICULELOR SI MOTOCICLETELOR,3147000000,-0.21088264794383149448,0.90029008393552927400,38
2009, Arad,G  COMERT CU RIDICATA SI CU AMANUNTUL; REPARAREA AUTOVEHICULELOR SI MOTOCICLETELOR,5822000000,-0.21441101065982998246,1.66555095922232330300,39
2009, Giurgiu,G  COMERT CU RIDICATA SI CU AMANUNTUL; REPARAREA AUTOVEHICULELOR SI MOTOCICLETELOR,2000000000,-0.22839506172839506173,0.57215766376582731100,40
2009, Salaj,G  COMERT CU RIDICATA SI CU AMANUNTUL; REPARAREA AUTOVEHICULELOR SI MOTOCICLETELOR,1769000000,-0.25390130746520455504,0.50607345360087425700,41
2009, Brasov,G  COMERT CU RIDICATA SI CU AMANUNTUL; REPARAREA AUTOVEHICULELOR SI MOTOCICLETELOR,10107000000,-0.25977735462135637908,2.89139875384060831800,42
2009, Braila,H  TRANSPORT SI DEPOZITARE,424000000,0.03163017031630170316,1.03893558109333268000,1
2009, Bihor,H  TRANSPORT SI DEPOZITARE,1655000000,0.01223241590214067278,4.05527921393741883300,2
2009, Bacau,H  TRANSPORT SI DEPOZITARE,721000000,-0.00825309491059147180,1.76668055181201146700,3
2009, Ialomita,H  TRANSPORT SI DEPOZITARE,315000000,-0.01562500000000000000,0.77185072651981083500,4
2009, Municipiul Bucuresti,H  TRANSPORT SI DEPOZITARE,10434000000,-0.01806888763410502541,25.56663644605621033500,5
2009, Alba,H  TRANSPORT SI DEPOZITARE,584000000,-0.02828618968386023295,1.43098674377006199300,6
2009, Arad,H  TRANSPORT SI DEPOZITARE,1232000000,-0.03523884103367267032,3.01879395261081571100,7
2009, Brasov,H  TRANSPORT SI DEPOZITARE,1119000000,-0.03948497854077253219,2.74190781897037563400,8
2009, Sibiu,H  TRANSPORT SI DEPOZITARE,1505000000,-0.03956604977664326739,3.68773124892798510200,9
2009, Gorj,H  TRANSPORT SI DEPOZITARE,313000000,-0.05151515151515151515,0.76695008698635171900,10
2009, Timis,H  TRANSPORT SI DEPOZITARE,1677000000,-0.06155567991046446558,4.10918624880546911400,11
2009, Prahova,H  TRANSPORT SI DEPOZITARE,1495000000,-0.06504065040650406504,3.66322805126068952000,12
2009, Arges,H  TRANSPORT SI DEPOZITARE,1284000000,-0.07890961262553802009,3.14621058048075273800,13
2009, Mures,H  TRANSPORT SI DEPOZITARE,636000000,-0.08092485549132947977,1.55840337163999902000,14
2009, Cluj,H  TRANSPORT SI DEPOZITARE,1515000000,-0.08734939759036144578,3.71223444659528068400,15
2009, Ilfov,H  TRANSPORT SI DEPOZITARE,2715000000,-0.08984244049614482065,6.65261816667075053300,16
2009, Dolj,H  TRANSPORT SI DEPOZITARE,643000000,-0.09436619718309859155,1.57555561000710592700,17
2009, Valcea,H  TRANSPORT SI DEPOZITARE,444000000,-0.09572301425661914460,1.08794197642792384400,18
2009, Harghita,H  TRANSPORT SI DEPOZITARE,490000000,-0.09594095940959409594,1.20065668569748352200,19
2009, Giurgiu,H  TRANSPORT SI DEPOZITARE,356000000,-0.09644670050761421320,0.87231383695572272200,20
2009, Caras-Severin,H  TRANSPORT SI DEPOZITARE,250000000,-0.10071942446043165468,0.61257994168238955200,21
2009, Neamt,H  TRANSPORT SI DEPOZITARE,356000000,-0.10552763819095477387,0.87231383695572272200,22
2009, Teleorman,H  TRANSPORT SI DEPOZITARE,220000000,-0.11290322580645161290,0.53907034868050280600,23
2009, Olt,H  TRANSPORT SI DEPOZITARE,233000000,-0.12075471698113207547,0.57092450564798706200,24
2009, Covasna,H  TRANSPORT SI DEPOZITARE,325000000,-0.13563829787234042553,0.79635392418710641700,25
2009, Bistrita-Nasaud,H  TRANSPORT SI DEPOZITARE,295000000,-0.13994169096209912536,0.72284433118521967100,26
2009, Constanta,H  TRANSPORT SI DEPOZITARE,3442000000,-0.14143177849837864804,8.43400063708313935000,27
2009, Botosani,H  TRANSPORT SI DEPOZITARE,218000000,-0.14843750000000000000,0.53416970914704368900,28
2009, Tulcea,H  TRANSPORT SI DEPOZITARE,224000000,-0.16104868913857677903,0.54887162774742103800,29
2009, Buzau,H  TRANSPORT SI DEPOZITARE,329000000,-0.16284987277353689567,0.80615520325402465000,30
2009, Maramures,H  TRANSPORT SI DEPOZITARE,584000000,-0.16927453769559032717,1.43098674377006199300,31
2009, Calarasi,H  TRANSPORT SI DEPOZITARE,409000000,-0.18363273453093812375,1.00218078459238930700,32
2009, Mehedinti,H  TRANSPORT SI DEPOZITARE,364000000,-0.18385650224215246637,0.89191639508955918700,33
2009, Dambovita,H  TRANSPORT SI DEPOZITARE,416000000,-0.18431372549019607843,1.01933302295949621400,34
2009, Suceava,H  TRANSPORT SI DEPOZITARE,595000000,-0.18937329700272479564,1.45794026120408713300,35
2009, Vaslui,H  TRANSPORT SI DEPOZITARE,149000000,-0.19021739130434782609,0.36509764524270417300,36
2009, Satu Mare,H  TRANSPORT SI DEPOZITARE,388000000,-0.20000000000000000000,0.95072406949106858400,37
2009, Vrancea,H  TRANSPORT SI DEPOZITARE,149000000,-0.20744680851063829787,0.36509764524270417300,38
2009, Iasi,H  TRANSPORT SI DEPOZITARE,525000000,-0.21641791044776119403,1.28641787753301805900,39
2009, Hunedoara,H  TRANSPORT SI DEPOZITARE,621000000,-0.24544349939246658566,1.52164857513905564700,40
2009, Galati,H  TRANSPORT SI DEPOZITARE,634000000,-0.29633740288568257492,1.55350273210653990300,41
2009, Salaj,H  TRANSPORT SI DEPOZITARE,528000000,-0.36917562724014336918,1.29376883683320673300,42
2009, Giurgiu,I  HOTELURI SI RESTAURANTE,45000000,0.45161290322580645161,0.42902087901611211700,1
2009, Teleorman,I  HOTELURI SI RESTAURANTE,70000000,0.27272727272727272727,0.66736581180284107200,2
2009, Arges,I  HOTELURI SI RESTAURANTE,295000000,0.16141732283464566929,2.81247020688340165900,3
2009, Buzau,I  HOTELURI SI RESTAURANTE,240000000,0.15384615384615384615,2.28811135475259796000,4
2009, Sibiu,I  HOTELURI SI RESTAURANTE,286000000,0.07924528301886792453,2.72666603108017923500,5
2009, Alba,I  HOTELURI SI RESTAURANTE,116000000,0.02654867256637168142,1.10592048813042234700,6
2009, Arad,I  HOTELURI SI RESTAURANTE,200000000,0.01522842639593908629,1.90675946229383163300,7
2009, Mures,I  HOTELURI SI RESTAURANTE,242000000,0.0000000000000000000000000000,2.30717894937553627600,8
2009, Vrancea,I  HOTELURI SI RESTAURANTE,53000000,0.000000000000000000000000,0.50529125750786538300,8
2009, Braila,I  HOTELURI SI RESTAURANTE,93000000,0.000000000000000000000000,0.88664314996663170900,8
2009, Harghita,I  HOTELURI SI RESTAURANTE,131000000,0.0000000000000000000000000000,1.24892744780245972000,8
2009, Tulcea,I  HOTELURI SI RESTAURANTE,88000000,-0.02222222222222222222,0.83897416340928591900,9
2009, Maramures,I  HOTELURI SI RESTAURANTE,138000000,-0.02816901408450704225,1.31566402898274382700,10
2009, Ilfov,I  HOTELURI SI RESTAURANTE,335000000,-0.02898550724637681159,3.19382209934216798600,11
2009, Bacau,I  HOTELURI SI RESTAURANTE,160000000,-0.03030303030303030303,1.52540756983506530700,12
2009, Constanta,I  HOTELURI SI RESTAURANTE,894000000,-0.03141928494041170098,8.52321479645342740000,13
2009, Salaj,I  HOTELURI SI RESTAURANTE,57000000,-0.03389830508474576271,0.54342644675374201500,14
2009, Municipiul Bucuresti,I  HOTELURI SI RESTAURANTE,2847000000,-0.03914951063111711104,27.14272094575269329800,15
2009, Suceava,I  HOTELURI SI RESTAURANTE,203000000,-0.04245283018867924528,1.93536085422823910800,16
2009, Bihor,I  HOTELURI SI RESTAURANTE,315000000,-0.05688622754491017964,3.00314615311278482200,17
2009, Olt,I  HOTELURI SI RESTAURANTE,57000000,-0.06557377049180327869,0.54342644675374201500,18
2009, Cluj,I  HOTELURI SI RESTAURANTE,454000000,-0.06776180698151950719,4.32834397940699780700,19
2009, Satu Mare,I  HOTELURI SI RESTAURANTE,102000000,-0.07272727272727272727,0.97244732576985413300,20
2009, Covasna,I  HOTELURI SI RESTAURANTE,103000000,-0.08035714285714285714,0.98198112308132329100,21
2009, Timis,I  HOTELURI SI RESTAURANTE,363000000,-0.08333333333333333333,3.46076842406330441400,22
2009, Vaslui,I  HOTELURI SI RESTAURANTE,65000000,-0.08450704225352112676,0.61969682524549528100,23
2009, Neamt,I  HOTELURI SI RESTAURANTE,144000000,-0.08860759493670886076,1.37286681285155877600,24
2009, Dolj,I  HOTELURI SI RESTAURANTE,167000000,-0.09729729729729729730,1.59214415101534941400,25
2009, Caras-Severin,I  HOTELURI SI RESTAURANTE,96000000,-0.10280373831775700935,0.91524454190103918400,26
2009, Botosani,I  HOTELURI SI RESTAURANTE,67000000,-0.10666666666666666667,0.63876441986843359700,27
2009, Prahova,I  HOTELURI SI RESTAURANTE,354000000,-0.11500000000000000000,3.37496424826008199100,28
2009, Brasov,I  HOTELURI SI RESTAURANTE,424000000,-0.12577319587628865979,4.04233006006292306200,29
2009, Valcea,I  HOTELURI SI RESTAURANTE,238000000,-0.13138686131386861314,2.26904376012965964300,30
2009, Mehedinti,I  HOTELURI SI RESTAURANTE,51000000,-0.15000000000000000000,0.48622366288492706600,31
2009, Iasi,I  HOTELURI SI RESTAURANTE,271000000,-0.15838509316770186335,2.58365907140814186300,32
2009, Hunedoara,I  HOTELURI SI RESTAURANTE,187000000,-0.17621145374449339207,1.78282009724473257700,33
2009, Gorj,I  HOTELURI SI RESTAURANTE,102000000,-0.18400000000000000000,0.97244732576985413300,34
2009, Galati,I  HOTELURI SI RESTAURANTE,171000000,-0.21198156682027649770,1.63027934026122604600,35
2009, Dambovita,I  HOTELURI SI RESTAURANTE,64000000,-0.29670329670329670330,0.61016302793402612300,36
2009, Calarasi,I  HOTELURI SI RESTAURANTE,34000000,-0.33333333333333333333,0.32414910858995137800,37
2009, Bistrita-Nasaud,I  HOTELURI SI RESTAURANTE,104000000,-0.39181286549707602339,0.99151492039279244900,38
2009, Ialomita,I  HOTELURI SI RESTAURANTE,63000000,-0.58823529411764705882,0.60062923062255696400,39
2009, Bacau,J  INFORMATII SI COMUNICATII,241000000,0.27513227513227513228,0.74599145669535070900,1
2009, Ialomita,J  INFORMATII SI COMUNICATII,91000000,0.24657534246575342466,0.28168142140778802700,2
2009, Buzau,J  INFORMATII SI COMUNICATII,111000000,0.19354838709677419355,0.34358942611279638500,3
2009, Suceava,J  INFORMATII SI COMUNICATII,143000000,0.19166666666666666667,0.44264223364080975700,4
2009, Calarasi,J  INFORMATII SI COMUNICATII,60000000,0.17647058823529411765,0.18572401411502507300,5
2009, Brasov,J  INFORMATII SI COMUNICATII,616000000,0.15572232645403377111,1.90676654491425741300,6
2009, Botosani,J  INFORMATII SI COMUNICATII,75000000,0.15384615384615384615,0.23215501764378134100,7
2009, Dolj,J  INFORMATII SI COMUNICATII,320000000,0.15107913669064748201,0.99052807528013372100,8
2009, Galati,J  INFORMATII SI COMUNICATII,221000000,0.15104166666666666667,0.68408345199034235100,9
2009, Arad,J  INFORMATII SI COMUNICATII,146000000,0.14062500000000000000,0.45192843434656101000,10
2009, Giurgiu,J  INFORMATII SI COMUNICATII,43000000,0.13157894736842105263,0.13310221011576796900,11
2009, Vrancea,J  INFORMATII SI COMUNICATII,81000000,0.12500000000000000000,0.25072741905528384800,12
2009, Bistrita-Nasaud,J  INFORMATII SI COMUNICATII,55000000,0.10000000000000000000,0.17024701293877298300,13
2009, Salaj,J  INFORMATII SI COMUNICATII,45000000,0.09756097560975609756,0.13929301058626880500,14
2009, Valcea,J  INFORMATII SI COMUNICATII,127000000,0.09482758620689655172,0.39311582987680307100,15
2009, Alba,J  INFORMATII SI COMUNICATII,96000000,0.06666666666666666667,0.29715842258404011600,16
2009, Covasna,J  INFORMATII SI COMUNICATII,135000000,0.06299212598425196850,0.41787903175880641400,17
2009, Mehedinti,J  INFORMATII SI COMUNICATII,47000000,0.02173913043478260870,0.14548381105676964000,18
2009, Sibiu,J  INFORMATII SI COMUNICATII,244000000,0.02092050209205020921,0.75527765740110196200,19
2009, Vaslui,J  INFORMATII SI COMUNICATII,52000000,0.01960784313725490196,0.16096081223302173000,20
2009, Ilfov,J  INFORMATII SI COMUNICATII,1295000000,0.01888276947285601888,4.00854330464929115300,21
2009, Caras-Severin,J  INFORMATII SI COMUNICATII,61000000,0.000000000000000000000000,0.18881941435027549100,22
2009, Dambovita,J  INFORMATII SI COMUNICATII,80000000,-0.01234567901234567901,0.24763201882003343000,23
2009, Mures,J  INFORMATII SI COMUNICATII,227000000,-0.01731601731601731602,0.70265585340184485900,24
2009, Gorj,J  INFORMATII SI COMUNICATII,73000000,-0.02666666666666666667,0.22596421717328050500,25
2009, Braila,J  INFORMATII SI COMUNICATII,76000000,-0.05000000000000000000,0.23525041787903175900,26
2009, Constanta,J  INFORMATII SI COMUNICATII,337000000,-0.05602240896358543417,1.04314987927939082500,27
2009, Bihor,J  INFORMATII SI COMUNICATII,216000000,-0.05676855895196506550,0.66860645081409026200,28
2009, Tulcea,J  INFORMATII SI COMUNICATII,43000000,-0.06521739130434782609,0.13310221011576796900,29
2009, Prahova,J  INFORMATII SI COMUNICATII,1086000000,-0.06540447504302925990,3.36160465548195381700,30
2009, Hunedoara,J  INFORMATII SI COMUNICATII,98000000,-0.06666666666666666667,0.30334922305454095200,31
2009, Cluj,J  INFORMATII SI COMUNICATII,1141000000,-0.07536466774716369530,3.53185166842072680000,32
2009, Municipiul Bucuresti,J  INFORMATII SI COMUNICATII,22035000000,-0.09235078469333113647,68.20714418374295796400,33
2009, Harghita,J  INFORMATII SI COMUNICATII,93000000,-0.09708737864077669903,0.28787222187828886300,34
2009, Arges,J  INFORMATII SI COMUNICATII,182000000,-0.09900990099009900990,0.56336284281557605400,35
2009, Maramures,J  INFORMATII SI COMUNICATII,141000000,-0.10191082802547770701,0.43645143317030892100,36
2009, Neamt,J  INFORMATII SI COMUNICATII,141000000,-0.11320754716981132075,0.43645143317030892100,37
2009, Satu Mare,J  INFORMATII SI COMUNICATII,76000000,-0.12643678160919540230,0.23525041787903175900,38
2009, Iasi,J  INFORMATII SI COMUNICATII,529000000,-0.15495207667731629393,1.63746672444747105800,39
2009, Timis,J  INFORMATII SI COMUNICATII,1325000000,-0.21177870315288518739,4.10140531170680369000,40
2009, Olt,J  INFORMATII SI COMUNICATII,56000000,-0.28205128205128205128,0.17334241317402340100,41
2009, Teleorman,J  INFORMATII SI COMUNICATII,46000000,-0.29230769230769230769,0.14238841082151922200,42
2009, Vrancea,P  INVATAMANT,7000000,0.75000000000000000000,1.36718750000000000000,1
2009, Olt,P  INVATAMANT,5000000,0.66666666666666666667,0.97656250000000000000,2
2009, Satu Mare,P  INVATAMANT,5000000,0.66666666666666666667,0.97656250000000000000,2
2009, Buzau,P  INVATAMANT,3000000,0.50000000000000000000,0.58593750000000000000,3
2009, Ilfov,P  INVATAMANT,33000000,0.26923076923076923077,6.44531250000000000000,4
2009, Galati,P  INVATAMANT,10000000,0.11111111111111111111,1.95312500000000000000,5
2009, Caras-Severin,P  INVATAMANT,2000000,0.000000000000000000000000,0.39062500000000000000,6
2009, Bihor,P  INVATAMANT,5000000,0.000000000000000000000000,0.97656250000000000000,6
2009, Mehedinti,P  INVATAMANT,2000000,0.000000000000000000000000,0.39062500000000000000,6
2009, Valcea,P  INVATAMANT,5000000,0.000000000000000000000000,0.97656250000000000000,6
2009, Teleorman,P  INVATAMANT,2000000,0.000000000000000000000000,0.39062500000000000000,6
2009, Ialomita,P  INVATAMANT,1000000,0.000000000000000000000000,0.19531250000000000000,6
2009, Gorj,P  INVATAMANT,3000000,0.000000000000000000000000,0.58593750000000000000,6
2009, Arad,P  INVATAMANT,4000000,0.000000000000000000000000,0.78125000000000000000,6
2009, Hunedoara,P  INVATAMANT,3000000,0.000000000000000000000000,0.58593750000000000000,6
2009, Alba,P  INVATAMANT,5000000,0.000000000000000000000000,0.97656250000000000000,6
2009, Vaslui,P  INVATAMANT,2000000,0.000000000000000000000000,0.39062500000000000000,6
2009, Dolj,P  INVATAMANT,6000000,0.000000000000000000000000,1.17187500000000000000,6
2009, Braila,P  INVATAMANT,3000000,0.000000000000000000000000,0.58593750000000000000,6
2009, Calarasi,P  INVATAMANT,3000000,0.000000000000000000000000,0.58593750000000000000,6
2009, Botosani,P  INVATAMANT,1000000,0.000000000000000000000000,0.19531250000000000000,6
2009, Maramures,P  INVATAMANT,3000000,0.000000000000000000000000,0.58593750000000000000,6
2009, Constanta,P  INVATAMANT,21000000,-0.04545454545454545455,4.10156250000000000000,7
2009, Brasov,P  INVATAMANT,16000000,-0.05882352941176470588,3.12500000000000000000,8
2009, Timis,P  INVATAMANT,16000000,-0.05882352941176470588,3.12500000000000000000,8
2009, Cluj,P  INVATAMANT,16000000,-0.11111111111111111111,3.12500000000000000000,9
2009, Neamt,P  INVATAMANT,8000000,-0.11111111111111111111,1.56250000000000000000,9
2009, Arges,P  INVATAMANT,7000000,-0.12500000000000000000,1.36718750000000000000,10
2009, Iasi,P  INVATAMANT,13000000,-0.13333333333333333333,2.53906250000000000000,11
2009, Dambovita,P  INVATAMANT,6000000,-0.14285714285714285714,1.17187500000000000000,12
2009, Harghita,P  INVATAMANT,21000000,-0.16000000000000000000,4.10156250000000000000,13
2009, Municipiul Bucuresti,P  INVATAMANT,215000000,-0.19776119402985074627,41.99218750000000000000,14
2009, Covasna,P  INVATAMANT,4000000,-0.20000000000000000000,0.78125000000000000000,15
2009, Prahova,P  INVATAMANT,19000000,-0.24000000000000000000,3.71093750000000000000,16
2009, Mures,P  INVATAMANT,5000000,-0.28571428571428571429,0.97656250000000000000,17
2009, Bistrita-Nasaud,P  INVATAMANT,2000000,-0.33333333333333333333,0.39062500000000000000,18
2009, Tulcea,P  INVATAMANT,2000000,-0.33333333333333333333,0.39062500000000000000,18
2009, Sibiu,P  INVATAMANT,6000000,-0.33333333333333333333,1.17187500000000000000,18
2009, Bacau,P  INVATAMANT,15000000,-0.48275862068965517241,2.92968750000000000000,19
2009, Salaj,P  INVATAMANT,2000000,-0.50000000000000000000,0.39062500000000000000,20
2009, Giurgiu,P  INVATAMANT,1000000,-0.50000000000000000000,0.19531250000000000000,20
2009, Suceava,P  INVATAMANT,4000000,-0.60000000000000000000,0.78125000000000000000,21
2009, Ilfov,Q  SANATATE SI ASISTENTA SOCIALA,24000000,0.33333333333333333333,0.84925690021231422500,1
2009, Municipiul Bucuresti,Q  SANATATE SI ASISTENTA SOCIALA,1266000000,0.27620967741935483871,44.79830148619957537200,2
2009, Bihor,Q  SANATATE SI ASISTENTA SOCIALA,66000000,0.24528301886792452830,2.33545647558386411900,3
2009, Timis,Q  SANATATE SI ASISTENTA SOCIALA,152000000,0.23577235772357723577,5.37862703467799009200,4
2009, Braila,Q  SANATATE SI ASISTENTA SOCIALA,24000000,0.14285714285714285714,0.84925690021231422500,5
2009, Cluj,Q  SANATATE SI ASISTENTA SOCIALA,139000000,0.10317460317460317460,4.91861288039631988700,6
2009, Bistrita-Nasaud,Q  SANATATE SI ASISTENTA SOCIALA,11000000,0.10000000000000000000,0.38924274593064402000,7
2009, Iasi,Q  SANATATE SI ASISTENTA SOCIALA,72000000,0.09090909090909090909,2.54777070063694267500,8
2009, Vrancea,Q  SANATATE SI ASISTENTA SOCIALA,28000000,0.07692307692307692308,0.99079971691436659600,9
2009, Dolj,Q  SANATATE SI ASISTENTA SOCIALA,86000000,0.03614457831325301205,3.04317055909412597300,10
2009, Galati,Q  SANATATE SI ASISTENTA SOCIALA,34000000,0.03030303030303030303,1.20311394196744515200,11
2009, Brasov,Q  SANATATE SI ASISTENTA SOCIALA,114000000,0.02702702702702702703,4.03397027600849256900,12
2009, Constanta,Q  SANATATE SI ASISTENTA SOCIALA,92000000,0.01098901098901098901,3.25548478414720452900,13
2009, Mures,Q  SANATATE SI ASISTENTA SOCIALA,50000000,0.000000000000000000000000,1.76928520877565463600,14
2009, Valcea,Q  SANATATE SI ASISTENTA SOCIALA,18000000,0.000000000000000000000000,0.63694267515923566900,14
2009, Calarasi,Q  SANATATE SI ASISTENTA SOCIALA,7000000,0.000000000000000000000000,0.24769992922859164900,14
2009, Covasna,Q  SANATATE SI ASISTENTA SOCIALA,6000000,0.000000000000000000000000,0.21231422505307855600,14
2009, Sibiu,Q  SANATATE SI ASISTENTA SOCIALA,64000000,-0.01538461538461538462,2.26468506723283793300,15
2009, Buzau,Q  SANATATE SI ASISTENTA SOCIALA,43000000,-0.02272727272727272727,1.52158527954706298700,16
2009, Bacau,Q  SANATATE SI ASISTENTA SOCIALA,70000000,-0.05405405405405405405,2.47699929228591649000,17
2009, Teleorman,Q  SANATATE SI ASISTENTA SOCIALA,17000000,-0.05555555555555555556,0.60155697098372257600,18
2009, Arges,Q  SANATATE SI ASISTENTA SOCIALA,48000000,-0.05882352941176470588,1.69851380042462845000,19
2009, Prahova,Q  SANATATE SI ASISTENTA SOCIALA,72000000,-0.06493506493506493506,2.54777070063694267500,20
2009, Hunedoara,Q  SANATATE SI ASISTENTA SOCIALA,24000000,-0.07692307692307692308,0.84925690021231422500,21
2009, Mehedinti,Q  SANATATE SI ASISTENTA SOCIALA,10000000,-0.09090909090909090909,0.35385704175513092700,22
2009, Olt,Q  SANATATE SI ASISTENTA SOCIALA,19000000,-0.09523809523809523810,0.67232837933474876200,23
2009, Vaslui,Q  SANATATE SI ASISTENTA SOCIALA,17000000,-0.10526315789473684211,0.60155697098372257600,24
2009, Dambovita,Q  SANATATE SI ASISTENTA SOCIALA,17000000,-0.10526315789473684211,0.60155697098372257600,24
2009, Arad,Q  SANATATE SI ASISTENTA SOCIALA,58000000,-0.13432835820895522388,2.05237084217975937700,25
2009, Gorj,Q  SANATATE SI ASISTENTA SOCIALA,25000000,-0.13793103448275862069,0.88464260438782731800,26
2009, Satu Mare,Q  SANATATE SI ASISTENTA SOCIALA,12000000,-0.14285714285714285714,0.42462845010615711300,27
2009, Maramures,Q  SANATATE SI ASISTENTA SOCIALA,16000000,-0.15789473684210526316,0.56617126680820948300,28
2009, Salaj,Q  SANATATE SI ASISTENTA SOCIALA,15000000,-0.16666666666666666667,0.53078556263269639100,29
2009, Suceava,Q  SANATATE SI ASISTENTA SOCIALA,28000000,-0.17647058823529411765,0.99079971691436659600,30
2009, Alba,Q  SANATATE SI ASISTENTA SOCIALA,16000000,-0.20000000000000000000,0.56617126680820948300,31
2009, Giurgiu,Q  SANATATE SI ASISTENTA SOCIALA,3000000,-0.25000000000000000000,0.10615711252653927800,32
2009, Tulcea,Q  SANATATE SI ASISTENTA SOCIALA,15000000,-0.25000000000000000000,0.53078556263269639100,32
