CAEN Rev.2  (activitati ale economiei nationale), Clase de marime, Macroregiuni  regiuni de dezvoltare si judete, Ani, UM: Miliarde lei  lei RON  mii lei RON milioane lei RON (incepand cu 2005), Valoare
B  INDUSTRIA EXTRACTIVA, Total, Bihor, Anul 2008, Milioane lei RON, 240
B  INDUSTRIA EXTRACTIVA, Total, Bihor, Anul 2009, Milioane lei RON, 143
B  INDUSTRIA EXTRACTIVA, Total, Bihor, Anul 2010, Milioane lei RON, 147
B  INDUSTRIA EXTRACTIVA, Total, Bihor, Anul 2011, Milioane lei RON, 155
B  INDUSTRIA EXTRACTIVA, Total, Bihor, Anul 2012, Milioane lei RON, 371
B  INDUSTRIA EXTRACTIVA, Total, Bihor, Anul 2013, Milioane lei RON, 220
B  INDUSTRIA EXTRACTIVA, Total, Bihor, Anul 2014, Milioane lei RON, 238
B  INDUSTRIA EXTRACTIVA, Total, Bihor, Anul 2015, Milioane lei RON, 187
B  INDUSTRIA EXTRACTIVA, Total, Bihor, Anul 2016, Milioane lei RON, 177
B  INDUSTRIA EXTRACTIVA, Total, Bihor, Anul 2017, Milioane lei RON, 229
B  INDUSTRIA EXTRACTIVA, Total, Bihor, Anul 2018, Milioane lei RON, 246
B  INDUSTRIA EXTRACTIVA, Total, Bihor, Anul 2019, Milioane lei RON, 268
B  INDUSTRIA EXTRACTIVA, Total, Bihor, Anul 2020, Milioane lei RON, 321
B  INDUSTRIA EXTRACTIVA, Total, Bihor, Anul 2021, Milioane lei RON, 283
B  INDUSTRIA EXTRACTIVA, Total, Bihor, Anul 2022, Milioane lei RON, 383
B  INDUSTRIA EXTRACTIVA, Total, Bihor, Anul 2023, Milioane lei RON, 246
B  INDUSTRIA EXTRACTIVA, Total, Bihor, Anul 2024, Milioane lei RON, 362
B  INDUSTRIA EXTRACTIVA, Total, Bistrita-Nasaud, Anul 2008, Milioane lei RON, 21
B  INDUSTRIA EXTRACTIVA, Total, Bistrita-Nasaud, Anul 2009, Milioane lei RON, 12
B  INDUSTRIA EXTRACTIVA, Total, Bistrita-Nasaud, Anul 2010, Milioane lei RON, 11
B  INDUSTRIA EXTRACTIVA, Total, Bistrita-Nasaud, Anul 2011, Milioane lei RON, 22
B  INDUSTRIA EXTRACTIVA, Total, Bistrita-Nasaud, Anul 2012, Milioane lei RON, 25
B  INDUSTRIA EXTRACTIVA, Total, Bistrita-Nasaud, Anul 2013, Milioane lei RON, 26
B  INDUSTRIA EXTRACTIVA, Total, Bistrita-Nasaud, Anul 2014, Milioane lei RON, 34
B  INDUSTRIA EXTRACTIVA, Total, Bistrita-Nasaud, Anul 2015, Milioane lei RON, 51
B  INDUSTRIA EXTRACTIVA, Total, Bistrita-Nasaud, Anul 2016, Milioane lei RON, 25
B  INDUSTRIA EXTRACTIVA, Total, Bistrita-Nasaud, Anul 2017, Milioane lei RON, 29
B  INDUSTRIA EXTRACTIVA, Total, Bistrita-Nasaud, Anul 2018, Milioane lei RON, 32
B  INDUSTRIA EXTRACTIVA, Total, Bistrita-Nasaud, Anul 2019, Milioane lei RON, 42
B  INDUSTRIA EXTRACTIVA, Total, Bistrita-Nasaud, Anul 2020, Milioane lei RON, 51
B  INDUSTRIA EXTRACTIVA, Total, Bistrita-Nasaud, Anul 2021, Milioane lei RON, 58
B  INDUSTRIA EXTRACTIVA, Total, Bistrita-Nasaud, Anul 2022, Milioane lei RON, 81
B  INDUSTRIA EXTRACTIVA, Total, Bistrita-Nasaud, Anul 2023, Milioane lei RON, 95
B  INDUSTRIA EXTRACTIVA, Total, Bistrita-Nasaud, Anul 2024, Milioane lei RON, 97
B  INDUSTRIA EXTRACTIVA, Total, Cluj, Anul 2008, Milioane lei RON, 237
B  INDUSTRIA EXTRACTIVA, Total, Cluj, Anul 2009, Milioane lei RON, 307
B  INDUSTRIA EXTRACTIVA, Total, Cluj, Anul 2010, Milioane lei RON, 220
B  INDUSTRIA EXTRACTIVA, Total, Cluj, Anul 2011, Milioane lei RON, 228
B  INDUSTRIA EXTRACTIVA, Total, Cluj, Anul 2012, Milioane lei RON, 355
B  INDUSTRIA EXTRACTIVA, Total, Cluj, Anul 2013, Milioane lei RON, 344
B  INDUSTRIA EXTRACTIVA, Total, Cluj, Anul 2014, Milioane lei RON, 269
B  INDUSTRIA EXTRACTIVA, Total, Cluj, Anul 2015, Milioane lei RON, 367
B  INDUSTRIA EXTRACTIVA, Total, Cluj, Anul 2016, Milioane lei RON, 331
B  INDUSTRIA EXTRACTIVA, Total, Cluj, Anul 2017, Milioane lei RON, 211
B  INDUSTRIA EXTRACTIVA, Total, Cluj, Anul 2018, Milioane lei RON, 227
B  INDUSTRIA EXTRACTIVA, Total, Cluj, Anul 2019, Milioane lei RON, 562
B  INDUSTRIA EXTRACTIVA, Total, Cluj, Anul 2020, Milioane lei RON, 493
B  INDUSTRIA EXTRACTIVA, Total, Cluj, Anul 2021, Milioane lei RON, 457
B  INDUSTRIA EXTRACTIVA, Total, Cluj, Anul 2022, Milioane lei RON, 928
B  INDUSTRIA EXTRACTIVA, Total, Cluj, Anul 2023, Milioane lei RON, 455
B  INDUSTRIA EXTRACTIVA, Total, Cluj, Anul 2024, Milioane lei RON, 591
B  INDUSTRIA EXTRACTIVA, Total, Maramures, Anul 2008, Milioane lei RON, 40
B  INDUSTRIA EXTRACTIVA, Total, Maramures, Anul 2009, Milioane lei RON, 55
B  INDUSTRIA EXTRACTIVA, Total, Maramures, Anul 2010, Milioane lei RON, 33
B  INDUSTRIA EXTRACTIVA, Total, Maramures, Anul 2011, Milioane lei RON, 43
B  INDUSTRIA EXTRACTIVA, Total, Maramures, Anul 2012, Milioane lei RON, 63
B  INDUSTRIA EXTRACTIVA, Total, Maramures, Anul 2013, Milioane lei RON, 80
B  INDUSTRIA EXTRACTIVA, Total, Maramures, Anul 2014, Milioane lei RON, 103
B  INDUSTRIA EXTRACTIVA, Total, Maramures, Anul 2015, Milioane lei RON, 101
B  INDUSTRIA EXTRACTIVA, Total, Maramures, Anul 2016, Milioane lei RON, 75
B  INDUSTRIA EXTRACTIVA, Total, Maramures, Anul 2017, Milioane lei RON, 60
B  INDUSTRIA EXTRACTIVA, Total, Maramures, Anul 2018, Milioane lei RON, 73
B  INDUSTRIA EXTRACTIVA, Total, Maramures, Anul 2019, Milioane lei RON, 83
B  INDUSTRIA EXTRACTIVA, Total, Maramures, Anul 2020, Milioane lei RON, 101
B  INDUSTRIA EXTRACTIVA, Total, Maramures, Anul 2021, Milioane lei RON, 108
B  INDUSTRIA EXTRACTIVA, Total, Maramures, Anul 2022, Milioane lei RON, 130
B  INDUSTRIA EXTRACTIVA, Total, Maramures, Anul 2023, Milioane lei RON, 150
B  INDUSTRIA EXTRACTIVA, Total, Maramures, Anul 2024, Milioane lei RON, 140
B  INDUSTRIA EXTRACTIVA, Total, Satu Mare, Anul 2008, Milioane lei RON, 15
B  INDUSTRIA EXTRACTIVA, Total, Satu Mare, Anul 2009, Milioane lei RON, 8
B  INDUSTRIA EXTRACTIVA, Total, Satu Mare, Anul 2010, Milioane lei RON, 31
B  INDUSTRIA EXTRACTIVA, Total, Satu Mare, Anul 2011, Milioane lei RON, 12
B  INDUSTRIA EXTRACTIVA, Total, Satu Mare, Anul 2012, Milioane lei RON, 17
B  INDUSTRIA EXTRACTIVA, Total, Satu Mare, Anul 2013, Milioane lei RON, 11
B  INDUSTRIA EXTRACTIVA, Total, Satu Mare, Anul 2014, Milioane lei RON, 10
B  INDUSTRIA EXTRACTIVA, Total, Satu Mare, Anul 2015, Milioane lei RON, 11
B  INDUSTRIA EXTRACTIVA, Total, Satu Mare, Anul 2016, Milioane lei RON, 19
B  INDUSTRIA EXTRACTIVA, Total, Satu Mare, Anul 2017, Milioane lei RON, 22
B  INDUSTRIA EXTRACTIVA, Total, Satu Mare, Anul 2018, Milioane lei RON, 17
B  INDUSTRIA EXTRACTIVA, Total, Satu Mare, Anul 2019, Milioane lei RON, 18
B  INDUSTRIA EXTRACTIVA, Total, Satu Mare, Anul 2020, Milioane lei RON, 96
B  INDUSTRIA EXTRACTIVA, Total, Satu Mare, Anul 2021, Milioane lei RON, 143
B  INDUSTRIA EXTRACTIVA, Total, Satu Mare, Anul 2022, Milioane lei RON, 37
B  INDUSTRIA EXTRACTIVA, Total, Satu Mare, Anul 2023, Milioane lei RON, 65
B  INDUSTRIA EXTRACTIVA, Total, Satu Mare, Anul 2024, Milioane lei RON, 71
B  INDUSTRIA EXTRACTIVA, Total, Salaj, Anul 2008, Milioane lei RON, 15
B  INDUSTRIA EXTRACTIVA, Total, Salaj, Anul 2009, Milioane lei RON, 34
B  INDUSTRIA EXTRACTIVA, Total, Salaj, Anul 2010, Milioane lei RON, 8
B  INDUSTRIA EXTRACTIVA, Total, Salaj, Anul 2011, Milioane lei RON, 13
B  INDUSTRIA EXTRACTIVA, Total, Salaj, Anul 2012, Milioane lei RON, 30
B  INDUSTRIA EXTRACTIVA, Total, Salaj, Anul 2013, Milioane lei RON, 9
B  INDUSTRIA EXTRACTIVA, Total, Salaj, Anul 2014, Milioane lei RON, 15
B  INDUSTRIA EXTRACTIVA, Total, Salaj, Anul 2015, Milioane lei RON, 14
B  INDUSTRIA EXTRACTIVA, Total, Salaj, Anul 2016, Milioane lei RON, 15
B  INDUSTRIA EXTRACTIVA, Total, Salaj, Anul 2017, Milioane lei RON, 20
B  INDUSTRIA EXTRACTIVA, Total, Salaj, Anul 2018, Milioane lei RON, 18
B  INDUSTRIA EXTRACTIVA, Total, Salaj, Anul 2019, Milioane lei RON, 43
B  INDUSTRIA EXTRACTIVA, Total, Salaj, Anul 2020, Milioane lei RON, 60
B  INDUSTRIA EXTRACTIVA, Total, Salaj, Anul 2021, Milioane lei RON, 68
B  INDUSTRIA EXTRACTIVA, Total, Salaj, Anul 2022, Milioane lei RON, 54
B  INDUSTRIA EXTRACTIVA, Total, Salaj, Anul 2023, Milioane lei RON, 44
B  INDUSTRIA EXTRACTIVA, Total, Salaj, Anul 2024, Milioane lei RON, 44
B  INDUSTRIA EXTRACTIVA, Total, Alba, Anul 2008, Milioane lei RON, 74
B  INDUSTRIA EXTRACTIVA, Total, Alba, Anul 2009, Milioane lei RON, 63
B  INDUSTRIA EXTRACTIVA, Total, Alba, Anul 2010, Milioane lei RON, 133
B  INDUSTRIA EXTRACTIVA, Total, Alba, Anul 2011, Milioane lei RON, 187
B  INDUSTRIA EXTRACTIVA, Total, Alba, Anul 2012, Milioane lei RON, 203
B  INDUSTRIA EXTRACTIVA, Total, Alba, Anul 2013, Milioane lei RON, 207
B  INDUSTRIA EXTRACTIVA, Total, Alba, Anul 2014, Milioane lei RON, 191
B  INDUSTRIA EXTRACTIVA, Total, Alba, Anul 2015, Milioane lei RON, 195
B  INDUSTRIA EXTRACTIVA, Total, Alba, Anul 2016, Milioane lei RON, 170
B  INDUSTRIA EXTRACTIVA, Total, Alba, Anul 2017, Milioane lei RON, 218
B  INDUSTRIA EXTRACTIVA, Total, Alba, Anul 2018, Milioane lei RON, 275
B  INDUSTRIA EXTRACTIVA, Total, Alba, Anul 2019, Milioane lei RON, 336
B  INDUSTRIA EXTRACTIVA, Total, Alba, Anul 2020, Milioane lei RON, 341
B  INDUSTRIA EXTRACTIVA, Total, Alba, Anul 2021, Milioane lei RON, 415
B  INDUSTRIA EXTRACTIVA, Total, Alba, Anul 2022, Milioane lei RON, 557
B  INDUSTRIA EXTRACTIVA, Total, Alba, Anul 2023, Milioane lei RON, 470
B  INDUSTRIA EXTRACTIVA, Total, Alba, Anul 2024, Milioane lei RON, 554
B  INDUSTRIA EXTRACTIVA, Total, Brasov, Anul 2008, Milioane lei RON, 64
B  INDUSTRIA EXTRACTIVA, Total, Brasov, Anul 2009, Milioane lei RON, 66
B  INDUSTRIA EXTRACTIVA, Total, Brasov, Anul 2010, Milioane lei RON, 48
B  INDUSTRIA EXTRACTIVA, Total, Brasov, Anul 2011, Milioane lei RON, 63
B  INDUSTRIA EXTRACTIVA, Total, Brasov, Anul 2012, Milioane lei RON, 47
B  INDUSTRIA EXTRACTIVA, Total, Brasov, Anul 2013, Milioane lei RON, 40
B  INDUSTRIA EXTRACTIVA, Total, Brasov, Anul 2014, Milioane lei RON, 37
B  INDUSTRIA EXTRACTIVA, Total, Brasov, Anul 2015, Milioane lei RON, 45
B  INDUSTRIA EXTRACTIVA, Total, Brasov, Anul 2016, Milioane lei RON, 49
B  INDUSTRIA EXTRACTIVA, Total, Brasov, Anul 2017, Milioane lei RON, 45
B  INDUSTRIA EXTRACTIVA, Total, Brasov, Anul 2018, Milioane lei RON, 49
B  INDUSTRIA EXTRACTIVA, Total, Brasov, Anul 2019, Milioane lei RON, 34
B  INDUSTRIA EXTRACTIVA, Total, Brasov, Anul 2020, Milioane lei RON, 51
B  INDUSTRIA EXTRACTIVA, Total, Brasov, Anul 2021, Milioane lei RON, 38
B  INDUSTRIA EXTRACTIVA, Total, Brasov, Anul 2022, Milioane lei RON, 45
B  INDUSTRIA EXTRACTIVA, Total, Brasov, Anul 2023, Milioane lei RON, 61
B  INDUSTRIA EXTRACTIVA, Total, Brasov, Anul 2024, Milioane lei RON, 80
B  INDUSTRIA EXTRACTIVA, Total, Covasna, Anul 2008, Milioane lei RON, 63
B  INDUSTRIA EXTRACTIVA, Total, Covasna, Anul 2009, Milioane lei RON, 29
B  INDUSTRIA EXTRACTIVA, Total, Covasna, Anul 2010, Milioane lei RON, 21
B  INDUSTRIA EXTRACTIVA, Total, Covasna, Anul 2011, Milioane lei RON, 34
B  INDUSTRIA EXTRACTIVA, Total, Covasna, Anul 2012, Milioane lei RON, 40
B  INDUSTRIA EXTRACTIVA, Total, Covasna, Anul 2013, Milioane lei RON, 38
B  INDUSTRIA EXTRACTIVA, Total, Covasna, Anul 2014, Milioane lei RON, 47
B  INDUSTRIA EXTRACTIVA, Total, Covasna, Anul 2015, Milioane lei RON, 53
B  INDUSTRIA EXTRACTIVA, Total, Covasna, Anul 2016, Milioane lei RON, 45
B  INDUSTRIA EXTRACTIVA, Total, Covasna, Anul 2017, Milioane lei RON, 45
B  INDUSTRIA EXTRACTIVA, Total, Covasna, Anul 2018, Milioane lei RON, 54
B  INDUSTRIA EXTRACTIVA, Total, Covasna, Anul 2019, Milioane lei RON, 68
B  INDUSTRIA EXTRACTIVA, Total, Covasna, Anul 2020, Milioane lei RON, 84
B  INDUSTRIA EXTRACTIVA, Total, Covasna, Anul 2021, Milioane lei RON, 88
B  INDUSTRIA EXTRACTIVA, Total, Covasna, Anul 2022, Milioane lei RON, 102
B  INDUSTRIA EXTRACTIVA, Total, Covasna, Anul 2023, Milioane lei RON, 96
B  INDUSTRIA EXTRACTIVA, Total, Covasna, Anul 2024, Milioane lei RON, 297
B  INDUSTRIA EXTRACTIVA, Total, Harghita, Anul 2008, Milioane lei RON, 76
B  INDUSTRIA EXTRACTIVA, Total, Harghita, Anul 2009, Milioane lei RON, 54
B  INDUSTRIA EXTRACTIVA, Total, Harghita, Anul 2010, Milioane lei RON, 76
B  INDUSTRIA EXTRACTIVA, Total, Harghita, Anul 2011, Milioane lei RON, 70
B  INDUSTRIA EXTRACTIVA, Total, Harghita, Anul 2012, Milioane lei RON, 93
B  INDUSTRIA EXTRACTIVA, Total, Harghita, Anul 2013, Milioane lei RON, 81
B  INDUSTRIA EXTRACTIVA, Total, Harghita, Anul 2014, Milioane lei RON, 70
B  INDUSTRIA EXTRACTIVA, Total, Harghita, Anul 2015, Milioane lei RON, 76
B  INDUSTRIA EXTRACTIVA, Total, Harghita, Anul 2016, Milioane lei RON, 55
B  INDUSTRIA EXTRACTIVA, Total, Harghita, Anul 2017, Milioane lei RON, 87
B  INDUSTRIA EXTRACTIVA, Total, Harghita, Anul 2018, Milioane lei RON, 102
B  INDUSTRIA EXTRACTIVA, Total, Harghita, Anul 2019, Milioane lei RON, 117
B  INDUSTRIA EXTRACTIVA, Total, Harghita, Anul 2020, Milioane lei RON, 134
B  INDUSTRIA EXTRACTIVA, Total, Harghita, Anul 2021, Milioane lei RON, 155
B  INDUSTRIA EXTRACTIVA, Total, Harghita, Anul 2022, Milioane lei RON, 179
B  INDUSTRIA EXTRACTIVA, Total, Harghita, Anul 2023, Milioane lei RON, 182
B  INDUSTRIA EXTRACTIVA, Total, Harghita, Anul 2024, Milioane lei RON, 191
B  INDUSTRIA EXTRACTIVA, Total, Mures, Anul 2008, Milioane lei RON, 1388
B  INDUSTRIA EXTRACTIVA, Total, Mures, Anul 2009, Milioane lei RON, 1415
B  INDUSTRIA EXTRACTIVA, Total, Mures, Anul 2010, Milioane lei RON, 1390
B  INDUSTRIA EXTRACTIVA, Total, Mures, Anul 2011, Milioane lei RON, 1366
B  INDUSTRIA EXTRACTIVA, Total, Mures, Anul 2012, Milioane lei RON, 1352
B  INDUSTRIA EXTRACTIVA, Total, Mures, Anul 2013, Milioane lei RON, 1529
B  INDUSTRIA EXTRACTIVA, Total, Mures, Anul 2014, Milioane lei RON, 2069
B  INDUSTRIA EXTRACTIVA, Total, Mures, Anul 2015, Milioane lei RON, 1432
B  INDUSTRIA EXTRACTIVA, Total, Mures, Anul 2016, Milioane lei RON, 1134
B  INDUSTRIA EXTRACTIVA, Total, Mures, Anul 2017, Milioane lei RON, 1414
B  INDUSTRIA EXTRACTIVA, Total, Mures, Anul 2018, Milioane lei RON, 133
B  INDUSTRIA EXTRACTIVA, Total, Mures, Anul 2019, Milioane lei RON, 2195
B  INDUSTRIA EXTRACTIVA, Total, Mures, Anul 2020, Milioane lei RON, 1762
B  INDUSTRIA EXTRACTIVA, Total, Mures, Anul 2021, Milioane lei RON, 2369
B  INDUSTRIA EXTRACTIVA, Total, Mures, Anul 2022, Milioane lei RON, 5285
B  INDUSTRIA EXTRACTIVA, Total, Mures, Anul 2023, Milioane lei RON, 192
B  INDUSTRIA EXTRACTIVA, Total, Mures, Anul 2024, Milioane lei RON, 2876
B  INDUSTRIA EXTRACTIVA, Total, Sibiu, Anul 2008, Milioane lei RON, 1993
B  INDUSTRIA EXTRACTIVA, Total, Sibiu, Anul 2009, Milioane lei RON, 1840
B  INDUSTRIA EXTRACTIVA, Total, Sibiu, Anul 2010, Milioane lei RON, 2236
B  INDUSTRIA EXTRACTIVA, Total, Sibiu, Anul 2011, Milioane lei RON, 2775
B  INDUSTRIA EXTRACTIVA, Total, Sibiu, Anul 2012, Milioane lei RON, 2563
B  INDUSTRIA EXTRACTIVA, Total, Sibiu, Anul 2013, Milioane lei RON, 2093
B  INDUSTRIA EXTRACTIVA, Total, Sibiu, Anul 2014, Milioane lei RON, 2143
B  INDUSTRIA EXTRACTIVA, Total, Sibiu, Anul 2015, Milioane lei RON, 2114
B  INDUSTRIA EXTRACTIVA, Total, Sibiu, Anul 2016, Milioane lei RON, 1657
B  INDUSTRIA EXTRACTIVA, Total, Sibiu, Anul 2017, Milioane lei RON, 2276
B  INDUSTRIA EXTRACTIVA, Total, Sibiu, Anul 2018, Milioane lei RON, 4684
B  INDUSTRIA EXTRACTIVA, Total, Sibiu, Anul 2019, Milioane lei RON, 2693
B  INDUSTRIA EXTRACTIVA, Total, Sibiu, Anul 2020, Milioane lei RON, 2094
B  INDUSTRIA EXTRACTIVA, Total, Sibiu, Anul 2021, Milioane lei RON, 3291
B  INDUSTRIA EXTRACTIVA, Total, Sibiu, Anul 2022, Milioane lei RON, 6673
B  INDUSTRIA EXTRACTIVA, Total, Sibiu, Anul 2023, Milioane lei RON, 8283
B  INDUSTRIA EXTRACTIVA, Total, Sibiu, Anul 2024, Milioane lei RON, 4099
B  INDUSTRIA EXTRACTIVA, Total, Bacau, Anul 2008, Milioane lei RON, 523
B  INDUSTRIA EXTRACTIVA, Total, Bacau, Anul 2009, Milioane lei RON, 94
B  INDUSTRIA EXTRACTIVA, Total, Bacau, Anul 2010, Milioane lei RON, 116
B  INDUSTRIA EXTRACTIVA, Total, Bacau, Anul 2011, Milioane lei RON, 88
B  INDUSTRIA EXTRACTIVA, Total, Bacau, Anul 2012, Milioane lei RON, 534
B  INDUSTRIA EXTRACTIVA, Total, Bacau, Anul 2013, Milioane lei RON, 115
B  INDUSTRIA EXTRACTIVA, Total, Bacau, Anul 2014, Milioane lei RON, 104
B  INDUSTRIA EXTRACTIVA, Total, Bacau, Anul 2015, Milioane lei RON, 59
B  INDUSTRIA EXTRACTIVA, Total, Bacau, Anul 2016, Milioane lei RON, 69
B  INDUSTRIA EXTRACTIVA, Total, Bacau, Anul 2017, Milioane lei RON, 31
B  INDUSTRIA EXTRACTIVA, Total, Bacau, Anul 2018, Milioane lei RON, 28
B  INDUSTRIA EXTRACTIVA, Total, Bacau, Anul 2019, Milioane lei RON, 42
B  INDUSTRIA EXTRACTIVA, Total, Bacau, Anul 2020, Milioane lei RON, 200
B  INDUSTRIA EXTRACTIVA, Total, Bacau, Anul 2021, Milioane lei RON, 331
B  INDUSTRIA EXTRACTIVA, Total, Bacau, Anul 2022, Milioane lei RON, 555
B  INDUSTRIA EXTRACTIVA, Total, Bacau, Anul 2023, Milioane lei RON, 379
B  INDUSTRIA EXTRACTIVA, Total, Bacau, Anul 2024, Milioane lei RON, 161
B  INDUSTRIA EXTRACTIVA, Total, Botosani, Anul 2008, Milioane lei RON, 12
B  INDUSTRIA EXTRACTIVA, Total, Botosani, Anul 2009, Milioane lei RON, 19
B  INDUSTRIA EXTRACTIVA, Total, Botosani, Anul 2010, Milioane lei RON, 9
B  INDUSTRIA EXTRACTIVA, Total, Botosani, Anul 2011, Milioane lei RON, 12
B  INDUSTRIA EXTRACTIVA, Total, Botosani, Anul 2012, Milioane lei RON, 16
B  INDUSTRIA EXTRACTIVA, Total, Botosani, Anul 2013, Milioane lei RON, 21
B  INDUSTRIA EXTRACTIVA, Total, Botosani, Anul 2014, Milioane lei RON, 28
B  INDUSTRIA EXTRACTIVA, Total, Botosani, Anul 2015, Milioane lei RON, 32
B  INDUSTRIA EXTRACTIVA, Total, Botosani, Anul 2016, Milioane lei RON, 37
B  INDUSTRIA EXTRACTIVA, Total, Botosani, Anul 2017, Milioane lei RON, 34
B  INDUSTRIA EXTRACTIVA, Total, Botosani, Anul 2018, Milioane lei RON, 39
B  INDUSTRIA EXTRACTIVA, Total, Botosani, Anul 2019, Milioane lei RON, 59
B  INDUSTRIA EXTRACTIVA, Total, Botosani, Anul 2020, Milioane lei RON, 80
B  INDUSTRIA EXTRACTIVA, Total, Botosani, Anul 2021, Milioane lei RON, 89
B  INDUSTRIA EXTRACTIVA, Total, Botosani, Anul 2022, Milioane lei RON, 112
B  INDUSTRIA EXTRACTIVA, Total, Botosani, Anul 2023, Milioane lei RON, 155
B  INDUSTRIA EXTRACTIVA, Total, Botosani, Anul 2024, Milioane lei RON, 210
B  INDUSTRIA EXTRACTIVA, Total, Iasi, Anul 2008, Milioane lei RON, 22
B  INDUSTRIA EXTRACTIVA, Total, Iasi, Anul 2009, Milioane lei RON, 50
B  INDUSTRIA EXTRACTIVA, Total, Iasi, Anul 2010, Milioane lei RON, 34
B  INDUSTRIA EXTRACTIVA, Total, Iasi, Anul 2011, Milioane lei RON, 32
B  INDUSTRIA EXTRACTIVA, Total, Iasi, Anul 2012, Milioane lei RON, 38
B  INDUSTRIA EXTRACTIVA, Total, Iasi, Anul 2013, Milioane lei RON, 28
B  INDUSTRIA EXTRACTIVA, Total, Iasi, Anul 2014, Milioane lei RON, 22
B  INDUSTRIA EXTRACTIVA, Total, Iasi, Anul 2015, Milioane lei RON, 26
B  INDUSTRIA EXTRACTIVA, Total, Iasi, Anul 2016, Milioane lei RON, 9
B  INDUSTRIA EXTRACTIVA, Total, Iasi, Anul 2017, Milioane lei RON, 23
B  INDUSTRIA EXTRACTIVA, Total, Iasi, Anul 2018, Milioane lei RON, 44
B  INDUSTRIA EXTRACTIVA, Total, Iasi, Anul 2019, Milioane lei RON, 519
B  INDUSTRIA EXTRACTIVA, Total, Iasi, Anul 2020, Milioane lei RON, 204
B  INDUSTRIA EXTRACTIVA, Total, Iasi, Anul 2021, Milioane lei RON, 181
B  INDUSTRIA EXTRACTIVA, Total, Iasi, Anul 2022, Milioane lei RON, 321
B  INDUSTRIA EXTRACTIVA, Total, Iasi, Anul 2023, Milioane lei RON, 53
B  INDUSTRIA EXTRACTIVA, Total, Iasi, Anul 2024, Milioane lei RON, 139
B  INDUSTRIA EXTRACTIVA, Total, Neamt, Anul 2008, Milioane lei RON, 48
B  INDUSTRIA EXTRACTIVA, Total, Neamt, Anul 2009, Milioane lei RON, 38
B  INDUSTRIA EXTRACTIVA, Total, Neamt, Anul 2010, Milioane lei RON, 40
B  INDUSTRIA EXTRACTIVA, Total, Neamt, Anul 2011, Milioane lei RON, 38
B  INDUSTRIA EXTRACTIVA, Total, Neamt, Anul 2012, Milioane lei RON, 57
B  INDUSTRIA EXTRACTIVA, Total, Neamt, Anul 2013, Milioane lei RON, 24
B  INDUSTRIA EXTRACTIVA, Total, Neamt, Anul 2014, Milioane lei RON, 31
B  INDUSTRIA EXTRACTIVA, Total, Neamt, Anul 2015, Milioane lei RON, 34
B  INDUSTRIA EXTRACTIVA, Total, Neamt, Anul 2016, Milioane lei RON, 36
B  INDUSTRIA EXTRACTIVA, Total, Neamt, Anul 2017, Milioane lei RON, 46
B  INDUSTRIA EXTRACTIVA, Total, Neamt, Anul 2018, Milioane lei RON, 71
B  INDUSTRIA EXTRACTIVA, Total, Neamt, Anul 2019, Milioane lei RON, 83
B  INDUSTRIA EXTRACTIVA, Total, Neamt, Anul 2020, Milioane lei RON, 100
B  INDUSTRIA EXTRACTIVA, Total, Neamt, Anul 2021, Milioane lei RON, 86
B  INDUSTRIA EXTRACTIVA, Total, Neamt, Anul 2022, Milioane lei RON, 88
B  INDUSTRIA EXTRACTIVA, Total, Neamt, Anul 2023, Milioane lei RON, 104
B  INDUSTRIA EXTRACTIVA, Total, Neamt, Anul 2024, Milioane lei RON, 134
B  INDUSTRIA EXTRACTIVA, Total, Suceava, Anul 2008, Milioane lei RON, 111
B  INDUSTRIA EXTRACTIVA, Total, Suceava, Anul 2009, Milioane lei RON, 50
B  INDUSTRIA EXTRACTIVA, Total, Suceava, Anul 2010, Milioane lei RON, 49
B  INDUSTRIA EXTRACTIVA, Total, Suceava, Anul 2011, Milioane lei RON, 73
B  INDUSTRIA EXTRACTIVA, Total, Suceava, Anul 2012, Milioane lei RON, 91
B  INDUSTRIA EXTRACTIVA, Total, Suceava, Anul 2013, Milioane lei RON, 71
B  INDUSTRIA EXTRACTIVA, Total, Suceava, Anul 2014, Milioane lei RON, 91
B  INDUSTRIA EXTRACTIVA, Total, Suceava, Anul 2015, Milioane lei RON, 98
B  INDUSTRIA EXTRACTIVA, Total, Suceava, Anul 2016, Milioane lei RON, 136
B  INDUSTRIA EXTRACTIVA, Total, Suceava, Anul 2017, Milioane lei RON, 117
B  INDUSTRIA EXTRACTIVA, Total, Suceava, Anul 2018, Milioane lei RON, 131
B  INDUSTRIA EXTRACTIVA, Total, Suceava, Anul 2019, Milioane lei RON, 197
B  INDUSTRIA EXTRACTIVA, Total, Suceava, Anul 2020, Milioane lei RON, 258
B  INDUSTRIA EXTRACTIVA, Total, Suceava, Anul 2021, Milioane lei RON, 238
B  INDUSTRIA EXTRACTIVA, Total, Suceava, Anul 2022, Milioane lei RON, 271
B  INDUSTRIA EXTRACTIVA, Total, Suceava, Anul 2023, Milioane lei RON, 311
B  INDUSTRIA EXTRACTIVA, Total, Suceava, Anul 2024, Milioane lei RON, 394
B  INDUSTRIA EXTRACTIVA, Total, Vaslui, Anul 2010, Milioane lei RON, 1
B  INDUSTRIA EXTRACTIVA, Total, Vaslui, Anul 2011, Milioane lei RON, 2
B  INDUSTRIA EXTRACTIVA, Total, Vaslui, Anul 2012, Milioane lei RON, 3
B  INDUSTRIA EXTRACTIVA, Total, Vaslui, Anul 2013, Milioane lei RON, 6
B  INDUSTRIA EXTRACTIVA, Total, Vaslui, Anul 2014, Milioane lei RON, 2
B  INDUSTRIA EXTRACTIVA, Total, Vaslui, Anul 2015, Milioane lei RON, 4
B  INDUSTRIA EXTRACTIVA, Total, Vaslui, Anul 2016, Milioane lei RON, 2
B  INDUSTRIA EXTRACTIVA, Total, Vaslui, Anul 2017, Milioane lei RON, 2
B  INDUSTRIA EXTRACTIVA, Total, Vaslui, Anul 2018, Milioane lei RON, 4
B  INDUSTRIA EXTRACTIVA, Total, Vaslui, Anul 2019, Milioane lei RON, 14
B  INDUSTRIA EXTRACTIVA, Total, Vaslui, Anul 2020, Milioane lei RON, 45
B  INDUSTRIA EXTRACTIVA, Total, Vaslui, Anul 2021, Milioane lei RON, 19
B  INDUSTRIA EXTRACTIVA, Total, Vaslui, Anul 2022, Milioane lei RON, 29
B  INDUSTRIA EXTRACTIVA, Total, Vaslui, Anul 2023, Milioane lei RON, 3
B  INDUSTRIA EXTRACTIVA, Total, Vaslui, Anul 2024, Milioane lei RON, 0
B  INDUSTRIA EXTRACTIVA, Total, Braila, Anul 2008, Milioane lei RON, 102
B  INDUSTRIA EXTRACTIVA, Total, Braila, Anul 2009, Milioane lei RON, 7
B  INDUSTRIA EXTRACTIVA, Total, Braila, Anul 2010, Milioane lei RON, 5
B  INDUSTRIA EXTRACTIVA, Total, Braila, Anul 2011, Milioane lei RON, 3
B  INDUSTRIA EXTRACTIVA, Total, Braila, Anul 2012, Milioane lei RON, 58
B  INDUSTRIA EXTRACTIVA, Total, Braila, Anul 2013, Milioane lei RON, 12
B  INDUSTRIA EXTRACTIVA, Total, Braila, Anul 2014, Milioane lei RON, 11
B  INDUSTRIA EXTRACTIVA, Total, Braila, Anul 2015, Milioane lei RON, 8
B  INDUSTRIA EXTRACTIVA, Total, Braila, Anul 2016, Milioane lei RON, 8
B  INDUSTRIA EXTRACTIVA, Total, Braila, Anul 2017, Milioane lei RON, 7
B  INDUSTRIA EXTRACTIVA, Total, Braila, Anul 2018, Milioane lei RON, 7
B  INDUSTRIA EXTRACTIVA, Total, Braila, Anul 2019, Milioane lei RON, 15
B  INDUSTRIA EXTRACTIVA, Total, Braila, Anul 2020, Milioane lei RON, 16
B  INDUSTRIA EXTRACTIVA, Total, Braila, Anul 2021, Milioane lei RON, 5
B  INDUSTRIA EXTRACTIVA, Total, Braila, Anul 2022, Milioane lei RON, 4
B  INDUSTRIA EXTRACTIVA, Total, Braila, Anul 2023, Milioane lei RON, 5
B  INDUSTRIA EXTRACTIVA, Total, Braila, Anul 2024, Milioane lei RON, 3
B  INDUSTRIA EXTRACTIVA, Total, Buzau, Anul 2008, Milioane lei RON, 67
B  INDUSTRIA EXTRACTIVA, Total, Buzau, Anul 2009, Milioane lei RON, 31
B  INDUSTRIA EXTRACTIVA, Total, Buzau, Anul 2010, Milioane lei RON, 23
B  INDUSTRIA EXTRACTIVA, Total, Buzau, Anul 2011, Milioane lei RON, 21
B  INDUSTRIA EXTRACTIVA, Total, Buzau, Anul 2012, Milioane lei RON, 278
B  INDUSTRIA EXTRACTIVA, Total, Buzau, Anul 2013, Milioane lei RON, 127
B  INDUSTRIA EXTRACTIVA, Total, Buzau, Anul 2014, Milioane lei RON, 343
B  INDUSTRIA EXTRACTIVA, Total, Buzau, Anul 2015, Milioane lei RON, 133
B  INDUSTRIA EXTRACTIVA, Total, Buzau, Anul 2016, Milioane lei RON, 25
B  INDUSTRIA EXTRACTIVA, Total, Buzau, Anul 2017, Milioane lei RON, 310
B  INDUSTRIA EXTRACTIVA, Total, Buzau, Anul 2018, Milioane lei RON, 332
B  INDUSTRIA EXTRACTIVA, Total, Buzau, Anul 2019, Milioane lei RON, 399
B  INDUSTRIA EXTRACTIVA, Total, Buzau, Anul 2020, Milioane lei RON, 103
B  INDUSTRIA EXTRACTIVA, Total, Buzau, Anul 2021, Milioane lei RON, 113
B  INDUSTRIA EXTRACTIVA, Total, Buzau, Anul 2022, Milioane lei RON, 700
B  INDUSTRIA EXTRACTIVA, Total, Buzau, Anul 2023, Milioane lei RON, 43
B  INDUSTRIA EXTRACTIVA, Total, Buzau, Anul 2024, Milioane lei RON, 717
B  INDUSTRIA EXTRACTIVA, Total, Constanta, Anul 2008, Milioane lei RON, 976
B  INDUSTRIA EXTRACTIVA, Total, Constanta, Anul 2009, Milioane lei RON, 1047
B  INDUSTRIA EXTRACTIVA, Total, Constanta, Anul 2010, Milioane lei RON, 2433
B  INDUSTRIA EXTRACTIVA, Total, Constanta, Anul 2011, Milioane lei RON, 941
B  INDUSTRIA EXTRACTIVA, Total, Constanta, Anul 2012, Milioane lei RON, 1463
B  INDUSTRIA EXTRACTIVA, Total, Constanta, Anul 2013, Milioane lei RON, 1270
B  INDUSTRIA EXTRACTIVA, Total, Constanta, Anul 2014, Milioane lei RON, 820
B  INDUSTRIA EXTRACTIVA, Total, Constanta, Anul 2015, Milioane lei RON, 593
B  INDUSTRIA EXTRACTIVA, Total, Constanta, Anul 2016, Milioane lei RON, 220
B  INDUSTRIA EXTRACTIVA, Total, Constanta, Anul 2017, Milioane lei RON, 216
B  INDUSTRIA EXTRACTIVA, Total, Constanta, Anul 2018, Milioane lei RON, 465
B  INDUSTRIA EXTRACTIVA, Total, Constanta, Anul 2019, Milioane lei RON, 759
B  INDUSTRIA EXTRACTIVA, Total, Constanta, Anul 2020, Milioane lei RON, 924
B  INDUSTRIA EXTRACTIVA, Total, Constanta, Anul 2021, Milioane lei RON, 1065
B  INDUSTRIA EXTRACTIVA, Total, Constanta, Anul 2022, Milioane lei RON, 5364
B  INDUSTRIA EXTRACTIVA, Total, Constanta, Anul 2023, Milioane lei RON, 2472
B  INDUSTRIA EXTRACTIVA, Total, Constanta, Anul 2024, Milioane lei RON, 2199
B  INDUSTRIA EXTRACTIVA, Total, Galati, Anul 2008, Milioane lei RON, 22
B  INDUSTRIA EXTRACTIVA, Total, Galati, Anul 2009, Milioane lei RON, 18
B  INDUSTRIA EXTRACTIVA, Total, Galati, Anul 2010, Milioane lei RON, 18
B  INDUSTRIA EXTRACTIVA, Total, Galati, Anul 2011, Milioane lei RON, 30
B  INDUSTRIA EXTRACTIVA, Total, Galati, Anul 2012, Milioane lei RON, 75
B  INDUSTRIA EXTRACTIVA, Total, Galati, Anul 2013, Milioane lei RON, 33
B  INDUSTRIA EXTRACTIVA, Total, Galati, Anul 2014, Milioane lei RON, 37
B  INDUSTRIA EXTRACTIVA, Total, Galati, Anul 2015, Milioane lei RON, 19
B  INDUSTRIA EXTRACTIVA, Total, Galati, Anul 2016, Milioane lei RON, 25
B  INDUSTRIA EXTRACTIVA, Total, Galati, Anul 2017, Milioane lei RON, 18
B  INDUSTRIA EXTRACTIVA, Total, Galati, Anul 2018, Milioane lei RON, 25
B  INDUSTRIA EXTRACTIVA, Total, Galati, Anul 2019, Milioane lei RON, 44
B  INDUSTRIA EXTRACTIVA, Total, Galati, Anul 2020, Milioane lei RON, 40
B  INDUSTRIA EXTRACTIVA, Total, Galati, Anul 2021, Milioane lei RON, 34
B  INDUSTRIA EXTRACTIVA, Total, Galati, Anul 2022, Milioane lei RON, 48
B  INDUSTRIA EXTRACTIVA, Total, Galati, Anul 2023, Milioane lei RON, 50
B  INDUSTRIA EXTRACTIVA, Total, Galati, Anul 2024, Milioane lei RON, 58
B  INDUSTRIA EXTRACTIVA, Total, Tulcea, Anul 2008, Milioane lei RON, 83
B  INDUSTRIA EXTRACTIVA, Total, Tulcea, Anul 2009, Milioane lei RON, 74
B  INDUSTRIA EXTRACTIVA, Total, Tulcea, Anul 2010, Milioane lei RON, 76
B  INDUSTRIA EXTRACTIVA, Total, Tulcea, Anul 2011, Milioane lei RON, 111
B  INDUSTRIA EXTRACTIVA, Total, Tulcea, Anul 2012, Milioane lei RON, 93
B  INDUSTRIA EXTRACTIVA, Total, Tulcea, Anul 2013, Milioane lei RON, 86
B  INDUSTRIA EXTRACTIVA, Total, Tulcea, Anul 2014, Milioane lei RON, 65
B  INDUSTRIA EXTRACTIVA, Total, Tulcea, Anul 2015, Milioane lei RON, 110
B  INDUSTRIA EXTRACTIVA, Total, Tulcea, Anul 2016, Milioane lei RON, 95
B  INDUSTRIA EXTRACTIVA, Total, Tulcea, Anul 2017, Milioane lei RON, 81
B  INDUSTRIA EXTRACTIVA, Total, Tulcea, Anul 2018, Milioane lei RON, 88
B  INDUSTRIA EXTRACTIVA, Total, Tulcea, Anul 2019, Milioane lei RON, 117
B  INDUSTRIA EXTRACTIVA, Total, Tulcea, Anul 2020, Milioane lei RON, 154
B  INDUSTRIA EXTRACTIVA, Total, Tulcea, Anul 2021, Milioane lei RON, 155
B  INDUSTRIA EXTRACTIVA, Total, Tulcea, Anul 2022, Milioane lei RON, 176
B  INDUSTRIA EXTRACTIVA, Total, Tulcea, Anul 2023, Milioane lei RON, 222
B  INDUSTRIA EXTRACTIVA, Total, Tulcea, Anul 2024, Milioane lei RON, 253
B  INDUSTRIA EXTRACTIVA, Total, Vrancea, Anul 2008, Milioane lei RON, 28
B  INDUSTRIA EXTRACTIVA, Total, Vrancea, Anul 2009, Milioane lei RON, 10
B  INDUSTRIA EXTRACTIVA, Total, Vrancea, Anul 2010, Milioane lei RON, 7
B  INDUSTRIA EXTRACTIVA, Total, Vrancea, Anul 2011, Milioane lei RON, 8
B  INDUSTRIA EXTRACTIVA, Total, Vrancea, Anul 2012, Milioane lei RON, 14
B  INDUSTRIA EXTRACTIVA, Total, Vrancea, Anul 2013, Milioane lei RON, 12
B  INDUSTRIA EXTRACTIVA, Total, Vrancea, Anul 2014, Milioane lei RON, 10
B  INDUSTRIA EXTRACTIVA, Total, Vrancea, Anul 2015, Milioane lei RON, 12
B  INDUSTRIA EXTRACTIVA, Total, Vrancea, Anul 2016, Milioane lei RON, 16
B  INDUSTRIA EXTRACTIVA, Total, Vrancea, Anul 2017, Milioane lei RON, 13
B  INDUSTRIA EXTRACTIVA, Total, Vrancea, Anul 2018, Milioane lei RON, 21
B  INDUSTRIA EXTRACTIVA, Total, Vrancea, Anul 2019, Milioane lei RON, 33
B  INDUSTRIA EXTRACTIVA, Total, Vrancea, Anul 2020, Milioane lei RON, 36
B  INDUSTRIA EXTRACTIVA, Total, Vrancea, Anul 2021, Milioane lei RON, 36
B  INDUSTRIA EXTRACTIVA, Total, Vrancea, Anul 2022, Milioane lei RON, 48
B  INDUSTRIA EXTRACTIVA, Total, Vrancea, Anul 2023, Milioane lei RON, 65
B  INDUSTRIA EXTRACTIVA, Total, Vrancea, Anul 2024, Milioane lei RON, 94
B  INDUSTRIA EXTRACTIVA, Total, Arges, Anul 2008, Milioane lei RON, 455
B  INDUSTRIA EXTRACTIVA, Total, Arges, Anul 2009, Milioane lei RON, 74
B  INDUSTRIA EXTRACTIVA, Total, Arges, Anul 2010, Milioane lei RON, 71
B  INDUSTRIA EXTRACTIVA, Total, Arges, Anul 2011, Milioane lei RON, 94
B  INDUSTRIA EXTRACTIVA, Total, Arges, Anul 2012, Milioane lei RON, 458
B  INDUSTRIA EXTRACTIVA, Total, Arges, Anul 2013, Milioane lei RON, 188
B  INDUSTRIA EXTRACTIVA, Total, Arges, Anul 2014, Milioane lei RON, 398
B  INDUSTRIA EXTRACTIVA, Total, Arges, Anul 2015, Milioane lei RON, 201
B  INDUSTRIA EXTRACTIVA, Total, Arges, Anul 2016, Milioane lei RON, 766
B  INDUSTRIA EXTRACTIVA, Total, Arges, Anul 2017, Milioane lei RON, 692
B  INDUSTRIA EXTRACTIVA, Total, Arges, Anul 2018, Milioane lei RON, 751
B  INDUSTRIA EXTRACTIVA, Total, Arges, Anul 2019, Milioane lei RON, 294
B  INDUSTRIA EXTRACTIVA, Total, Arges, Anul 2020, Milioane lei RON, 436
B  INDUSTRIA EXTRACTIVA, Total, Arges, Anul 2021, Milioane lei RON, 370
B  INDUSTRIA EXTRACTIVA, Total, Arges, Anul 2022, Milioane lei RON, 694
B  INDUSTRIA EXTRACTIVA, Total, Arges, Anul 2023, Milioane lei RON, 303
B  INDUSTRIA EXTRACTIVA, Total, Arges, Anul 2024, Milioane lei RON, 396
B  INDUSTRIA EXTRACTIVA, Total, Calarasi, Anul 2009, Milioane lei RON, 2
B  INDUSTRIA EXTRACTIVA, Total, Calarasi, Anul 2010, Milioane lei RON, 1
B  INDUSTRIA EXTRACTIVA, Total, Calarasi, Anul 2011, Milioane lei RON, 2
B  INDUSTRIA EXTRACTIVA, Total, Calarasi, Anul 2012, Milioane lei RON, 5
B  INDUSTRIA EXTRACTIVA, Total, Calarasi, Anul 2013, Milioane lei RON, 2
B  INDUSTRIA EXTRACTIVA, Total, Calarasi, Anul 2014, Milioane lei RON, 6
B  INDUSTRIA EXTRACTIVA, Total, Calarasi, Anul 2015, Milioane lei RON, 13
B  INDUSTRIA EXTRACTIVA, Total, Calarasi, Anul 2016, Milioane lei RON, 8
B  INDUSTRIA EXTRACTIVA, Total, Calarasi, Anul 2017, Milioane lei RON, 12
B  INDUSTRIA EXTRACTIVA, Total, Calarasi, Anul 2018, Milioane lei RON, 10
B  INDUSTRIA EXTRACTIVA, Total, Calarasi, Anul 2019, Milioane lei RON, 13
B  INDUSTRIA EXTRACTIVA, Total, Calarasi, Anul 2020, Milioane lei RON, 14
B  INDUSTRIA EXTRACTIVA, Total, Calarasi, Anul 2021, Milioane lei RON, 13
B  INDUSTRIA EXTRACTIVA, Total, Calarasi, Anul 2022, Milioane lei RON, 15
B  INDUSTRIA EXTRACTIVA, Total, Calarasi, Anul 2023, Milioane lei RON, 18
B  INDUSTRIA EXTRACTIVA, Total, Calarasi, Anul 2024, Milioane lei RON, 20
B  INDUSTRIA EXTRACTIVA, Total, Dambovita, Anul 2008, Milioane lei RON, 501
B  INDUSTRIA EXTRACTIVA, Total, Dambovita, Anul 2009, Milioane lei RON, 85
B  INDUSTRIA EXTRACTIVA, Total, Dambovita, Anul 2010, Milioane lei RON, 107
B  INDUSTRIA EXTRACTIVA, Total, Dambovita, Anul 2011, Milioane lei RON, 85
B  INDUSTRIA EXTRACTIVA, Total, Dambovita, Anul 2012, Milioane lei RON, 350
B  INDUSTRIA EXTRACTIVA, Total, Dambovita, Anul 2013, Milioane lei RON, 99
B  INDUSTRIA EXTRACTIVA, Total, Dambovita, Anul 2014, Milioane lei RON, 133
B  INDUSTRIA EXTRACTIVA, Total, Dambovita, Anul 2015, Milioane lei RON, 243
B  INDUSTRIA EXTRACTIVA, Total, Dambovita, Anul 2016, Milioane lei RON, 101
B  INDUSTRIA EXTRACTIVA, Total, Dambovita, Anul 2017, Milioane lei RON, 104
B  INDUSTRIA EXTRACTIVA, Total, Dambovita, Anul 2018, Milioane lei RON, 135
B  INDUSTRIA EXTRACTIVA, Total, Dambovita, Anul 2019, Milioane lei RON, 80
B  INDUSTRIA EXTRACTIVA, Total, Dambovita, Anul 2020, Milioane lei RON, 69
B  INDUSTRIA EXTRACTIVA, Total, Dambovita, Anul 2021, Milioane lei RON, 94
B  INDUSTRIA EXTRACTIVA, Total, Dambovita, Anul 2022, Milioane lei RON, 200
B  INDUSTRIA EXTRACTIVA, Total, Dambovita, Anul 2023, Milioane lei RON, 198
B  INDUSTRIA EXTRACTIVA, Total, Dambovita, Anul 2024, Milioane lei RON, 202
B  INDUSTRIA EXTRACTIVA, Total, Giurgiu, Anul 2008, Milioane lei RON, 145
B  INDUSTRIA EXTRACTIVA, Total, Giurgiu, Anul 2009, Milioane lei RON, 66
B  INDUSTRIA EXTRACTIVA, Total, Giurgiu, Anul 2010, Milioane lei RON, 47
B  INDUSTRIA EXTRACTIVA, Total, Giurgiu, Anul 2011, Milioane lei RON, 53
B  INDUSTRIA EXTRACTIVA, Total, Giurgiu, Anul 2012, Milioane lei RON, 148
B  INDUSTRIA EXTRACTIVA, Total, Giurgiu, Anul 2013, Milioane lei RON, 60
B  INDUSTRIA EXTRACTIVA, Total, Giurgiu, Anul 2014, Milioane lei RON, 42
B  INDUSTRIA EXTRACTIVA, Total, Giurgiu, Anul 2015, Milioane lei RON, 42
B  INDUSTRIA EXTRACTIVA, Total, Giurgiu, Anul 2016, Milioane lei RON, 30
B  INDUSTRIA EXTRACTIVA, Total, Giurgiu, Anul 2017, Milioane lei RON, 20
B  INDUSTRIA EXTRACTIVA, Total, Giurgiu, Anul 2018, Milioane lei RON, 23
B  INDUSTRIA EXTRACTIVA, Total, Giurgiu, Anul 2019, Milioane lei RON, 42
B  INDUSTRIA EXTRACTIVA, Total, Giurgiu, Anul 2020, Milioane lei RON, 62
B  INDUSTRIA EXTRACTIVA, Total, Giurgiu, Anul 2021, Milioane lei RON, 90
B  INDUSTRIA EXTRACTIVA, Total, Giurgiu, Anul 2022, Milioane lei RON, 145
B  INDUSTRIA EXTRACTIVA, Total, Giurgiu, Anul 2023, Milioane lei RON, 169
B  INDUSTRIA EXTRACTIVA, Total, Giurgiu, Anul 2024, Milioane lei RON, 152
B  INDUSTRIA EXTRACTIVA, Total, Ialomita, Anul 2008, Milioane lei RON, 1
B  INDUSTRIA EXTRACTIVA, Total, Ialomita, Anul 2009, Milioane lei RON, 1
B  INDUSTRIA EXTRACTIVA, Total, Ialomita, Anul 2010, Milioane lei RON, 1
B  INDUSTRIA EXTRACTIVA, Total, Ialomita, Anul 2011, Milioane lei RON, 1
B  INDUSTRIA EXTRACTIVA, Total, Ialomita, Anul 2012, Milioane lei RON, 13
B  INDUSTRIA EXTRACTIVA, Total, Ialomita, Anul 2013, Milioane lei RON, 3
B  INDUSTRIA EXTRACTIVA, Total, Ialomita, Anul 2014, Milioane lei RON, 3
B  INDUSTRIA EXTRACTIVA, Total, Ialomita, Anul 2015, Milioane lei RON, 1
B  INDUSTRIA EXTRACTIVA, Total, Ialomita, Anul 2016, Milioane lei RON, 1
B  INDUSTRIA EXTRACTIVA, Total, Ialomita, Anul 2017, Milioane lei RON, 1
B  INDUSTRIA EXTRACTIVA, Total, Ialomita, Anul 2018, Milioane lei RON, 1
B  INDUSTRIA EXTRACTIVA, Total, Ialomita, Anul 2019, Milioane lei RON, 4
B  INDUSTRIA EXTRACTIVA, Total, Ialomita, Anul 2020, Milioane lei RON, 5
B  INDUSTRIA EXTRACTIVA, Total, Ialomita, Anul 2021, Milioane lei RON, 7
B  INDUSTRIA EXTRACTIVA, Total, Ialomita, Anul 2022, Milioane lei RON, 7
B  INDUSTRIA EXTRACTIVA, Total, Ialomita, Anul 2023, Milioane lei RON, 10
B  INDUSTRIA EXTRACTIVA, Total, Ialomita, Anul 2024, Milioane lei RON, 8
B  INDUSTRIA EXTRACTIVA, Total, Prahova, Anul 2008, Milioane lei RON, 1058
B  INDUSTRIA EXTRACTIVA, Total, Prahova, Anul 2009, Milioane lei RON, 599
B  INDUSTRIA EXTRACTIVA, Total, Prahova, Anul 2010, Milioane lei RON, 697
B  INDUSTRIA EXTRACTIVA, Total, Prahova, Anul 2011, Milioane lei RON, 883
B  INDUSTRIA EXTRACTIVA, Total, Prahova, Anul 2012, Milioane lei RON, 1763
B  INDUSTRIA EXTRACTIVA, Total, Prahova, Anul 2013, Milioane lei RON, 2251
B  INDUSTRIA EXTRACTIVA, Total, Prahova, Anul 2014, Milioane lei RON, 2004
B  INDUSTRIA EXTRACTIVA, Total, Prahova, Anul 2015, Milioane lei RON, 2258
B  INDUSTRIA EXTRACTIVA, Total, Prahova, Anul 2016, Milioane lei RON, 1319
B  INDUSTRIA EXTRACTIVA, Total, Prahova, Anul 2017, Milioane lei RON, 1710
B  INDUSTRIA EXTRACTIVA, Total, Prahova, Anul 2018, Milioane lei RON, 1744
B  INDUSTRIA EXTRACTIVA, Total, Prahova, Anul 2019, Milioane lei RON, 3083
B  INDUSTRIA EXTRACTIVA, Total, Prahova, Anul 2020, Milioane lei RON, 2669
B  INDUSTRIA EXTRACTIVA, Total, Prahova, Anul 2021, Milioane lei RON, 2273
B  INDUSTRIA EXTRACTIVA, Total, Prahova, Anul 2022, Milioane lei RON, 4504
B  INDUSTRIA EXTRACTIVA, Total, Prahova, Anul 2023, Milioane lei RON, 1516
B  INDUSTRIA EXTRACTIVA, Total, Prahova, Anul 2024, Milioane lei RON, 4477
B  INDUSTRIA EXTRACTIVA, Total, Teleorman, Anul 2008, Milioane lei RON, 462
B  INDUSTRIA EXTRACTIVA, Total, Teleorman, Anul 2009, Milioane lei RON, 27
B  INDUSTRIA EXTRACTIVA, Total, Teleorman, Anul 2010, Milioane lei RON, 40
B  INDUSTRIA EXTRACTIVA, Total, Teleorman, Anul 2011, Milioane lei RON, 37
B  INDUSTRIA EXTRACTIVA, Total, Teleorman, Anul 2012, Milioane lei RON, 282
B  INDUSTRIA EXTRACTIVA, Total, Teleorman, Anul 2013, Milioane lei RON, 81
B  INDUSTRIA EXTRACTIVA, Total, Teleorman, Anul 2014, Milioane lei RON, 84
B  INDUSTRIA EXTRACTIVA, Total, Teleorman, Anul 2015, Milioane lei RON, 88
B  INDUSTRIA EXTRACTIVA, Total, Teleorman, Anul 2016, Milioane lei RON, 59
B  INDUSTRIA EXTRACTIVA, Total, Teleorman, Anul 2017, Milioane lei RON, 64
B  INDUSTRIA EXTRACTIVA, Total, Teleorman, Anul 2018, Milioane lei RON, 116
B  INDUSTRIA EXTRACTIVA, Total, Teleorman, Anul 2019, Milioane lei RON, 153
B  INDUSTRIA EXTRACTIVA, Total, Teleorman, Anul 2020, Milioane lei RON, 99
B  INDUSTRIA EXTRACTIVA, Total, Teleorman, Anul 2021, Milioane lei RON, 77
B  INDUSTRIA EXTRACTIVA, Total, Teleorman, Anul 2022, Milioane lei RON, 171
B  INDUSTRIA EXTRACTIVA, Total, Teleorman, Anul 2023, Milioane lei RON, 159
B  INDUSTRIA EXTRACTIVA, Total, Teleorman, Anul 2024, Milioane lei RON, 195
B  INDUSTRIA EXTRACTIVA, Total, Ilfov, Anul 2008, Milioane lei RON, 48
B  INDUSTRIA EXTRACTIVA, Total, Ilfov, Anul 2009, Milioane lei RON, 45
B  INDUSTRIA EXTRACTIVA, Total, Ilfov, Anul 2010, Milioane lei RON, 98
B  INDUSTRIA EXTRACTIVA, Total, Ilfov, Anul 2011, Milioane lei RON, 254
B  INDUSTRIA EXTRACTIVA, Total, Ilfov, Anul 2012, Milioane lei RON, 276
B  INDUSTRIA EXTRACTIVA, Total, Ilfov, Anul 2013, Milioane lei RON, 73
B  INDUSTRIA EXTRACTIVA, Total, Ilfov, Anul 2014, Milioane lei RON, 91
B  INDUSTRIA EXTRACTIVA, Total, Ilfov, Anul 2015, Milioane lei RON, 113
B  INDUSTRIA EXTRACTIVA, Total, Ilfov, Anul 2016, Milioane lei RON, 177
B  INDUSTRIA EXTRACTIVA, Total, Ilfov, Anul 2017, Milioane lei RON, 124
B  INDUSTRIA EXTRACTIVA, Total, Ilfov, Anul 2018, Milioane lei RON, 64
B  INDUSTRIA EXTRACTIVA, Total, Ilfov, Anul 2019, Milioane lei RON, 37
B  INDUSTRIA EXTRACTIVA, Total, Ilfov, Anul 2020, Milioane lei RON, 88
B  INDUSTRIA EXTRACTIVA, Total, Ilfov, Anul 2021, Milioane lei RON, 272
B  INDUSTRIA EXTRACTIVA, Total, Ilfov, Anul 2022, Milioane lei RON, 490
B  INDUSTRIA EXTRACTIVA, Total, Ilfov, Anul 2023, Milioane lei RON, 1115
B  INDUSTRIA EXTRACTIVA, Total, Ilfov, Anul 2024, Milioane lei RON, 753
B  INDUSTRIA EXTRACTIVA, Total, Municipiul Bucuresti, Anul 2008, Milioane lei RON, 1660
B  INDUSTRIA EXTRACTIVA, Total, Municipiul Bucuresti, Anul 2009, Milioane lei RON, 539
B  INDUSTRIA EXTRACTIVA, Total, Municipiul Bucuresti, Anul 2010, Milioane lei RON, 544
B  INDUSTRIA EXTRACTIVA, Total, Municipiul Bucuresti, Anul 2011, Milioane lei RON, 663
B  INDUSTRIA EXTRACTIVA, Total, Municipiul Bucuresti, Anul 2012, Milioane lei RON, 584
B  INDUSTRIA EXTRACTIVA, Total, Municipiul Bucuresti, Anul 2013, Milioane lei RON, 2233
B  INDUSTRIA EXTRACTIVA, Total, Municipiul Bucuresti, Anul 2014, Milioane lei RON, 2299
B  INDUSTRIA EXTRACTIVA, Total, Municipiul Bucuresti, Anul 2015, Milioane lei RON, 3067
B  INDUSTRIA EXTRACTIVA, Total, Municipiul Bucuresti, Anul 2016, Milioane lei RON, 1698
B  INDUSTRIA EXTRACTIVA, Total, Municipiul Bucuresti, Anul 2017, Milioane lei RON, 872
B  INDUSTRIA EXTRACTIVA, Total, Municipiul Bucuresti, Anul 2018, Milioane lei RON, 2223
B  INDUSTRIA EXTRACTIVA, Total, Municipiul Bucuresti, Anul 2019, Milioane lei RON, 1500
B  INDUSTRIA EXTRACTIVA, Total, Municipiul Bucuresti, Anul 2020, Milioane lei RON, 964
B  INDUSTRIA EXTRACTIVA, Total, Municipiul Bucuresti, Anul 2021, Milioane lei RON, 1027
B  INDUSTRIA EXTRACTIVA, Total, Municipiul Bucuresti, Anul 2022, Milioane lei RON, 415
B  INDUSTRIA EXTRACTIVA, Total, Municipiul Bucuresti, Anul 2023, Milioane lei RON, 225
B  INDUSTRIA EXTRACTIVA, Total, Municipiul Bucuresti, Anul 2024, Milioane lei RON, 1511
B  INDUSTRIA EXTRACTIVA, Total, Dolj, Anul 2008, Milioane lei RON, 287
B  INDUSTRIA EXTRACTIVA, Total, Dolj, Anul 2009, Milioane lei RON, 100
B  INDUSTRIA EXTRACTIVA, Total, Dolj, Anul 2010, Milioane lei RON, 99
B  INDUSTRIA EXTRACTIVA, Total, Dolj, Anul 2011, Milioane lei RON, 116
B  INDUSTRIA EXTRACTIVA, Total, Dolj, Anul 2012, Milioane lei RON, 214
B  INDUSTRIA EXTRACTIVA, Total, Dolj, Anul 2013, Milioane lei RON, 325
B  INDUSTRIA EXTRACTIVA, Total, Dolj, Anul 2014, Milioane lei RON, 497
B  INDUSTRIA EXTRACTIVA, Total, Dolj, Anul 2015, Milioane lei RON, 359
B  INDUSTRIA EXTRACTIVA, Total, Dolj, Anul 2016, Milioane lei RON, 490
B  INDUSTRIA EXTRACTIVA, Total, Dolj, Anul 2017, Milioane lei RON, 457
B  INDUSTRIA EXTRACTIVA, Total, Dolj, Anul 2018, Milioane lei RON, 392
B  INDUSTRIA EXTRACTIVA, Total, Dolj, Anul 2019, Milioane lei RON, 463
B  INDUSTRIA EXTRACTIVA, Total, Dolj, Anul 2020, Milioane lei RON, 405
B  INDUSTRIA EXTRACTIVA, Total, Dolj, Anul 2021, Milioane lei RON, 318
B  INDUSTRIA EXTRACTIVA, Total, Dolj, Anul 2022, Milioane lei RON, 627
B  INDUSTRIA EXTRACTIVA, Total, Dolj, Anul 2023, Milioane lei RON, 129
B  INDUSTRIA EXTRACTIVA, Total, Dolj, Anul 2024, Milioane lei RON, 307
B  INDUSTRIA EXTRACTIVA, Total, Gorj, Anul 2008, Milioane lei RON, 1016
B  INDUSTRIA EXTRACTIVA, Total, Gorj, Anul 2009, Milioane lei RON, 806
B  INDUSTRIA EXTRACTIVA, Total, Gorj, Anul 2010, Milioane lei RON, 849
B  INDUSTRIA EXTRACTIVA, Total, Gorj, Anul 2011, Milioane lei RON, 1112
B  INDUSTRIA EXTRACTIVA, Total, Gorj, Anul 2012, Milioane lei RON, 1182
B  INDUSTRIA EXTRACTIVA, Total, Gorj, Anul 2013, Milioane lei RON, 532
B  INDUSTRIA EXTRACTIVA, Total, Gorj, Anul 2014, Milioane lei RON, 772
B  INDUSTRIA EXTRACTIVA, Total, Gorj, Anul 2015, Milioane lei RON, 350
B  INDUSTRIA EXTRACTIVA, Total, Gorj, Anul 2016, Milioane lei RON, 725
B  INDUSTRIA EXTRACTIVA, Total, Gorj, Anul 2017, Milioane lei RON, 720
B  INDUSTRIA EXTRACTIVA, Total, Gorj, Anul 2018, Milioane lei RON, 528
B  INDUSTRIA EXTRACTIVA, Total, Gorj, Anul 2019, Milioane lei RON, 207
B  INDUSTRIA EXTRACTIVA, Total, Gorj, Anul 2020, Milioane lei RON, 691
B  INDUSTRIA EXTRACTIVA, Total, Gorj, Anul 2021, Milioane lei RON, 596
B  INDUSTRIA EXTRACTIVA, Total, Gorj, Anul 2022, Milioane lei RON, 1413
B  INDUSTRIA EXTRACTIVA, Total, Gorj, Anul 2023, Milioane lei RON, 715
B  INDUSTRIA EXTRACTIVA, Total, Gorj, Anul 2024, Milioane lei RON, 974
B  INDUSTRIA EXTRACTIVA, Total, Mehedinti, Anul 2008, Milioane lei RON, 140
B  INDUSTRIA EXTRACTIVA, Total, Mehedinti, Anul 2009, Milioane lei RON, 80
B  INDUSTRIA EXTRACTIVA, Total, Mehedinti, Anul 2010, Milioane lei RON, 58
B  INDUSTRIA EXTRACTIVA, Total, Mehedinti, Anul 2011, Milioane lei RON, 73
B  INDUSTRIA EXTRACTIVA, Total, Mehedinti, Anul 2012, Milioane lei RON, 48
B  INDUSTRIA EXTRACTIVA, Total, Mehedinti, Anul 2013, Milioane lei RON, 70
B  INDUSTRIA EXTRACTIVA, Total, Mehedinti, Anul 2014, Milioane lei RON, 59
B  INDUSTRIA EXTRACTIVA, Total, Mehedinti, Anul 2015, Milioane lei RON, 66
B  INDUSTRIA EXTRACTIVA, Total, Mehedinti, Anul 2016, Milioane lei RON, 20
B  INDUSTRIA EXTRACTIVA, Total, Mehedinti, Anul 2017, Milioane lei RON, 2
B  INDUSTRIA EXTRACTIVA, Total, Mehedinti, Anul 2018, Milioane lei RON, 6
B  INDUSTRIA EXTRACTIVA, Total, Mehedinti, Anul 2019, Milioane lei RON, 20
B  INDUSTRIA EXTRACTIVA, Total, Mehedinti, Anul 2020, Milioane lei RON, 11
B  INDUSTRIA EXTRACTIVA, Total, Mehedinti, Anul 2021, Milioane lei RON, 11
B  INDUSTRIA EXTRACTIVA, Total, Mehedinti, Anul 2022, Milioane lei RON, 16
B  INDUSTRIA EXTRACTIVA, Total, Mehedinti, Anul 2023, Milioane lei RON, 15
B  INDUSTRIA EXTRACTIVA, Total, Mehedinti, Anul 2024, Milioane lei RON, 17
B  INDUSTRIA EXTRACTIVA, Total, Olt, Anul 2008, Milioane lei RON, 27
B  INDUSTRIA EXTRACTIVA, Total, Olt, Anul 2009, Milioane lei RON, 20
B  INDUSTRIA EXTRACTIVA, Total, Olt, Anul 2010, Milioane lei RON, 26
B  INDUSTRIA EXTRACTIVA, Total, Olt, Anul 2011, Milioane lei RON, 35
B  INDUSTRIA EXTRACTIVA, Total, Olt, Anul 2012, Milioane lei RON, 258
B  INDUSTRIA EXTRACTIVA, Total, Olt, Anul 2013, Milioane lei RON, 116
B  INDUSTRIA EXTRACTIVA, Total, Olt, Anul 2014, Milioane lei RON, 283
B  INDUSTRIA EXTRACTIVA, Total, Olt, Anul 2015, Milioane lei RON, 146
B  INDUSTRIA EXTRACTIVA, Total, Olt, Anul 2016, Milioane lei RON, 289
B  INDUSTRIA EXTRACTIVA, Total, Olt, Anul 2017, Milioane lei RON, 120
B  INDUSTRIA EXTRACTIVA, Total, Olt, Anul 2018, Milioane lei RON, 152
B  INDUSTRIA EXTRACTIVA, Total, Olt, Anul 2019, Milioane lei RON, 132
B  INDUSTRIA EXTRACTIVA, Total, Olt, Anul 2020, Milioane lei RON, 266
B  INDUSTRIA EXTRACTIVA, Total, Olt, Anul 2021, Milioane lei RON, 290
B  INDUSTRIA EXTRACTIVA, Total, Olt, Anul 2022, Milioane lei RON, 437
B  INDUSTRIA EXTRACTIVA, Total, Olt, Anul 2023, Milioane lei RON, 194
B  INDUSTRIA EXTRACTIVA, Total, Olt, Anul 2024, Milioane lei RON, 322
B  INDUSTRIA EXTRACTIVA, Total, Valcea, Anul 2008, Milioane lei RON, 282
B  INDUSTRIA EXTRACTIVA, Total, Valcea, Anul 2009, Milioane lei RON, 213
B  INDUSTRIA EXTRACTIVA, Total, Valcea, Anul 2010, Milioane lei RON, 169
B  INDUSTRIA EXTRACTIVA, Total, Valcea, Anul 2011, Milioane lei RON, 226
B  INDUSTRIA EXTRACTIVA, Total, Valcea, Anul 2012, Milioane lei RON, 454
B  INDUSTRIA EXTRACTIVA, Total, Valcea, Anul 2013, Milioane lei RON, 215
B  INDUSTRIA EXTRACTIVA, Total, Valcea, Anul 2014, Milioane lei RON, 192
B  INDUSTRIA EXTRACTIVA, Total, Valcea, Anul 2015, Milioane lei RON, 122
B  INDUSTRIA EXTRACTIVA, Total, Valcea, Anul 2016, Milioane lei RON, 101
B  INDUSTRIA EXTRACTIVA, Total, Valcea, Anul 2017, Milioane lei RON, 306
B  INDUSTRIA EXTRACTIVA, Total, Valcea, Anul 2018, Milioane lei RON, 351
B  INDUSTRIA EXTRACTIVA, Total, Valcea, Anul 2019, Milioane lei RON, 325
B  INDUSTRIA EXTRACTIVA, Total, Valcea, Anul 2020, Milioane lei RON, 243
B  INDUSTRIA EXTRACTIVA, Total, Valcea, Anul 2021, Milioane lei RON, 323
B  INDUSTRIA EXTRACTIVA, Total, Valcea, Anul 2022, Milioane lei RON, 424
B  INDUSTRIA EXTRACTIVA, Total, Valcea, Anul 2023, Milioane lei RON, 433
B  INDUSTRIA EXTRACTIVA, Total, Valcea, Anul 2024, Milioane lei RON, 411
B  INDUSTRIA EXTRACTIVA, Total, Arad, Anul 2008, Milioane lei RON, 108
B  INDUSTRIA EXTRACTIVA, Total, Arad, Anul 2009, Milioane lei RON, 33
B  INDUSTRIA EXTRACTIVA, Total, Arad, Anul 2010, Milioane lei RON, 33
B  INDUSTRIA EXTRACTIVA, Total, Arad, Anul 2011, Milioane lei RON, 134
B  INDUSTRIA EXTRACTIVA, Total, Arad, Anul 2012, Milioane lei RON, 190
B  INDUSTRIA EXTRACTIVA, Total, Arad, Anul 2013, Milioane lei RON, 147
B  INDUSTRIA EXTRACTIVA, Total, Arad, Anul 2014, Milioane lei RON, 163
B  INDUSTRIA EXTRACTIVA, Total, Arad, Anul 2015, Milioane lei RON, 115
B  INDUSTRIA EXTRACTIVA, Total, Arad, Anul 2016, Milioane lei RON, 71
B  INDUSTRIA EXTRACTIVA, Total, Arad, Anul 2017, Milioane lei RON, 86
B  INDUSTRIA EXTRACTIVA, Total, Arad, Anul 2018, Milioane lei RON, 150
B  INDUSTRIA EXTRACTIVA, Total, Arad, Anul 2019, Milioane lei RON, 168
B  INDUSTRIA EXTRACTIVA, Total, Arad, Anul 2020, Milioane lei RON, 185
B  INDUSTRIA EXTRACTIVA, Total, Arad, Anul 2021, Milioane lei RON, 198
B  INDUSTRIA EXTRACTIVA, Total, Arad, Anul 2022, Milioane lei RON, 255
B  INDUSTRIA EXTRACTIVA, Total, Arad, Anul 2023, Milioane lei RON, 246
B  INDUSTRIA EXTRACTIVA, Total, Arad, Anul 2024, Milioane lei RON, 351
B  INDUSTRIA EXTRACTIVA, Total, Caras-Severin, Anul 2008, Milioane lei RON, 91
B  INDUSTRIA EXTRACTIVA, Total, Caras-Severin, Anul 2009, Milioane lei RON, 68
B  INDUSTRIA EXTRACTIVA, Total, Caras-Severin, Anul 2010, Milioane lei RON, 89
B  INDUSTRIA EXTRACTIVA, Total, Caras-Severin, Anul 2011, Milioane lei RON, 79
B  INDUSTRIA EXTRACTIVA, Total, Caras-Severin, Anul 2012, Milioane lei RON, 80
B  INDUSTRIA EXTRACTIVA, Total, Caras-Severin, Anul 2013, Milioane lei RON, 69
B  INDUSTRIA EXTRACTIVA, Total, Caras-Severin, Anul 2014, Milioane lei RON, 68
B  INDUSTRIA EXTRACTIVA, Total, Caras-Severin, Anul 2015, Milioane lei RON, 64
B  INDUSTRIA EXTRACTIVA, Total, Caras-Severin, Anul 2016, Milioane lei RON, 91
B  INDUSTRIA EXTRACTIVA, Total, Caras-Severin, Anul 2017, Milioane lei RON, 100
B  INDUSTRIA EXTRACTIVA, Total, Caras-Severin, Anul 2018, Milioane lei RON, 23
B  INDUSTRIA EXTRACTIVA, Total, Caras-Severin, Anul 2019, Milioane lei RON, 108
B  INDUSTRIA EXTRACTIVA, Total, Caras-Severin, Anul 2020, Milioane lei RON, 21
B  INDUSTRIA EXTRACTIVA, Total, Caras-Severin, Anul 2021, Milioane lei RON, 20
B  INDUSTRIA EXTRACTIVA, Total, Caras-Severin, Anul 2022, Milioane lei RON, 167
B  INDUSTRIA EXTRACTIVA, Total, Caras-Severin, Anul 2023, Milioane lei RON, 159
B  INDUSTRIA EXTRACTIVA, Total, Caras-Severin, Anul 2024, Milioane lei RON, 22
B  INDUSTRIA EXTRACTIVA, Total, Hunedoara, Anul 2008, Milioane lei RON, 551
B  INDUSTRIA EXTRACTIVA, Total, Hunedoara, Anul 2009, Milioane lei RON, 476
B  INDUSTRIA EXTRACTIVA, Total, Hunedoara, Anul 2010, Milioane lei RON, 483
B  INDUSTRIA EXTRACTIVA, Total, Hunedoara, Anul 2011, Milioane lei RON, 507
B  INDUSTRIA EXTRACTIVA, Total, Hunedoara, Anul 2012, Milioane lei RON, 517
B  INDUSTRIA EXTRACTIVA, Total, Hunedoara, Anul 2013, Milioane lei RON, 384
B  INDUSTRIA EXTRACTIVA, Total, Hunedoara, Anul 2014, Milioane lei RON, 138
B  INDUSTRIA EXTRACTIVA, Total, Hunedoara, Anul 2015, Milioane lei RON, 128
B  INDUSTRIA EXTRACTIVA, Total, Hunedoara, Anul 2016, Milioane lei RON, 99
B  INDUSTRIA EXTRACTIVA, Total, Hunedoara, Anul 2017, Milioane lei RON, 85
B  INDUSTRIA EXTRACTIVA, Total, Hunedoara, Anul 2018, Milioane lei RON, 51
B  INDUSTRIA EXTRACTIVA, Total, Hunedoara, Anul 2019, Milioane lei RON, 78
B  INDUSTRIA EXTRACTIVA, Total, Hunedoara, Anul 2020, Milioane lei RON, 80
B  INDUSTRIA EXTRACTIVA, Total, Hunedoara, Anul 2021, Milioane lei RON, 80
B  INDUSTRIA EXTRACTIVA, Total, Hunedoara, Anul 2022, Milioane lei RON, 111
B  INDUSTRIA EXTRACTIVA, Total, Hunedoara, Anul 2023, Milioane lei RON, 145
B  INDUSTRIA EXTRACTIVA, Total, Hunedoara, Anul 2024, Milioane lei RON, 112
B  INDUSTRIA EXTRACTIVA, Total, Timis, Anul 2008, Milioane lei RON, 281
B  INDUSTRIA EXTRACTIVA, Total, Timis, Anul 2009, Milioane lei RON, 164
B  INDUSTRIA EXTRACTIVA, Total, Timis, Anul 2010, Milioane lei RON, 180
B  INDUSTRIA EXTRACTIVA, Total, Timis, Anul 2011, Milioane lei RON, 106
B  INDUSTRIA EXTRACTIVA, Total, Timis, Anul 2012, Milioane lei RON, 208
B  INDUSTRIA EXTRACTIVA, Total, Timis, Anul 2013, Milioane lei RON, 170
B  INDUSTRIA EXTRACTIVA, Total, Timis, Anul 2014, Milioane lei RON, 217
B  INDUSTRIA EXTRACTIVA, Total, Timis, Anul 2015, Milioane lei RON, 257
B  INDUSTRIA EXTRACTIVA, Total, Timis, Anul 2016, Milioane lei RON, 322
B  INDUSTRIA EXTRACTIVA, Total, Timis, Anul 2017, Milioane lei RON, 341
B  INDUSTRIA EXTRACTIVA, Total, Timis, Anul 2018, Milioane lei RON, 210
B  INDUSTRIA EXTRACTIVA, Total, Timis, Anul 2019, Milioane lei RON, 351
B  INDUSTRIA EXTRACTIVA, Total, Timis, Anul 2020, Milioane lei RON, 315
B  INDUSTRIA EXTRACTIVA, Total, Timis, Anul 2021, Milioane lei RON, 264
B  INDUSTRIA EXTRACTIVA, Total, Timis, Anul 2022, Milioane lei RON, 841
B  INDUSTRIA EXTRACTIVA, Total, Timis, Anul 2023, Milioane lei RON, 200
B  INDUSTRIA EXTRACTIVA, Total, Timis, Anul 2024, Milioane lei RON, 397
C  INDUSTRIA PRELUCRATOARE, Total, Bihor, Anul 2008, Milioane lei RON, 5653
C  INDUSTRIA PRELUCRATOARE, Total, Bihor, Anul 2009, Milioane lei RON, 5271
C  INDUSTRIA PRELUCRATOARE, Total, Bihor, Anul 2010, Milioane lei RON, 6585
C  INDUSTRIA PRELUCRATOARE, Total, Bihor, Anul 2011, Milioane lei RON, 8814
C  INDUSTRIA PRELUCRATOARE, Total, Bihor, Anul 2012, Milioane lei RON, 8874
C  INDUSTRIA PRELUCRATOARE, Total, Bihor, Anul 2013, Milioane lei RON, 8219
C  INDUSTRIA PRELUCRATOARE, Total, Bihor, Anul 2014, Milioane lei RON, 8066
C  INDUSTRIA PRELUCRATOARE, Total, Bihor, Anul 2015, Milioane lei RON, 8325
C  INDUSTRIA PRELUCRATOARE, Total, Bihor, Anul 2016, Milioane lei RON, 9434
C  INDUSTRIA PRELUCRATOARE, Total, Bihor, Anul 2017, Milioane lei RON, 10001
C  INDUSTRIA PRELUCRATOARE, Total, Bihor, Anul 2018, Milioane lei RON, 11007
C  INDUSTRIA PRELUCRATOARE, Total, Bihor, Anul 2019, Milioane lei RON, 13022
C  INDUSTRIA PRELUCRATOARE, Total, Bihor, Anul 2020, Milioane lei RON, 13468
C  INDUSTRIA PRELUCRATOARE, Total, Bihor, Anul 2021, Milioane lei RON, 15338
C  INDUSTRIA PRELUCRATOARE, Total, Bihor, Anul 2022, Milioane lei RON, 17138
C  INDUSTRIA PRELUCRATOARE, Total, Bihor, Anul 2023, Milioane lei RON, 18907
C  INDUSTRIA PRELUCRATOARE, Total, Bihor, Anul 2024, Milioane lei RON, 18396
C  INDUSTRIA PRELUCRATOARE, Total, Bistrita-Nasaud, Anul 2008, Milioane lei RON, 3458
C  INDUSTRIA PRELUCRATOARE, Total, Bistrita-Nasaud, Anul 2009, Milioane lei RON, 3138
C  INDUSTRIA PRELUCRATOARE, Total, Bistrita-Nasaud, Anul 2010, Milioane lei RON, 3667
C  INDUSTRIA PRELUCRATOARE, Total, Bistrita-Nasaud, Anul 2011, Milioane lei RON, 4199
C  INDUSTRIA PRELUCRATOARE, Total, Bistrita-Nasaud, Anul 2012, Milioane lei RON, 4329
C  INDUSTRIA PRELUCRATOARE, Total, Bistrita-Nasaud, Anul 2013, Milioane lei RON, 4500
C  INDUSTRIA PRELUCRATOARE, Total, Bistrita-Nasaud, Anul 2014, Milioane lei RON, 4867
C  INDUSTRIA PRELUCRATOARE, Total, Bistrita-Nasaud, Anul 2015, Milioane lei RON, 5402
C  INDUSTRIA PRELUCRATOARE, Total, Bistrita-Nasaud, Anul 2016, Milioane lei RON, 5585
C  INDUSTRIA PRELUCRATOARE, Total, Bistrita-Nasaud, Anul 2017, Milioane lei RON, 5911
C  INDUSTRIA PRELUCRATOARE, Total, Bistrita-Nasaud, Anul 2018, Milioane lei RON, 5942
C  INDUSTRIA PRELUCRATOARE, Total, Bistrita-Nasaud, Anul 2019, Milioane lei RON, 5694
C  INDUSTRIA PRELUCRATOARE, Total, Bistrita-Nasaud, Anul 2020, Milioane lei RON, 5432
C  INDUSTRIA PRELUCRATOARE, Total, Bistrita-Nasaud, Anul 2021, Milioane lei RON, 6791
C  INDUSTRIA PRELUCRATOARE, Total, Bistrita-Nasaud, Anul 2022, Milioane lei RON, 8043
C  INDUSTRIA PRELUCRATOARE, Total, Bistrita-Nasaud, Anul 2023, Milioane lei RON, 8301
C  INDUSTRIA PRELUCRATOARE, Total, Bistrita-Nasaud, Anul 2024, Milioane lei RON, 8007
C  INDUSTRIA PRELUCRATOARE, Total, Cluj, Anul 2008, Milioane lei RON, 9032
C  INDUSTRIA PRELUCRATOARE, Total, Cluj, Anul 2009, Milioane lei RON, 10308
C  INDUSTRIA PRELUCRATOARE, Total, Cluj, Anul 2010, Milioane lei RON, 12916
C  INDUSTRIA PRELUCRATOARE, Total, Cluj, Anul 2011, Milioane lei RON, 11243
C  INDUSTRIA PRELUCRATOARE, Total, Cluj, Anul 2012, Milioane lei RON, 7767
C  INDUSTRIA PRELUCRATOARE, Total, Cluj, Anul 2013, Milioane lei RON, 7913
C  INDUSTRIA PRELUCRATOARE, Total, Cluj, Anul 2014, Milioane lei RON, 8980
C  INDUSTRIA PRELUCRATOARE, Total, Cluj, Anul 2015, Milioane lei RON, 10272
C  INDUSTRIA PRELUCRATOARE, Total, Cluj, Anul 2016, Milioane lei RON, 11737
C  INDUSTRIA PRELUCRATOARE, Total, Cluj, Anul 2017, Milioane lei RON, 14023
C  INDUSTRIA PRELUCRATOARE, Total, Cluj, Anul 2018, Milioane lei RON, 15529
C  INDUSTRIA PRELUCRATOARE, Total, Cluj, Anul 2019, Milioane lei RON, 16821
C  INDUSTRIA PRELUCRATOARE, Total, Cluj, Anul 2020, Milioane lei RON, 16706
C  INDUSTRIA PRELUCRATOARE, Total, Cluj, Anul 2021, Milioane lei RON, 16416
C  INDUSTRIA PRELUCRATOARE, Total, Cluj, Anul 2022, Milioane lei RON, 19485
C  INDUSTRIA PRELUCRATOARE, Total, Cluj, Anul 2023, Milioane lei RON, 20306
C  INDUSTRIA PRELUCRATOARE, Total, Cluj, Anul 2024, Milioane lei RON, 21793
C  INDUSTRIA PRELUCRATOARE, Total, Maramures, Anul 2008, Milioane lei RON, 3507
C  INDUSTRIA PRELUCRATOARE, Total, Maramures, Anul 2009, Milioane lei RON, 3520
C  INDUSTRIA PRELUCRATOARE, Total, Maramures, Anul 2010, Milioane lei RON, 4102
C  INDUSTRIA PRELUCRATOARE, Total, Maramures, Anul 2011, Milioane lei RON, 4709
C  INDUSTRIA PRELUCRATOARE, Total, Maramures, Anul 2012, Milioane lei RON, 4829
C  INDUSTRIA PRELUCRATOARE, Total, Maramures, Anul 2013, Milioane lei RON, 5303
C  INDUSTRIA PRELUCRATOARE, Total, Maramures, Anul 2014, Milioane lei RON, 5777
C  INDUSTRIA PRELUCRATOARE, Total, Maramures, Anul 2015, Milioane lei RON, 6187
C  INDUSTRIA PRELUCRATOARE, Total, Maramures, Anul 2016, Milioane lei RON, 6857
C  INDUSTRIA PRELUCRATOARE, Total, Maramures, Anul 2017, Milioane lei RON, 7582
C  INDUSTRIA PRELUCRATOARE, Total, Maramures, Anul 2018, Milioane lei RON, 8207
C  INDUSTRIA PRELUCRATOARE, Total, Maramures, Anul 2019, Milioane lei RON, 8713
C  INDUSTRIA PRELUCRATOARE, Total, Maramures, Anul 2020, Milioane lei RON, 8412
C  INDUSTRIA PRELUCRATOARE, Total, Maramures, Anul 2021, Milioane lei RON, 10365
C  INDUSTRIA PRELUCRATOARE, Total, Maramures, Anul 2022, Milioane lei RON, 12895
C  INDUSTRIA PRELUCRATOARE, Total, Maramures, Anul 2023, Milioane lei RON, 12705
C  INDUSTRIA PRELUCRATOARE, Total, Maramures, Anul 2024, Milioane lei RON, 12745
C  INDUSTRIA PRELUCRATOARE, Total, Satu Mare, Anul 2008, Milioane lei RON, 3614
C  INDUSTRIA PRELUCRATOARE, Total, Satu Mare, Anul 2009, Milioane lei RON, 3077
C  INDUSTRIA PRELUCRATOARE, Total, Satu Mare, Anul 2010, Milioane lei RON, 3790
C  INDUSTRIA PRELUCRATOARE, Total, Satu Mare, Anul 2011, Milioane lei RON, 4175
C  INDUSTRIA PRELUCRATOARE, Total, Satu Mare, Anul 2012, Milioane lei RON, 4862
C  INDUSTRIA PRELUCRATOARE, Total, Satu Mare, Anul 2013, Milioane lei RON, 5210
C  INDUSTRIA PRELUCRATOARE, Total, Satu Mare, Anul 2014, Milioane lei RON, 5828
C  INDUSTRIA PRELUCRATOARE, Total, Satu Mare, Anul 2015, Milioane lei RON, 6059
C  INDUSTRIA PRELUCRATOARE, Total, Satu Mare, Anul 2016, Milioane lei RON, 6167
C  INDUSTRIA PRELUCRATOARE, Total, Satu Mare, Anul 2017, Milioane lei RON, 6200
C  INDUSTRIA PRELUCRATOARE, Total, Satu Mare, Anul 2018, Milioane lei RON, 6717
C  INDUSTRIA PRELUCRATOARE, Total, Satu Mare, Anul 2019, Milioane lei RON, 6966
C  INDUSTRIA PRELUCRATOARE, Total, Satu Mare, Anul 2020, Milioane lei RON, 6959
C  INDUSTRIA PRELUCRATOARE, Total, Satu Mare, Anul 2021, Milioane lei RON, 8267
C  INDUSTRIA PRELUCRATOARE, Total, Satu Mare, Anul 2022, Milioane lei RON, 10360
C  INDUSTRIA PRELUCRATOARE, Total, Satu Mare, Anul 2023, Milioane lei RON, 11110
C  INDUSTRIA PRELUCRATOARE, Total, Satu Mare, Anul 2024, Milioane lei RON, 10164
C  INDUSTRIA PRELUCRATOARE, Total, Salaj, Anul 2008, Milioane lei RON, 2565
C  INDUSTRIA PRELUCRATOARE, Total, Salaj, Anul 2009, Milioane lei RON, 1485
C  INDUSTRIA PRELUCRATOARE, Total, Salaj, Anul 2010, Milioane lei RON, 1863
C  INDUSTRIA PRELUCRATOARE, Total, Salaj, Anul 2011, Milioane lei RON, 2365
C  INDUSTRIA PRELUCRATOARE, Total, Salaj, Anul 2012, Milioane lei RON, 3374
C  INDUSTRIA PRELUCRATOARE, Total, Salaj, Anul 2013, Milioane lei RON, 2904
C  INDUSTRIA PRELUCRATOARE, Total, Salaj, Anul 2014, Milioane lei RON, 4362
C  INDUSTRIA PRELUCRATOARE, Total, Salaj, Anul 2015, Milioane lei RON, 3976
C  INDUSTRIA PRELUCRATOARE, Total, Salaj, Anul 2016, Milioane lei RON, 3683
C  INDUSTRIA PRELUCRATOARE, Total, Salaj, Anul 2017, Milioane lei RON, 4398
C  INDUSTRIA PRELUCRATOARE, Total, Salaj, Anul 2018, Milioane lei RON, 4777
C  INDUSTRIA PRELUCRATOARE, Total, Salaj, Anul 2019, Milioane lei RON, 5044
C  INDUSTRIA PRELUCRATOARE, Total, Salaj, Anul 2020, Milioane lei RON, 3673
C  INDUSTRIA PRELUCRATOARE, Total, Salaj, Anul 2021, Milioane lei RON, 4835
C  INDUSTRIA PRELUCRATOARE, Total, Salaj, Anul 2022, Milioane lei RON, 6414
C  INDUSTRIA PRELUCRATOARE, Total, Salaj, Anul 2023, Milioane lei RON, 7177
C  INDUSTRIA PRELUCRATOARE, Total, Salaj, Anul 2024, Milioane lei RON, 6981
C  INDUSTRIA PRELUCRATOARE, Total, Alba, Anul 2008, Milioane lei RON, 4800
C  INDUSTRIA PRELUCRATOARE, Total, Alba, Anul 2009, Milioane lei RON, 4168
C  INDUSTRIA PRELUCRATOARE, Total, Alba, Anul 2010, Milioane lei RON, 4854
C  INDUSTRIA PRELUCRATOARE, Total, Alba, Anul 2011, Milioane lei RON, 5538
C  INDUSTRIA PRELUCRATOARE, Total, Alba, Anul 2012, Milioane lei RON, 6169
C  INDUSTRIA PRELUCRATOARE, Total, Alba, Anul 2013, Milioane lei RON, 6392
C  INDUSTRIA PRELUCRATOARE, Total, Alba, Anul 2014, Milioane lei RON, 6788
C  INDUSTRIA PRELUCRATOARE, Total, Alba, Anul 2015, Milioane lei RON, 7498
C  INDUSTRIA PRELUCRATOARE, Total, Alba, Anul 2016, Milioane lei RON, 9786
C  INDUSTRIA PRELUCRATOARE, Total, Alba, Anul 2017, Milioane lei RON, 16027
C  INDUSTRIA PRELUCRATOARE, Total, Alba, Anul 2018, Milioane lei RON, 17241
C  INDUSTRIA PRELUCRATOARE, Total, Alba, Anul 2019, Milioane lei RON, 18028
C  INDUSTRIA PRELUCRATOARE, Total, Alba, Anul 2020, Milioane lei RON, 18681
C  INDUSTRIA PRELUCRATOARE, Total, Alba, Anul 2021, Milioane lei RON, 19277
C  INDUSTRIA PRELUCRATOARE, Total, Alba, Anul 2022, Milioane lei RON, 24650
C  INDUSTRIA PRELUCRATOARE, Total, Alba, Anul 2023, Milioane lei RON, 24948
C  INDUSTRIA PRELUCRATOARE, Total, Alba, Anul 2024, Milioane lei RON, 25952
C  INDUSTRIA PRELUCRATOARE, Total, Brasov, Anul 2008, Milioane lei RON, 8935
C  INDUSTRIA PRELUCRATOARE, Total, Brasov, Anul 2009, Milioane lei RON, 9220
C  INDUSTRIA PRELUCRATOARE, Total, Brasov, Anul 2010, Milioane lei RON, 10171
C  INDUSTRIA PRELUCRATOARE, Total, Brasov, Anul 2011, Milioane lei RON, 11531
C  INDUSTRIA PRELUCRATOARE, Total, Brasov, Anul 2012, Milioane lei RON, 13450
C  INDUSTRIA PRELUCRATOARE, Total, Brasov, Anul 2013, Milioane lei RON, 14364
C  INDUSTRIA PRELUCRATOARE, Total, Brasov, Anul 2014, Milioane lei RON, 14234
C  INDUSTRIA PRELUCRATOARE, Total, Brasov, Anul 2015, Milioane lei RON, 15904
C  INDUSTRIA PRELUCRATOARE, Total, Brasov, Anul 2016, Milioane lei RON, 16583
C  INDUSTRIA PRELUCRATOARE, Total, Brasov, Anul 2017, Milioane lei RON, 18990
C  INDUSTRIA PRELUCRATOARE, Total, Brasov, Anul 2018, Milioane lei RON, 23852
C  INDUSTRIA PRELUCRATOARE, Total, Brasov, Anul 2019, Milioane lei RON, 25311
C  INDUSTRIA PRELUCRATOARE, Total, Brasov, Anul 2020, Milioane lei RON, 23142
C  INDUSTRIA PRELUCRATOARE, Total, Brasov, Anul 2021, Milioane lei RON, 28297
C  INDUSTRIA PRELUCRATOARE, Total, Brasov, Anul 2022, Milioane lei RON, 33894
C  INDUSTRIA PRELUCRATOARE, Total, Brasov, Anul 2023, Milioane lei RON, 36282
C  INDUSTRIA PRELUCRATOARE, Total, Brasov, Anul 2024, Milioane lei RON, 35558
C  INDUSTRIA PRELUCRATOARE, Total, Covasna, Anul 2008, Milioane lei RON, 1571
C  INDUSTRIA PRELUCRATOARE, Total, Covasna, Anul 2009, Milioane lei RON, 1429
C  INDUSTRIA PRELUCRATOARE, Total, Covasna, Anul 2010, Milioane lei RON, 1447
C  INDUSTRIA PRELUCRATOARE, Total, Covasna, Anul 2011, Milioane lei RON, 1543
C  INDUSTRIA PRELUCRATOARE, Total, Covasna, Anul 2012, Milioane lei RON, 1632
C  INDUSTRIA PRELUCRATOARE, Total, Covasna, Anul 2013, Milioane lei RON, 1748
C  INDUSTRIA PRELUCRATOARE, Total, Covasna, Anul 2014, Milioane lei RON, 2930
C  INDUSTRIA PRELUCRATOARE, Total, Covasna, Anul 2015, Milioane lei RON, 2957
C  INDUSTRIA PRELUCRATOARE, Total, Covasna, Anul 2016, Milioane lei RON, 3027
C  INDUSTRIA PRELUCRATOARE, Total, Covasna, Anul 2017, Milioane lei RON, 3188
C  INDUSTRIA PRELUCRATOARE, Total, Covasna, Anul 2018, Milioane lei RON, 2813
C  INDUSTRIA PRELUCRATOARE, Total, Covasna, Anul 2019, Milioane lei RON, 2777
C  INDUSTRIA PRELUCRATOARE, Total, Covasna, Anul 2020, Milioane lei RON, 3022
C  INDUSTRIA PRELUCRATOARE, Total, Covasna, Anul 2021, Milioane lei RON, 2607
C  INDUSTRIA PRELUCRATOARE, Total, Covasna, Anul 2022, Milioane lei RON, 4334
C  INDUSTRIA PRELUCRATOARE, Total, Covasna, Anul 2023, Milioane lei RON, 3643
C  INDUSTRIA PRELUCRATOARE, Total, Covasna, Anul 2024, Milioane lei RON, 3675
C  INDUSTRIA PRELUCRATOARE, Total, Harghita, Anul 2008, Milioane lei RON, 2934
C  INDUSTRIA PRELUCRATOARE, Total, Harghita, Anul 2009, Milioane lei RON, 2540
C  INDUSTRIA PRELUCRATOARE, Total, Harghita, Anul 2010, Milioane lei RON, 2602
C  INDUSTRIA PRELUCRATOARE, Total, Harghita, Anul 2011, Milioane lei RON, 2678
C  INDUSTRIA PRELUCRATOARE, Total, Harghita, Anul 2012, Milioane lei RON, 2834
C  INDUSTRIA PRELUCRATOARE, Total, Harghita, Anul 2013, Milioane lei RON, 2857
C  INDUSTRIA PRELUCRATOARE, Total, Harghita, Anul 2014, Milioane lei RON, 2890
C  INDUSTRIA PRELUCRATOARE, Total, Harghita, Anul 2015, Milioane lei RON, 3189
C  INDUSTRIA PRELUCRATOARE, Total, Harghita, Anul 2016, Milioane lei RON, 3273
C  INDUSTRIA PRELUCRATOARE, Total, Harghita, Anul 2017, Milioane lei RON, 3491
C  INDUSTRIA PRELUCRATOARE, Total, Harghita, Anul 2018, Milioane lei RON, 3838
C  INDUSTRIA PRELUCRATOARE, Total, Harghita, Anul 2019, Milioane lei RON, 4096
C  INDUSTRIA PRELUCRATOARE, Total, Harghita, Anul 2020, Milioane lei RON, 4139
C  INDUSTRIA PRELUCRATOARE, Total, Harghita, Anul 2021, Milioane lei RON, 4710
C  INDUSTRIA PRELUCRATOARE, Total, Harghita, Anul 2022, Milioane lei RON, 5673
C  INDUSTRIA PRELUCRATOARE, Total, Harghita, Anul 2023, Milioane lei RON, 5856
C  INDUSTRIA PRELUCRATOARE, Total, Harghita, Anul 2024, Milioane lei RON, 6046
C  INDUSTRIA PRELUCRATOARE, Total, Mures, Anul 2008, Milioane lei RON, 5238
C  INDUSTRIA PRELUCRATOARE, Total, Mures, Anul 2009, Milioane lei RON, 4668
C  INDUSTRIA PRELUCRATOARE, Total, Mures, Anul 2010, Milioane lei RON, 5448
C  INDUSTRIA PRELUCRATOARE, Total, Mures, Anul 2011, Milioane lei RON, 6373
C  INDUSTRIA PRELUCRATOARE, Total, Mures, Anul 2012, Milioane lei RON, 7137
C  INDUSTRIA PRELUCRATOARE, Total, Mures, Anul 2013, Milioane lei RON, 7643
C  INDUSTRIA PRELUCRATOARE, Total, Mures, Anul 2014, Milioane lei RON, 8363
C  INDUSTRIA PRELUCRATOARE, Total, Mures, Anul 2015, Milioane lei RON, 9077
C  INDUSTRIA PRELUCRATOARE, Total, Mures, Anul 2016, Milioane lei RON, 9154
C  INDUSTRIA PRELUCRATOARE, Total, Mures, Anul 2017, Milioane lei RON, 8855
C  INDUSTRIA PRELUCRATOARE, Total, Mures, Anul 2018, Milioane lei RON, 10037
C  INDUSTRIA PRELUCRATOARE, Total, Mures, Anul 2019, Milioane lei RON, 10522
C  INDUSTRIA PRELUCRATOARE, Total, Mures, Anul 2020, Milioane lei RON, 11280
C  INDUSTRIA PRELUCRATOARE, Total, Mures, Anul 2021, Milioane lei RON, 14875
C  INDUSTRIA PRELUCRATOARE, Total, Mures, Anul 2022, Milioane lei RON, 15869
C  INDUSTRIA PRELUCRATOARE, Total, Mures, Anul 2023, Milioane lei RON, 13996
C  INDUSTRIA PRELUCRATOARE, Total, Mures, Anul 2024, Milioane lei RON, 14440
C  INDUSTRIA PRELUCRATOARE, Total, Sibiu, Anul 2008, Milioane lei RON, 6325
C  INDUSTRIA PRELUCRATOARE, Total, Sibiu, Anul 2009, Milioane lei RON, 5942
C  INDUSTRIA PRELUCRATOARE, Total, Sibiu, Anul 2010, Milioane lei RON, 7445
C  INDUSTRIA PRELUCRATOARE, Total, Sibiu, Anul 2011, Milioane lei RON, 8734
C  INDUSTRIA PRELUCRATOARE, Total, Sibiu, Anul 2012, Milioane lei RON, 9003
C  INDUSTRIA PRELUCRATOARE, Total, Sibiu, Anul 2013, Milioane lei RON, 10314
C  INDUSTRIA PRELUCRATOARE, Total, Sibiu, Anul 2014, Milioane lei RON, 11084
C  INDUSTRIA PRELUCRATOARE, Total, Sibiu, Anul 2015, Milioane lei RON, 12304
C  INDUSTRIA PRELUCRATOARE, Total, Sibiu, Anul 2016, Milioane lei RON, 14496
C  INDUSTRIA PRELUCRATOARE, Total, Sibiu, Anul 2017, Milioane lei RON, 15932
C  INDUSTRIA PRELUCRATOARE, Total, Sibiu, Anul 2018, Milioane lei RON, 17977
C  INDUSTRIA PRELUCRATOARE, Total, Sibiu, Anul 2019, Milioane lei RON, 18573
C  INDUSTRIA PRELUCRATOARE, Total, Sibiu, Anul 2020, Milioane lei RON, 18206
C  INDUSTRIA PRELUCRATOARE, Total, Sibiu, Anul 2021, Milioane lei RON, 19155
C  INDUSTRIA PRELUCRATOARE, Total, Sibiu, Anul 2022, Milioane lei RON, 21861
C  INDUSTRIA PRELUCRATOARE, Total, Sibiu, Anul 2023, Milioane lei RON, 22268
C  INDUSTRIA PRELUCRATOARE, Total, Sibiu, Anul 2024, Milioane lei RON, 21640
C  INDUSTRIA PRELUCRATOARE, Total, Bacau, Anul 2008, Milioane lei RON, 3890
C  INDUSTRIA PRELUCRATOARE, Total, Bacau, Anul 2009, Milioane lei RON, 2768
C  INDUSTRIA PRELUCRATOARE, Total, Bacau, Anul 2010, Milioane lei RON, 2843
C  INDUSTRIA PRELUCRATOARE, Total, Bacau, Anul 2011, Milioane lei RON, 3351
C  INDUSTRIA PRELUCRATOARE, Total, Bacau, Anul 2012, Milioane lei RON, 3885
C  INDUSTRIA PRELUCRATOARE, Total, Bacau, Anul 2013, Milioane lei RON, 3770
C  INDUSTRIA PRELUCRATOARE, Total, Bacau, Anul 2014, Milioane lei RON, 3979
C  INDUSTRIA PRELUCRATOARE, Total, Bacau, Anul 2015, Milioane lei RON, 4150
C  INDUSTRIA PRELUCRATOARE, Total, Bacau, Anul 2016, Milioane lei RON, 4179
C  INDUSTRIA PRELUCRATOARE, Total, Bacau, Anul 2017, Milioane lei RON, 4509
C  INDUSTRIA PRELUCRATOARE, Total, Bacau, Anul 2018, Milioane lei RON, 4947
C  INDUSTRIA PRELUCRATOARE, Total, Bacau, Anul 2019, Milioane lei RON, 5323
C  INDUSTRIA PRELUCRATOARE, Total, Bacau, Anul 2020, Milioane lei RON, 5101
C  INDUSTRIA PRELUCRATOARE, Total, Bacau, Anul 2021, Milioane lei RON, 6348
C  INDUSTRIA PRELUCRATOARE, Total, Bacau, Anul 2022, Milioane lei RON, 7802
C  INDUSTRIA PRELUCRATOARE, Total, Bacau, Anul 2023, Milioane lei RON, 8653
C  INDUSTRIA PRELUCRATOARE, Total, Bacau, Anul 2024, Milioane lei RON, 8149
C  INDUSTRIA PRELUCRATOARE, Total, Botosani, Anul 2008, Milioane lei RON, 1434
C  INDUSTRIA PRELUCRATOARE, Total, Botosani, Anul 2009, Milioane lei RON, 1309
C  INDUSTRIA PRELUCRATOARE, Total, Botosani, Anul 2010, Milioane lei RON, 1397
C  INDUSTRIA PRELUCRATOARE, Total, Botosani, Anul 2011, Milioane lei RON, 1662
C  INDUSTRIA PRELUCRATOARE, Total, Botosani, Anul 2012, Milioane lei RON, 1794
C  INDUSTRIA PRELUCRATOARE, Total, Botosani, Anul 2013, Milioane lei RON, 1848
C  INDUSTRIA PRELUCRATOARE, Total, Botosani, Anul 2014, Milioane lei RON, 1856
C  INDUSTRIA PRELUCRATOARE, Total, Botosani, Anul 2015, Milioane lei RON, 2209
C  INDUSTRIA PRELUCRATOARE, Total, Botosani, Anul 2016, Milioane lei RON, 2261
C  INDUSTRIA PRELUCRATOARE, Total, Botosani, Anul 2017, Milioane lei RON, 2604
C  INDUSTRIA PRELUCRATOARE, Total, Botosani, Anul 2018, Milioane lei RON, 2673
C  INDUSTRIA PRELUCRATOARE, Total, Botosani, Anul 2019, Milioane lei RON, 2751
C  INDUSTRIA PRELUCRATOARE, Total, Botosani, Anul 2020, Milioane lei RON, 2532
C  INDUSTRIA PRELUCRATOARE, Total, Botosani, Anul 2021, Milioane lei RON, 2571
C  INDUSTRIA PRELUCRATOARE, Total, Botosani, Anul 2022, Milioane lei RON, 3302
C  INDUSTRIA PRELUCRATOARE, Total, Botosani, Anul 2023, Milioane lei RON, 3544
C  INDUSTRIA PRELUCRATOARE, Total, Botosani, Anul 2024, Milioane lei RON, 3855
C  INDUSTRIA PRELUCRATOARE, Total, Iasi, Anul 2008, Milioane lei RON, 3753
C  INDUSTRIA PRELUCRATOARE, Total, Iasi, Anul 2009, Milioane lei RON, 3228
C  INDUSTRIA PRELUCRATOARE, Total, Iasi, Anul 2010, Milioane lei RON, 3898
C  INDUSTRIA PRELUCRATOARE, Total, Iasi, Anul 2011, Milioane lei RON, 4991
C  INDUSTRIA PRELUCRATOARE, Total, Iasi, Anul 2012, Milioane lei RON, 6599
C  INDUSTRIA PRELUCRATOARE, Total, Iasi, Anul 2013, Milioane lei RON, 5662
C  INDUSTRIA PRELUCRATOARE, Total, Iasi, Anul 2014, Milioane lei RON, 6166
C  INDUSTRIA PRELUCRATOARE, Total, Iasi, Anul 2015, Milioane lei RON, 6517
C  INDUSTRIA PRELUCRATOARE, Total, Iasi, Anul 2016, Milioane lei RON, 6646
C  INDUSTRIA PRELUCRATOARE, Total, Iasi, Anul 2017, Milioane lei RON, 7360
C  INDUSTRIA PRELUCRATOARE, Total, Iasi, Anul 2018, Milioane lei RON, 7860
C  INDUSTRIA PRELUCRATOARE, Total, Iasi, Anul 2019, Milioane lei RON, 8011
C  INDUSTRIA PRELUCRATOARE, Total, Iasi, Anul 2020, Milioane lei RON, 7251
C  INDUSTRIA PRELUCRATOARE, Total, Iasi, Anul 2021, Milioane lei RON, 8383
C  INDUSTRIA PRELUCRATOARE, Total, Iasi, Anul 2022, Milioane lei RON, 9103
C  INDUSTRIA PRELUCRATOARE, Total, Iasi, Anul 2023, Milioane lei RON, 9813
C  INDUSTRIA PRELUCRATOARE, Total, Iasi, Anul 2024, Milioane lei RON, 9857
C  INDUSTRIA PRELUCRATOARE, Total, Neamt, Anul 2008, Milioane lei RON, 3415
C  INDUSTRIA PRELUCRATOARE, Total, Neamt, Anul 2009, Milioane lei RON, 2732
C  INDUSTRIA PRELUCRATOARE, Total, Neamt, Anul 2010, Milioane lei RON, 2861
C  INDUSTRIA PRELUCRATOARE, Total, Neamt, Anul 2011, Milioane lei RON, 3845
C  INDUSTRIA PRELUCRATOARE, Total, Neamt, Anul 2012, Milioane lei RON, 4014
C  INDUSTRIA PRELUCRATOARE, Total, Neamt, Anul 2013, Milioane lei RON, 3869
C  INDUSTRIA PRELUCRATOARE, Total, Neamt, Anul 2014, Milioane lei RON, 3724
C  INDUSTRIA PRELUCRATOARE, Total, Neamt, Anul 2015, Milioane lei RON, 4027
C  INDUSTRIA PRELUCRATOARE, Total, Neamt, Anul 2016, Milioane lei RON, 3837
C  INDUSTRIA PRELUCRATOARE, Total, Neamt, Anul 2017, Milioane lei RON, 4344
C  INDUSTRIA PRELUCRATOARE, Total, Neamt, Anul 2018, Milioane lei RON, 4455
C  INDUSTRIA PRELUCRATOARE, Total, Neamt, Anul 2019, Milioane lei RON, 4398
C  INDUSTRIA PRELUCRATOARE, Total, Neamt, Anul 2020, Milioane lei RON, 4245
C  INDUSTRIA PRELUCRATOARE, Total, Neamt, Anul 2021, Milioane lei RON, 5368
C  INDUSTRIA PRELUCRATOARE, Total, Neamt, Anul 2022, Milioane lei RON, 6778
C  INDUSTRIA PRELUCRATOARE, Total, Neamt, Anul 2023, Milioane lei RON, 7022
C  INDUSTRIA PRELUCRATOARE, Total, Neamt, Anul 2024, Milioane lei RON, 6672
C  INDUSTRIA PRELUCRATOARE, Total, Suceava, Anul 2008, Milioane lei RON, 2681
C  INDUSTRIA PRELUCRATOARE, Total, Suceava, Anul 2009, Milioane lei RON, 2898
C  INDUSTRIA PRELUCRATOARE, Total, Suceava, Anul 2010, Milioane lei RON, 3231
C  INDUSTRIA PRELUCRATOARE, Total, Suceava, Anul 2011, Milioane lei RON, 4072
C  INDUSTRIA PRELUCRATOARE, Total, Suceava, Anul 2012, Milioane lei RON, 5565
C  INDUSTRIA PRELUCRATOARE, Total, Suceava, Anul 2013, Milioane lei RON, 6012
C  INDUSTRIA PRELUCRATOARE, Total, Suceava, Anul 2014, Milioane lei RON, 5744
C  INDUSTRIA PRELUCRATOARE, Total, Suceava, Anul 2015, Milioane lei RON, 5981
C  INDUSTRIA PRELUCRATOARE, Total, Suceava, Anul 2016, Milioane lei RON, 5935
C  INDUSTRIA PRELUCRATOARE, Total, Suceava, Anul 2017, Milioane lei RON, 6475
C  INDUSTRIA PRELUCRATOARE, Total, Suceava, Anul 2018, Milioane lei RON, 6703
C  INDUSTRIA PRELUCRATOARE, Total, Suceava, Anul 2019, Milioane lei RON, 7150
C  INDUSTRIA PRELUCRATOARE, Total, Suceava, Anul 2020, Milioane lei RON, 6330
C  INDUSTRIA PRELUCRATOARE, Total, Suceava, Anul 2021, Milioane lei RON, 11235
C  INDUSTRIA PRELUCRATOARE, Total, Suceava, Anul 2022, Milioane lei RON, 10046
C  INDUSTRIA PRELUCRATOARE, Total, Suceava, Anul 2023, Milioane lei RON, 9070
C  INDUSTRIA PRELUCRATOARE, Total, Suceava, Anul 2024, Milioane lei RON, 9728
C  INDUSTRIA PRELUCRATOARE, Total, Vaslui, Anul 2008, Milioane lei RON, 1224
C  INDUSTRIA PRELUCRATOARE, Total, Vaslui, Anul 2009, Milioane lei RON, 1044
C  INDUSTRIA PRELUCRATOARE, Total, Vaslui, Anul 2010, Milioane lei RON, 1138
C  INDUSTRIA PRELUCRATOARE, Total, Vaslui, Anul 2011, Milioane lei RON, 1296
C  INDUSTRIA PRELUCRATOARE, Total, Vaslui, Anul 2012, Milioane lei RON, 1269
C  INDUSTRIA PRELUCRATOARE, Total, Vaslui, Anul 2013, Milioane lei RON, 1270
C  INDUSTRIA PRELUCRATOARE, Total, Vaslui, Anul 2014, Milioane lei RON, 1291
C  INDUSTRIA PRELUCRATOARE, Total, Vaslui, Anul 2015, Milioane lei RON, 1295
C  INDUSTRIA PRELUCRATOARE, Total, Vaslui, Anul 2016, Milioane lei RON, 1251
C  INDUSTRIA PRELUCRATOARE, Total, Vaslui, Anul 2017, Milioane lei RON, 1368
C  INDUSTRIA PRELUCRATOARE, Total, Vaslui, Anul 2018, Milioane lei RON, 1481
C  INDUSTRIA PRELUCRATOARE, Total, Vaslui, Anul 2019, Milioane lei RON, 1403
C  INDUSTRIA PRELUCRATOARE, Total, Vaslui, Anul 2020, Milioane lei RON, 1250
C  INDUSTRIA PRELUCRATOARE, Total, Vaslui, Anul 2021, Milioane lei RON, 1495
C  INDUSTRIA PRELUCRATOARE, Total, Vaslui, Anul 2022, Milioane lei RON, 1857
C  INDUSTRIA PRELUCRATOARE, Total, Vaslui, Anul 2023, Milioane lei RON, 1949
C  INDUSTRIA PRELUCRATOARE, Total, Vaslui, Anul 2024, Milioane lei RON, 1856
C  INDUSTRIA PRELUCRATOARE, Total, Braila, Anul 2008, Milioane lei RON, 2192
C  INDUSTRIA PRELUCRATOARE, Total, Braila, Anul 2009, Milioane lei RON, 2068
C  INDUSTRIA PRELUCRATOARE, Total, Braila, Anul 2010, Milioane lei RON, 2294
C  INDUSTRIA PRELUCRATOARE, Total, Braila, Anul 2011, Milioane lei RON, 2881
C  INDUSTRIA PRELUCRATOARE, Total, Braila, Anul 2012, Milioane lei RON, 2077
C  INDUSTRIA PRELUCRATOARE, Total, Braila, Anul 2013, Milioane lei RON, 1836
C  INDUSTRIA PRELUCRATOARE, Total, Braila, Anul 2014, Milioane lei RON, 1816
C  INDUSTRIA PRELUCRATOARE, Total, Braila, Anul 2015, Milioane lei RON, 1716
C  INDUSTRIA PRELUCRATOARE, Total, Braila, Anul 2016, Milioane lei RON, 1347
C  INDUSTRIA PRELUCRATOARE, Total, Braila, Anul 2017, Milioane lei RON, 1963
C  INDUSTRIA PRELUCRATOARE, Total, Braila, Anul 2018, Milioane lei RON, 2363
C  INDUSTRIA PRELUCRATOARE, Total, Braila, Anul 2019, Milioane lei RON, 2073
C  INDUSTRIA PRELUCRATOARE, Total, Braila, Anul 2020, Milioane lei RON, 1990
C  INDUSTRIA PRELUCRATOARE, Total, Braila, Anul 2021, Milioane lei RON, 2433
C  INDUSTRIA PRELUCRATOARE, Total, Braila, Anul 2022, Milioane lei RON, 2703
C  INDUSTRIA PRELUCRATOARE, Total, Braila, Anul 2023, Milioane lei RON, 2773
C  INDUSTRIA PRELUCRATOARE, Total, Braila, Anul 2024, Milioane lei RON, 2761
C  INDUSTRIA PRELUCRATOARE, Total, Buzau, Anul 2008, Milioane lei RON, 4601
C  INDUSTRIA PRELUCRATOARE, Total, Buzau, Anul 2009, Milioane lei RON, 4362
C  INDUSTRIA PRELUCRATOARE, Total, Buzau, Anul 2010, Milioane lei RON, 5188
C  INDUSTRIA PRELUCRATOARE, Total, Buzau, Anul 2011, Milioane lei RON, 6048
C  INDUSTRIA PRELUCRATOARE, Total, Buzau, Anul 2012, Milioane lei RON, 6780
C  INDUSTRIA PRELUCRATOARE, Total, Buzau, Anul 2013, Milioane lei RON, 5814
C  INDUSTRIA PRELUCRATOARE, Total, Buzau, Anul 2014, Milioane lei RON, 6026
C  INDUSTRIA PRELUCRATOARE, Total, Buzau, Anul 2015, Milioane lei RON, 6527
C  INDUSTRIA PRELUCRATOARE, Total, Buzau, Anul 2016, Milioane lei RON, 5514
C  INDUSTRIA PRELUCRATOARE, Total, Buzau, Anul 2017, Milioane lei RON, 6098
C  INDUSTRIA PRELUCRATOARE, Total, Buzau, Anul 2018, Milioane lei RON, 6463
C  INDUSTRIA PRELUCRATOARE, Total, Buzau, Anul 2019, Milioane lei RON, 8007
C  INDUSTRIA PRELUCRATOARE, Total, Buzau, Anul 2020, Milioane lei RON, 7849
C  INDUSTRIA PRELUCRATOARE, Total, Buzau, Anul 2021, Milioane lei RON, 9267
C  INDUSTRIA PRELUCRATOARE, Total, Buzau, Anul 2022, Milioane lei RON, 12699
C  INDUSTRIA PRELUCRATOARE, Total, Buzau, Anul 2023, Milioane lei RON, 12178
C  INDUSTRIA PRELUCRATOARE, Total, Buzau, Anul 2024, Milioane lei RON, 11863
C  INDUSTRIA PRELUCRATOARE, Total, Constanta, Anul 2008, Milioane lei RON, 15255
C  INDUSTRIA PRELUCRATOARE, Total, Constanta, Anul 2009, Milioane lei RON, 12193
C  INDUSTRIA PRELUCRATOARE, Total, Constanta, Anul 2010, Milioane lei RON, 11760
C  INDUSTRIA PRELUCRATOARE, Total, Constanta, Anul 2011, Milioane lei RON, 15902
C  INDUSTRIA PRELUCRATOARE, Total, Constanta, Anul 2012, Milioane lei RON, 19786
C  INDUSTRIA PRELUCRATOARE, Total, Constanta, Anul 2013, Milioane lei RON, 16938
C  INDUSTRIA PRELUCRATOARE, Total, Constanta, Anul 2014, Milioane lei RON, 16026
C  INDUSTRIA PRELUCRATOARE, Total, Constanta, Anul 2015, Milioane lei RON, 15462
C  INDUSTRIA PRELUCRATOARE, Total, Constanta, Anul 2016, Milioane lei RON, 13406
C  INDUSTRIA PRELUCRATOARE, Total, Constanta, Anul 2017, Milioane lei RON, 15576
C  INDUSTRIA PRELUCRATOARE, Total, Constanta, Anul 2018, Milioane lei RON, 17240
C  INDUSTRIA PRELUCRATOARE, Total, Constanta, Anul 2019, Milioane lei RON, 18627
C  INDUSTRIA PRELUCRATOARE, Total, Constanta, Anul 2020, Milioane lei RON, 12297
C  INDUSTRIA PRELUCRATOARE, Total, Constanta, Anul 2021, Milioane lei RON, 17458
C  INDUSTRIA PRELUCRATOARE, Total, Constanta, Anul 2022, Milioane lei RON, 29524
C  INDUSTRIA PRELUCRATOARE, Total, Constanta, Anul 2023, Milioane lei RON, 23792
C  INDUSTRIA PRELUCRATOARE, Total, Constanta, Anul 2024, Milioane lei RON, 21248
C  INDUSTRIA PRELUCRATOARE, Total, Galati, Anul 2008, Milioane lei RON, 10266
C  INDUSTRIA PRELUCRATOARE, Total, Galati, Anul 2009, Milioane lei RON, 6355
C  INDUSTRIA PRELUCRATOARE, Total, Galati, Anul 2010, Milioane lei RON, 6855
C  INDUSTRIA PRELUCRATOARE, Total, Galati, Anul 2011, Milioane lei RON, 7279
C  INDUSTRIA PRELUCRATOARE, Total, Galati, Anul 2012, Milioane lei RON, 7975
C  INDUSTRIA PRELUCRATOARE, Total, Galati, Anul 2013, Milioane lei RON, 7168
C  INDUSTRIA PRELUCRATOARE, Total, Galati, Anul 2014, Milioane lei RON, 6373
C  INDUSTRIA PRELUCRATOARE, Total, Galati, Anul 2015, Milioane lei RON, 6806
C  INDUSTRIA PRELUCRATOARE, Total, Galati, Anul 2016, Milioane lei RON, 6617
C  INDUSTRIA PRELUCRATOARE, Total, Galati, Anul 2017, Milioane lei RON, 7824
C  INDUSTRIA PRELUCRATOARE, Total, Galati, Anul 2018, Milioane lei RON, 8636
C  INDUSTRIA PRELUCRATOARE, Total, Galati, Anul 2019, Milioane lei RON, 8990
C  INDUSTRIA PRELUCRATOARE, Total, Galati, Anul 2020, Milioane lei RON, 8705
C  INDUSTRIA PRELUCRATOARE, Total, Galati, Anul 2021, Milioane lei RON, 13930
C  INDUSTRIA PRELUCRATOARE, Total, Galati, Anul 2022, Milioane lei RON, 13120
C  INDUSTRIA PRELUCRATOARE, Total, Galati, Anul 2023, Milioane lei RON, 9338
C  INDUSTRIA PRELUCRATOARE, Total, Galati, Anul 2024, Milioane lei RON, 8170
C  INDUSTRIA PRELUCRATOARE, Total, Tulcea, Anul 2008, Milioane lei RON, 1389
C  INDUSTRIA PRELUCRATOARE, Total, Tulcea, Anul 2009, Milioane lei RON, 1571
C  INDUSTRIA PRELUCRATOARE, Total, Tulcea, Anul 2010, Milioane lei RON, 1848
C  INDUSTRIA PRELUCRATOARE, Total, Tulcea, Anul 2011, Milioane lei RON, 1989
C  INDUSTRIA PRELUCRATOARE, Total, Tulcea, Anul 2012, Milioane lei RON, 1890
C  INDUSTRIA PRELUCRATOARE, Total, Tulcea, Anul 2013, Milioane lei RON, 2176
C  INDUSTRIA PRELUCRATOARE, Total, Tulcea, Anul 2014, Milioane lei RON, 2094
C  INDUSTRIA PRELUCRATOARE, Total, Tulcea, Anul 2015, Milioane lei RON, 2460
C  INDUSTRIA PRELUCRATOARE, Total, Tulcea, Anul 2016, Milioane lei RON, 2000
C  INDUSTRIA PRELUCRATOARE, Total, Tulcea, Anul 2017, Milioane lei RON, 2132
C  INDUSTRIA PRELUCRATOARE, Total, Tulcea, Anul 2018, Milioane lei RON, 2909
C  INDUSTRIA PRELUCRATOARE, Total, Tulcea, Anul 2019, Milioane lei RON, 2944
C  INDUSTRIA PRELUCRATOARE, Total, Tulcea, Anul 2020, Milioane lei RON, 3115
C  INDUSTRIA PRELUCRATOARE, Total, Tulcea, Anul 2021, Milioane lei RON, 3836
C  INDUSTRIA PRELUCRATOARE, Total, Tulcea, Anul 2022, Milioane lei RON, 3659
C  INDUSTRIA PRELUCRATOARE, Total, Tulcea, Anul 2023, Milioane lei RON, 2731
C  INDUSTRIA PRELUCRATOARE, Total, Tulcea, Anul 2024, Milioane lei RON, 4334
C  INDUSTRIA PRELUCRATOARE, Total, Vrancea, Anul 2008, Milioane lei RON, 1395
C  INDUSTRIA PRELUCRATOARE, Total, Vrancea, Anul 2009, Milioane lei RON, 1291
C  INDUSTRIA PRELUCRATOARE, Total, Vrancea, Anul 2010, Milioane lei RON, 1203
C  INDUSTRIA PRELUCRATOARE, Total, Vrancea, Anul 2011, Milioane lei RON, 1469
C  INDUSTRIA PRELUCRATOARE, Total, Vrancea, Anul 2012, Milioane lei RON, 1688
C  INDUSTRIA PRELUCRATOARE, Total, Vrancea, Anul 2013, Milioane lei RON, 1754
C  INDUSTRIA PRELUCRATOARE, Total, Vrancea, Anul 2014, Milioane lei RON, 1670
C  INDUSTRIA PRELUCRATOARE, Total, Vrancea, Anul 2015, Milioane lei RON, 1890
C  INDUSTRIA PRELUCRATOARE, Total, Vrancea, Anul 2016, Milioane lei RON, 2011
C  INDUSTRIA PRELUCRATOARE, Total, Vrancea, Anul 2017, Milioane lei RON, 2254
C  INDUSTRIA PRELUCRATOARE, Total, Vrancea, Anul 2018, Milioane lei RON, 2356
C  INDUSTRIA PRELUCRATOARE, Total, Vrancea, Anul 2019, Milioane lei RON, 2326
C  INDUSTRIA PRELUCRATOARE, Total, Vrancea, Anul 2020, Milioane lei RON, 2305
C  INDUSTRIA PRELUCRATOARE, Total, Vrancea, Anul 2021, Milioane lei RON, 2587
C  INDUSTRIA PRELUCRATOARE, Total, Vrancea, Anul 2022, Milioane lei RON, 3268
C  INDUSTRIA PRELUCRATOARE, Total, Vrancea, Anul 2023, Milioane lei RON, 3489
C  INDUSTRIA PRELUCRATOARE, Total, Vrancea, Anul 2024, Milioane lei RON, 3699
C  INDUSTRIA PRELUCRATOARE, Total, Arges, Anul 2008, Milioane lei RON, 20347
C  INDUSTRIA PRELUCRATOARE, Total, Arges, Anul 2009, Milioane lei RON, 20197
C  INDUSTRIA PRELUCRATOARE, Total, Arges, Anul 2010, Milioane lei RON, 20247
C  INDUSTRIA PRELUCRATOARE, Total, Arges, Anul 2011, Milioane lei RON, 22092
C  INDUSTRIA PRELUCRATOARE, Total, Arges, Anul 2012, Milioane lei RON, 22717
C  INDUSTRIA PRELUCRATOARE, Total, Arges, Anul 2013, Milioane lei RON, 30417
C  INDUSTRIA PRELUCRATOARE, Total, Arges, Anul 2014, Milioane lei RON, 29920
C  INDUSTRIA PRELUCRATOARE, Total, Arges, Anul 2015, Milioane lei RON, 31372
C  INDUSTRIA PRELUCRATOARE, Total, Arges, Anul 2016, Milioane lei RON, 34125
C  INDUSTRIA PRELUCRATOARE, Total, Arges, Anul 2017, Milioane lei RON, 37701
C  INDUSTRIA PRELUCRATOARE, Total, Arges, Anul 2018, Milioane lei RON, 39210
C  INDUSTRIA PRELUCRATOARE, Total, Arges, Anul 2019, Milioane lei RON, 40791
C  INDUSTRIA PRELUCRATOARE, Total, Arges, Anul 2020, Milioane lei RON, 32552
C  INDUSTRIA PRELUCRATOARE, Total, Arges, Anul 2021, Milioane lei RON, 37918
C  INDUSTRIA PRELUCRATOARE, Total, Arges, Anul 2022, Milioane lei RON, 46756
C  INDUSTRIA PRELUCRATOARE, Total, Arges, Anul 2023, Milioane lei RON, 46541
C  INDUSTRIA PRELUCRATOARE, Total, Arges, Anul 2024, Milioane lei RON, 50826
C  INDUSTRIA PRELUCRATOARE, Total, Calarasi, Anul 2008, Milioane lei RON, 3113
C  INDUSTRIA PRELUCRATOARE, Total, Calarasi, Anul 2009, Milioane lei RON, 2090
C  INDUSTRIA PRELUCRATOARE, Total, Calarasi, Anul 2010, Milioane lei RON, 2118
C  INDUSTRIA PRELUCRATOARE, Total, Calarasi, Anul 2011, Milioane lei RON, 2780
C  INDUSTRIA PRELUCRATOARE, Total, Calarasi, Anul 2012, Milioane lei RON, 2700
C  INDUSTRIA PRELUCRATOARE, Total, Calarasi, Anul 2013, Milioane lei RON, 2606
C  INDUSTRIA PRELUCRATOARE, Total, Calarasi, Anul 2014, Milioane lei RON, 2861
C  INDUSTRIA PRELUCRATOARE, Total, Calarasi, Anul 2015, Milioane lei RON, 2876
C  INDUSTRIA PRELUCRATOARE, Total, Calarasi, Anul 2016, Milioane lei RON, 2718
C  INDUSTRIA PRELUCRATOARE, Total, Calarasi, Anul 2017, Milioane lei RON, 3362
C  INDUSTRIA PRELUCRATOARE, Total, Calarasi, Anul 2018, Milioane lei RON, 3613
C  INDUSTRIA PRELUCRATOARE, Total, Calarasi, Anul 2019, Milioane lei RON, 3859
C  INDUSTRIA PRELUCRATOARE, Total, Calarasi, Anul 2020, Milioane lei RON, 3614
C  INDUSTRIA PRELUCRATOARE, Total, Calarasi, Anul 2021, Milioane lei RON, 5183
C  INDUSTRIA PRELUCRATOARE, Total, Calarasi, Anul 2022, Milioane lei RON, 6680
C  INDUSTRIA PRELUCRATOARE, Total, Calarasi, Anul 2023, Milioane lei RON, 6449
C  INDUSTRIA PRELUCRATOARE, Total, Calarasi, Anul 2024, Milioane lei RON, 5915
C  INDUSTRIA PRELUCRATOARE, Total, Dambovita, Anul 2008, Milioane lei RON, 4710
C  INDUSTRIA PRELUCRATOARE, Total, Dambovita, Anul 2009, Milioane lei RON, 3497
C  INDUSTRIA PRELUCRATOARE, Total, Dambovita, Anul 2010, Milioane lei RON, 4151
C  INDUSTRIA PRELUCRATOARE, Total, Dambovita, Anul 2011, Milioane lei RON, 5236
C  INDUSTRIA PRELUCRATOARE, Total, Dambovita, Anul 2012, Milioane lei RON, 5709
C  INDUSTRIA PRELUCRATOARE, Total, Dambovita, Anul 2013, Milioane lei RON, 5179
C  INDUSTRIA PRELUCRATOARE, Total, Dambovita, Anul 2014, Milioane lei RON, 5779
C  INDUSTRIA PRELUCRATOARE, Total, Dambovita, Anul 2015, Milioane lei RON, 6072
C  INDUSTRIA PRELUCRATOARE, Total, Dambovita, Anul 2016, Milioane lei RON, 6388
C  INDUSTRIA PRELUCRATOARE, Total, Dambovita, Anul 2017, Milioane lei RON, 7501
C  INDUSTRIA PRELUCRATOARE, Total, Dambovita, Anul 2018, Milioane lei RON, 7784
C  INDUSTRIA PRELUCRATOARE, Total, Dambovita, Anul 2019, Milioane lei RON, 8295
C  INDUSTRIA PRELUCRATOARE, Total, Dambovita, Anul 2020, Milioane lei RON, 9165
C  INDUSTRIA PRELUCRATOARE, Total, Dambovita, Anul 2021, Milioane lei RON, 11341
C  INDUSTRIA PRELUCRATOARE, Total, Dambovita, Anul 2022, Milioane lei RON, 13177
C  INDUSTRIA PRELUCRATOARE, Total, Dambovita, Anul 2023, Milioane lei RON, 12543
C  INDUSTRIA PRELUCRATOARE, Total, Dambovita, Anul 2024, Milioane lei RON, 13041
C  INDUSTRIA PRELUCRATOARE, Total, Giurgiu, Anul 2008, Milioane lei RON, 679
C  INDUSTRIA PRELUCRATOARE, Total, Giurgiu, Anul 2009, Milioane lei RON, 678
C  INDUSTRIA PRELUCRATOARE, Total, Giurgiu, Anul 2010, Milioane lei RON, 667
C  INDUSTRIA PRELUCRATOARE, Total, Giurgiu, Anul 2011, Milioane lei RON, 649
C  INDUSTRIA PRELUCRATOARE, Total, Giurgiu, Anul 2012, Milioane lei RON, 695
C  INDUSTRIA PRELUCRATOARE, Total, Giurgiu, Anul 2013, Milioane lei RON, 884
C  INDUSTRIA PRELUCRATOARE, Total, Giurgiu, Anul 2014, Milioane lei RON, 910
C  INDUSTRIA PRELUCRATOARE, Total, Giurgiu, Anul 2015, Milioane lei RON, 1051
C  INDUSTRIA PRELUCRATOARE, Total, Giurgiu, Anul 2016, Milioane lei RON, 1090
C  INDUSTRIA PRELUCRATOARE, Total, Giurgiu, Anul 2017, Milioane lei RON, 1269
C  INDUSTRIA PRELUCRATOARE, Total, Giurgiu, Anul 2018, Milioane lei RON, 1511
C  INDUSTRIA PRELUCRATOARE, Total, Giurgiu, Anul 2019, Milioane lei RON, 1515
C  INDUSTRIA PRELUCRATOARE, Total, Giurgiu, Anul 2020, Milioane lei RON, 1441
C  INDUSTRIA PRELUCRATOARE, Total, Giurgiu, Anul 2021, Milioane lei RON, 1843
C  INDUSTRIA PRELUCRATOARE, Total, Giurgiu, Anul 2022, Milioane lei RON, 2329
C  INDUSTRIA PRELUCRATOARE, Total, Giurgiu, Anul 2023, Milioane lei RON, 2238
C  INDUSTRIA PRELUCRATOARE, Total, Giurgiu, Anul 2024, Milioane lei RON, 2270
C  INDUSTRIA PRELUCRATOARE, Total, Ialomita, Anul 2008, Milioane lei RON, 1831
C  INDUSTRIA PRELUCRATOARE, Total, Ialomita, Anul 2009, Milioane lei RON, 1503
C  INDUSTRIA PRELUCRATOARE, Total, Ialomita, Anul 2010, Milioane lei RON, 1793
C  INDUSTRIA PRELUCRATOARE, Total, Ialomita, Anul 2011, Milioane lei RON, 2106
C  INDUSTRIA PRELUCRATOARE, Total, Ialomita, Anul 2012, Milioane lei RON, 2479
C  INDUSTRIA PRELUCRATOARE, Total, Ialomita, Anul 2013, Milioane lei RON, 2339
C  INDUSTRIA PRELUCRATOARE, Total, Ialomita, Anul 2014, Milioane lei RON, 2211
C  INDUSTRIA PRELUCRATOARE, Total, Ialomita, Anul 2015, Milioane lei RON, 2782
C  INDUSTRIA PRELUCRATOARE, Total, Ialomita, Anul 2016, Milioane lei RON, 2655
C  INDUSTRIA PRELUCRATOARE, Total, Ialomita, Anul 2017, Milioane lei RON, 2808
C  INDUSTRIA PRELUCRATOARE, Total, Ialomita, Anul 2018, Milioane lei RON, 2796
C  INDUSTRIA PRELUCRATOARE, Total, Ialomita, Anul 2019, Milioane lei RON, 3227
C  INDUSTRIA PRELUCRATOARE, Total, Ialomita, Anul 2020, Milioane lei RON, 3422
C  INDUSTRIA PRELUCRATOARE, Total, Ialomita, Anul 2021, Milioane lei RON, 6087
C  INDUSTRIA PRELUCRATOARE, Total, Ialomita, Anul 2022, Milioane lei RON, 6297
C  INDUSTRIA PRELUCRATOARE, Total, Ialomita, Anul 2023, Milioane lei RON, 4582
C  INDUSTRIA PRELUCRATOARE, Total, Ialomita, Anul 2024, Milioane lei RON, 4274
C  INDUSTRIA PRELUCRATOARE, Total, Prahova, Anul 2008, Milioane lei RON, 19123
C  INDUSTRIA PRELUCRATOARE, Total, Prahova, Anul 2009, Milioane lei RON, 14653
C  INDUSTRIA PRELUCRATOARE, Total, Prahova, Anul 2010, Milioane lei RON, 20455
C  INDUSTRIA PRELUCRATOARE, Total, Prahova, Anul 2011, Milioane lei RON, 30965
C  INDUSTRIA PRELUCRATOARE, Total, Prahova, Anul 2012, Milioane lei RON, 22044
C  INDUSTRIA PRELUCRATOARE, Total, Prahova, Anul 2013, Milioane lei RON, 23059
C  INDUSTRIA PRELUCRATOARE, Total, Prahova, Anul 2014, Milioane lei RON, 26574
C  INDUSTRIA PRELUCRATOARE, Total, Prahova, Anul 2015, Milioane lei RON, 23566
C  INDUSTRIA PRELUCRATOARE, Total, Prahova, Anul 2016, Milioane lei RON, 24273
C  INDUSTRIA PRELUCRATOARE, Total, Prahova, Anul 2017, Milioane lei RON, 26252
C  INDUSTRIA PRELUCRATOARE, Total, Prahova, Anul 2018, Milioane lei RON, 31247
C  INDUSTRIA PRELUCRATOARE, Total, Prahova, Anul 2019, Milioane lei RON, 30815
C  INDUSTRIA PRELUCRATOARE, Total, Prahova, Anul 2020, Milioane lei RON, 27990
C  INDUSTRIA PRELUCRATOARE, Total, Prahova, Anul 2021, Milioane lei RON, 31456
C  INDUSTRIA PRELUCRATOARE, Total, Prahova, Anul 2022, Milioane lei RON, 43075
C  INDUSTRIA PRELUCRATOARE, Total, Prahova, Anul 2023, Milioane lei RON, 40118
C  INDUSTRIA PRELUCRATOARE, Total, Prahova, Anul 2024, Milioane lei RON, 44189
C  INDUSTRIA PRELUCRATOARE, Total, Teleorman, Anul 2008, Milioane lei RON, 1231
C  INDUSTRIA PRELUCRATOARE, Total, Teleorman, Anul 2009, Milioane lei RON, 1037
C  INDUSTRIA PRELUCRATOARE, Total, Teleorman, Anul 2010, Milioane lei RON, 1268
C  INDUSTRIA PRELUCRATOARE, Total, Teleorman, Anul 2011, Milioane lei RON, 1362
C  INDUSTRIA PRELUCRATOARE, Total, Teleorman, Anul 2012, Milioane lei RON, 1417
C  INDUSTRIA PRELUCRATOARE, Total, Teleorman, Anul 2013, Milioane lei RON, 1366
C  INDUSTRIA PRELUCRATOARE, Total, Teleorman, Anul 2014, Milioane lei RON, 1540
C  INDUSTRIA PRELUCRATOARE, Total, Teleorman, Anul 2015, Milioane lei RON, 1282
C  INDUSTRIA PRELUCRATOARE, Total, Teleorman, Anul 2016, Milioane lei RON, 1183
C  INDUSTRIA PRELUCRATOARE, Total, Teleorman, Anul 2017, Milioane lei RON, 1140
C  INDUSTRIA PRELUCRATOARE, Total, Teleorman, Anul 2018, Milioane lei RON, 1202
C  INDUSTRIA PRELUCRATOARE, Total, Teleorman, Anul 2019, Milioane lei RON, 2429
C  INDUSTRIA PRELUCRATOARE, Total, Teleorman, Anul 2020, Milioane lei RON, 1125
C  INDUSTRIA PRELUCRATOARE, Total, Teleorman, Anul 2021, Milioane lei RON, 1288
C  INDUSTRIA PRELUCRATOARE, Total, Teleorman, Anul 2022, Milioane lei RON, 1539
C  INDUSTRIA PRELUCRATOARE, Total, Teleorman, Anul 2023, Milioane lei RON, 1668
C  INDUSTRIA PRELUCRATOARE, Total, Teleorman, Anul 2024, Milioane lei RON, 1761
C  INDUSTRIA PRELUCRATOARE, Total, Ilfov, Anul 2008, Milioane lei RON, 9521
C  INDUSTRIA PRELUCRATOARE, Total, Ilfov, Anul 2009, Milioane lei RON, 8425
C  INDUSTRIA PRELUCRATOARE, Total, Ilfov, Anul 2010, Milioane lei RON, 6593
C  INDUSTRIA PRELUCRATOARE, Total, Ilfov, Anul 2011, Milioane lei RON, 9545
C  INDUSTRIA PRELUCRATOARE, Total, Ilfov, Anul 2012, Milioane lei RON, 8116
C  INDUSTRIA PRELUCRATOARE, Total, Ilfov, Anul 2013, Milioane lei RON, 12269
C  INDUSTRIA PRELUCRATOARE, Total, Ilfov, Anul 2014, Milioane lei RON, 10915
C  INDUSTRIA PRELUCRATOARE, Total, Ilfov, Anul 2015, Milioane lei RON, 12423
C  INDUSTRIA PRELUCRATOARE, Total, Ilfov, Anul 2016, Milioane lei RON, 11325
C  INDUSTRIA PRELUCRATOARE, Total, Ilfov, Anul 2017, Milioane lei RON, 11739
C  INDUSTRIA PRELUCRATOARE, Total, Ilfov, Anul 2018, Milioane lei RON, 14935
C  INDUSTRIA PRELUCRATOARE, Total, Ilfov, Anul 2019, Milioane lei RON, 16805
C  INDUSTRIA PRELUCRATOARE, Total, Ilfov, Anul 2020, Milioane lei RON, 18448
C  INDUSTRIA PRELUCRATOARE, Total, Ilfov, Anul 2021, Milioane lei RON, 22919
C  INDUSTRIA PRELUCRATOARE, Total, Ilfov, Anul 2022, Milioane lei RON, 25478
C  INDUSTRIA PRELUCRATOARE, Total, Ilfov, Anul 2023, Milioane lei RON, 25568
C  INDUSTRIA PRELUCRATOARE, Total, Ilfov, Anul 2024, Milioane lei RON, 27820
C  INDUSTRIA PRELUCRATOARE, Total, Municipiul Bucuresti, Anul 2008, Milioane lei RON, 31800
C  INDUSTRIA PRELUCRATOARE, Total, Municipiul Bucuresti, Anul 2009, Milioane lei RON, 23130
C  INDUSTRIA PRELUCRATOARE, Total, Municipiul Bucuresti, Anul 2010, Milioane lei RON, 28800
C  INDUSTRIA PRELUCRATOARE, Total, Municipiul Bucuresti, Anul 2011, Milioane lei RON, 24381
C  INDUSTRIA PRELUCRATOARE, Total, Municipiul Bucuresti, Anul 2012, Milioane lei RON, 24024
C  INDUSTRIA PRELUCRATOARE, Total, Municipiul Bucuresti, Anul 2013, Milioane lei RON, 23775
C  INDUSTRIA PRELUCRATOARE, Total, Municipiul Bucuresti, Anul 2014, Milioane lei RON, 26199
C  INDUSTRIA PRELUCRATOARE, Total, Municipiul Bucuresti, Anul 2015, Milioane lei RON, 25663
C  INDUSTRIA PRELUCRATOARE, Total, Municipiul Bucuresti, Anul 2016, Milioane lei RON, 26481
C  INDUSTRIA PRELUCRATOARE, Total, Municipiul Bucuresti, Anul 2017, Milioane lei RON, 29012
C  INDUSTRIA PRELUCRATOARE, Total, Municipiul Bucuresti, Anul 2018, Milioane lei RON, 32097
C  INDUSTRIA PRELUCRATOARE, Total, Municipiul Bucuresti, Anul 2019, Milioane lei RON, 33996
C  INDUSTRIA PRELUCRATOARE, Total, Municipiul Bucuresti, Anul 2020, Milioane lei RON, 32215
C  INDUSTRIA PRELUCRATOARE, Total, Municipiul Bucuresti, Anul 2021, Milioane lei RON, 41844
C  INDUSTRIA PRELUCRATOARE, Total, Municipiul Bucuresti, Anul 2022, Milioane lei RON, 50651
C  INDUSTRIA PRELUCRATOARE, Total, Municipiul Bucuresti, Anul 2023, Milioane lei RON, 56943
C  INDUSTRIA PRELUCRATOARE, Total, Municipiul Bucuresti, Anul 2024, Milioane lei RON, 60463
C  INDUSTRIA PRELUCRATOARE, Total, Dolj, Anul 2008, Milioane lei RON, 4528
C  INDUSTRIA PRELUCRATOARE, Total, Dolj, Anul 2009, Milioane lei RON, 3540
C  INDUSTRIA PRELUCRATOARE, Total, Dolj, Anul 2010, Milioane lei RON, 3707
C  INDUSTRIA PRELUCRATOARE, Total, Dolj, Anul 2011, Milioane lei RON, 4120
C  INDUSTRIA PRELUCRATOARE, Total, Dolj, Anul 2012, Milioane lei RON, 6293
C  INDUSTRIA PRELUCRATOARE, Total, Dolj, Anul 2013, Milioane lei RON, 8530
C  INDUSTRIA PRELUCRATOARE, Total, Dolj, Anul 2014, Milioane lei RON, 8326
C  INDUSTRIA PRELUCRATOARE, Total, Dolj, Anul 2015, Milioane lei RON, 7696
C  INDUSTRIA PRELUCRATOARE, Total, Dolj, Anul 2016, Milioane lei RON, 7328
C  INDUSTRIA PRELUCRATOARE, Total, Dolj, Anul 2017, Milioane lei RON, 9394
C  INDUSTRIA PRELUCRATOARE, Total, Dolj, Anul 2018, Milioane lei RON, 15289
C  INDUSTRIA PRELUCRATOARE, Total, Dolj, Anul 2019, Milioane lei RON, 16017
C  INDUSTRIA PRELUCRATOARE, Total, Dolj, Anul 2020, Milioane lei RON, 17939
C  INDUSTRIA PRELUCRATOARE, Total, Dolj, Anul 2021, Milioane lei RON, 18054
C  INDUSTRIA PRELUCRATOARE, Total, Dolj, Anul 2022, Milioane lei RON, 21956
C  INDUSTRIA PRELUCRATOARE, Total, Dolj, Anul 2023, Milioane lei RON, 21720
C  INDUSTRIA PRELUCRATOARE, Total, Dolj, Anul 2024, Milioane lei RON, 26367
C  INDUSTRIA PRELUCRATOARE, Total, Gorj, Anul 2008, Milioane lei RON, 1401
C  INDUSTRIA PRELUCRATOARE, Total, Gorj, Anul 2009, Milioane lei RON, 1193
C  INDUSTRIA PRELUCRATOARE, Total, Gorj, Anul 2010, Milioane lei RON, 902
C  INDUSTRIA PRELUCRATOARE, Total, Gorj, Anul 2011, Milioane lei RON, 1157
C  INDUSTRIA PRELUCRATOARE, Total, Gorj, Anul 2012, Milioane lei RON, 1114
C  INDUSTRIA PRELUCRATOARE, Total, Gorj, Anul 2013, Milioane lei RON, 970
C  INDUSTRIA PRELUCRATOARE, Total, Gorj, Anul 2014, Milioane lei RON, 971
C  INDUSTRIA PRELUCRATOARE, Total, Gorj, Anul 2015, Milioane lei RON, 978
C  INDUSTRIA PRELUCRATOARE, Total, Gorj, Anul 2016, Milioane lei RON, 1033
C  INDUSTRIA PRELUCRATOARE, Total, Gorj, Anul 2017, Milioane lei RON, 931
C  INDUSTRIA PRELUCRATOARE, Total, Gorj, Anul 2018, Milioane lei RON, 1528
C  INDUSTRIA PRELUCRATOARE, Total, Gorj, Anul 2019, Milioane lei RON, 1641
C  INDUSTRIA PRELUCRATOARE, Total, Gorj, Anul 2020, Milioane lei RON, 1368
C  INDUSTRIA PRELUCRATOARE, Total, Gorj, Anul 2021, Milioane lei RON, 1616
C  INDUSTRIA PRELUCRATOARE, Total, Gorj, Anul 2022, Milioane lei RON, 1961
C  INDUSTRIA PRELUCRATOARE, Total, Gorj, Anul 2023, Milioane lei RON, 2029
C  INDUSTRIA PRELUCRATOARE, Total, Gorj, Anul 2024, Milioane lei RON, 2291
C  INDUSTRIA PRELUCRATOARE, Total, Mehedinti, Anul 2008, Milioane lei RON, 1355
C  INDUSTRIA PRELUCRATOARE, Total, Mehedinti, Anul 2009, Milioane lei RON, 1241
C  INDUSTRIA PRELUCRATOARE, Total, Mehedinti, Anul 2010, Milioane lei RON, 946
C  INDUSTRIA PRELUCRATOARE, Total, Mehedinti, Anul 2011, Milioane lei RON, 816
C  INDUSTRIA PRELUCRATOARE, Total, Mehedinti, Anul 2012, Milioane lei RON, 1216
C  INDUSTRIA PRELUCRATOARE, Total, Mehedinti, Anul 2013, Milioane lei RON, 704
C  INDUSTRIA PRELUCRATOARE, Total, Mehedinti, Anul 2014, Milioane lei RON, 639
C  INDUSTRIA PRELUCRATOARE, Total, Mehedinti, Anul 2015, Milioane lei RON, 900
C  INDUSTRIA PRELUCRATOARE, Total, Mehedinti, Anul 2016, Milioane lei RON, 1096
C  INDUSTRIA PRELUCRATOARE, Total, Mehedinti, Anul 2017, Milioane lei RON, 1240
C  INDUSTRIA PRELUCRATOARE, Total, Mehedinti, Anul 2018, Milioane lei RON, 1432
C  INDUSTRIA PRELUCRATOARE, Total, Mehedinti, Anul 2019, Milioane lei RON, 1648
C  INDUSTRIA PRELUCRATOARE, Total, Mehedinti, Anul 2020, Milioane lei RON, 1415
C  INDUSTRIA PRELUCRATOARE, Total, Mehedinti, Anul 2021, Milioane lei RON, 1500
C  INDUSTRIA PRELUCRATOARE, Total, Mehedinti, Anul 2022, Milioane lei RON, 1531
C  INDUSTRIA PRELUCRATOARE, Total, Mehedinti, Anul 2023, Milioane lei RON, 1890
C  INDUSTRIA PRELUCRATOARE, Total, Mehedinti, Anul 2024, Milioane lei RON, 2095
C  INDUSTRIA PRELUCRATOARE, Total, Olt, Anul 2008, Milioane lei RON, 5718
C  INDUSTRIA PRELUCRATOARE, Total, Olt, Anul 2009, Milioane lei RON, 4508
C  INDUSTRIA PRELUCRATOARE, Total, Olt, Anul 2010, Milioane lei RON, 5739
C  INDUSTRIA PRELUCRATOARE, Total, Olt, Anul 2011, Milioane lei RON, 7260
C  INDUSTRIA PRELUCRATOARE, Total, Olt, Anul 2012, Milioane lei RON, 7201
C  INDUSTRIA PRELUCRATOARE, Total, Olt, Anul 2013, Milioane lei RON, 7080
C  INDUSTRIA PRELUCRATOARE, Total, Olt, Anul 2014, Milioane lei RON, 7241
C  INDUSTRIA PRELUCRATOARE, Total, Olt, Anul 2015, Milioane lei RON, 7655
C  INDUSTRIA PRELUCRATOARE, Total, Olt, Anul 2016, Milioane lei RON, 7406
C  INDUSTRIA PRELUCRATOARE, Total, Olt, Anul 2017, Milioane lei RON, 9027
C  INDUSTRIA PRELUCRATOARE, Total, Olt, Anul 2018, Milioane lei RON, 10102
C  INDUSTRIA PRELUCRATOARE, Total, Olt, Anul 2019, Milioane lei RON, 10396
C  INDUSTRIA PRELUCRATOARE, Total, Olt, Anul 2020, Milioane lei RON, 9512
C  INDUSTRIA PRELUCRATOARE, Total, Olt, Anul 2021, Milioane lei RON, 12445
C  INDUSTRIA PRELUCRATOARE, Total, Olt, Anul 2022, Milioane lei RON, 15400
C  INDUSTRIA PRELUCRATOARE, Total, Olt, Anul 2023, Milioane lei RON, 14562
C  INDUSTRIA PRELUCRATOARE, Total, Olt, Anul 2024, Milioane lei RON, 15040
C  INDUSTRIA PRELUCRATOARE, Total, Valcea, Anul 2008, Milioane lei RON, 4079
C  INDUSTRIA PRELUCRATOARE, Total, Valcea, Anul 2009, Milioane lei RON, 3019
C  INDUSTRIA PRELUCRATOARE, Total, Valcea, Anul 2010, Milioane lei RON, 3532
C  INDUSTRIA PRELUCRATOARE, Total, Valcea, Anul 2011, Milioane lei RON, 4137
C  INDUSTRIA PRELUCRATOARE, Total, Valcea, Anul 2012, Milioane lei RON, 3359
C  INDUSTRIA PRELUCRATOARE, Total, Valcea, Anul 2013, Milioane lei RON, 3024
C  INDUSTRIA PRELUCRATOARE, Total, Valcea, Anul 2014, Milioane lei RON, 3078
C  INDUSTRIA PRELUCRATOARE, Total, Valcea, Anul 2015, Milioane lei RON, 3613
C  INDUSTRIA PRELUCRATOARE, Total, Valcea, Anul 2016, Milioane lei RON, 3567
C  INDUSTRIA PRELUCRATOARE, Total, Valcea, Anul 2017, Milioane lei RON, 3923
C  INDUSTRIA PRELUCRATOARE, Total, Valcea, Anul 2018, Milioane lei RON, 4500
C  INDUSTRIA PRELUCRATOARE, Total, Valcea, Anul 2019, Milioane lei RON, 4811
C  INDUSTRIA PRELUCRATOARE, Total, Valcea, Anul 2020, Milioane lei RON, 4436
C  INDUSTRIA PRELUCRATOARE, Total, Valcea, Anul 2021, Milioane lei RON, 6172
C  INDUSTRIA PRELUCRATOARE, Total, Valcea, Anul 2022, Milioane lei RON, 7694
C  INDUSTRIA PRELUCRATOARE, Total, Valcea, Anul 2023, Milioane lei RON, 6568
C  INDUSTRIA PRELUCRATOARE, Total, Valcea, Anul 2024, Milioane lei RON, 7605
C  INDUSTRIA PRELUCRATOARE, Total, Arad, Anul 2008, Milioane lei RON, 6224
C  INDUSTRIA PRELUCRATOARE, Total, Arad, Anul 2009, Milioane lei RON, 5775
C  INDUSTRIA PRELUCRATOARE, Total, Arad, Anul 2010, Milioane lei RON, 7590
C  INDUSTRIA PRELUCRATOARE, Total, Arad, Anul 2011, Milioane lei RON, 9805
C  INDUSTRIA PRELUCRATOARE, Total, Arad, Anul 2012, Milioane lei RON, 10304
C  INDUSTRIA PRELUCRATOARE, Total, Arad, Anul 2013, Milioane lei RON, 11754
C  INDUSTRIA PRELUCRATOARE, Total, Arad, Anul 2014, Milioane lei RON, 13185
C  INDUSTRIA PRELUCRATOARE, Total, Arad, Anul 2015, Milioane lei RON, 13983
C  INDUSTRIA PRELUCRATOARE, Total, Arad, Anul 2016, Milioane lei RON, 15979
C  INDUSTRIA PRELUCRATOARE, Total, Arad, Anul 2017, Milioane lei RON, 17062
C  INDUSTRIA PRELUCRATOARE, Total, Arad, Anul 2018, Milioane lei RON, 17933
C  INDUSTRIA PRELUCRATOARE, Total, Arad, Anul 2019, Milioane lei RON, 17509
C  INDUSTRIA PRELUCRATOARE, Total, Arad, Anul 2020, Milioane lei RON, 14469
C  INDUSTRIA PRELUCRATOARE, Total, Arad, Anul 2021, Milioane lei RON, 16114
C  INDUSTRIA PRELUCRATOARE, Total, Arad, Anul 2022, Milioane lei RON, 19092
C  INDUSTRIA PRELUCRATOARE, Total, Arad, Anul 2023, Milioane lei RON, 19613
C  INDUSTRIA PRELUCRATOARE, Total, Arad, Anul 2024, Milioane lei RON, 18958
C  INDUSTRIA PRELUCRATOARE, Total, Caras-Severin, Anul 2008, Milioane lei RON, 1817
C  INDUSTRIA PRELUCRATOARE, Total, Caras-Severin, Anul 2009, Milioane lei RON, 1832
C  INDUSTRIA PRELUCRATOARE, Total, Caras-Severin, Anul 2010, Milioane lei RON, 2293
C  INDUSTRIA PRELUCRATOARE, Total, Caras-Severin, Anul 2011, Milioane lei RON, 2702
C  INDUSTRIA PRELUCRATOARE, Total, Caras-Severin, Anul 2012, Milioane lei RON, 2839
C  INDUSTRIA PRELUCRATOARE, Total, Caras-Severin, Anul 2013, Milioane lei RON, 2616
C  INDUSTRIA PRELUCRATOARE, Total, Caras-Severin, Anul 2014, Milioane lei RON, 2622
C  INDUSTRIA PRELUCRATOARE, Total, Caras-Severin, Anul 2015, Milioane lei RON, 2936
C  INDUSTRIA PRELUCRATOARE, Total, Caras-Severin, Anul 2016, Milioane lei RON, 2994
C  INDUSTRIA PRELUCRATOARE, Total, Caras-Severin, Anul 2017, Milioane lei RON, 3111
C  INDUSTRIA PRELUCRATOARE, Total, Caras-Severin, Anul 2018, Milioane lei RON, 2459
C  INDUSTRIA PRELUCRATOARE, Total, Caras-Severin, Anul 2019, Milioane lei RON, 2403
C  INDUSTRIA PRELUCRATOARE, Total, Caras-Severin, Anul 2020, Milioane lei RON, 2360
C  INDUSTRIA PRELUCRATOARE, Total, Caras-Severin, Anul 2021, Milioane lei RON, 2697
C  INDUSTRIA PRELUCRATOARE, Total, Caras-Severin, Anul 2022, Milioane lei RON, 2312
C  INDUSTRIA PRELUCRATOARE, Total, Caras-Severin, Anul 2023, Milioane lei RON, 2231
C  INDUSTRIA PRELUCRATOARE, Total, Caras-Severin, Anul 2024, Milioane lei RON, 2662
C  INDUSTRIA PRELUCRATOARE, Total, Hunedoara, Anul 2008, Milioane lei RON, 3588
C  INDUSTRIA PRELUCRATOARE, Total, Hunedoara, Anul 2009, Milioane lei RON, 2791
C  INDUSTRIA PRELUCRATOARE, Total, Hunedoara, Anul 2010, Milioane lei RON, 2978
C  INDUSTRIA PRELUCRATOARE, Total, Hunedoara, Anul 2011, Milioane lei RON, 3768
C  INDUSTRIA PRELUCRATOARE, Total, Hunedoara, Anul 2012, Milioane lei RON, 5276
C  INDUSTRIA PRELUCRATOARE, Total, Hunedoara, Anul 2013, Milioane lei RON, 4296
C  INDUSTRIA PRELUCRATOARE, Total, Hunedoara, Anul 2014, Milioane lei RON, 4652
C  INDUSTRIA PRELUCRATOARE, Total, Hunedoara, Anul 2015, Milioane lei RON, 5292
C  INDUSTRIA PRELUCRATOARE, Total, Hunedoara, Anul 2016, Milioane lei RON, 5578
C  INDUSTRIA PRELUCRATOARE, Total, Hunedoara, Anul 2017, Milioane lei RON, 6376
C  INDUSTRIA PRELUCRATOARE, Total, Hunedoara, Anul 2018, Milioane lei RON, 5068
C  INDUSTRIA PRELUCRATOARE, Total, Hunedoara, Anul 2019, Milioane lei RON, 5229
C  INDUSTRIA PRELUCRATOARE, Total, Hunedoara, Anul 2020, Milioane lei RON, 5277
C  INDUSTRIA PRELUCRATOARE, Total, Hunedoara, Anul 2021, Milioane lei RON, 6854
C  INDUSTRIA PRELUCRATOARE, Total, Hunedoara, Anul 2022, Milioane lei RON, 6908
C  INDUSTRIA PRELUCRATOARE, Total, Hunedoara, Anul 2023, Milioane lei RON, 7733
C  INDUSTRIA PRELUCRATOARE, Total, Hunedoara, Anul 2024, Milioane lei RON, 7262
C  INDUSTRIA PRELUCRATOARE, Total, Timis, Anul 2008, Milioane lei RON, 11067
C  INDUSTRIA PRELUCRATOARE, Total, Timis, Anul 2009, Milioane lei RON, 11664
C  INDUSTRIA PRELUCRATOARE, Total, Timis, Anul 2010, Milioane lei RON, 13097
C  INDUSTRIA PRELUCRATOARE, Total, Timis, Anul 2011, Milioane lei RON, 16439
C  INDUSTRIA PRELUCRATOARE, Total, Timis, Anul 2012, Milioane lei RON, 19326
C  INDUSTRIA PRELUCRATOARE, Total, Timis, Anul 2013, Milioane lei RON, 20075
C  INDUSTRIA PRELUCRATOARE, Total, Timis, Anul 2014, Milioane lei RON, 23056
C  INDUSTRIA PRELUCRATOARE, Total, Timis, Anul 2015, Milioane lei RON, 25950
C  INDUSTRIA PRELUCRATOARE, Total, Timis, Anul 2016, Milioane lei RON, 28738
C  INDUSTRIA PRELUCRATOARE, Total, Timis, Anul 2017, Milioane lei RON, 31939
C  INDUSTRIA PRELUCRATOARE, Total, Timis, Anul 2018, Milioane lei RON, 34188
C  INDUSTRIA PRELUCRATOARE, Total, Timis, Anul 2019, Milioane lei RON, 33771
C  INDUSTRIA PRELUCRATOARE, Total, Timis, Anul 2020, Milioane lei RON, 31600
C  INDUSTRIA PRELUCRATOARE, Total, Timis, Anul 2021, Milioane lei RON, 36363
C  INDUSTRIA PRELUCRATOARE, Total, Timis, Anul 2022, Milioane lei RON, 44931
C  INDUSTRIA PRELUCRATOARE, Total, Timis, Anul 2023, Milioane lei RON, 49388
C  INDUSTRIA PRELUCRATOARE, Total, Timis, Anul 2024, Milioane lei RON, 49312
D  PRODUCTIA SI FURNIZAREA DE ENERGIE ELECTRICA SI TERMICA  GAZE  APA CALDA SI AER CONDITIONAT, Total, Bihor, Anul 2008, Milioane lei RON, 612
D  PRODUCTIA SI FURNIZAREA DE ENERGIE ELECTRICA SI TERMICA  GAZE  APA CALDA SI AER CONDITIONAT, Total, Bihor, Anul 2009, Milioane lei RON, 622
D  PRODUCTIA SI FURNIZAREA DE ENERGIE ELECTRICA SI TERMICA  GAZE  APA CALDA SI AER CONDITIONAT, Total, Bihor, Anul 2010, Milioane lei RON, 620
D  PRODUCTIA SI FURNIZAREA DE ENERGIE ELECTRICA SI TERMICA  GAZE  APA CALDA SI AER CONDITIONAT, Total, Bihor, Anul 2011, Milioane lei RON, 373
D  PRODUCTIA SI FURNIZAREA DE ENERGIE ELECTRICA SI TERMICA  GAZE  APA CALDA SI AER CONDITIONAT, Total, Bihor, Anul 2012, Milioane lei RON, 406
D  PRODUCTIA SI FURNIZAREA DE ENERGIE ELECTRICA SI TERMICA  GAZE  APA CALDA SI AER CONDITIONAT, Total, Bihor, Anul 2013, Milioane lei RON, 520
D  PRODUCTIA SI FURNIZAREA DE ENERGIE ELECTRICA SI TERMICA  GAZE  APA CALDA SI AER CONDITIONAT, Total, Bihor, Anul 2014, Milioane lei RON, 514
D  PRODUCTIA SI FURNIZAREA DE ENERGIE ELECTRICA SI TERMICA  GAZE  APA CALDA SI AER CONDITIONAT, Total, Bihor, Anul 2015, Milioane lei RON, 520
D  PRODUCTIA SI FURNIZAREA DE ENERGIE ELECTRICA SI TERMICA  GAZE  APA CALDA SI AER CONDITIONAT, Total, Bihor, Anul 2016, Milioane lei RON, 456
D  PRODUCTIA SI FURNIZAREA DE ENERGIE ELECTRICA SI TERMICA  GAZE  APA CALDA SI AER CONDITIONAT, Total, Bihor, Anul 2017, Milioane lei RON, 490
D  PRODUCTIA SI FURNIZAREA DE ENERGIE ELECTRICA SI TERMICA  GAZE  APA CALDA SI AER CONDITIONAT, Total, Bihor, Anul 2018, Milioane lei RON, 424
D  PRODUCTIA SI FURNIZAREA DE ENERGIE ELECTRICA SI TERMICA  GAZE  APA CALDA SI AER CONDITIONAT, Total, Bihor, Anul 2019, Milioane lei RON, 475
D  PRODUCTIA SI FURNIZAREA DE ENERGIE ELECTRICA SI TERMICA  GAZE  APA CALDA SI AER CONDITIONAT, Total, Bihor, Anul 2020, Milioane lei RON, 561
D  PRODUCTIA SI FURNIZAREA DE ENERGIE ELECTRICA SI TERMICA  GAZE  APA CALDA SI AER CONDITIONAT, Total, Bihor, Anul 2021, Milioane lei RON, 917
D  PRODUCTIA SI FURNIZAREA DE ENERGIE ELECTRICA SI TERMICA  GAZE  APA CALDA SI AER CONDITIONAT, Total, Bihor, Anul 2022, Milioane lei RON, 1353
D  PRODUCTIA SI FURNIZAREA DE ENERGIE ELECTRICA SI TERMICA  GAZE  APA CALDA SI AER CONDITIONAT, Total, Bihor, Anul 2023, Milioane lei RON, 1012
D  PRODUCTIA SI FURNIZAREA DE ENERGIE ELECTRICA SI TERMICA  GAZE  APA CALDA SI AER CONDITIONAT, Total, Bihor, Anul 2024, Milioane lei RON, 962
D  PRODUCTIA SI FURNIZAREA DE ENERGIE ELECTRICA SI TERMICA  GAZE  APA CALDA SI AER CONDITIONAT, Total, Bistrita-Nasaud, Anul 2008, Milioane lei RON, 176
D  PRODUCTIA SI FURNIZAREA DE ENERGIE ELECTRICA SI TERMICA  GAZE  APA CALDA SI AER CONDITIONAT, Total, Bistrita-Nasaud, Anul 2009, Milioane lei RON, 165
D  PRODUCTIA SI FURNIZAREA DE ENERGIE ELECTRICA SI TERMICA  GAZE  APA CALDA SI AER CONDITIONAT, Total, Bistrita-Nasaud, Anul 2010, Milioane lei RON, 166
D  PRODUCTIA SI FURNIZAREA DE ENERGIE ELECTRICA SI TERMICA  GAZE  APA CALDA SI AER CONDITIONAT, Total, Bistrita-Nasaud, Anul 2011, Milioane lei RON, 55
D  PRODUCTIA SI FURNIZAREA DE ENERGIE ELECTRICA SI TERMICA  GAZE  APA CALDA SI AER CONDITIONAT, Total, Bistrita-Nasaud, Anul 2012, Milioane lei RON, 61
D  PRODUCTIA SI FURNIZAREA DE ENERGIE ELECTRICA SI TERMICA  GAZE  APA CALDA SI AER CONDITIONAT, Total, Bistrita-Nasaud, Anul 2013, Milioane lei RON, 100
D  PRODUCTIA SI FURNIZAREA DE ENERGIE ELECTRICA SI TERMICA  GAZE  APA CALDA SI AER CONDITIONAT, Total, Bistrita-Nasaud, Anul 2014, Milioane lei RON, 125
D  PRODUCTIA SI FURNIZAREA DE ENERGIE ELECTRICA SI TERMICA  GAZE  APA CALDA SI AER CONDITIONAT, Total, Bistrita-Nasaud, Anul 2015, Milioane lei RON, 117
D  PRODUCTIA SI FURNIZAREA DE ENERGIE ELECTRICA SI TERMICA  GAZE  APA CALDA SI AER CONDITIONAT, Total, Bistrita-Nasaud, Anul 2016, Milioane lei RON, 78
D  PRODUCTIA SI FURNIZAREA DE ENERGIE ELECTRICA SI TERMICA  GAZE  APA CALDA SI AER CONDITIONAT, Total, Bistrita-Nasaud, Anul 2017, Milioane lei RON, 72
D  PRODUCTIA SI FURNIZAREA DE ENERGIE ELECTRICA SI TERMICA  GAZE  APA CALDA SI AER CONDITIONAT, Total, Bistrita-Nasaud, Anul 2018, Milioane lei RON, 67
D  PRODUCTIA SI FURNIZAREA DE ENERGIE ELECTRICA SI TERMICA  GAZE  APA CALDA SI AER CONDITIONAT, Total, Bistrita-Nasaud, Anul 2019, Milioane lei RON, 70
D  PRODUCTIA SI FURNIZAREA DE ENERGIE ELECTRICA SI TERMICA  GAZE  APA CALDA SI AER CONDITIONAT, Total, Bistrita-Nasaud, Anul 2020, Milioane lei RON, 89
D  PRODUCTIA SI FURNIZAREA DE ENERGIE ELECTRICA SI TERMICA  GAZE  APA CALDA SI AER CONDITIONAT, Total, Bistrita-Nasaud, Anul 2021, Milioane lei RON, 80
D  PRODUCTIA SI FURNIZAREA DE ENERGIE ELECTRICA SI TERMICA  GAZE  APA CALDA SI AER CONDITIONAT, Total, Bistrita-Nasaud, Anul 2022, Milioane lei RON, 122
D  PRODUCTIA SI FURNIZAREA DE ENERGIE ELECTRICA SI TERMICA  GAZE  APA CALDA SI AER CONDITIONAT, Total, Bistrita-Nasaud, Anul 2023, Milioane lei RON, 123
D  PRODUCTIA SI FURNIZAREA DE ENERGIE ELECTRICA SI TERMICA  GAZE  APA CALDA SI AER CONDITIONAT, Total, Bistrita-Nasaud, Anul 2024, Milioane lei RON, 138
D  PRODUCTIA SI FURNIZAREA DE ENERGIE ELECTRICA SI TERMICA  GAZE  APA CALDA SI AER CONDITIONAT, Total, Cluj, Anul 2008, Milioane lei RON, 946
D  PRODUCTIA SI FURNIZAREA DE ENERGIE ELECTRICA SI TERMICA  GAZE  APA CALDA SI AER CONDITIONAT, Total, Cluj, Anul 2009, Milioane lei RON, 932
D  PRODUCTIA SI FURNIZAREA DE ENERGIE ELECTRICA SI TERMICA  GAZE  APA CALDA SI AER CONDITIONAT, Total, Cluj, Anul 2010, Milioane lei RON, 968
D  PRODUCTIA SI FURNIZAREA DE ENERGIE ELECTRICA SI TERMICA  GAZE  APA CALDA SI AER CONDITIONAT, Total, Cluj, Anul 2011, Milioane lei RON, 1785
D  PRODUCTIA SI FURNIZAREA DE ENERGIE ELECTRICA SI TERMICA  GAZE  APA CALDA SI AER CONDITIONAT, Total, Cluj, Anul 2012, Milioane lei RON, 1910
D  PRODUCTIA SI FURNIZAREA DE ENERGIE ELECTRICA SI TERMICA  GAZE  APA CALDA SI AER CONDITIONAT, Total, Cluj, Anul 2013, Milioane lei RON, 1984
D  PRODUCTIA SI FURNIZAREA DE ENERGIE ELECTRICA SI TERMICA  GAZE  APA CALDA SI AER CONDITIONAT, Total, Cluj, Anul 2014, Milioane lei RON, 1797
D  PRODUCTIA SI FURNIZAREA DE ENERGIE ELECTRICA SI TERMICA  GAZE  APA CALDA SI AER CONDITIONAT, Total, Cluj, Anul 2015, Milioane lei RON, 1898
D  PRODUCTIA SI FURNIZAREA DE ENERGIE ELECTRICA SI TERMICA  GAZE  APA CALDA SI AER CONDITIONAT, Total, Cluj, Anul 2016, Milioane lei RON, 2226
D  PRODUCTIA SI FURNIZAREA DE ENERGIE ELECTRICA SI TERMICA  GAZE  APA CALDA SI AER CONDITIONAT, Total, Cluj, Anul 2017, Milioane lei RON, 2047
D  PRODUCTIA SI FURNIZAREA DE ENERGIE ELECTRICA SI TERMICA  GAZE  APA CALDA SI AER CONDITIONAT, Total, Cluj, Anul 2018, Milioane lei RON, 2133
D  PRODUCTIA SI FURNIZAREA DE ENERGIE ELECTRICA SI TERMICA  GAZE  APA CALDA SI AER CONDITIONAT, Total, Cluj, Anul 2019, Milioane lei RON, 2358
D  PRODUCTIA SI FURNIZAREA DE ENERGIE ELECTRICA SI TERMICA  GAZE  APA CALDA SI AER CONDITIONAT, Total, Cluj, Anul 2020, Milioane lei RON, 2459
D  PRODUCTIA SI FURNIZAREA DE ENERGIE ELECTRICA SI TERMICA  GAZE  APA CALDA SI AER CONDITIONAT, Total, Cluj, Anul 2021, Milioane lei RON, 3235
D  PRODUCTIA SI FURNIZAREA DE ENERGIE ELECTRICA SI TERMICA  GAZE  APA CALDA SI AER CONDITIONAT, Total, Cluj, Anul 2022, Milioane lei RON, 5600
D  PRODUCTIA SI FURNIZAREA DE ENERGIE ELECTRICA SI TERMICA  GAZE  APA CALDA SI AER CONDITIONAT, Total, Cluj, Anul 2023, Milioane lei RON, 6868
D  PRODUCTIA SI FURNIZAREA DE ENERGIE ELECTRICA SI TERMICA  GAZE  APA CALDA SI AER CONDITIONAT, Total, Cluj, Anul 2024, Milioane lei RON, 6108
D  PRODUCTIA SI FURNIZAREA DE ENERGIE ELECTRICA SI TERMICA  GAZE  APA CALDA SI AER CONDITIONAT, Total, Maramures, Anul 2008, Milioane lei RON, 253
D  PRODUCTIA SI FURNIZAREA DE ENERGIE ELECTRICA SI TERMICA  GAZE  APA CALDA SI AER CONDITIONAT, Total, Maramures, Anul 2009, Milioane lei RON, 263
D  PRODUCTIA SI FURNIZAREA DE ENERGIE ELECTRICA SI TERMICA  GAZE  APA CALDA SI AER CONDITIONAT, Total, Maramures, Anul 2010, Milioane lei RON, 266
D  PRODUCTIA SI FURNIZAREA DE ENERGIE ELECTRICA SI TERMICA  GAZE  APA CALDA SI AER CONDITIONAT, Total, Maramures, Anul 2011, Milioane lei RON, 85
D  PRODUCTIA SI FURNIZAREA DE ENERGIE ELECTRICA SI TERMICA  GAZE  APA CALDA SI AER CONDITIONAT, Total, Maramures, Anul 2012, Milioane lei RON, 99
D  PRODUCTIA SI FURNIZAREA DE ENERGIE ELECTRICA SI TERMICA  GAZE  APA CALDA SI AER CONDITIONAT, Total, Maramures, Anul 2013, Milioane lei RON, 111
D  PRODUCTIA SI FURNIZAREA DE ENERGIE ELECTRICA SI TERMICA  GAZE  APA CALDA SI AER CONDITIONAT, Total, Maramures, Anul 2014, Milioane lei RON, 101
D  PRODUCTIA SI FURNIZAREA DE ENERGIE ELECTRICA SI TERMICA  GAZE  APA CALDA SI AER CONDITIONAT, Total, Maramures, Anul 2015, Milioane lei RON, 109
D  PRODUCTIA SI FURNIZAREA DE ENERGIE ELECTRICA SI TERMICA  GAZE  APA CALDA SI AER CONDITIONAT, Total, Maramures, Anul 2016, Milioane lei RON, 109
D  PRODUCTIA SI FURNIZAREA DE ENERGIE ELECTRICA SI TERMICA  GAZE  APA CALDA SI AER CONDITIONAT, Total, Maramures, Anul 2017, Milioane lei RON, 288
D  PRODUCTIA SI FURNIZAREA DE ENERGIE ELECTRICA SI TERMICA  GAZE  APA CALDA SI AER CONDITIONAT, Total, Maramures, Anul 2018, Milioane lei RON, 110
D  PRODUCTIA SI FURNIZAREA DE ENERGIE ELECTRICA SI TERMICA  GAZE  APA CALDA SI AER CONDITIONAT, Total, Maramures, Anul 2019, Milioane lei RON, 109
D  PRODUCTIA SI FURNIZAREA DE ENERGIE ELECTRICA SI TERMICA  GAZE  APA CALDA SI AER CONDITIONAT, Total, Maramures, Anul 2020, Milioane lei RON, 116
D  PRODUCTIA SI FURNIZAREA DE ENERGIE ELECTRICA SI TERMICA  GAZE  APA CALDA SI AER CONDITIONAT, Total, Maramures, Anul 2021, Milioane lei RON, 118
D  PRODUCTIA SI FURNIZAREA DE ENERGIE ELECTRICA SI TERMICA  GAZE  APA CALDA SI AER CONDITIONAT, Total, Maramures, Anul 2022, Milioane lei RON, 160
D  PRODUCTIA SI FURNIZAREA DE ENERGIE ELECTRICA SI TERMICA  GAZE  APA CALDA SI AER CONDITIONAT, Total, Maramures, Anul 2023, Milioane lei RON, 188
D  PRODUCTIA SI FURNIZAREA DE ENERGIE ELECTRICA SI TERMICA  GAZE  APA CALDA SI AER CONDITIONAT, Total, Maramures, Anul 2024, Milioane lei RON, 266
D  PRODUCTIA SI FURNIZAREA DE ENERGIE ELECTRICA SI TERMICA  GAZE  APA CALDA SI AER CONDITIONAT, Total, Satu Mare, Anul 2008, Milioane lei RON, 196
D  PRODUCTIA SI FURNIZAREA DE ENERGIE ELECTRICA SI TERMICA  GAZE  APA CALDA SI AER CONDITIONAT, Total, Satu Mare, Anul 2009, Milioane lei RON, 152
D  PRODUCTIA SI FURNIZAREA DE ENERGIE ELECTRICA SI TERMICA  GAZE  APA CALDA SI AER CONDITIONAT, Total, Satu Mare, Anul 2010, Milioane lei RON, 207
D  PRODUCTIA SI FURNIZAREA DE ENERGIE ELECTRICA SI TERMICA  GAZE  APA CALDA SI AER CONDITIONAT, Total, Satu Mare, Anul 2011, Milioane lei RON, 71
D  PRODUCTIA SI FURNIZAREA DE ENERGIE ELECTRICA SI TERMICA  GAZE  APA CALDA SI AER CONDITIONAT, Total, Satu Mare, Anul 2012, Milioane lei RON, 77
D  PRODUCTIA SI FURNIZAREA DE ENERGIE ELECTRICA SI TERMICA  GAZE  APA CALDA SI AER CONDITIONAT, Total, Satu Mare, Anul 2013, Milioane lei RON, 87
D  PRODUCTIA SI FURNIZAREA DE ENERGIE ELECTRICA SI TERMICA  GAZE  APA CALDA SI AER CONDITIONAT, Total, Satu Mare, Anul 2014, Milioane lei RON, 91
D  PRODUCTIA SI FURNIZAREA DE ENERGIE ELECTRICA SI TERMICA  GAZE  APA CALDA SI AER CONDITIONAT, Total, Satu Mare, Anul 2015, Milioane lei RON, 117
D  PRODUCTIA SI FURNIZAREA DE ENERGIE ELECTRICA SI TERMICA  GAZE  APA CALDA SI AER CONDITIONAT, Total, Satu Mare, Anul 2016, Milioane lei RON, 105
D  PRODUCTIA SI FURNIZAREA DE ENERGIE ELECTRICA SI TERMICA  GAZE  APA CALDA SI AER CONDITIONAT, Total, Satu Mare, Anul 2017, Milioane lei RON, 127
D  PRODUCTIA SI FURNIZAREA DE ENERGIE ELECTRICA SI TERMICA  GAZE  APA CALDA SI AER CONDITIONAT, Total, Satu Mare, Anul 2018, Milioane lei RON, 159
D  PRODUCTIA SI FURNIZAREA DE ENERGIE ELECTRICA SI TERMICA  GAZE  APA CALDA SI AER CONDITIONAT, Total, Satu Mare, Anul 2019, Milioane lei RON, 178
D  PRODUCTIA SI FURNIZAREA DE ENERGIE ELECTRICA SI TERMICA  GAZE  APA CALDA SI AER CONDITIONAT, Total, Satu Mare, Anul 2020, Milioane lei RON, 198
D  PRODUCTIA SI FURNIZAREA DE ENERGIE ELECTRICA SI TERMICA  GAZE  APA CALDA SI AER CONDITIONAT, Total, Satu Mare, Anul 2021, Milioane lei RON, 230
D  PRODUCTIA SI FURNIZAREA DE ENERGIE ELECTRICA SI TERMICA  GAZE  APA CALDA SI AER CONDITIONAT, Total, Satu Mare, Anul 2022, Milioane lei RON, 261
D  PRODUCTIA SI FURNIZAREA DE ENERGIE ELECTRICA SI TERMICA  GAZE  APA CALDA SI AER CONDITIONAT, Total, Satu Mare, Anul 2023, Milioane lei RON, 274
D  PRODUCTIA SI FURNIZAREA DE ENERGIE ELECTRICA SI TERMICA  GAZE  APA CALDA SI AER CONDITIONAT, Total, Satu Mare, Anul 2024, Milioane lei RON, 306
D  PRODUCTIA SI FURNIZAREA DE ENERGIE ELECTRICA SI TERMICA  GAZE  APA CALDA SI AER CONDITIONAT, Total, Salaj, Anul 2008, Milioane lei RON, 216
D  PRODUCTIA SI FURNIZAREA DE ENERGIE ELECTRICA SI TERMICA  GAZE  APA CALDA SI AER CONDITIONAT, Total, Salaj, Anul 2009, Milioane lei RON, 137
D  PRODUCTIA SI FURNIZAREA DE ENERGIE ELECTRICA SI TERMICA  GAZE  APA CALDA SI AER CONDITIONAT, Total, Salaj, Anul 2010, Milioane lei RON, 190
D  PRODUCTIA SI FURNIZAREA DE ENERGIE ELECTRICA SI TERMICA  GAZE  APA CALDA SI AER CONDITIONAT, Total, Salaj, Anul 2011, Milioane lei RON, 109
D  PRODUCTIA SI FURNIZAREA DE ENERGIE ELECTRICA SI TERMICA  GAZE  APA CALDA SI AER CONDITIONAT, Total, Salaj, Anul 2012, Milioane lei RON, 90
D  PRODUCTIA SI FURNIZAREA DE ENERGIE ELECTRICA SI TERMICA  GAZE  APA CALDA SI AER CONDITIONAT, Total, Salaj, Anul 2013, Milioane lei RON, 127
D  PRODUCTIA SI FURNIZAREA DE ENERGIE ELECTRICA SI TERMICA  GAZE  APA CALDA SI AER CONDITIONAT, Total, Salaj, Anul 2014, Milioane lei RON, 140
D  PRODUCTIA SI FURNIZAREA DE ENERGIE ELECTRICA SI TERMICA  GAZE  APA CALDA SI AER CONDITIONAT, Total, Salaj, Anul 2015, Milioane lei RON, 136
D  PRODUCTIA SI FURNIZAREA DE ENERGIE ELECTRICA SI TERMICA  GAZE  APA CALDA SI AER CONDITIONAT, Total, Salaj, Anul 2016, Milioane lei RON, 124
D  PRODUCTIA SI FURNIZAREA DE ENERGIE ELECTRICA SI TERMICA  GAZE  APA CALDA SI AER CONDITIONAT, Total, Salaj, Anul 2017, Milioane lei RON, 89
D  PRODUCTIA SI FURNIZAREA DE ENERGIE ELECTRICA SI TERMICA  GAZE  APA CALDA SI AER CONDITIONAT, Total, Salaj, Anul 2018, Milioane lei RON, 57
D  PRODUCTIA SI FURNIZAREA DE ENERGIE ELECTRICA SI TERMICA  GAZE  APA CALDA SI AER CONDITIONAT, Total, Salaj, Anul 2019, Milioane lei RON, 52
D  PRODUCTIA SI FURNIZAREA DE ENERGIE ELECTRICA SI TERMICA  GAZE  APA CALDA SI AER CONDITIONAT, Total, Salaj, Anul 2020, Milioane lei RON, 53
D  PRODUCTIA SI FURNIZAREA DE ENERGIE ELECTRICA SI TERMICA  GAZE  APA CALDA SI AER CONDITIONAT, Total, Salaj, Anul 2021, Milioane lei RON, 61
D  PRODUCTIA SI FURNIZAREA DE ENERGIE ELECTRICA SI TERMICA  GAZE  APA CALDA SI AER CONDITIONAT, Total, Salaj, Anul 2022, Milioane lei RON, 78
D  PRODUCTIA SI FURNIZAREA DE ENERGIE ELECTRICA SI TERMICA  GAZE  APA CALDA SI AER CONDITIONAT, Total, Salaj, Anul 2023, Milioane lei RON, 89
D  PRODUCTIA SI FURNIZAREA DE ENERGIE ELECTRICA SI TERMICA  GAZE  APA CALDA SI AER CONDITIONAT, Total, Salaj, Anul 2024, Milioane lei RON, 130
D  PRODUCTIA SI FURNIZAREA DE ENERGIE ELECTRICA SI TERMICA  GAZE  APA CALDA SI AER CONDITIONAT, Total, Alba, Anul 2008, Milioane lei RON, 294
D  PRODUCTIA SI FURNIZAREA DE ENERGIE ELECTRICA SI TERMICA  GAZE  APA CALDA SI AER CONDITIONAT, Total, Alba, Anul 2009, Milioane lei RON, 275
D  PRODUCTIA SI FURNIZAREA DE ENERGIE ELECTRICA SI TERMICA  GAZE  APA CALDA SI AER CONDITIONAT, Total, Alba, Anul 2010, Milioane lei RON, 390
D  PRODUCTIA SI FURNIZAREA DE ENERGIE ELECTRICA SI TERMICA  GAZE  APA CALDA SI AER CONDITIONAT, Total, Alba, Anul 2011, Milioane lei RON, 237
D  PRODUCTIA SI FURNIZAREA DE ENERGIE ELECTRICA SI TERMICA  GAZE  APA CALDA SI AER CONDITIONAT, Total, Alba, Anul 2012, Milioane lei RON, 252
D  PRODUCTIA SI FURNIZAREA DE ENERGIE ELECTRICA SI TERMICA  GAZE  APA CALDA SI AER CONDITIONAT, Total, Alba, Anul 2013, Milioane lei RON, 306
D  PRODUCTIA SI FURNIZAREA DE ENERGIE ELECTRICA SI TERMICA  GAZE  APA CALDA SI AER CONDITIONAT, Total, Alba, Anul 2014, Milioane lei RON, 387
D  PRODUCTIA SI FURNIZAREA DE ENERGIE ELECTRICA SI TERMICA  GAZE  APA CALDA SI AER CONDITIONAT, Total, Alba, Anul 2015, Milioane lei RON, 375
D  PRODUCTIA SI FURNIZAREA DE ENERGIE ELECTRICA SI TERMICA  GAZE  APA CALDA SI AER CONDITIONAT, Total, Alba, Anul 2016, Milioane lei RON, 319
D  PRODUCTIA SI FURNIZAREA DE ENERGIE ELECTRICA SI TERMICA  GAZE  APA CALDA SI AER CONDITIONAT, Total, Alba, Anul 2017, Milioane lei RON, 274
D  PRODUCTIA SI FURNIZAREA DE ENERGIE ELECTRICA SI TERMICA  GAZE  APA CALDA SI AER CONDITIONAT, Total, Alba, Anul 2018, Milioane lei RON, 361
D  PRODUCTIA SI FURNIZAREA DE ENERGIE ELECTRICA SI TERMICA  GAZE  APA CALDA SI AER CONDITIONAT, Total, Alba, Anul 2019, Milioane lei RON, 358
D  PRODUCTIA SI FURNIZAREA DE ENERGIE ELECTRICA SI TERMICA  GAZE  APA CALDA SI AER CONDITIONAT, Total, Alba, Anul 2020, Milioane lei RON, 355
D  PRODUCTIA SI FURNIZAREA DE ENERGIE ELECTRICA SI TERMICA  GAZE  APA CALDA SI AER CONDITIONAT, Total, Alba, Anul 2021, Milioane lei RON, 539
D  PRODUCTIA SI FURNIZAREA DE ENERGIE ELECTRICA SI TERMICA  GAZE  APA CALDA SI AER CONDITIONAT, Total, Alba, Anul 2022, Milioane lei RON, 738
D  PRODUCTIA SI FURNIZAREA DE ENERGIE ELECTRICA SI TERMICA  GAZE  APA CALDA SI AER CONDITIONAT, Total, Alba, Anul 2023, Milioane lei RON, 941
D  PRODUCTIA SI FURNIZAREA DE ENERGIE ELECTRICA SI TERMICA  GAZE  APA CALDA SI AER CONDITIONAT, Total, Alba, Anul 2024, Milioane lei RON, 779
D  PRODUCTIA SI FURNIZAREA DE ENERGIE ELECTRICA SI TERMICA  GAZE  APA CALDA SI AER CONDITIONAT, Total, Brasov, Anul 2008, Milioane lei RON, 715
D  PRODUCTIA SI FURNIZAREA DE ENERGIE ELECTRICA SI TERMICA  GAZE  APA CALDA SI AER CONDITIONAT, Total, Brasov, Anul 2009, Milioane lei RON, 1013
D  PRODUCTIA SI FURNIZAREA DE ENERGIE ELECTRICA SI TERMICA  GAZE  APA CALDA SI AER CONDITIONAT, Total, Brasov, Anul 2010, Milioane lei RON, 919
D  PRODUCTIA SI FURNIZAREA DE ENERGIE ELECTRICA SI TERMICA  GAZE  APA CALDA SI AER CONDITIONAT, Total, Brasov, Anul 2011, Milioane lei RON, 1808
D  PRODUCTIA SI FURNIZAREA DE ENERGIE ELECTRICA SI TERMICA  GAZE  APA CALDA SI AER CONDITIONAT, Total, Brasov, Anul 2012, Milioane lei RON, 2162
D  PRODUCTIA SI FURNIZAREA DE ENERGIE ELECTRICA SI TERMICA  GAZE  APA CALDA SI AER CONDITIONAT, Total, Brasov, Anul 2013, Milioane lei RON, 2171
D  PRODUCTIA SI FURNIZAREA DE ENERGIE ELECTRICA SI TERMICA  GAZE  APA CALDA SI AER CONDITIONAT, Total, Brasov, Anul 2014, Milioane lei RON, 1901
D  PRODUCTIA SI FURNIZAREA DE ENERGIE ELECTRICA SI TERMICA  GAZE  APA CALDA SI AER CONDITIONAT, Total, Brasov, Anul 2015, Milioane lei RON, 2094
D  PRODUCTIA SI FURNIZAREA DE ENERGIE ELECTRICA SI TERMICA  GAZE  APA CALDA SI AER CONDITIONAT, Total, Brasov, Anul 2016, Milioane lei RON, 2009
D  PRODUCTIA SI FURNIZAREA DE ENERGIE ELECTRICA SI TERMICA  GAZE  APA CALDA SI AER CONDITIONAT, Total, Brasov, Anul 2017, Milioane lei RON, 2012
D  PRODUCTIA SI FURNIZAREA DE ENERGIE ELECTRICA SI TERMICA  GAZE  APA CALDA SI AER CONDITIONAT, Total, Brasov, Anul 2018, Milioane lei RON, 2480
D  PRODUCTIA SI FURNIZAREA DE ENERGIE ELECTRICA SI TERMICA  GAZE  APA CALDA SI AER CONDITIONAT, Total, Brasov, Anul 2019, Milioane lei RON, 2413
D  PRODUCTIA SI FURNIZAREA DE ENERGIE ELECTRICA SI TERMICA  GAZE  APA CALDA SI AER CONDITIONAT, Total, Brasov, Anul 2020, Milioane lei RON, 2162
D  PRODUCTIA SI FURNIZAREA DE ENERGIE ELECTRICA SI TERMICA  GAZE  APA CALDA SI AER CONDITIONAT, Total, Brasov, Anul 2021, Milioane lei RON, 2648
D  PRODUCTIA SI FURNIZAREA DE ENERGIE ELECTRICA SI TERMICA  GAZE  APA CALDA SI AER CONDITIONAT, Total, Brasov, Anul 2022, Milioane lei RON, 3690
D  PRODUCTIA SI FURNIZAREA DE ENERGIE ELECTRICA SI TERMICA  GAZE  APA CALDA SI AER CONDITIONAT, Total, Brasov, Anul 2023, Milioane lei RON, 3290
D  PRODUCTIA SI FURNIZAREA DE ENERGIE ELECTRICA SI TERMICA  GAZE  APA CALDA SI AER CONDITIONAT, Total, Brasov, Anul 2024, Milioane lei RON, 3161
D  PRODUCTIA SI FURNIZAREA DE ENERGIE ELECTRICA SI TERMICA  GAZE  APA CALDA SI AER CONDITIONAT, Total, Covasna, Anul 2008, Milioane lei RON, 147
D  PRODUCTIA SI FURNIZAREA DE ENERGIE ELECTRICA SI TERMICA  GAZE  APA CALDA SI AER CONDITIONAT, Total, Covasna, Anul 2009, Milioane lei RON, 184
D  PRODUCTIA SI FURNIZAREA DE ENERGIE ELECTRICA SI TERMICA  GAZE  APA CALDA SI AER CONDITIONAT, Total, Covasna, Anul 2010, Milioane lei RON, 151
D  PRODUCTIA SI FURNIZAREA DE ENERGIE ELECTRICA SI TERMICA  GAZE  APA CALDA SI AER CONDITIONAT, Total, Covasna, Anul 2011, Milioane lei RON, 41
D  PRODUCTIA SI FURNIZAREA DE ENERGIE ELECTRICA SI TERMICA  GAZE  APA CALDA SI AER CONDITIONAT, Total, Covasna, Anul 2012, Milioane lei RON, 43
D  PRODUCTIA SI FURNIZAREA DE ENERGIE ELECTRICA SI TERMICA  GAZE  APA CALDA SI AER CONDITIONAT, Total, Covasna, Anul 2013, Milioane lei RON, 45
D  PRODUCTIA SI FURNIZAREA DE ENERGIE ELECTRICA SI TERMICA  GAZE  APA CALDA SI AER CONDITIONAT, Total, Covasna, Anul 2014, Milioane lei RON, 47
D  PRODUCTIA SI FURNIZAREA DE ENERGIE ELECTRICA SI TERMICA  GAZE  APA CALDA SI AER CONDITIONAT, Total, Covasna, Anul 2015, Milioane lei RON, 50
D  PRODUCTIA SI FURNIZAREA DE ENERGIE ELECTRICA SI TERMICA  GAZE  APA CALDA SI AER CONDITIONAT, Total, Covasna, Anul 2016, Milioane lei RON, 47
D  PRODUCTIA SI FURNIZAREA DE ENERGIE ELECTRICA SI TERMICA  GAZE  APA CALDA SI AER CONDITIONAT, Total, Covasna, Anul 2017, Milioane lei RON, 45
D  PRODUCTIA SI FURNIZAREA DE ENERGIE ELECTRICA SI TERMICA  GAZE  APA CALDA SI AER CONDITIONAT, Total, Covasna, Anul 2018, Milioane lei RON, 65
D  PRODUCTIA SI FURNIZAREA DE ENERGIE ELECTRICA SI TERMICA  GAZE  APA CALDA SI AER CONDITIONAT, Total, Covasna, Anul 2019, Milioane lei RON, 69
D  PRODUCTIA SI FURNIZAREA DE ENERGIE ELECTRICA SI TERMICA  GAZE  APA CALDA SI AER CONDITIONAT, Total, Covasna, Anul 2020, Milioane lei RON, 64
D  PRODUCTIA SI FURNIZAREA DE ENERGIE ELECTRICA SI TERMICA  GAZE  APA CALDA SI AER CONDITIONAT, Total, Covasna, Anul 2021, Milioane lei RON, 72
D  PRODUCTIA SI FURNIZAREA DE ENERGIE ELECTRICA SI TERMICA  GAZE  APA CALDA SI AER CONDITIONAT, Total, Covasna, Anul 2022, Milioane lei RON, 100
D  PRODUCTIA SI FURNIZAREA DE ENERGIE ELECTRICA SI TERMICA  GAZE  APA CALDA SI AER CONDITIONAT, Total, Covasna, Anul 2023, Milioane lei RON, 77
D  PRODUCTIA SI FURNIZAREA DE ENERGIE ELECTRICA SI TERMICA  GAZE  APA CALDA SI AER CONDITIONAT, Total, Covasna, Anul 2024, Milioane lei RON, 77
D  PRODUCTIA SI FURNIZAREA DE ENERGIE ELECTRICA SI TERMICA  GAZE  APA CALDA SI AER CONDITIONAT, Total, Harghita, Anul 2008, Milioane lei RON, 273
D  PRODUCTIA SI FURNIZAREA DE ENERGIE ELECTRICA SI TERMICA  GAZE  APA CALDA SI AER CONDITIONAT, Total, Harghita, Anul 2009, Milioane lei RON, 268
D  PRODUCTIA SI FURNIZAREA DE ENERGIE ELECTRICA SI TERMICA  GAZE  APA CALDA SI AER CONDITIONAT, Total, Harghita, Anul 2010, Milioane lei RON, 271
D  PRODUCTIA SI FURNIZAREA DE ENERGIE ELECTRICA SI TERMICA  GAZE  APA CALDA SI AER CONDITIONAT, Total, Harghita, Anul 2011, Milioane lei RON, 136
D  PRODUCTIA SI FURNIZAREA DE ENERGIE ELECTRICA SI TERMICA  GAZE  APA CALDA SI AER CONDITIONAT, Total, Harghita, Anul 2012, Milioane lei RON, 141
D  PRODUCTIA SI FURNIZAREA DE ENERGIE ELECTRICA SI TERMICA  GAZE  APA CALDA SI AER CONDITIONAT, Total, Harghita, Anul 2013, Milioane lei RON, 646
D  PRODUCTIA SI FURNIZAREA DE ENERGIE ELECTRICA SI TERMICA  GAZE  APA CALDA SI AER CONDITIONAT, Total, Harghita, Anul 2014, Milioane lei RON, 260
D  PRODUCTIA SI FURNIZAREA DE ENERGIE ELECTRICA SI TERMICA  GAZE  APA CALDA SI AER CONDITIONAT, Total, Harghita, Anul 2015, Milioane lei RON, 140
D  PRODUCTIA SI FURNIZAREA DE ENERGIE ELECTRICA SI TERMICA  GAZE  APA CALDA SI AER CONDITIONAT, Total, Harghita, Anul 2016, Milioane lei RON, 122
D  PRODUCTIA SI FURNIZAREA DE ENERGIE ELECTRICA SI TERMICA  GAZE  APA CALDA SI AER CONDITIONAT, Total, Harghita, Anul 2017, Milioane lei RON, 126
D  PRODUCTIA SI FURNIZAREA DE ENERGIE ELECTRICA SI TERMICA  GAZE  APA CALDA SI AER CONDITIONAT, Total, Harghita, Anul 2018, Milioane lei RON, 196
D  PRODUCTIA SI FURNIZAREA DE ENERGIE ELECTRICA SI TERMICA  GAZE  APA CALDA SI AER CONDITIONAT, Total, Harghita, Anul 2019, Milioane lei RON, 143
D  PRODUCTIA SI FURNIZAREA DE ENERGIE ELECTRICA SI TERMICA  GAZE  APA CALDA SI AER CONDITIONAT, Total, Harghita, Anul 2020, Milioane lei RON, 137
D  PRODUCTIA SI FURNIZAREA DE ENERGIE ELECTRICA SI TERMICA  GAZE  APA CALDA SI AER CONDITIONAT, Total, Harghita, Anul 2021, Milioane lei RON, 178
D  PRODUCTIA SI FURNIZAREA DE ENERGIE ELECTRICA SI TERMICA  GAZE  APA CALDA SI AER CONDITIONAT, Total, Harghita, Anul 2022, Milioane lei RON, 258
D  PRODUCTIA SI FURNIZAREA DE ENERGIE ELECTRICA SI TERMICA  GAZE  APA CALDA SI AER CONDITIONAT, Total, Harghita, Anul 2023, Milioane lei RON, 195
D  PRODUCTIA SI FURNIZAREA DE ENERGIE ELECTRICA SI TERMICA  GAZE  APA CALDA SI AER CONDITIONAT, Total, Harghita, Anul 2024, Milioane lei RON, 280
D  PRODUCTIA SI FURNIZAREA DE ENERGIE ELECTRICA SI TERMICA  GAZE  APA CALDA SI AER CONDITIONAT, Total, Mures, Anul 2008, Milioane lei RON, 4552
D  PRODUCTIA SI FURNIZAREA DE ENERGIE ELECTRICA SI TERMICA  GAZE  APA CALDA SI AER CONDITIONAT, Total, Mures, Anul 2009, Milioane lei RON, 3862
D  PRODUCTIA SI FURNIZAREA DE ENERGIE ELECTRICA SI TERMICA  GAZE  APA CALDA SI AER CONDITIONAT, Total, Mures, Anul 2010, Milioane lei RON, 3823
D  PRODUCTIA SI FURNIZAREA DE ENERGIE ELECTRICA SI TERMICA  GAZE  APA CALDA SI AER CONDITIONAT, Total, Mures, Anul 2011, Milioane lei RON, 5536
D  PRODUCTIA SI FURNIZAREA DE ENERGIE ELECTRICA SI TERMICA  GAZE  APA CALDA SI AER CONDITIONAT, Total, Mures, Anul 2012, Milioane lei RON, 6322
D  PRODUCTIA SI FURNIZAREA DE ENERGIE ELECTRICA SI TERMICA  GAZE  APA CALDA SI AER CONDITIONAT, Total, Mures, Anul 2013, Milioane lei RON, 5675
D  PRODUCTIA SI FURNIZAREA DE ENERGIE ELECTRICA SI TERMICA  GAZE  APA CALDA SI AER CONDITIONAT, Total, Mures, Anul 2014, Milioane lei RON, 6012
D  PRODUCTIA SI FURNIZAREA DE ENERGIE ELECTRICA SI TERMICA  GAZE  APA CALDA SI AER CONDITIONAT, Total, Mures, Anul 2015, Milioane lei RON, 6994
D  PRODUCTIA SI FURNIZAREA DE ENERGIE ELECTRICA SI TERMICA  GAZE  APA CALDA SI AER CONDITIONAT, Total, Mures, Anul 2016, Milioane lei RON, 6931
D  PRODUCTIA SI FURNIZAREA DE ENERGIE ELECTRICA SI TERMICA  GAZE  APA CALDA SI AER CONDITIONAT, Total, Mures, Anul 2017, Milioane lei RON, 7459
D  PRODUCTIA SI FURNIZAREA DE ENERGIE ELECTRICA SI TERMICA  GAZE  APA CALDA SI AER CONDITIONAT, Total, Mures, Anul 2018, Milioane lei RON, 7548
D  PRODUCTIA SI FURNIZAREA DE ENERGIE ELECTRICA SI TERMICA  GAZE  APA CALDA SI AER CONDITIONAT, Total, Mures, Anul 2019, Milioane lei RON, 7685
D  PRODUCTIA SI FURNIZAREA DE ENERGIE ELECTRICA SI TERMICA  GAZE  APA CALDA SI AER CONDITIONAT, Total, Mures, Anul 2020, Milioane lei RON, 8248
D  PRODUCTIA SI FURNIZAREA DE ENERGIE ELECTRICA SI TERMICA  GAZE  APA CALDA SI AER CONDITIONAT, Total, Mures, Anul 2021, Milioane lei RON, 8992
D  PRODUCTIA SI FURNIZAREA DE ENERGIE ELECTRICA SI TERMICA  GAZE  APA CALDA SI AER CONDITIONAT, Total, Mures, Anul 2022, Milioane lei RON, 13895
D  PRODUCTIA SI FURNIZAREA DE ENERGIE ELECTRICA SI TERMICA  GAZE  APA CALDA SI AER CONDITIONAT, Total, Mures, Anul 2023, Milioane lei RON, 11181
D  PRODUCTIA SI FURNIZAREA DE ENERGIE ELECTRICA SI TERMICA  GAZE  APA CALDA SI AER CONDITIONAT, Total, Mures, Anul 2024, Milioane lei RON, 10591
D  PRODUCTIA SI FURNIZAREA DE ENERGIE ELECTRICA SI TERMICA  GAZE  APA CALDA SI AER CONDITIONAT, Total, Sibiu, Anul 2008, Milioane lei RON, 335
D  PRODUCTIA SI FURNIZAREA DE ENERGIE ELECTRICA SI TERMICA  GAZE  APA CALDA SI AER CONDITIONAT, Total, Sibiu, Anul 2009, Milioane lei RON, 324
D  PRODUCTIA SI FURNIZAREA DE ENERGIE ELECTRICA SI TERMICA  GAZE  APA CALDA SI AER CONDITIONAT, Total, Sibiu, Anul 2010, Milioane lei RON, 351
D  PRODUCTIA SI FURNIZAREA DE ENERGIE ELECTRICA SI TERMICA  GAZE  APA CALDA SI AER CONDITIONAT, Total, Sibiu, Anul 2011, Milioane lei RON, 141
D  PRODUCTIA SI FURNIZAREA DE ENERGIE ELECTRICA SI TERMICA  GAZE  APA CALDA SI AER CONDITIONAT, Total, Sibiu, Anul 2012, Milioane lei RON, 148
D  PRODUCTIA SI FURNIZAREA DE ENERGIE ELECTRICA SI TERMICA  GAZE  APA CALDA SI AER CONDITIONAT, Total, Sibiu, Anul 2013, Milioane lei RON, 146
D  PRODUCTIA SI FURNIZAREA DE ENERGIE ELECTRICA SI TERMICA  GAZE  APA CALDA SI AER CONDITIONAT, Total, Sibiu, Anul 2014, Milioane lei RON, 165
D  PRODUCTIA SI FURNIZAREA DE ENERGIE ELECTRICA SI TERMICA  GAZE  APA CALDA SI AER CONDITIONAT, Total, Sibiu, Anul 2015, Milioane lei RON, 204
D  PRODUCTIA SI FURNIZAREA DE ENERGIE ELECTRICA SI TERMICA  GAZE  APA CALDA SI AER CONDITIONAT, Total, Sibiu, Anul 2016, Milioane lei RON, 283
D  PRODUCTIA SI FURNIZAREA DE ENERGIE ELECTRICA SI TERMICA  GAZE  APA CALDA SI AER CONDITIONAT, Total, Sibiu, Anul 2017, Milioane lei RON, 226
D  PRODUCTIA SI FURNIZAREA DE ENERGIE ELECTRICA SI TERMICA  GAZE  APA CALDA SI AER CONDITIONAT, Total, Sibiu, Anul 2018, Milioane lei RON, 190
D  PRODUCTIA SI FURNIZAREA DE ENERGIE ELECTRICA SI TERMICA  GAZE  APA CALDA SI AER CONDITIONAT, Total, Sibiu, Anul 2019, Milioane lei RON, 261
D  PRODUCTIA SI FURNIZAREA DE ENERGIE ELECTRICA SI TERMICA  GAZE  APA CALDA SI AER CONDITIONAT, Total, Sibiu, Anul 2020, Milioane lei RON, 352
D  PRODUCTIA SI FURNIZAREA DE ENERGIE ELECTRICA SI TERMICA  GAZE  APA CALDA SI AER CONDITIONAT, Total, Sibiu, Anul 2021, Milioane lei RON, 354
D  PRODUCTIA SI FURNIZAREA DE ENERGIE ELECTRICA SI TERMICA  GAZE  APA CALDA SI AER CONDITIONAT, Total, Sibiu, Anul 2022, Milioane lei RON, 346
D  PRODUCTIA SI FURNIZAREA DE ENERGIE ELECTRICA SI TERMICA  GAZE  APA CALDA SI AER CONDITIONAT, Total, Sibiu, Anul 2023, Milioane lei RON, 288
D  PRODUCTIA SI FURNIZAREA DE ENERGIE ELECTRICA SI TERMICA  GAZE  APA CALDA SI AER CONDITIONAT, Total, Sibiu, Anul 2024, Milioane lei RON, 274
D  PRODUCTIA SI FURNIZAREA DE ENERGIE ELECTRICA SI TERMICA  GAZE  APA CALDA SI AER CONDITIONAT, Total, Bacau, Anul 2008, Milioane lei RON, 770
D  PRODUCTIA SI FURNIZAREA DE ENERGIE ELECTRICA SI TERMICA  GAZE  APA CALDA SI AER CONDITIONAT, Total, Bacau, Anul 2009, Milioane lei RON, 723
D  PRODUCTIA SI FURNIZAREA DE ENERGIE ELECTRICA SI TERMICA  GAZE  APA CALDA SI AER CONDITIONAT, Total, Bacau, Anul 2010, Milioane lei RON, 763
D  PRODUCTIA SI FURNIZAREA DE ENERGIE ELECTRICA SI TERMICA  GAZE  APA CALDA SI AER CONDITIONAT, Total, Bacau, Anul 2011, Milioane lei RON, 239
D  PRODUCTIA SI FURNIZAREA DE ENERGIE ELECTRICA SI TERMICA  GAZE  APA CALDA SI AER CONDITIONAT, Total, Bacau, Anul 2012, Milioane lei RON, 232
D  PRODUCTIA SI FURNIZAREA DE ENERGIE ELECTRICA SI TERMICA  GAZE  APA CALDA SI AER CONDITIONAT, Total, Bacau, Anul 2013, Milioane lei RON, 189
D  PRODUCTIA SI FURNIZAREA DE ENERGIE ELECTRICA SI TERMICA  GAZE  APA CALDA SI AER CONDITIONAT, Total, Bacau, Anul 2014, Milioane lei RON, 170
D  PRODUCTIA SI FURNIZAREA DE ENERGIE ELECTRICA SI TERMICA  GAZE  APA CALDA SI AER CONDITIONAT, Total, Bacau, Anul 2015, Milioane lei RON, 64
D  PRODUCTIA SI FURNIZAREA DE ENERGIE ELECTRICA SI TERMICA  GAZE  APA CALDA SI AER CONDITIONAT, Total, Bacau, Anul 2016, Milioane lei RON, 60
D  PRODUCTIA SI FURNIZAREA DE ENERGIE ELECTRICA SI TERMICA  GAZE  APA CALDA SI AER CONDITIONAT, Total, Bacau, Anul 2017, Milioane lei RON, 61
D  PRODUCTIA SI FURNIZAREA DE ENERGIE ELECTRICA SI TERMICA  GAZE  APA CALDA SI AER CONDITIONAT, Total, Bacau, Anul 2018, Milioane lei RON, 65
D  PRODUCTIA SI FURNIZAREA DE ENERGIE ELECTRICA SI TERMICA  GAZE  APA CALDA SI AER CONDITIONAT, Total, Bacau, Anul 2019, Milioane lei RON, 68
D  PRODUCTIA SI FURNIZAREA DE ENERGIE ELECTRICA SI TERMICA  GAZE  APA CALDA SI AER CONDITIONAT, Total, Bacau, Anul 2020, Milioane lei RON, 70
D  PRODUCTIA SI FURNIZAREA DE ENERGIE ELECTRICA SI TERMICA  GAZE  APA CALDA SI AER CONDITIONAT, Total, Bacau, Anul 2021, Milioane lei RON, 130
D  PRODUCTIA SI FURNIZAREA DE ENERGIE ELECTRICA SI TERMICA  GAZE  APA CALDA SI AER CONDITIONAT, Total, Bacau, Anul 2022, Milioane lei RON, 249
D  PRODUCTIA SI FURNIZAREA DE ENERGIE ELECTRICA SI TERMICA  GAZE  APA CALDA SI AER CONDITIONAT, Total, Bacau, Anul 2023, Milioane lei RON, 149
D  PRODUCTIA SI FURNIZAREA DE ENERGIE ELECTRICA SI TERMICA  GAZE  APA CALDA SI AER CONDITIONAT, Total, Bacau, Anul 2024, Milioane lei RON, 266
D  PRODUCTIA SI FURNIZAREA DE ENERGIE ELECTRICA SI TERMICA  GAZE  APA CALDA SI AER CONDITIONAT, Total, Botosani, Anul 2008, Milioane lei RON, 216
D  PRODUCTIA SI FURNIZAREA DE ENERGIE ELECTRICA SI TERMICA  GAZE  APA CALDA SI AER CONDITIONAT, Total, Botosani, Anul 2009, Milioane lei RON, 218
D  PRODUCTIA SI FURNIZAREA DE ENERGIE ELECTRICA SI TERMICA  GAZE  APA CALDA SI AER CONDITIONAT, Total, Botosani, Anul 2010, Milioane lei RON, 224
D  PRODUCTIA SI FURNIZAREA DE ENERGIE ELECTRICA SI TERMICA  GAZE  APA CALDA SI AER CONDITIONAT, Total, Botosani, Anul 2011, Milioane lei RON, 92
D  PRODUCTIA SI FURNIZAREA DE ENERGIE ELECTRICA SI TERMICA  GAZE  APA CALDA SI AER CONDITIONAT, Total, Botosani, Anul 2012, Milioane lei RON, 95
D  PRODUCTIA SI FURNIZAREA DE ENERGIE ELECTRICA SI TERMICA  GAZE  APA CALDA SI AER CONDITIONAT, Total, Botosani, Anul 2013, Milioane lei RON, 72
D  PRODUCTIA SI FURNIZAREA DE ENERGIE ELECTRICA SI TERMICA  GAZE  APA CALDA SI AER CONDITIONAT, Total, Botosani, Anul 2014, Milioane lei RON, 69
D  PRODUCTIA SI FURNIZAREA DE ENERGIE ELECTRICA SI TERMICA  GAZE  APA CALDA SI AER CONDITIONAT, Total, Botosani, Anul 2015, Milioane lei RON, 143
D  PRODUCTIA SI FURNIZAREA DE ENERGIE ELECTRICA SI TERMICA  GAZE  APA CALDA SI AER CONDITIONAT, Total, Botosani, Anul 2016, Milioane lei RON, 86
D  PRODUCTIA SI FURNIZAREA DE ENERGIE ELECTRICA SI TERMICA  GAZE  APA CALDA SI AER CONDITIONAT, Total, Botosani, Anul 2017, Milioane lei RON, 50
D  PRODUCTIA SI FURNIZAREA DE ENERGIE ELECTRICA SI TERMICA  GAZE  APA CALDA SI AER CONDITIONAT, Total, Botosani, Anul 2018, Milioane lei RON, 32
D  PRODUCTIA SI FURNIZAREA DE ENERGIE ELECTRICA SI TERMICA  GAZE  APA CALDA SI AER CONDITIONAT, Total, Botosani, Anul 2019, Milioane lei RON, 35
D  PRODUCTIA SI FURNIZAREA DE ENERGIE ELECTRICA SI TERMICA  GAZE  APA CALDA SI AER CONDITIONAT, Total, Botosani, Anul 2020, Milioane lei RON, 31
D  PRODUCTIA SI FURNIZAREA DE ENERGIE ELECTRICA SI TERMICA  GAZE  APA CALDA SI AER CONDITIONAT, Total, Botosani, Anul 2021, Milioane lei RON, 55
D  PRODUCTIA SI FURNIZAREA DE ENERGIE ELECTRICA SI TERMICA  GAZE  APA CALDA SI AER CONDITIONAT, Total, Botosani, Anul 2022, Milioane lei RON, 96
D  PRODUCTIA SI FURNIZAREA DE ENERGIE ELECTRICA SI TERMICA  GAZE  APA CALDA SI AER CONDITIONAT, Total, Botosani, Anul 2023, Milioane lei RON, 58
D  PRODUCTIA SI FURNIZAREA DE ENERGIE ELECTRICA SI TERMICA  GAZE  APA CALDA SI AER CONDITIONAT, Total, Botosani, Anul 2024, Milioane lei RON, 61
D  PRODUCTIA SI FURNIZAREA DE ENERGIE ELECTRICA SI TERMICA  GAZE  APA CALDA SI AER CONDITIONAT, Total, Iasi, Anul 2008, Milioane lei RON, 646
D  PRODUCTIA SI FURNIZAREA DE ENERGIE ELECTRICA SI TERMICA  GAZE  APA CALDA SI AER CONDITIONAT, Total, Iasi, Anul 2009, Milioane lei RON, 647
D  PRODUCTIA SI FURNIZAREA DE ENERGIE ELECTRICA SI TERMICA  GAZE  APA CALDA SI AER CONDITIONAT, Total, Iasi, Anul 2010, Milioane lei RON, 671
D  PRODUCTIA SI FURNIZAREA DE ENERGIE ELECTRICA SI TERMICA  GAZE  APA CALDA SI AER CONDITIONAT, Total, Iasi, Anul 2011, Milioane lei RON, 489
D  PRODUCTIA SI FURNIZAREA DE ENERGIE ELECTRICA SI TERMICA  GAZE  APA CALDA SI AER CONDITIONAT, Total, Iasi, Anul 2012, Milioane lei RON, 630
D  PRODUCTIA SI FURNIZAREA DE ENERGIE ELECTRICA SI TERMICA  GAZE  APA CALDA SI AER CONDITIONAT, Total, Iasi, Anul 2013, Milioane lei RON, 685
D  PRODUCTIA SI FURNIZAREA DE ENERGIE ELECTRICA SI TERMICA  GAZE  APA CALDA SI AER CONDITIONAT, Total, Iasi, Anul 2014, Milioane lei RON, 701
D  PRODUCTIA SI FURNIZAREA DE ENERGIE ELECTRICA SI TERMICA  GAZE  APA CALDA SI AER CONDITIONAT, Total, Iasi, Anul 2015, Milioane lei RON, 318
D  PRODUCTIA SI FURNIZAREA DE ENERGIE ELECTRICA SI TERMICA  GAZE  APA CALDA SI AER CONDITIONAT, Total, Iasi, Anul 2016, Milioane lei RON, 323
D  PRODUCTIA SI FURNIZAREA DE ENERGIE ELECTRICA SI TERMICA  GAZE  APA CALDA SI AER CONDITIONAT, Total, Iasi, Anul 2017, Milioane lei RON, 172
D  PRODUCTIA SI FURNIZAREA DE ENERGIE ELECTRICA SI TERMICA  GAZE  APA CALDA SI AER CONDITIONAT, Total, Iasi, Anul 2018, Milioane lei RON, 161
D  PRODUCTIA SI FURNIZAREA DE ENERGIE ELECTRICA SI TERMICA  GAZE  APA CALDA SI AER CONDITIONAT, Total, Iasi, Anul 2019, Milioane lei RON, 202
D  PRODUCTIA SI FURNIZAREA DE ENERGIE ELECTRICA SI TERMICA  GAZE  APA CALDA SI AER CONDITIONAT, Total, Iasi, Anul 2020, Milioane lei RON, 175
D  PRODUCTIA SI FURNIZAREA DE ENERGIE ELECTRICA SI TERMICA  GAZE  APA CALDA SI AER CONDITIONAT, Total, Iasi, Anul 2021, Milioane lei RON, 202
D  PRODUCTIA SI FURNIZAREA DE ENERGIE ELECTRICA SI TERMICA  GAZE  APA CALDA SI AER CONDITIONAT, Total, Iasi, Anul 2022, Milioane lei RON, 170
D  PRODUCTIA SI FURNIZAREA DE ENERGIE ELECTRICA SI TERMICA  GAZE  APA CALDA SI AER CONDITIONAT, Total, Iasi, Anul 2023, Milioane lei RON, 303
D  PRODUCTIA SI FURNIZAREA DE ENERGIE ELECTRICA SI TERMICA  GAZE  APA CALDA SI AER CONDITIONAT, Total, Iasi, Anul 2024, Milioane lei RON, 381
D  PRODUCTIA SI FURNIZAREA DE ENERGIE ELECTRICA SI TERMICA  GAZE  APA CALDA SI AER CONDITIONAT, Total, Neamt, Anul 2008, Milioane lei RON, 279
D  PRODUCTIA SI FURNIZAREA DE ENERGIE ELECTRICA SI TERMICA  GAZE  APA CALDA SI AER CONDITIONAT, Total, Neamt, Anul 2009, Milioane lei RON, 273
D  PRODUCTIA SI FURNIZAREA DE ENERGIE ELECTRICA SI TERMICA  GAZE  APA CALDA SI AER CONDITIONAT, Total, Neamt, Anul 2010, Milioane lei RON, 268
D  PRODUCTIA SI FURNIZAREA DE ENERGIE ELECTRICA SI TERMICA  GAZE  APA CALDA SI AER CONDITIONAT, Total, Neamt, Anul 2011, Milioane lei RON, 128
D  PRODUCTIA SI FURNIZAREA DE ENERGIE ELECTRICA SI TERMICA  GAZE  APA CALDA SI AER CONDITIONAT, Total, Neamt, Anul 2012, Milioane lei RON, 115
D  PRODUCTIA SI FURNIZAREA DE ENERGIE ELECTRICA SI TERMICA  GAZE  APA CALDA SI AER CONDITIONAT, Total, Neamt, Anul 2013, Milioane lei RON, 88
D  PRODUCTIA SI FURNIZAREA DE ENERGIE ELECTRICA SI TERMICA  GAZE  APA CALDA SI AER CONDITIONAT, Total, Neamt, Anul 2014, Milioane lei RON, 88
D  PRODUCTIA SI FURNIZAREA DE ENERGIE ELECTRICA SI TERMICA  GAZE  APA CALDA SI AER CONDITIONAT, Total, Neamt, Anul 2015, Milioane lei RON, 35
D  PRODUCTIA SI FURNIZAREA DE ENERGIE ELECTRICA SI TERMICA  GAZE  APA CALDA SI AER CONDITIONAT, Total, Neamt, Anul 2016, Milioane lei RON, 360
D  PRODUCTIA SI FURNIZAREA DE ENERGIE ELECTRICA SI TERMICA  GAZE  APA CALDA SI AER CONDITIONAT, Total, Neamt, Anul 2017, Milioane lei RON, 352
D  PRODUCTIA SI FURNIZAREA DE ENERGIE ELECTRICA SI TERMICA  GAZE  APA CALDA SI AER CONDITIONAT, Total, Neamt, Anul 2018, Milioane lei RON, 567
D  PRODUCTIA SI FURNIZAREA DE ENERGIE ELECTRICA SI TERMICA  GAZE  APA CALDA SI AER CONDITIONAT, Total, Neamt, Anul 2019, Milioane lei RON, 558
D  PRODUCTIA SI FURNIZAREA DE ENERGIE ELECTRICA SI TERMICA  GAZE  APA CALDA SI AER CONDITIONAT, Total, Neamt, Anul 2020, Milioane lei RON, 518
D  PRODUCTIA SI FURNIZAREA DE ENERGIE ELECTRICA SI TERMICA  GAZE  APA CALDA SI AER CONDITIONAT, Total, Neamt, Anul 2021, Milioane lei RON, 850
D  PRODUCTIA SI FURNIZAREA DE ENERGIE ELECTRICA SI TERMICA  GAZE  APA CALDA SI AER CONDITIONAT, Total, Neamt, Anul 2022, Milioane lei RON, 1261
D  PRODUCTIA SI FURNIZAREA DE ENERGIE ELECTRICA SI TERMICA  GAZE  APA CALDA SI AER CONDITIONAT, Total, Neamt, Anul 2023, Milioane lei RON, 1623
D  PRODUCTIA SI FURNIZAREA DE ENERGIE ELECTRICA SI TERMICA  GAZE  APA CALDA SI AER CONDITIONAT, Total, Neamt, Anul 2024, Milioane lei RON, 1284
D  PRODUCTIA SI FURNIZAREA DE ENERGIE ELECTRICA SI TERMICA  GAZE  APA CALDA SI AER CONDITIONAT, Total, Suceava, Anul 2008, Milioane lei RON, 482
D  PRODUCTIA SI FURNIZAREA DE ENERGIE ELECTRICA SI TERMICA  GAZE  APA CALDA SI AER CONDITIONAT, Total, Suceava, Anul 2009, Milioane lei RON, 482
D  PRODUCTIA SI FURNIZAREA DE ENERGIE ELECTRICA SI TERMICA  GAZE  APA CALDA SI AER CONDITIONAT, Total, Suceava, Anul 2010, Milioane lei RON, 494
D  PRODUCTIA SI FURNIZAREA DE ENERGIE ELECTRICA SI TERMICA  GAZE  APA CALDA SI AER CONDITIONAT, Total, Suceava, Anul 2011, Milioane lei RON, 268
D  PRODUCTIA SI FURNIZAREA DE ENERGIE ELECTRICA SI TERMICA  GAZE  APA CALDA SI AER CONDITIONAT, Total, Suceava, Anul 2012, Milioane lei RON, 296
D  PRODUCTIA SI FURNIZAREA DE ENERGIE ELECTRICA SI TERMICA  GAZE  APA CALDA SI AER CONDITIONAT, Total, Suceava, Anul 2013, Milioane lei RON, 251
D  PRODUCTIA SI FURNIZAREA DE ENERGIE ELECTRICA SI TERMICA  GAZE  APA CALDA SI AER CONDITIONAT, Total, Suceava, Anul 2014, Milioane lei RON, 199
D  PRODUCTIA SI FURNIZAREA DE ENERGIE ELECTRICA SI TERMICA  GAZE  APA CALDA SI AER CONDITIONAT, Total, Suceava, Anul 2015, Milioane lei RON, 82
D  PRODUCTIA SI FURNIZAREA DE ENERGIE ELECTRICA SI TERMICA  GAZE  APA CALDA SI AER CONDITIONAT, Total, Suceava, Anul 2016, Milioane lei RON, 105
D  PRODUCTIA SI FURNIZAREA DE ENERGIE ELECTRICA SI TERMICA  GAZE  APA CALDA SI AER CONDITIONAT, Total, Suceava, Anul 2017, Milioane lei RON, 147
D  PRODUCTIA SI FURNIZAREA DE ENERGIE ELECTRICA SI TERMICA  GAZE  APA CALDA SI AER CONDITIONAT, Total, Suceava, Anul 2018, Milioane lei RON, 76
D  PRODUCTIA SI FURNIZAREA DE ENERGIE ELECTRICA SI TERMICA  GAZE  APA CALDA SI AER CONDITIONAT, Total, Suceava, Anul 2019, Milioane lei RON, 73
D  PRODUCTIA SI FURNIZAREA DE ENERGIE ELECTRICA SI TERMICA  GAZE  APA CALDA SI AER CONDITIONAT, Total, Suceava, Anul 2020, Milioane lei RON, 147
D  PRODUCTIA SI FURNIZAREA DE ENERGIE ELECTRICA SI TERMICA  GAZE  APA CALDA SI AER CONDITIONAT, Total, Suceava, Anul 2021, Milioane lei RON, 205
D  PRODUCTIA SI FURNIZAREA DE ENERGIE ELECTRICA SI TERMICA  GAZE  APA CALDA SI AER CONDITIONAT, Total, Suceava, Anul 2022, Milioane lei RON, 406
D  PRODUCTIA SI FURNIZAREA DE ENERGIE ELECTRICA SI TERMICA  GAZE  APA CALDA SI AER CONDITIONAT, Total, Suceava, Anul 2023, Milioane lei RON, 281
D  PRODUCTIA SI FURNIZAREA DE ENERGIE ELECTRICA SI TERMICA  GAZE  APA CALDA SI AER CONDITIONAT, Total, Suceava, Anul 2024, Milioane lei RON, 228
D  PRODUCTIA SI FURNIZAREA DE ENERGIE ELECTRICA SI TERMICA  GAZE  APA CALDA SI AER CONDITIONAT, Total, Vaslui, Anul 2008, Milioane lei RON, 368
D  PRODUCTIA SI FURNIZAREA DE ENERGIE ELECTRICA SI TERMICA  GAZE  APA CALDA SI AER CONDITIONAT, Total, Vaslui, Anul 2009, Milioane lei RON, 368
D  PRODUCTIA SI FURNIZAREA DE ENERGIE ELECTRICA SI TERMICA  GAZE  APA CALDA SI AER CONDITIONAT, Total, Vaslui, Anul 2010, Milioane lei RON, 387
D  PRODUCTIA SI FURNIZAREA DE ENERGIE ELECTRICA SI TERMICA  GAZE  APA CALDA SI AER CONDITIONAT, Total, Vaslui, Anul 2011, Milioane lei RON, 105
D  PRODUCTIA SI FURNIZAREA DE ENERGIE ELECTRICA SI TERMICA  GAZE  APA CALDA SI AER CONDITIONAT, Total, Vaslui, Anul 2012, Milioane lei RON, 144
D  PRODUCTIA SI FURNIZAREA DE ENERGIE ELECTRICA SI TERMICA  GAZE  APA CALDA SI AER CONDITIONAT, Total, Vaslui, Anul 2013, Milioane lei RON, 78
D  PRODUCTIA SI FURNIZAREA DE ENERGIE ELECTRICA SI TERMICA  GAZE  APA CALDA SI AER CONDITIONAT, Total, Vaslui, Anul 2014, Milioane lei RON, 81
D  PRODUCTIA SI FURNIZAREA DE ENERGIE ELECTRICA SI TERMICA  GAZE  APA CALDA SI AER CONDITIONAT, Total, Vaslui, Anul 2015, Milioane lei RON, 45
D  PRODUCTIA SI FURNIZAREA DE ENERGIE ELECTRICA SI TERMICA  GAZE  APA CALDA SI AER CONDITIONAT, Total, Vaslui, Anul 2016, Milioane lei RON, 56
D  PRODUCTIA SI FURNIZAREA DE ENERGIE ELECTRICA SI TERMICA  GAZE  APA CALDA SI AER CONDITIONAT, Total, Vaslui, Anul 2017, Milioane lei RON, 71
D  PRODUCTIA SI FURNIZAREA DE ENERGIE ELECTRICA SI TERMICA  GAZE  APA CALDA SI AER CONDITIONAT, Total, Vaslui, Anul 2018, Milioane lei RON, 88
D  PRODUCTIA SI FURNIZAREA DE ENERGIE ELECTRICA SI TERMICA  GAZE  APA CALDA SI AER CONDITIONAT, Total, Vaslui, Anul 2019, Milioane lei RON, 78
D  PRODUCTIA SI FURNIZAREA DE ENERGIE ELECTRICA SI TERMICA  GAZE  APA CALDA SI AER CONDITIONAT, Total, Vaslui, Anul 2020, Milioane lei RON, 87
D  PRODUCTIA SI FURNIZAREA DE ENERGIE ELECTRICA SI TERMICA  GAZE  APA CALDA SI AER CONDITIONAT, Total, Vaslui, Anul 2021, Milioane lei RON, 111
D  PRODUCTIA SI FURNIZAREA DE ENERGIE ELECTRICA SI TERMICA  GAZE  APA CALDA SI AER CONDITIONAT, Total, Vaslui, Anul 2022, Milioane lei RON, 169
D  PRODUCTIA SI FURNIZAREA DE ENERGIE ELECTRICA SI TERMICA  GAZE  APA CALDA SI AER CONDITIONAT, Total, Vaslui, Anul 2023, Milioane lei RON, 146
D  PRODUCTIA SI FURNIZAREA DE ENERGIE ELECTRICA SI TERMICA  GAZE  APA CALDA SI AER CONDITIONAT, Total, Vaslui, Anul 2024, Milioane lei RON, 160
D  PRODUCTIA SI FURNIZAREA DE ENERGIE ELECTRICA SI TERMICA  GAZE  APA CALDA SI AER CONDITIONAT, Total, Braila, Anul 2008, Milioane lei RON, 416
D  PRODUCTIA SI FURNIZAREA DE ENERGIE ELECTRICA SI TERMICA  GAZE  APA CALDA SI AER CONDITIONAT, Total, Braila, Anul 2009, Milioane lei RON, 534
D  PRODUCTIA SI FURNIZAREA DE ENERGIE ELECTRICA SI TERMICA  GAZE  APA CALDA SI AER CONDITIONAT, Total, Braila, Anul 2010, Milioane lei RON, 339
D  PRODUCTIA SI FURNIZAREA DE ENERGIE ELECTRICA SI TERMICA  GAZE  APA CALDA SI AER CONDITIONAT, Total, Braila, Anul 2011, Milioane lei RON, 297
D  PRODUCTIA SI FURNIZAREA DE ENERGIE ELECTRICA SI TERMICA  GAZE  APA CALDA SI AER CONDITIONAT, Total, Braila, Anul 2012, Milioane lei RON, 160
D  PRODUCTIA SI FURNIZAREA DE ENERGIE ELECTRICA SI TERMICA  GAZE  APA CALDA SI AER CONDITIONAT, Total, Braila, Anul 2013, Milioane lei RON, 121
D  PRODUCTIA SI FURNIZAREA DE ENERGIE ELECTRICA SI TERMICA  GAZE  APA CALDA SI AER CONDITIONAT, Total, Braila, Anul 2014, Milioane lei RON, 121
D  PRODUCTIA SI FURNIZAREA DE ENERGIE ELECTRICA SI TERMICA  GAZE  APA CALDA SI AER CONDITIONAT, Total, Braila, Anul 2015, Milioane lei RON, 128
D  PRODUCTIA SI FURNIZAREA DE ENERGIE ELECTRICA SI TERMICA  GAZE  APA CALDA SI AER CONDITIONAT, Total, Braila, Anul 2016, Milioane lei RON, 85
D  PRODUCTIA SI FURNIZAREA DE ENERGIE ELECTRICA SI TERMICA  GAZE  APA CALDA SI AER CONDITIONAT, Total, Braila, Anul 2017, Milioane lei RON, 72
D  PRODUCTIA SI FURNIZAREA DE ENERGIE ELECTRICA SI TERMICA  GAZE  APA CALDA SI AER CONDITIONAT, Total, Braila, Anul 2018, Milioane lei RON, 104
D  PRODUCTIA SI FURNIZAREA DE ENERGIE ELECTRICA SI TERMICA  GAZE  APA CALDA SI AER CONDITIONAT, Total, Braila, Anul 2019, Milioane lei RON, 111
D  PRODUCTIA SI FURNIZAREA DE ENERGIE ELECTRICA SI TERMICA  GAZE  APA CALDA SI AER CONDITIONAT, Total, Braila, Anul 2020, Milioane lei RON, 169
D  PRODUCTIA SI FURNIZAREA DE ENERGIE ELECTRICA SI TERMICA  GAZE  APA CALDA SI AER CONDITIONAT, Total, Braila, Anul 2021, Milioane lei RON, 237
D  PRODUCTIA SI FURNIZAREA DE ENERGIE ELECTRICA SI TERMICA  GAZE  APA CALDA SI AER CONDITIONAT, Total, Braila, Anul 2022, Milioane lei RON, 434
D  PRODUCTIA SI FURNIZAREA DE ENERGIE ELECTRICA SI TERMICA  GAZE  APA CALDA SI AER CONDITIONAT, Total, Braila, Anul 2023, Milioane lei RON, 280
D  PRODUCTIA SI FURNIZAREA DE ENERGIE ELECTRICA SI TERMICA  GAZE  APA CALDA SI AER CONDITIONAT, Total, Braila, Anul 2024, Milioane lei RON, 251
D  PRODUCTIA SI FURNIZAREA DE ENERGIE ELECTRICA SI TERMICA  GAZE  APA CALDA SI AER CONDITIONAT, Total, Buzau, Anul 2008, Milioane lei RON, 313
D  PRODUCTIA SI FURNIZAREA DE ENERGIE ELECTRICA SI TERMICA  GAZE  APA CALDA SI AER CONDITIONAT, Total, Buzau, Anul 2009, Milioane lei RON, 468
D  PRODUCTIA SI FURNIZAREA DE ENERGIE ELECTRICA SI TERMICA  GAZE  APA CALDA SI AER CONDITIONAT, Total, Buzau, Anul 2010, Milioane lei RON, 300
D  PRODUCTIA SI FURNIZAREA DE ENERGIE ELECTRICA SI TERMICA  GAZE  APA CALDA SI AER CONDITIONAT, Total, Buzau, Anul 2011, Milioane lei RON, 181
D  PRODUCTIA SI FURNIZAREA DE ENERGIE ELECTRICA SI TERMICA  GAZE  APA CALDA SI AER CONDITIONAT, Total, Buzau, Anul 2012, Milioane lei RON, 207
D  PRODUCTIA SI FURNIZAREA DE ENERGIE ELECTRICA SI TERMICA  GAZE  APA CALDA SI AER CONDITIONAT, Total, Buzau, Anul 2013, Milioane lei RON, 287
D  PRODUCTIA SI FURNIZAREA DE ENERGIE ELECTRICA SI TERMICA  GAZE  APA CALDA SI AER CONDITIONAT, Total, Buzau, Anul 2014, Milioane lei RON, 305
D  PRODUCTIA SI FURNIZAREA DE ENERGIE ELECTRICA SI TERMICA  GAZE  APA CALDA SI AER CONDITIONAT, Total, Buzau, Anul 2015, Milioane lei RON, 325
D  PRODUCTIA SI FURNIZAREA DE ENERGIE ELECTRICA SI TERMICA  GAZE  APA CALDA SI AER CONDITIONAT, Total, Buzau, Anul 2016, Milioane lei RON, 385
D  PRODUCTIA SI FURNIZAREA DE ENERGIE ELECTRICA SI TERMICA  GAZE  APA CALDA SI AER CONDITIONAT, Total, Buzau, Anul 2017, Milioane lei RON, 503
D  PRODUCTIA SI FURNIZAREA DE ENERGIE ELECTRICA SI TERMICA  GAZE  APA CALDA SI AER CONDITIONAT, Total, Buzau, Anul 2018, Milioane lei RON, 788
D  PRODUCTIA SI FURNIZAREA DE ENERGIE ELECTRICA SI TERMICA  GAZE  APA CALDA SI AER CONDITIONAT, Total, Buzau, Anul 2019, Milioane lei RON, 831
D  PRODUCTIA SI FURNIZAREA DE ENERGIE ELECTRICA SI TERMICA  GAZE  APA CALDA SI AER CONDITIONAT, Total, Buzau, Anul 2020, Milioane lei RON, 1756
D  PRODUCTIA SI FURNIZAREA DE ENERGIE ELECTRICA SI TERMICA  GAZE  APA CALDA SI AER CONDITIONAT, Total, Buzau, Anul 2021, Milioane lei RON, 2044
D  PRODUCTIA SI FURNIZAREA DE ENERGIE ELECTRICA SI TERMICA  GAZE  APA CALDA SI AER CONDITIONAT, Total, Buzau, Anul 2022, Milioane lei RON, 1432
D  PRODUCTIA SI FURNIZAREA DE ENERGIE ELECTRICA SI TERMICA  GAZE  APA CALDA SI AER CONDITIONAT, Total, Buzau, Anul 2023, Milioane lei RON, 1719
D  PRODUCTIA SI FURNIZAREA DE ENERGIE ELECTRICA SI TERMICA  GAZE  APA CALDA SI AER CONDITIONAT, Total, Buzau, Anul 2024, Milioane lei RON, 2008
D  PRODUCTIA SI FURNIZAREA DE ENERGIE ELECTRICA SI TERMICA  GAZE  APA CALDA SI AER CONDITIONAT, Total, Constanta, Anul 2008, Milioane lei RON, 2199
D  PRODUCTIA SI FURNIZAREA DE ENERGIE ELECTRICA SI TERMICA  GAZE  APA CALDA SI AER CONDITIONAT, Total, Constanta, Anul 2009, Milioane lei RON, 2123
D  PRODUCTIA SI FURNIZAREA DE ENERGIE ELECTRICA SI TERMICA  GAZE  APA CALDA SI AER CONDITIONAT, Total, Constanta, Anul 2010, Milioane lei RON, 2167
D  PRODUCTIA SI FURNIZAREA DE ENERGIE ELECTRICA SI TERMICA  GAZE  APA CALDA SI AER CONDITIONAT, Total, Constanta, Anul 2011, Milioane lei RON, 2314
D  PRODUCTIA SI FURNIZAREA DE ENERGIE ELECTRICA SI TERMICA  GAZE  APA CALDA SI AER CONDITIONAT, Total, Constanta, Anul 2012, Milioane lei RON, 2500
D  PRODUCTIA SI FURNIZAREA DE ENERGIE ELECTRICA SI TERMICA  GAZE  APA CALDA SI AER CONDITIONAT, Total, Constanta, Anul 2013, Milioane lei RON, 2787
D  PRODUCTIA SI FURNIZAREA DE ENERGIE ELECTRICA SI TERMICA  GAZE  APA CALDA SI AER CONDITIONAT, Total, Constanta, Anul 2014, Milioane lei RON, 3031
D  PRODUCTIA SI FURNIZAREA DE ENERGIE ELECTRICA SI TERMICA  GAZE  APA CALDA SI AER CONDITIONAT, Total, Constanta, Anul 2015, Milioane lei RON, 3159
D  PRODUCTIA SI FURNIZAREA DE ENERGIE ELECTRICA SI TERMICA  GAZE  APA CALDA SI AER CONDITIONAT, Total, Constanta, Anul 2016, Milioane lei RON, 3951
D  PRODUCTIA SI FURNIZAREA DE ENERGIE ELECTRICA SI TERMICA  GAZE  APA CALDA SI AER CONDITIONAT, Total, Constanta, Anul 2017, Milioane lei RON, 3996
D  PRODUCTIA SI FURNIZAREA DE ENERGIE ELECTRICA SI TERMICA  GAZE  APA CALDA SI AER CONDITIONAT, Total, Constanta, Anul 2018, Milioane lei RON, 4370
D  PRODUCTIA SI FURNIZAREA DE ENERGIE ELECTRICA SI TERMICA  GAZE  APA CALDA SI AER CONDITIONAT, Total, Constanta, Anul 2019, Milioane lei RON, 5092
D  PRODUCTIA SI FURNIZAREA DE ENERGIE ELECTRICA SI TERMICA  GAZE  APA CALDA SI AER CONDITIONAT, Total, Constanta, Anul 2020, Milioane lei RON, 4642
D  PRODUCTIA SI FURNIZAREA DE ENERGIE ELECTRICA SI TERMICA  GAZE  APA CALDA SI AER CONDITIONAT, Total, Constanta, Anul 2021, Milioane lei RON, 6293
D  PRODUCTIA SI FURNIZAREA DE ENERGIE ELECTRICA SI TERMICA  GAZE  APA CALDA SI AER CONDITIONAT, Total, Constanta, Anul 2022, Milioane lei RON, 12019
D  PRODUCTIA SI FURNIZAREA DE ENERGIE ELECTRICA SI TERMICA  GAZE  APA CALDA SI AER CONDITIONAT, Total, Constanta, Anul 2023, Milioane lei RON, 12075
D  PRODUCTIA SI FURNIZAREA DE ENERGIE ELECTRICA SI TERMICA  GAZE  APA CALDA SI AER CONDITIONAT, Total, Constanta, Anul 2024, Milioane lei RON, 8563
D  PRODUCTIA SI FURNIZAREA DE ENERGIE ELECTRICA SI TERMICA  GAZE  APA CALDA SI AER CONDITIONAT, Total, Galati, Anul 2008, Milioane lei RON, 987
D  PRODUCTIA SI FURNIZAREA DE ENERGIE ELECTRICA SI TERMICA  GAZE  APA CALDA SI AER CONDITIONAT, Total, Galati, Anul 2009, Milioane lei RON, 1074
D  PRODUCTIA SI FURNIZAREA DE ENERGIE ELECTRICA SI TERMICA  GAZE  APA CALDA SI AER CONDITIONAT, Total, Galati, Anul 2010, Milioane lei RON, 846
D  PRODUCTIA SI FURNIZAREA DE ENERGIE ELECTRICA SI TERMICA  GAZE  APA CALDA SI AER CONDITIONAT, Total, Galati, Anul 2011, Milioane lei RON, 687
D  PRODUCTIA SI FURNIZAREA DE ENERGIE ELECTRICA SI TERMICA  GAZE  APA CALDA SI AER CONDITIONAT, Total, Galati, Anul 2012, Milioane lei RON, 535
D  PRODUCTIA SI FURNIZAREA DE ENERGIE ELECTRICA SI TERMICA  GAZE  APA CALDA SI AER CONDITIONAT, Total, Galati, Anul 2013, Milioane lei RON, 408
D  PRODUCTIA SI FURNIZAREA DE ENERGIE ELECTRICA SI TERMICA  GAZE  APA CALDA SI AER CONDITIONAT, Total, Galati, Anul 2014, Milioane lei RON, 361
D  PRODUCTIA SI FURNIZAREA DE ENERGIE ELECTRICA SI TERMICA  GAZE  APA CALDA SI AER CONDITIONAT, Total, Galati, Anul 2015, Milioane lei RON, 346
D  PRODUCTIA SI FURNIZAREA DE ENERGIE ELECTRICA SI TERMICA  GAZE  APA CALDA SI AER CONDITIONAT, Total, Galati, Anul 2016, Milioane lei RON, 240
D  PRODUCTIA SI FURNIZAREA DE ENERGIE ELECTRICA SI TERMICA  GAZE  APA CALDA SI AER CONDITIONAT, Total, Galati, Anul 2017, Milioane lei RON, 274
D  PRODUCTIA SI FURNIZAREA DE ENERGIE ELECTRICA SI TERMICA  GAZE  APA CALDA SI AER CONDITIONAT, Total, Galati, Anul 2018, Milioane lei RON, 691
D  PRODUCTIA SI FURNIZAREA DE ENERGIE ELECTRICA SI TERMICA  GAZE  APA CALDA SI AER CONDITIONAT, Total, Galati, Anul 2019, Milioane lei RON, 453
D  PRODUCTIA SI FURNIZAREA DE ENERGIE ELECTRICA SI TERMICA  GAZE  APA CALDA SI AER CONDITIONAT, Total, Galati, Anul 2020, Milioane lei RON, 557
D  PRODUCTIA SI FURNIZAREA DE ENERGIE ELECTRICA SI TERMICA  GAZE  APA CALDA SI AER CONDITIONAT, Total, Galati, Anul 2021, Milioane lei RON, 832
D  PRODUCTIA SI FURNIZAREA DE ENERGIE ELECTRICA SI TERMICA  GAZE  APA CALDA SI AER CONDITIONAT, Total, Galati, Anul 2022, Milioane lei RON, 1086
D  PRODUCTIA SI FURNIZAREA DE ENERGIE ELECTRICA SI TERMICA  GAZE  APA CALDA SI AER CONDITIONAT, Total, Galati, Anul 2023, Milioane lei RON, 319
D  PRODUCTIA SI FURNIZAREA DE ENERGIE ELECTRICA SI TERMICA  GAZE  APA CALDA SI AER CONDITIONAT, Total, Galati, Anul 2024, Milioane lei RON, 890
D  PRODUCTIA SI FURNIZAREA DE ENERGIE ELECTRICA SI TERMICA  GAZE  APA CALDA SI AER CONDITIONAT, Total, Tulcea, Anul 2008, Milioane lei RON, 28
D  PRODUCTIA SI FURNIZAREA DE ENERGIE ELECTRICA SI TERMICA  GAZE  APA CALDA SI AER CONDITIONAT, Total, Tulcea, Anul 2009, Milioane lei RON, 88
D  PRODUCTIA SI FURNIZAREA DE ENERGIE ELECTRICA SI TERMICA  GAZE  APA CALDA SI AER CONDITIONAT, Total, Tulcea, Anul 2010, Milioane lei RON, 91
D  PRODUCTIA SI FURNIZAREA DE ENERGIE ELECTRICA SI TERMICA  GAZE  APA CALDA SI AER CONDITIONAT, Total, Tulcea, Anul 2011, Milioane lei RON, 101
D  PRODUCTIA SI FURNIZAREA DE ENERGIE ELECTRICA SI TERMICA  GAZE  APA CALDA SI AER CONDITIONAT, Total, Tulcea, Anul 2012, Milioane lei RON, 181
D  PRODUCTIA SI FURNIZAREA DE ENERGIE ELECTRICA SI TERMICA  GAZE  APA CALDA SI AER CONDITIONAT, Total, Tulcea, Anul 2013, Milioane lei RON, 138
D  PRODUCTIA SI FURNIZAREA DE ENERGIE ELECTRICA SI TERMICA  GAZE  APA CALDA SI AER CONDITIONAT, Total, Tulcea, Anul 2014, Milioane lei RON, 96
D  PRODUCTIA SI FURNIZAREA DE ENERGIE ELECTRICA SI TERMICA  GAZE  APA CALDA SI AER CONDITIONAT, Total, Tulcea, Anul 2015, Milioane lei RON, 133
D  PRODUCTIA SI FURNIZAREA DE ENERGIE ELECTRICA SI TERMICA  GAZE  APA CALDA SI AER CONDITIONAT, Total, Tulcea, Anul 2016, Milioane lei RON, 192
D  PRODUCTIA SI FURNIZAREA DE ENERGIE ELECTRICA SI TERMICA  GAZE  APA CALDA SI AER CONDITIONAT, Total, Tulcea, Anul 2017, Milioane lei RON, 253
D  PRODUCTIA SI FURNIZAREA DE ENERGIE ELECTRICA SI TERMICA  GAZE  APA CALDA SI AER CONDITIONAT, Total, Tulcea, Anul 2018, Milioane lei RON, 410
D  PRODUCTIA SI FURNIZAREA DE ENERGIE ELECTRICA SI TERMICA  GAZE  APA CALDA SI AER CONDITIONAT, Total, Tulcea, Anul 2019, Milioane lei RON, 641
D  PRODUCTIA SI FURNIZAREA DE ENERGIE ELECTRICA SI TERMICA  GAZE  APA CALDA SI AER CONDITIONAT, Total, Tulcea, Anul 2020, Milioane lei RON, 739
D  PRODUCTIA SI FURNIZAREA DE ENERGIE ELECTRICA SI TERMICA  GAZE  APA CALDA SI AER CONDITIONAT, Total, Tulcea, Anul 2021, Milioane lei RON, 1062
D  PRODUCTIA SI FURNIZAREA DE ENERGIE ELECTRICA SI TERMICA  GAZE  APA CALDA SI AER CONDITIONAT, Total, Tulcea, Anul 2022, Milioane lei RON, 2049
D  PRODUCTIA SI FURNIZAREA DE ENERGIE ELECTRICA SI TERMICA  GAZE  APA CALDA SI AER CONDITIONAT, Total, Tulcea, Anul 2023, Milioane lei RON, 1605
D  PRODUCTIA SI FURNIZAREA DE ENERGIE ELECTRICA SI TERMICA  GAZE  APA CALDA SI AER CONDITIONAT, Total, Tulcea, Anul 2024, Milioane lei RON, 1068
D  PRODUCTIA SI FURNIZAREA DE ENERGIE ELECTRICA SI TERMICA  GAZE  APA CALDA SI AER CONDITIONAT, Total, Vrancea, Anul 2008, Milioane lei RON, 197
D  PRODUCTIA SI FURNIZAREA DE ENERGIE ELECTRICA SI TERMICA  GAZE  APA CALDA SI AER CONDITIONAT, Total, Vrancea, Anul 2009, Milioane lei RON, 424
D  PRODUCTIA SI FURNIZAREA DE ENERGIE ELECTRICA SI TERMICA  GAZE  APA CALDA SI AER CONDITIONAT, Total, Vrancea, Anul 2010, Milioane lei RON, 398
D  PRODUCTIA SI FURNIZAREA DE ENERGIE ELECTRICA SI TERMICA  GAZE  APA CALDA SI AER CONDITIONAT, Total, Vrancea, Anul 2011, Milioane lei RON, 88
D  PRODUCTIA SI FURNIZAREA DE ENERGIE ELECTRICA SI TERMICA  GAZE  APA CALDA SI AER CONDITIONAT, Total, Vrancea, Anul 2012, Milioane lei RON, 107
D  PRODUCTIA SI FURNIZAREA DE ENERGIE ELECTRICA SI TERMICA  GAZE  APA CALDA SI AER CONDITIONAT, Total, Vrancea, Anul 2013, Milioane lei RON, 111
D  PRODUCTIA SI FURNIZAREA DE ENERGIE ELECTRICA SI TERMICA  GAZE  APA CALDA SI AER CONDITIONAT, Total, Vrancea, Anul 2014, Milioane lei RON, 121
D  PRODUCTIA SI FURNIZAREA DE ENERGIE ELECTRICA SI TERMICA  GAZE  APA CALDA SI AER CONDITIONAT, Total, Vrancea, Anul 2015, Milioane lei RON, 139
D  PRODUCTIA SI FURNIZAREA DE ENERGIE ELECTRICA SI TERMICA  GAZE  APA CALDA SI AER CONDITIONAT, Total, Vrancea, Anul 2016, Milioane lei RON, 133
D  PRODUCTIA SI FURNIZAREA DE ENERGIE ELECTRICA SI TERMICA  GAZE  APA CALDA SI AER CONDITIONAT, Total, Vrancea, Anul 2017, Milioane lei RON, 124
D  PRODUCTIA SI FURNIZAREA DE ENERGIE ELECTRICA SI TERMICA  GAZE  APA CALDA SI AER CONDITIONAT, Total, Vrancea, Anul 2018, Milioane lei RON, 121
D  PRODUCTIA SI FURNIZAREA DE ENERGIE ELECTRICA SI TERMICA  GAZE  APA CALDA SI AER CONDITIONAT, Total, Vrancea, Anul 2019, Milioane lei RON, 128
D  PRODUCTIA SI FURNIZAREA DE ENERGIE ELECTRICA SI TERMICA  GAZE  APA CALDA SI AER CONDITIONAT, Total, Vrancea, Anul 2020, Milioane lei RON, 119
D  PRODUCTIA SI FURNIZAREA DE ENERGIE ELECTRICA SI TERMICA  GAZE  APA CALDA SI AER CONDITIONAT, Total, Vrancea, Anul 2021, Milioane lei RON, 150
D  PRODUCTIA SI FURNIZAREA DE ENERGIE ELECTRICA SI TERMICA  GAZE  APA CALDA SI AER CONDITIONAT, Total, Vrancea, Anul 2022, Milioane lei RON, 249
D  PRODUCTIA SI FURNIZAREA DE ENERGIE ELECTRICA SI TERMICA  GAZE  APA CALDA SI AER CONDITIONAT, Total, Vrancea, Anul 2023, Milioane lei RON, 215
D  PRODUCTIA SI FURNIZAREA DE ENERGIE ELECTRICA SI TERMICA  GAZE  APA CALDA SI AER CONDITIONAT, Total, Vrancea, Anul 2024, Milioane lei RON, 195
D  PRODUCTIA SI FURNIZAREA DE ENERGIE ELECTRICA SI TERMICA  GAZE  APA CALDA SI AER CONDITIONAT, Total, Arges, Anul 2008, Milioane lei RON, 158
D  PRODUCTIA SI FURNIZAREA DE ENERGIE ELECTRICA SI TERMICA  GAZE  APA CALDA SI AER CONDITIONAT, Total, Arges, Anul 2009, Milioane lei RON, 324
D  PRODUCTIA SI FURNIZAREA DE ENERGIE ELECTRICA SI TERMICA  GAZE  APA CALDA SI AER CONDITIONAT, Total, Arges, Anul 2010, Milioane lei RON, 129
D  PRODUCTIA SI FURNIZAREA DE ENERGIE ELECTRICA SI TERMICA  GAZE  APA CALDA SI AER CONDITIONAT, Total, Arges, Anul 2011, Milioane lei RON, 296
D  PRODUCTIA SI FURNIZAREA DE ENERGIE ELECTRICA SI TERMICA  GAZE  APA CALDA SI AER CONDITIONAT, Total, Arges, Anul 2012, Milioane lei RON, 275
D  PRODUCTIA SI FURNIZAREA DE ENERGIE ELECTRICA SI TERMICA  GAZE  APA CALDA SI AER CONDITIONAT, Total, Arges, Anul 2013, Milioane lei RON, 268
D  PRODUCTIA SI FURNIZAREA DE ENERGIE ELECTRICA SI TERMICA  GAZE  APA CALDA SI AER CONDITIONAT, Total, Arges, Anul 2014, Milioane lei RON, 258
D  PRODUCTIA SI FURNIZAREA DE ENERGIE ELECTRICA SI TERMICA  GAZE  APA CALDA SI AER CONDITIONAT, Total, Arges, Anul 2015, Milioane lei RON, 251
D  PRODUCTIA SI FURNIZAREA DE ENERGIE ELECTRICA SI TERMICA  GAZE  APA CALDA SI AER CONDITIONAT, Total, Arges, Anul 2016, Milioane lei RON, 521
D  PRODUCTIA SI FURNIZAREA DE ENERGIE ELECTRICA SI TERMICA  GAZE  APA CALDA SI AER CONDITIONAT, Total, Arges, Anul 2017, Milioane lei RON, 489
D  PRODUCTIA SI FURNIZAREA DE ENERGIE ELECTRICA SI TERMICA  GAZE  APA CALDA SI AER CONDITIONAT, Total, Arges, Anul 2018, Milioane lei RON, 934
D  PRODUCTIA SI FURNIZAREA DE ENERGIE ELECTRICA SI TERMICA  GAZE  APA CALDA SI AER CONDITIONAT, Total, Arges, Anul 2019, Milioane lei RON, 671
D  PRODUCTIA SI FURNIZAREA DE ENERGIE ELECTRICA SI TERMICA  GAZE  APA CALDA SI AER CONDITIONAT, Total, Arges, Anul 2020, Milioane lei RON, 592
D  PRODUCTIA SI FURNIZAREA DE ENERGIE ELECTRICA SI TERMICA  GAZE  APA CALDA SI AER CONDITIONAT, Total, Arges, Anul 2021, Milioane lei RON, 873
D  PRODUCTIA SI FURNIZAREA DE ENERGIE ELECTRICA SI TERMICA  GAZE  APA CALDA SI AER CONDITIONAT, Total, Arges, Anul 2022, Milioane lei RON, 1146
D  PRODUCTIA SI FURNIZAREA DE ENERGIE ELECTRICA SI TERMICA  GAZE  APA CALDA SI AER CONDITIONAT, Total, Arges, Anul 2023, Milioane lei RON, 1880
D  PRODUCTIA SI FURNIZAREA DE ENERGIE ELECTRICA SI TERMICA  GAZE  APA CALDA SI AER CONDITIONAT, Total, Arges, Anul 2024, Milioane lei RON, 1415
D  PRODUCTIA SI FURNIZAREA DE ENERGIE ELECTRICA SI TERMICA  GAZE  APA CALDA SI AER CONDITIONAT, Total, Calarasi, Anul 2008, Milioane lei RON, 6
D  PRODUCTIA SI FURNIZAREA DE ENERGIE ELECTRICA SI TERMICA  GAZE  APA CALDA SI AER CONDITIONAT, Total, Calarasi, Anul 2009, Milioane lei RON, 92
D  PRODUCTIA SI FURNIZAREA DE ENERGIE ELECTRICA SI TERMICA  GAZE  APA CALDA SI AER CONDITIONAT, Total, Calarasi, Anul 2010, Milioane lei RON, 68
D  PRODUCTIA SI FURNIZAREA DE ENERGIE ELECTRICA SI TERMICA  GAZE  APA CALDA SI AER CONDITIONAT, Total, Calarasi, Anul 2011, Milioane lei RON, 78
D  PRODUCTIA SI FURNIZAREA DE ENERGIE ELECTRICA SI TERMICA  GAZE  APA CALDA SI AER CONDITIONAT, Total, Calarasi, Anul 2012, Milioane lei RON, 88
D  PRODUCTIA SI FURNIZAREA DE ENERGIE ELECTRICA SI TERMICA  GAZE  APA CALDA SI AER CONDITIONAT, Total, Calarasi, Anul 2013, Milioane lei RON, 87
D  PRODUCTIA SI FURNIZAREA DE ENERGIE ELECTRICA SI TERMICA  GAZE  APA CALDA SI AER CONDITIONAT, Total, Calarasi, Anul 2014, Milioane lei RON, 5
D  PRODUCTIA SI FURNIZAREA DE ENERGIE ELECTRICA SI TERMICA  GAZE  APA CALDA SI AER CONDITIONAT, Total, Calarasi, Anul 2015, Milioane lei RON, 12
D  PRODUCTIA SI FURNIZAREA DE ENERGIE ELECTRICA SI TERMICA  GAZE  APA CALDA SI AER CONDITIONAT, Total, Calarasi, Anul 2016, Milioane lei RON, 6
D  PRODUCTIA SI FURNIZAREA DE ENERGIE ELECTRICA SI TERMICA  GAZE  APA CALDA SI AER CONDITIONAT, Total, Calarasi, Anul 2017, Milioane lei RON, 6
D  PRODUCTIA SI FURNIZAREA DE ENERGIE ELECTRICA SI TERMICA  GAZE  APA CALDA SI AER CONDITIONAT, Total, Calarasi, Anul 2018, Milioane lei RON, 207
D  PRODUCTIA SI FURNIZAREA DE ENERGIE ELECTRICA SI TERMICA  GAZE  APA CALDA SI AER CONDITIONAT, Total, Calarasi, Anul 2019, Milioane lei RON, 146
D  PRODUCTIA SI FURNIZAREA DE ENERGIE ELECTRICA SI TERMICA  GAZE  APA CALDA SI AER CONDITIONAT, Total, Calarasi, Anul 2020, Milioane lei RON, 5
D  PRODUCTIA SI FURNIZAREA DE ENERGIE ELECTRICA SI TERMICA  GAZE  APA CALDA SI AER CONDITIONAT, Total, Calarasi, Anul 2021, Milioane lei RON, 29
D  PRODUCTIA SI FURNIZAREA DE ENERGIE ELECTRICA SI TERMICA  GAZE  APA CALDA SI AER CONDITIONAT, Total, Calarasi, Anul 2022, Milioane lei RON, 62
D  PRODUCTIA SI FURNIZAREA DE ENERGIE ELECTRICA SI TERMICA  GAZE  APA CALDA SI AER CONDITIONAT, Total, Calarasi, Anul 2023, Milioane lei RON, 130
D  PRODUCTIA SI FURNIZAREA DE ENERGIE ELECTRICA SI TERMICA  GAZE  APA CALDA SI AER CONDITIONAT, Total, Calarasi, Anul 2024, Milioane lei RON, 124
D  PRODUCTIA SI FURNIZAREA DE ENERGIE ELECTRICA SI TERMICA  GAZE  APA CALDA SI AER CONDITIONAT, Total, Dambovita, Anul 2008, Milioane lei RON, 366
D  PRODUCTIA SI FURNIZAREA DE ENERGIE ELECTRICA SI TERMICA  GAZE  APA CALDA SI AER CONDITIONAT, Total, Dambovita, Anul 2009, Milioane lei RON, 565
D  PRODUCTIA SI FURNIZAREA DE ENERGIE ELECTRICA SI TERMICA  GAZE  APA CALDA SI AER CONDITIONAT, Total, Dambovita, Anul 2010, Milioane lei RON, 337
D  PRODUCTIA SI FURNIZAREA DE ENERGIE ELECTRICA SI TERMICA  GAZE  APA CALDA SI AER CONDITIONAT, Total, Dambovita, Anul 2011, Milioane lei RON, 141
D  PRODUCTIA SI FURNIZAREA DE ENERGIE ELECTRICA SI TERMICA  GAZE  APA CALDA SI AER CONDITIONAT, Total, Dambovita, Anul 2012, Milioane lei RON, 127
D  PRODUCTIA SI FURNIZAREA DE ENERGIE ELECTRICA SI TERMICA  GAZE  APA CALDA SI AER CONDITIONAT, Total, Dambovita, Anul 2013, Milioane lei RON, 126
D  PRODUCTIA SI FURNIZAREA DE ENERGIE ELECTRICA SI TERMICA  GAZE  APA CALDA SI AER CONDITIONAT, Total, Dambovita, Anul 2014, Milioane lei RON, 107
D  PRODUCTIA SI FURNIZAREA DE ENERGIE ELECTRICA SI TERMICA  GAZE  APA CALDA SI AER CONDITIONAT, Total, Dambovita, Anul 2015, Milioane lei RON, 100
D  PRODUCTIA SI FURNIZAREA DE ENERGIE ELECTRICA SI TERMICA  GAZE  APA CALDA SI AER CONDITIONAT, Total, Dambovita, Anul 2016, Milioane lei RON, 98
D  PRODUCTIA SI FURNIZAREA DE ENERGIE ELECTRICA SI TERMICA  GAZE  APA CALDA SI AER CONDITIONAT, Total, Dambovita, Anul 2017, Milioane lei RON, 122
D  PRODUCTIA SI FURNIZAREA DE ENERGIE ELECTRICA SI TERMICA  GAZE  APA CALDA SI AER CONDITIONAT, Total, Dambovita, Anul 2018, Milioane lei RON, 360
D  PRODUCTIA SI FURNIZAREA DE ENERGIE ELECTRICA SI TERMICA  GAZE  APA CALDA SI AER CONDITIONAT, Total, Dambovita, Anul 2019, Milioane lei RON, 208
D  PRODUCTIA SI FURNIZAREA DE ENERGIE ELECTRICA SI TERMICA  GAZE  APA CALDA SI AER CONDITIONAT, Total, Dambovita, Anul 2020, Milioane lei RON, 136
D  PRODUCTIA SI FURNIZAREA DE ENERGIE ELECTRICA SI TERMICA  GAZE  APA CALDA SI AER CONDITIONAT, Total, Dambovita, Anul 2021, Milioane lei RON, 189
D  PRODUCTIA SI FURNIZAREA DE ENERGIE ELECTRICA SI TERMICA  GAZE  APA CALDA SI AER CONDITIONAT, Total, Dambovita, Anul 2022, Milioane lei RON, 263
D  PRODUCTIA SI FURNIZAREA DE ENERGIE ELECTRICA SI TERMICA  GAZE  APA CALDA SI AER CONDITIONAT, Total, Dambovita, Anul 2023, Milioane lei RON, 345
D  PRODUCTIA SI FURNIZAREA DE ENERGIE ELECTRICA SI TERMICA  GAZE  APA CALDA SI AER CONDITIONAT, Total, Dambovita, Anul 2024, Milioane lei RON, 514
D  PRODUCTIA SI FURNIZAREA DE ENERGIE ELECTRICA SI TERMICA  GAZE  APA CALDA SI AER CONDITIONAT, Total, Giurgiu, Anul 2008, Milioane lei RON, 45
D  PRODUCTIA SI FURNIZAREA DE ENERGIE ELECTRICA SI TERMICA  GAZE  APA CALDA SI AER CONDITIONAT, Total, Giurgiu, Anul 2009, Milioane lei RON, 52
D  PRODUCTIA SI FURNIZAREA DE ENERGIE ELECTRICA SI TERMICA  GAZE  APA CALDA SI AER CONDITIONAT, Total, Giurgiu, Anul 2010, Milioane lei RON, 57
D  PRODUCTIA SI FURNIZAREA DE ENERGIE ELECTRICA SI TERMICA  GAZE  APA CALDA SI AER CONDITIONAT, Total, Giurgiu, Anul 2011, Milioane lei RON, 40
D  PRODUCTIA SI FURNIZAREA DE ENERGIE ELECTRICA SI TERMICA  GAZE  APA CALDA SI AER CONDITIONAT, Total, Giurgiu, Anul 2012, Milioane lei RON, 46
D  PRODUCTIA SI FURNIZAREA DE ENERGIE ELECTRICA SI TERMICA  GAZE  APA CALDA SI AER CONDITIONAT, Total, Giurgiu, Anul 2013, Milioane lei RON, 37
D  PRODUCTIA SI FURNIZAREA DE ENERGIE ELECTRICA SI TERMICA  GAZE  APA CALDA SI AER CONDITIONAT, Total, Giurgiu, Anul 2014, Milioane lei RON, 28
D  PRODUCTIA SI FURNIZAREA DE ENERGIE ELECTRICA SI TERMICA  GAZE  APA CALDA SI AER CONDITIONAT, Total, Giurgiu, Anul 2015, Milioane lei RON, 38
D  PRODUCTIA SI FURNIZAREA DE ENERGIE ELECTRICA SI TERMICA  GAZE  APA CALDA SI AER CONDITIONAT, Total, Giurgiu, Anul 2016, Milioane lei RON, 21
D  PRODUCTIA SI FURNIZAREA DE ENERGIE ELECTRICA SI TERMICA  GAZE  APA CALDA SI AER CONDITIONAT, Total, Giurgiu, Anul 2017, Milioane lei RON, 2173
D  PRODUCTIA SI FURNIZAREA DE ENERGIE ELECTRICA SI TERMICA  GAZE  APA CALDA SI AER CONDITIONAT, Total, Giurgiu, Anul 2018, Milioane lei RON, 2660
D  PRODUCTIA SI FURNIZAREA DE ENERGIE ELECTRICA SI TERMICA  GAZE  APA CALDA SI AER CONDITIONAT, Total, Giurgiu, Anul 2019, Milioane lei RON, 2795
D  PRODUCTIA SI FURNIZAREA DE ENERGIE ELECTRICA SI TERMICA  GAZE  APA CALDA SI AER CONDITIONAT, Total, Giurgiu, Anul 2020, Milioane lei RON, 2936
D  PRODUCTIA SI FURNIZAREA DE ENERGIE ELECTRICA SI TERMICA  GAZE  APA CALDA SI AER CONDITIONAT, Total, Giurgiu, Anul 2021, Milioane lei RON, 184
D  PRODUCTIA SI FURNIZAREA DE ENERGIE ELECTRICA SI TERMICA  GAZE  APA CALDA SI AER CONDITIONAT, Total, Giurgiu, Anul 2022, Milioane lei RON, 267
D  PRODUCTIA SI FURNIZAREA DE ENERGIE ELECTRICA SI TERMICA  GAZE  APA CALDA SI AER CONDITIONAT, Total, Giurgiu, Anul 2023, Milioane lei RON, 179
D  PRODUCTIA SI FURNIZAREA DE ENERGIE ELECTRICA SI TERMICA  GAZE  APA CALDA SI AER CONDITIONAT, Total, Giurgiu, Anul 2024, Milioane lei RON, 581
D  PRODUCTIA SI FURNIZAREA DE ENERGIE ELECTRICA SI TERMICA  GAZE  APA CALDA SI AER CONDITIONAT, Total, Ialomita, Anul 2008, Milioane lei RON, 2
D  PRODUCTIA SI FURNIZAREA DE ENERGIE ELECTRICA SI TERMICA  GAZE  APA CALDA SI AER CONDITIONAT, Total, Ialomita, Anul 2009, Milioane lei RON, 78
D  PRODUCTIA SI FURNIZAREA DE ENERGIE ELECTRICA SI TERMICA  GAZE  APA CALDA SI AER CONDITIONAT, Total, Ialomita, Anul 2010, Milioane lei RON, 58
D  PRODUCTIA SI FURNIZAREA DE ENERGIE ELECTRICA SI TERMICA  GAZE  APA CALDA SI AER CONDITIONAT, Total, Ialomita, Anul 2011, Milioane lei RON, 65
D  PRODUCTIA SI FURNIZAREA DE ENERGIE ELECTRICA SI TERMICA  GAZE  APA CALDA SI AER CONDITIONAT, Total, Ialomita, Anul 2012, Milioane lei RON, 73
D  PRODUCTIA SI FURNIZAREA DE ENERGIE ELECTRICA SI TERMICA  GAZE  APA CALDA SI AER CONDITIONAT, Total, Ialomita, Anul 2013, Milioane lei RON, 76
D  PRODUCTIA SI FURNIZAREA DE ENERGIE ELECTRICA SI TERMICA  GAZE  APA CALDA SI AER CONDITIONAT, Total, Ialomita, Anul 2014, Milioane lei RON, 28
D  PRODUCTIA SI FURNIZAREA DE ENERGIE ELECTRICA SI TERMICA  GAZE  APA CALDA SI AER CONDITIONAT, Total, Ialomita, Anul 2015, Milioane lei RON, 7
D  PRODUCTIA SI FURNIZAREA DE ENERGIE ELECTRICA SI TERMICA  GAZE  APA CALDA SI AER CONDITIONAT, Total, Ialomita, Anul 2016, Milioane lei RON, 104
D  PRODUCTIA SI FURNIZAREA DE ENERGIE ELECTRICA SI TERMICA  GAZE  APA CALDA SI AER CONDITIONAT, Total, Ialomita, Anul 2017, Milioane lei RON, 182
D  PRODUCTIA SI FURNIZAREA DE ENERGIE ELECTRICA SI TERMICA  GAZE  APA CALDA SI AER CONDITIONAT, Total, Ialomita, Anul 2018, Milioane lei RON, 304
D  PRODUCTIA SI FURNIZAREA DE ENERGIE ELECTRICA SI TERMICA  GAZE  APA CALDA SI AER CONDITIONAT, Total, Ialomita, Anul 2019, Milioane lei RON, 227
D  PRODUCTIA SI FURNIZAREA DE ENERGIE ELECTRICA SI TERMICA  GAZE  APA CALDA SI AER CONDITIONAT, Total, Ialomita, Anul 2020, Milioane lei RON, 92
D  PRODUCTIA SI FURNIZAREA DE ENERGIE ELECTRICA SI TERMICA  GAZE  APA CALDA SI AER CONDITIONAT, Total, Ialomita, Anul 2021, Milioane lei RON, 390
D  PRODUCTIA SI FURNIZAREA DE ENERGIE ELECTRICA SI TERMICA  GAZE  APA CALDA SI AER CONDITIONAT, Total, Ialomita, Anul 2022, Milioane lei RON, 1487
D  PRODUCTIA SI FURNIZAREA DE ENERGIE ELECTRICA SI TERMICA  GAZE  APA CALDA SI AER CONDITIONAT, Total, Ialomita, Anul 2023, Milioane lei RON, 836
D  PRODUCTIA SI FURNIZAREA DE ENERGIE ELECTRICA SI TERMICA  GAZE  APA CALDA SI AER CONDITIONAT, Total, Ialomita, Anul 2024, Milioane lei RON, 671
D  PRODUCTIA SI FURNIZAREA DE ENERGIE ELECTRICA SI TERMICA  GAZE  APA CALDA SI AER CONDITIONAT, Total, Prahova, Anul 2008, Milioane lei RON, 892
D  PRODUCTIA SI FURNIZAREA DE ENERGIE ELECTRICA SI TERMICA  GAZE  APA CALDA SI AER CONDITIONAT, Total, Prahova, Anul 2009, Milioane lei RON, 1053
D  PRODUCTIA SI FURNIZAREA DE ENERGIE ELECTRICA SI TERMICA  GAZE  APA CALDA SI AER CONDITIONAT, Total, Prahova, Anul 2010, Milioane lei RON, 886
D  PRODUCTIA SI FURNIZAREA DE ENERGIE ELECTRICA SI TERMICA  GAZE  APA CALDA SI AER CONDITIONAT, Total, Prahova, Anul 2011, Milioane lei RON, 1980
D  PRODUCTIA SI FURNIZAREA DE ENERGIE ELECTRICA SI TERMICA  GAZE  APA CALDA SI AER CONDITIONAT, Total, Prahova, Anul 2012, Milioane lei RON, 2472
D  PRODUCTIA SI FURNIZAREA DE ENERGIE ELECTRICA SI TERMICA  GAZE  APA CALDA SI AER CONDITIONAT, Total, Prahova, Anul 2013, Milioane lei RON, 2444
D  PRODUCTIA SI FURNIZAREA DE ENERGIE ELECTRICA SI TERMICA  GAZE  APA CALDA SI AER CONDITIONAT, Total, Prahova, Anul 2014, Milioane lei RON, 2358
D  PRODUCTIA SI FURNIZAREA DE ENERGIE ELECTRICA SI TERMICA  GAZE  APA CALDA SI AER CONDITIONAT, Total, Prahova, Anul 2015, Milioane lei RON, 2592
D  PRODUCTIA SI FURNIZAREA DE ENERGIE ELECTRICA SI TERMICA  GAZE  APA CALDA SI AER CONDITIONAT, Total, Prahova, Anul 2016, Milioane lei RON, 2752
D  PRODUCTIA SI FURNIZAREA DE ENERGIE ELECTRICA SI TERMICA  GAZE  APA CALDA SI AER CONDITIONAT, Total, Prahova, Anul 2017, Milioane lei RON, 2601
D  PRODUCTIA SI FURNIZAREA DE ENERGIE ELECTRICA SI TERMICA  GAZE  APA CALDA SI AER CONDITIONAT, Total, Prahova, Anul 2018, Milioane lei RON, 3533
D  PRODUCTIA SI FURNIZAREA DE ENERGIE ELECTRICA SI TERMICA  GAZE  APA CALDA SI AER CONDITIONAT, Total, Prahova, Anul 2019, Milioane lei RON, 3532
D  PRODUCTIA SI FURNIZAREA DE ENERGIE ELECTRICA SI TERMICA  GAZE  APA CALDA SI AER CONDITIONAT, Total, Prahova, Anul 2020, Milioane lei RON, 3596
D  PRODUCTIA SI FURNIZAREA DE ENERGIE ELECTRICA SI TERMICA  GAZE  APA CALDA SI AER CONDITIONAT, Total, Prahova, Anul 2021, Milioane lei RON, 6643
D  PRODUCTIA SI FURNIZAREA DE ENERGIE ELECTRICA SI TERMICA  GAZE  APA CALDA SI AER CONDITIONAT, Total, Prahova, Anul 2022, Milioane lei RON, 15260
D  PRODUCTIA SI FURNIZAREA DE ENERGIE ELECTRICA SI TERMICA  GAZE  APA CALDA SI AER CONDITIONAT, Total, Prahova, Anul 2023, Milioane lei RON, 6570
D  PRODUCTIA SI FURNIZAREA DE ENERGIE ELECTRICA SI TERMICA  GAZE  APA CALDA SI AER CONDITIONAT, Total, Prahova, Anul 2024, Milioane lei RON, 6189
D  PRODUCTIA SI FURNIZAREA DE ENERGIE ELECTRICA SI TERMICA  GAZE  APA CALDA SI AER CONDITIONAT, Total, Teleorman, Anul 2008, Milioane lei RON, 113
D  PRODUCTIA SI FURNIZAREA DE ENERGIE ELECTRICA SI TERMICA  GAZE  APA CALDA SI AER CONDITIONAT, Total, Teleorman, Anul 2009, Milioane lei RON, 40
D  PRODUCTIA SI FURNIZAREA DE ENERGIE ELECTRICA SI TERMICA  GAZE  APA CALDA SI AER CONDITIONAT, Total, Teleorman, Anul 2010, Milioane lei RON, 49
D  PRODUCTIA SI FURNIZAREA DE ENERGIE ELECTRICA SI TERMICA  GAZE  APA CALDA SI AER CONDITIONAT, Total, Teleorman, Anul 2011, Milioane lei RON, 63
D  PRODUCTIA SI FURNIZAREA DE ENERGIE ELECTRICA SI TERMICA  GAZE  APA CALDA SI AER CONDITIONAT, Total, Teleorman, Anul 2012, Milioane lei RON, 89
D  PRODUCTIA SI FURNIZAREA DE ENERGIE ELECTRICA SI TERMICA  GAZE  APA CALDA SI AER CONDITIONAT, Total, Teleorman, Anul 2013, Milioane lei RON, 285
D  PRODUCTIA SI FURNIZAREA DE ENERGIE ELECTRICA SI TERMICA  GAZE  APA CALDA SI AER CONDITIONAT, Total, Teleorman, Anul 2014, Milioane lei RON, 69
D  PRODUCTIA SI FURNIZAREA DE ENERGIE ELECTRICA SI TERMICA  GAZE  APA CALDA SI AER CONDITIONAT, Total, Teleorman, Anul 2015, Milioane lei RON, 70
D  PRODUCTIA SI FURNIZAREA DE ENERGIE ELECTRICA SI TERMICA  GAZE  APA CALDA SI AER CONDITIONAT, Total, Teleorman, Anul 2016, Milioane lei RON, 18
D  PRODUCTIA SI FURNIZAREA DE ENERGIE ELECTRICA SI TERMICA  GAZE  APA CALDA SI AER CONDITIONAT, Total, Teleorman, Anul 2017, Milioane lei RON, 10
D  PRODUCTIA SI FURNIZAREA DE ENERGIE ELECTRICA SI TERMICA  GAZE  APA CALDA SI AER CONDITIONAT, Total, Teleorman, Anul 2018, Milioane lei RON, 113
D  PRODUCTIA SI FURNIZAREA DE ENERGIE ELECTRICA SI TERMICA  GAZE  APA CALDA SI AER CONDITIONAT, Total, Teleorman, Anul 2019, Milioane lei RON, 33
D  PRODUCTIA SI FURNIZAREA DE ENERGIE ELECTRICA SI TERMICA  GAZE  APA CALDA SI AER CONDITIONAT, Total, Teleorman, Anul 2020, Milioane lei RON, 3
D  PRODUCTIA SI FURNIZAREA DE ENERGIE ELECTRICA SI TERMICA  GAZE  APA CALDA SI AER CONDITIONAT, Total, Teleorman, Anul 2021, Milioane lei RON, 3
D  PRODUCTIA SI FURNIZAREA DE ENERGIE ELECTRICA SI TERMICA  GAZE  APA CALDA SI AER CONDITIONAT, Total, Teleorman, Anul 2022, Milioane lei RON, 17
D  PRODUCTIA SI FURNIZAREA DE ENERGIE ELECTRICA SI TERMICA  GAZE  APA CALDA SI AER CONDITIONAT, Total, Teleorman, Anul 2023, Milioane lei RON, 13
D  PRODUCTIA SI FURNIZAREA DE ENERGIE ELECTRICA SI TERMICA  GAZE  APA CALDA SI AER CONDITIONAT, Total, Teleorman, Anul 2024, Milioane lei RON, 136
D  PRODUCTIA SI FURNIZAREA DE ENERGIE ELECTRICA SI TERMICA  GAZE  APA CALDA SI AER CONDITIONAT, Total, Ilfov, Anul 2008, Milioane lei RON, 134
D  PRODUCTIA SI FURNIZAREA DE ENERGIE ELECTRICA SI TERMICA  GAZE  APA CALDA SI AER CONDITIONAT, Total, Ilfov, Anul 2009, Milioane lei RON, 57
D  PRODUCTIA SI FURNIZAREA DE ENERGIE ELECTRICA SI TERMICA  GAZE  APA CALDA SI AER CONDITIONAT, Total, Ilfov, Anul 2010, Milioane lei RON, 96
D  PRODUCTIA SI FURNIZAREA DE ENERGIE ELECTRICA SI TERMICA  GAZE  APA CALDA SI AER CONDITIONAT, Total, Ilfov, Anul 2011, Milioane lei RON, 108
D  PRODUCTIA SI FURNIZAREA DE ENERGIE ELECTRICA SI TERMICA  GAZE  APA CALDA SI AER CONDITIONAT, Total, Ilfov, Anul 2012, Milioane lei RON, 69
D  PRODUCTIA SI FURNIZAREA DE ENERGIE ELECTRICA SI TERMICA  GAZE  APA CALDA SI AER CONDITIONAT, Total, Ilfov, Anul 2013, Milioane lei RON, 141
D  PRODUCTIA SI FURNIZAREA DE ENERGIE ELECTRICA SI TERMICA  GAZE  APA CALDA SI AER CONDITIONAT, Total, Ilfov, Anul 2014, Milioane lei RON, 240
D  PRODUCTIA SI FURNIZAREA DE ENERGIE ELECTRICA SI TERMICA  GAZE  APA CALDA SI AER CONDITIONAT, Total, Ilfov, Anul 2015, Milioane lei RON, 226
D  PRODUCTIA SI FURNIZAREA DE ENERGIE ELECTRICA SI TERMICA  GAZE  APA CALDA SI AER CONDITIONAT, Total, Ilfov, Anul 2016, Milioane lei RON, 226
D  PRODUCTIA SI FURNIZAREA DE ENERGIE ELECTRICA SI TERMICA  GAZE  APA CALDA SI AER CONDITIONAT, Total, Ilfov, Anul 2017, Milioane lei RON, 291
D  PRODUCTIA SI FURNIZAREA DE ENERGIE ELECTRICA SI TERMICA  GAZE  APA CALDA SI AER CONDITIONAT, Total, Ilfov, Anul 2018, Milioane lei RON, 231
D  PRODUCTIA SI FURNIZAREA DE ENERGIE ELECTRICA SI TERMICA  GAZE  APA CALDA SI AER CONDITIONAT, Total, Ilfov, Anul 2019, Milioane lei RON, 151
D  PRODUCTIA SI FURNIZAREA DE ENERGIE ELECTRICA SI TERMICA  GAZE  APA CALDA SI AER CONDITIONAT, Total, Ilfov, Anul 2020, Milioane lei RON, 128
D  PRODUCTIA SI FURNIZAREA DE ENERGIE ELECTRICA SI TERMICA  GAZE  APA CALDA SI AER CONDITIONAT, Total, Ilfov, Anul 2021, Milioane lei RON, 264
D  PRODUCTIA SI FURNIZAREA DE ENERGIE ELECTRICA SI TERMICA  GAZE  APA CALDA SI AER CONDITIONAT, Total, Ilfov, Anul 2022, Milioane lei RON, 1191
D  PRODUCTIA SI FURNIZAREA DE ENERGIE ELECTRICA SI TERMICA  GAZE  APA CALDA SI AER CONDITIONAT, Total, Ilfov, Anul 2023, Milioane lei RON, 884
D  PRODUCTIA SI FURNIZAREA DE ENERGIE ELECTRICA SI TERMICA  GAZE  APA CALDA SI AER CONDITIONAT, Total, Ilfov, Anul 2024, Milioane lei RON, 1538
D  PRODUCTIA SI FURNIZAREA DE ENERGIE ELECTRICA SI TERMICA  GAZE  APA CALDA SI AER CONDITIONAT, Total, Municipiul Bucuresti, Anul 2008, Milioane lei RON, 22917
D  PRODUCTIA SI FURNIZAREA DE ENERGIE ELECTRICA SI TERMICA  GAZE  APA CALDA SI AER CONDITIONAT, Total, Municipiul Bucuresti, Anul 2009, Milioane lei RON, 23559
D  PRODUCTIA SI FURNIZAREA DE ENERGIE ELECTRICA SI TERMICA  GAZE  APA CALDA SI AER CONDITIONAT, Total, Municipiul Bucuresti, Anul 2010, Milioane lei RON, 28002
D  PRODUCTIA SI FURNIZAREA DE ENERGIE ELECTRICA SI TERMICA  GAZE  APA CALDA SI AER CONDITIONAT, Total, Municipiul Bucuresti, Anul 2011, Milioane lei RON, 32514
D  PRODUCTIA SI FURNIZAREA DE ENERGIE ELECTRICA SI TERMICA  GAZE  APA CALDA SI AER CONDITIONAT, Total, Municipiul Bucuresti, Anul 2012, Milioane lei RON, 30741
D  PRODUCTIA SI FURNIZAREA DE ENERGIE ELECTRICA SI TERMICA  GAZE  APA CALDA SI AER CONDITIONAT, Total, Municipiul Bucuresti, Anul 2013, Milioane lei RON, 28388
D  PRODUCTIA SI FURNIZAREA DE ENERGIE ELECTRICA SI TERMICA  GAZE  APA CALDA SI AER CONDITIONAT, Total, Municipiul Bucuresti, Anul 2014, Milioane lei RON, 28610
D  PRODUCTIA SI FURNIZAREA DE ENERGIE ELECTRICA SI TERMICA  GAZE  APA CALDA SI AER CONDITIONAT, Total, Municipiul Bucuresti, Anul 2015, Milioane lei RON, 30686
D  PRODUCTIA SI FURNIZAREA DE ENERGIE ELECTRICA SI TERMICA  GAZE  APA CALDA SI AER CONDITIONAT, Total, Municipiul Bucuresti, Anul 2016, Milioane lei RON, 26671
D  PRODUCTIA SI FURNIZAREA DE ENERGIE ELECTRICA SI TERMICA  GAZE  APA CALDA SI AER CONDITIONAT, Total, Municipiul Bucuresti, Anul 2017, Milioane lei RON, 23591
D  PRODUCTIA SI FURNIZAREA DE ENERGIE ELECTRICA SI TERMICA  GAZE  APA CALDA SI AER CONDITIONAT, Total, Municipiul Bucuresti, Anul 2018, Milioane lei RON, 21624
D  PRODUCTIA SI FURNIZAREA DE ENERGIE ELECTRICA SI TERMICA  GAZE  APA CALDA SI AER CONDITIONAT, Total, Municipiul Bucuresti, Anul 2019, Milioane lei RON, 26918
D  PRODUCTIA SI FURNIZAREA DE ENERGIE ELECTRICA SI TERMICA  GAZE  APA CALDA SI AER CONDITIONAT, Total, Municipiul Bucuresti, Anul 2020, Milioane lei RON, 26108
D  PRODUCTIA SI FURNIZAREA DE ENERGIE ELECTRICA SI TERMICA  GAZE  APA CALDA SI AER CONDITIONAT, Total, Municipiul Bucuresti, Anul 2021, Milioane lei RON, 42759
D  PRODUCTIA SI FURNIZAREA DE ENERGIE ELECTRICA SI TERMICA  GAZE  APA CALDA SI AER CONDITIONAT, Total, Municipiul Bucuresti, Anul 2022, Milioane lei RON, 87466
D  PRODUCTIA SI FURNIZAREA DE ENERGIE ELECTRICA SI TERMICA  GAZE  APA CALDA SI AER CONDITIONAT, Total, Municipiul Bucuresti, Anul 2023, Milioane lei RON, 52289
D  PRODUCTIA SI FURNIZAREA DE ENERGIE ELECTRICA SI TERMICA  GAZE  APA CALDA SI AER CONDITIONAT, Total, Municipiul Bucuresti, Anul 2024, Milioane lei RON, 45678
D  PRODUCTIA SI FURNIZAREA DE ENERGIE ELECTRICA SI TERMICA  GAZE  APA CALDA SI AER CONDITIONAT, Total, Dolj, Anul 2008, Milioane lei RON, 3263
D  PRODUCTIA SI FURNIZAREA DE ENERGIE ELECTRICA SI TERMICA  GAZE  APA CALDA SI AER CONDITIONAT, Total, Dolj, Anul 2009, Milioane lei RON, 3478
D  PRODUCTIA SI FURNIZAREA DE ENERGIE ELECTRICA SI TERMICA  GAZE  APA CALDA SI AER CONDITIONAT, Total, Dolj, Anul 2010, Milioane lei RON, 3355
D  PRODUCTIA SI FURNIZAREA DE ENERGIE ELECTRICA SI TERMICA  GAZE  APA CALDA SI AER CONDITIONAT, Total, Dolj, Anul 2011, Milioane lei RON, 3528
D  PRODUCTIA SI FURNIZAREA DE ENERGIE ELECTRICA SI TERMICA  GAZE  APA CALDA SI AER CONDITIONAT, Total, Dolj, Anul 2012, Milioane lei RON, 3482
D  PRODUCTIA SI FURNIZAREA DE ENERGIE ELECTRICA SI TERMICA  GAZE  APA CALDA SI AER CONDITIONAT, Total, Dolj, Anul 2013, Milioane lei RON, 3423
D  PRODUCTIA SI FURNIZAREA DE ENERGIE ELECTRICA SI TERMICA  GAZE  APA CALDA SI AER CONDITIONAT, Total, Dolj, Anul 2014, Milioane lei RON, 2994
D  PRODUCTIA SI FURNIZAREA DE ENERGIE ELECTRICA SI TERMICA  GAZE  APA CALDA SI AER CONDITIONAT, Total, Dolj, Anul 2015, Milioane lei RON, 3192
D  PRODUCTIA SI FURNIZAREA DE ENERGIE ELECTRICA SI TERMICA  GAZE  APA CALDA SI AER CONDITIONAT, Total, Dolj, Anul 2016, Milioane lei RON, 2943
D  PRODUCTIA SI FURNIZAREA DE ENERGIE ELECTRICA SI TERMICA  GAZE  APA CALDA SI AER CONDITIONAT, Total, Dolj, Anul 2017, Milioane lei RON, 2979
D  PRODUCTIA SI FURNIZAREA DE ENERGIE ELECTRICA SI TERMICA  GAZE  APA CALDA SI AER CONDITIONAT, Total, Dolj, Anul 2018, Milioane lei RON, 3052
D  PRODUCTIA SI FURNIZAREA DE ENERGIE ELECTRICA SI TERMICA  GAZE  APA CALDA SI AER CONDITIONAT, Total, Dolj, Anul 2019, Milioane lei RON, 3816
D  PRODUCTIA SI FURNIZAREA DE ENERGIE ELECTRICA SI TERMICA  GAZE  APA CALDA SI AER CONDITIONAT, Total, Dolj, Anul 2020, Milioane lei RON, 3612
D  PRODUCTIA SI FURNIZAREA DE ENERGIE ELECTRICA SI TERMICA  GAZE  APA CALDA SI AER CONDITIONAT, Total, Dolj, Anul 2021, Milioane lei RON, 4460
D  PRODUCTIA SI FURNIZAREA DE ENERGIE ELECTRICA SI TERMICA  GAZE  APA CALDA SI AER CONDITIONAT, Total, Dolj, Anul 2022, Milioane lei RON, 5240
D  PRODUCTIA SI FURNIZAREA DE ENERGIE ELECTRICA SI TERMICA  GAZE  APA CALDA SI AER CONDITIONAT, Total, Dolj, Anul 2023, Milioane lei RON, 5952
D  PRODUCTIA SI FURNIZAREA DE ENERGIE ELECTRICA SI TERMICA  GAZE  APA CALDA SI AER CONDITIONAT, Total, Dolj, Anul 2024, Milioane lei RON, 4814
D  PRODUCTIA SI FURNIZAREA DE ENERGIE ELECTRICA SI TERMICA  GAZE  APA CALDA SI AER CONDITIONAT, Total, Gorj, Anul 2008, Milioane lei RON, 2266
D  PRODUCTIA SI FURNIZAREA DE ENERGIE ELECTRICA SI TERMICA  GAZE  APA CALDA SI AER CONDITIONAT, Total, Gorj, Anul 2009, Milioane lei RON, 2150
D  PRODUCTIA SI FURNIZAREA DE ENERGIE ELECTRICA SI TERMICA  GAZE  APA CALDA SI AER CONDITIONAT, Total, Gorj, Anul 2010, Milioane lei RON, 1868
D  PRODUCTIA SI FURNIZAREA DE ENERGIE ELECTRICA SI TERMICA  GAZE  APA CALDA SI AER CONDITIONAT, Total, Gorj, Anul 2011, Milioane lei RON, 2577
D  PRODUCTIA SI FURNIZAREA DE ENERGIE ELECTRICA SI TERMICA  GAZE  APA CALDA SI AER CONDITIONAT, Total, Gorj, Anul 2012, Milioane lei RON, 2635
D  PRODUCTIA SI FURNIZAREA DE ENERGIE ELECTRICA SI TERMICA  GAZE  APA CALDA SI AER CONDITIONAT, Total, Gorj, Anul 2013, Milioane lei RON, 1713
D  PRODUCTIA SI FURNIZAREA DE ENERGIE ELECTRICA SI TERMICA  GAZE  APA CALDA SI AER CONDITIONAT, Total, Gorj, Anul 2014, Milioane lei RON, 1650
D  PRODUCTIA SI FURNIZAREA DE ENERGIE ELECTRICA SI TERMICA  GAZE  APA CALDA SI AER CONDITIONAT, Total, Gorj, Anul 2015, Milioane lei RON, 1805
D  PRODUCTIA SI FURNIZAREA DE ENERGIE ELECTRICA SI TERMICA  GAZE  APA CALDA SI AER CONDITIONAT, Total, Gorj, Anul 2016, Milioane lei RON, 1680
D  PRODUCTIA SI FURNIZAREA DE ENERGIE ELECTRICA SI TERMICA  GAZE  APA CALDA SI AER CONDITIONAT, Total, Gorj, Anul 2017, Milioane lei RON, 2168
D  PRODUCTIA SI FURNIZAREA DE ENERGIE ELECTRICA SI TERMICA  GAZE  APA CALDA SI AER CONDITIONAT, Total, Gorj, Anul 2018, Milioane lei RON, 2297
D  PRODUCTIA SI FURNIZAREA DE ENERGIE ELECTRICA SI TERMICA  GAZE  APA CALDA SI AER CONDITIONAT, Total, Gorj, Anul 2019, Milioane lei RON, 2369
D  PRODUCTIA SI FURNIZAREA DE ENERGIE ELECTRICA SI TERMICA  GAZE  APA CALDA SI AER CONDITIONAT, Total, Gorj, Anul 2020, Milioane lei RON, 1583
D  PRODUCTIA SI FURNIZAREA DE ENERGIE ELECTRICA SI TERMICA  GAZE  APA CALDA SI AER CONDITIONAT, Total, Gorj, Anul 2021, Milioane lei RON, 2493
D  PRODUCTIA SI FURNIZAREA DE ENERGIE ELECTRICA SI TERMICA  GAZE  APA CALDA SI AER CONDITIONAT, Total, Gorj, Anul 2022, Milioane lei RON, 4985
D  PRODUCTIA SI FURNIZAREA DE ENERGIE ELECTRICA SI TERMICA  GAZE  APA CALDA SI AER CONDITIONAT, Total, Gorj, Anul 2023, Milioane lei RON, 5915
D  PRODUCTIA SI FURNIZAREA DE ENERGIE ELECTRICA SI TERMICA  GAZE  APA CALDA SI AER CONDITIONAT, Total, Gorj, Anul 2024, Milioane lei RON, 4229
D  PRODUCTIA SI FURNIZAREA DE ENERGIE ELECTRICA SI TERMICA  GAZE  APA CALDA SI AER CONDITIONAT, Total, Mehedinti, Anul 2008, Milioane lei RON, 473
D  PRODUCTIA SI FURNIZAREA DE ENERGIE ELECTRICA SI TERMICA  GAZE  APA CALDA SI AER CONDITIONAT, Total, Mehedinti, Anul 2009, Milioane lei RON, 354
D  PRODUCTIA SI FURNIZAREA DE ENERGIE ELECTRICA SI TERMICA  GAZE  APA CALDA SI AER CONDITIONAT, Total, Mehedinti, Anul 2010, Milioane lei RON, 281
D  PRODUCTIA SI FURNIZAREA DE ENERGIE ELECTRICA SI TERMICA  GAZE  APA CALDA SI AER CONDITIONAT, Total, Mehedinti, Anul 2011, Milioane lei RON, 365
D  PRODUCTIA SI FURNIZAREA DE ENERGIE ELECTRICA SI TERMICA  GAZE  APA CALDA SI AER CONDITIONAT, Total, Mehedinti, Anul 2012, Milioane lei RON, 260
D  PRODUCTIA SI FURNIZAREA DE ENERGIE ELECTRICA SI TERMICA  GAZE  APA CALDA SI AER CONDITIONAT, Total, Mehedinti, Anul 2013, Milioane lei RON, 230
D  PRODUCTIA SI FURNIZAREA DE ENERGIE ELECTRICA SI TERMICA  GAZE  APA CALDA SI AER CONDITIONAT, Total, Mehedinti, Anul 2014, Milioane lei RON, 133
D  PRODUCTIA SI FURNIZAREA DE ENERGIE ELECTRICA SI TERMICA  GAZE  APA CALDA SI AER CONDITIONAT, Total, Mehedinti, Anul 2015, Milioane lei RON, 80
D  PRODUCTIA SI FURNIZAREA DE ENERGIE ELECTRICA SI TERMICA  GAZE  APA CALDA SI AER CONDITIONAT, Total, Mehedinti, Anul 2016, Milioane lei RON, 1473
D  PRODUCTIA SI FURNIZAREA DE ENERGIE ELECTRICA SI TERMICA  GAZE  APA CALDA SI AER CONDITIONAT, Total, Mehedinti, Anul 2017, Milioane lei RON, 1425
D  PRODUCTIA SI FURNIZAREA DE ENERGIE ELECTRICA SI TERMICA  GAZE  APA CALDA SI AER CONDITIONAT, Total, Mehedinti, Anul 2018, Milioane lei RON, 1930
D  PRODUCTIA SI FURNIZAREA DE ENERGIE ELECTRICA SI TERMICA  GAZE  APA CALDA SI AER CONDITIONAT, Total, Mehedinti, Anul 2019, Milioane lei RON, 1811
D  PRODUCTIA SI FURNIZAREA DE ENERGIE ELECTRICA SI TERMICA  GAZE  APA CALDA SI AER CONDITIONAT, Total, Mehedinti, Anul 2020, Milioane lei RON, 1683
D  PRODUCTIA SI FURNIZAREA DE ENERGIE ELECTRICA SI TERMICA  GAZE  APA CALDA SI AER CONDITIONAT, Total, Mehedinti, Anul 2021, Milioane lei RON, 2758
D  PRODUCTIA SI FURNIZAREA DE ENERGIE ELECTRICA SI TERMICA  GAZE  APA CALDA SI AER CONDITIONAT, Total, Mehedinti, Anul 2022, Milioane lei RON, 4081
D  PRODUCTIA SI FURNIZAREA DE ENERGIE ELECTRICA SI TERMICA  GAZE  APA CALDA SI AER CONDITIONAT, Total, Mehedinti, Anul 2023, Milioane lei RON, 5382
D  PRODUCTIA SI FURNIZAREA DE ENERGIE ELECTRICA SI TERMICA  GAZE  APA CALDA SI AER CONDITIONAT, Total, Mehedinti, Anul 2024, Milioane lei RON, 4213
D  PRODUCTIA SI FURNIZAREA DE ENERGIE ELECTRICA SI TERMICA  GAZE  APA CALDA SI AER CONDITIONAT, Total, Olt, Anul 2008, Milioane lei RON, 1
D  PRODUCTIA SI FURNIZAREA DE ENERGIE ELECTRICA SI TERMICA  GAZE  APA CALDA SI AER CONDITIONAT, Total, Olt, Anul 2009, Milioane lei RON, 73
D  PRODUCTIA SI FURNIZAREA DE ENERGIE ELECTRICA SI TERMICA  GAZE  APA CALDA SI AER CONDITIONAT, Total, Olt, Anul 2010, Milioane lei RON, 1
D  PRODUCTIA SI FURNIZAREA DE ENERGIE ELECTRICA SI TERMICA  GAZE  APA CALDA SI AER CONDITIONAT, Total, Olt, Anul 2011, Milioane lei RON, 6
D  PRODUCTIA SI FURNIZAREA DE ENERGIE ELECTRICA SI TERMICA  GAZE  APA CALDA SI AER CONDITIONAT, Total, Olt, Anul 2012, Milioane lei RON, 2
D  PRODUCTIA SI FURNIZAREA DE ENERGIE ELECTRICA SI TERMICA  GAZE  APA CALDA SI AER CONDITIONAT, Total, Olt, Anul 2013, Milioane lei RON, 1
D  PRODUCTIA SI FURNIZAREA DE ENERGIE ELECTRICA SI TERMICA  GAZE  APA CALDA SI AER CONDITIONAT, Total, Olt, Anul 2014, Milioane lei RON, 0
D  PRODUCTIA SI FURNIZAREA DE ENERGIE ELECTRICA SI TERMICA  GAZE  APA CALDA SI AER CONDITIONAT, Total, Olt, Anul 2015, Milioane lei RON, 2
D  PRODUCTIA SI FURNIZAREA DE ENERGIE ELECTRICA SI TERMICA  GAZE  APA CALDA SI AER CONDITIONAT, Total, Olt, Anul 2016, Milioane lei RON, 1
D  PRODUCTIA SI FURNIZAREA DE ENERGIE ELECTRICA SI TERMICA  GAZE  APA CALDA SI AER CONDITIONAT, Total, Olt, Anul 2017, Milioane lei RON, 1
D  PRODUCTIA SI FURNIZAREA DE ENERGIE ELECTRICA SI TERMICA  GAZE  APA CALDA SI AER CONDITIONAT, Total, Olt, Anul 2018, Milioane lei RON, 113
D  PRODUCTIA SI FURNIZAREA DE ENERGIE ELECTRICA SI TERMICA  GAZE  APA CALDA SI AER CONDITIONAT, Total, Olt, Anul 2019, Milioane lei RON, 29
D  PRODUCTIA SI FURNIZAREA DE ENERGIE ELECTRICA SI TERMICA  GAZE  APA CALDA SI AER CONDITIONAT, Total, Olt, Anul 2020, Milioane lei RON, 2
D  PRODUCTIA SI FURNIZAREA DE ENERGIE ELECTRICA SI TERMICA  GAZE  APA CALDA SI AER CONDITIONAT, Total, Olt, Anul 2021, Milioane lei RON, 47
D  PRODUCTIA SI FURNIZAREA DE ENERGIE ELECTRICA SI TERMICA  GAZE  APA CALDA SI AER CONDITIONAT, Total, Olt, Anul 2022, Milioane lei RON, 40
D  PRODUCTIA SI FURNIZAREA DE ENERGIE ELECTRICA SI TERMICA  GAZE  APA CALDA SI AER CONDITIONAT, Total, Olt, Anul 2023, Milioane lei RON, 172
D  PRODUCTIA SI FURNIZAREA DE ENERGIE ELECTRICA SI TERMICA  GAZE  APA CALDA SI AER CONDITIONAT, Total, Olt, Anul 2024, Milioane lei RON, 63
D  PRODUCTIA SI FURNIZAREA DE ENERGIE ELECTRICA SI TERMICA  GAZE  APA CALDA SI AER CONDITIONAT, Total, Valcea, Anul 2008, Milioane lei RON, 383
D  PRODUCTIA SI FURNIZAREA DE ENERGIE ELECTRICA SI TERMICA  GAZE  APA CALDA SI AER CONDITIONAT, Total, Valcea, Anul 2009, Milioane lei RON, 517
D  PRODUCTIA SI FURNIZAREA DE ENERGIE ELECTRICA SI TERMICA  GAZE  APA CALDA SI AER CONDITIONAT, Total, Valcea, Anul 2010, Milioane lei RON, 287
D  PRODUCTIA SI FURNIZAREA DE ENERGIE ELECTRICA SI TERMICA  GAZE  APA CALDA SI AER CONDITIONAT, Total, Valcea, Anul 2011, Milioane lei RON, 387
D  PRODUCTIA SI FURNIZAREA DE ENERGIE ELECTRICA SI TERMICA  GAZE  APA CALDA SI AER CONDITIONAT, Total, Valcea, Anul 2012, Milioane lei RON, 346
D  PRODUCTIA SI FURNIZAREA DE ENERGIE ELECTRICA SI TERMICA  GAZE  APA CALDA SI AER CONDITIONAT, Total, Valcea, Anul 2013, Milioane lei RON, 410
D  PRODUCTIA SI FURNIZAREA DE ENERGIE ELECTRICA SI TERMICA  GAZE  APA CALDA SI AER CONDITIONAT, Total, Valcea, Anul 2014, Milioane lei RON, 396
D  PRODUCTIA SI FURNIZAREA DE ENERGIE ELECTRICA SI TERMICA  GAZE  APA CALDA SI AER CONDITIONAT, Total, Valcea, Anul 2015, Milioane lei RON, 469
D  PRODUCTIA SI FURNIZAREA DE ENERGIE ELECTRICA SI TERMICA  GAZE  APA CALDA SI AER CONDITIONAT, Total, Valcea, Anul 2016, Milioane lei RON, 1171
D  PRODUCTIA SI FURNIZAREA DE ENERGIE ELECTRICA SI TERMICA  GAZE  APA CALDA SI AER CONDITIONAT, Total, Valcea, Anul 2017, Milioane lei RON, 1130
D  PRODUCTIA SI FURNIZAREA DE ENERGIE ELECTRICA SI TERMICA  GAZE  APA CALDA SI AER CONDITIONAT, Total, Valcea, Anul 2018, Milioane lei RON, 1394
D  PRODUCTIA SI FURNIZAREA DE ENERGIE ELECTRICA SI TERMICA  GAZE  APA CALDA SI AER CONDITIONAT, Total, Valcea, Anul 2019, Milioane lei RON, 1201
D  PRODUCTIA SI FURNIZAREA DE ENERGIE ELECTRICA SI TERMICA  GAZE  APA CALDA SI AER CONDITIONAT, Total, Valcea, Anul 2020, Milioane lei RON, 982
D  PRODUCTIA SI FURNIZAREA DE ENERGIE ELECTRICA SI TERMICA  GAZE  APA CALDA SI AER CONDITIONAT, Total, Valcea, Anul 2021, Milioane lei RON, 1503
D  PRODUCTIA SI FURNIZAREA DE ENERGIE ELECTRICA SI TERMICA  GAZE  APA CALDA SI AER CONDITIONAT, Total, Valcea, Anul 2022, Milioane lei RON, 2164
D  PRODUCTIA SI FURNIZAREA DE ENERGIE ELECTRICA SI TERMICA  GAZE  APA CALDA SI AER CONDITIONAT, Total, Valcea, Anul 2023, Milioane lei RON, 2583
D  PRODUCTIA SI FURNIZAREA DE ENERGIE ELECTRICA SI TERMICA  GAZE  APA CALDA SI AER CONDITIONAT, Total, Valcea, Anul 2024, Milioane lei RON, 2109
D  PRODUCTIA SI FURNIZAREA DE ENERGIE ELECTRICA SI TERMICA  GAZE  APA CALDA SI AER CONDITIONAT, Total, Arad, Anul 2008, Milioane lei RON, 170
D  PRODUCTIA SI FURNIZAREA DE ENERGIE ELECTRICA SI TERMICA  GAZE  APA CALDA SI AER CONDITIONAT, Total, Arad, Anul 2009, Milioane lei RON, 186
D  PRODUCTIA SI FURNIZAREA DE ENERGIE ELECTRICA SI TERMICA  GAZE  APA CALDA SI AER CONDITIONAT, Total, Arad, Anul 2010, Milioane lei RON, 229
D  PRODUCTIA SI FURNIZAREA DE ENERGIE ELECTRICA SI TERMICA  GAZE  APA CALDA SI AER CONDITIONAT, Total, Arad, Anul 2011, Milioane lei RON, 380
D  PRODUCTIA SI FURNIZAREA DE ENERGIE ELECTRICA SI TERMICA  GAZE  APA CALDA SI AER CONDITIONAT, Total, Arad, Anul 2012, Milioane lei RON, 364
D  PRODUCTIA SI FURNIZAREA DE ENERGIE ELECTRICA SI TERMICA  GAZE  APA CALDA SI AER CONDITIONAT, Total, Arad, Anul 2013, Milioane lei RON, 345
D  PRODUCTIA SI FURNIZAREA DE ENERGIE ELECTRICA SI TERMICA  GAZE  APA CALDA SI AER CONDITIONAT, Total, Arad, Anul 2014, Milioane lei RON, 322
D  PRODUCTIA SI FURNIZAREA DE ENERGIE ELECTRICA SI TERMICA  GAZE  APA CALDA SI AER CONDITIONAT, Total, Arad, Anul 2015, Milioane lei RON, 211
D  PRODUCTIA SI FURNIZAREA DE ENERGIE ELECTRICA SI TERMICA  GAZE  APA CALDA SI AER CONDITIONAT, Total, Arad, Anul 2016, Milioane lei RON, 201
D  PRODUCTIA SI FURNIZAREA DE ENERGIE ELECTRICA SI TERMICA  GAZE  APA CALDA SI AER CONDITIONAT, Total, Arad, Anul 2017, Milioane lei RON, 202
D  PRODUCTIA SI FURNIZAREA DE ENERGIE ELECTRICA SI TERMICA  GAZE  APA CALDA SI AER CONDITIONAT, Total, Arad, Anul 2018, Milioane lei RON, 354
D  PRODUCTIA SI FURNIZAREA DE ENERGIE ELECTRICA SI TERMICA  GAZE  APA CALDA SI AER CONDITIONAT, Total, Arad, Anul 2019, Milioane lei RON, 346
D  PRODUCTIA SI FURNIZAREA DE ENERGIE ELECTRICA SI TERMICA  GAZE  APA CALDA SI AER CONDITIONAT, Total, Arad, Anul 2020, Milioane lei RON, 234
D  PRODUCTIA SI FURNIZAREA DE ENERGIE ELECTRICA SI TERMICA  GAZE  APA CALDA SI AER CONDITIONAT, Total, Arad, Anul 2021, Milioane lei RON, 349
D  PRODUCTIA SI FURNIZAREA DE ENERGIE ELECTRICA SI TERMICA  GAZE  APA CALDA SI AER CONDITIONAT, Total, Arad, Anul 2022, Milioane lei RON, 232
D  PRODUCTIA SI FURNIZAREA DE ENERGIE ELECTRICA SI TERMICA  GAZE  APA CALDA SI AER CONDITIONAT, Total, Arad, Anul 2023, Milioane lei RON, 468
D  PRODUCTIA SI FURNIZAREA DE ENERGIE ELECTRICA SI TERMICA  GAZE  APA CALDA SI AER CONDITIONAT, Total, Arad, Anul 2024, Milioane lei RON, 395
D  PRODUCTIA SI FURNIZAREA DE ENERGIE ELECTRICA SI TERMICA  GAZE  APA CALDA SI AER CONDITIONAT, Total, Caras-Severin, Anul 2008, Milioane lei RON, 58
D  PRODUCTIA SI FURNIZAREA DE ENERGIE ELECTRICA SI TERMICA  GAZE  APA CALDA SI AER CONDITIONAT, Total, Caras-Severin, Anul 2009, Milioane lei RON, 54
D  PRODUCTIA SI FURNIZAREA DE ENERGIE ELECTRICA SI TERMICA  GAZE  APA CALDA SI AER CONDITIONAT, Total, Caras-Severin, Anul 2010, Milioane lei RON, 45
D  PRODUCTIA SI FURNIZAREA DE ENERGIE ELECTRICA SI TERMICA  GAZE  APA CALDA SI AER CONDITIONAT, Total, Caras-Severin, Anul 2011, Milioane lei RON, 173
D  PRODUCTIA SI FURNIZAREA DE ENERGIE ELECTRICA SI TERMICA  GAZE  APA CALDA SI AER CONDITIONAT, Total, Caras-Severin, Anul 2012, Milioane lei RON, 147
D  PRODUCTIA SI FURNIZAREA DE ENERGIE ELECTRICA SI TERMICA  GAZE  APA CALDA SI AER CONDITIONAT, Total, Caras-Severin, Anul 2013, Milioane lei RON, 214
D  PRODUCTIA SI FURNIZAREA DE ENERGIE ELECTRICA SI TERMICA  GAZE  APA CALDA SI AER CONDITIONAT, Total, Caras-Severin, Anul 2014, Milioane lei RON, 179
D  PRODUCTIA SI FURNIZAREA DE ENERGIE ELECTRICA SI TERMICA  GAZE  APA CALDA SI AER CONDITIONAT, Total, Caras-Severin, Anul 2015, Milioane lei RON, 31
D  PRODUCTIA SI FURNIZAREA DE ENERGIE ELECTRICA SI TERMICA  GAZE  APA CALDA SI AER CONDITIONAT, Total, Caras-Severin, Anul 2016, Milioane lei RON, 15
D  PRODUCTIA SI FURNIZAREA DE ENERGIE ELECTRICA SI TERMICA  GAZE  APA CALDA SI AER CONDITIONAT, Total, Caras-Severin, Anul 2017, Milioane lei RON, 13
D  PRODUCTIA SI FURNIZAREA DE ENERGIE ELECTRICA SI TERMICA  GAZE  APA CALDA SI AER CONDITIONAT, Total, Caras-Severin, Anul 2018, Milioane lei RON, 93
D  PRODUCTIA SI FURNIZAREA DE ENERGIE ELECTRICA SI TERMICA  GAZE  APA CALDA SI AER CONDITIONAT, Total, Caras-Severin, Anul 2019, Milioane lei RON, 144
D  PRODUCTIA SI FURNIZAREA DE ENERGIE ELECTRICA SI TERMICA  GAZE  APA CALDA SI AER CONDITIONAT, Total, Caras-Severin, Anul 2020, Milioane lei RON, 69
D  PRODUCTIA SI FURNIZAREA DE ENERGIE ELECTRICA SI TERMICA  GAZE  APA CALDA SI AER CONDITIONAT, Total, Caras-Severin, Anul 2021, Milioane lei RON, 53
D  PRODUCTIA SI FURNIZAREA DE ENERGIE ELECTRICA SI TERMICA  GAZE  APA CALDA SI AER CONDITIONAT, Total, Caras-Severin, Anul 2022, Milioane lei RON, 87
D  PRODUCTIA SI FURNIZAREA DE ENERGIE ELECTRICA SI TERMICA  GAZE  APA CALDA SI AER CONDITIONAT, Total, Caras-Severin, Anul 2023, Milioane lei RON, 181
D  PRODUCTIA SI FURNIZAREA DE ENERGIE ELECTRICA SI TERMICA  GAZE  APA CALDA SI AER CONDITIONAT, Total, Caras-Severin, Anul 2024, Milioane lei RON, 121
D  PRODUCTIA SI FURNIZAREA DE ENERGIE ELECTRICA SI TERMICA  GAZE  APA CALDA SI AER CONDITIONAT, Total, Hunedoara, Anul 2008, Milioane lei RON, 1243
D  PRODUCTIA SI FURNIZAREA DE ENERGIE ELECTRICA SI TERMICA  GAZE  APA CALDA SI AER CONDITIONAT, Total, Hunedoara, Anul 2009, Milioane lei RON, 1232
D  PRODUCTIA SI FURNIZAREA DE ENERGIE ELECTRICA SI TERMICA  GAZE  APA CALDA SI AER CONDITIONAT, Total, Hunedoara, Anul 2010, Milioane lei RON, 1013
D  PRODUCTIA SI FURNIZAREA DE ENERGIE ELECTRICA SI TERMICA  GAZE  APA CALDA SI AER CONDITIONAT, Total, Hunedoara, Anul 2011, Milioane lei RON, 1058
D  PRODUCTIA SI FURNIZAREA DE ENERGIE ELECTRICA SI TERMICA  GAZE  APA CALDA SI AER CONDITIONAT, Total, Hunedoara, Anul 2012, Milioane lei RON, 1162
D  PRODUCTIA SI FURNIZAREA DE ENERGIE ELECTRICA SI TERMICA  GAZE  APA CALDA SI AER CONDITIONAT, Total, Hunedoara, Anul 2013, Milioane lei RON, 995
D  PRODUCTIA SI FURNIZAREA DE ENERGIE ELECTRICA SI TERMICA  GAZE  APA CALDA SI AER CONDITIONAT, Total, Hunedoara, Anul 2014, Milioane lei RON, 814
D  PRODUCTIA SI FURNIZAREA DE ENERGIE ELECTRICA SI TERMICA  GAZE  APA CALDA SI AER CONDITIONAT, Total, Hunedoara, Anul 2015, Milioane lei RON, 528
D  PRODUCTIA SI FURNIZAREA DE ENERGIE ELECTRICA SI TERMICA  GAZE  APA CALDA SI AER CONDITIONAT, Total, Hunedoara, Anul 2016, Milioane lei RON, 572
D  PRODUCTIA SI FURNIZAREA DE ENERGIE ELECTRICA SI TERMICA  GAZE  APA CALDA SI AER CONDITIONAT, Total, Hunedoara, Anul 2017, Milioane lei RON, 609
D  PRODUCTIA SI FURNIZAREA DE ENERGIE ELECTRICA SI TERMICA  GAZE  APA CALDA SI AER CONDITIONAT, Total, Hunedoara, Anul 2018, Milioane lei RON, 717
D  PRODUCTIA SI FURNIZAREA DE ENERGIE ELECTRICA SI TERMICA  GAZE  APA CALDA SI AER CONDITIONAT, Total, Hunedoara, Anul 2019, Milioane lei RON, 699
D  PRODUCTIA SI FURNIZAREA DE ENERGIE ELECTRICA SI TERMICA  GAZE  APA CALDA SI AER CONDITIONAT, Total, Hunedoara, Anul 2020, Milioane lei RON, 403
D  PRODUCTIA SI FURNIZAREA DE ENERGIE ELECTRICA SI TERMICA  GAZE  APA CALDA SI AER CONDITIONAT, Total, Hunedoara, Anul 2021, Milioane lei RON, 521
D  PRODUCTIA SI FURNIZAREA DE ENERGIE ELECTRICA SI TERMICA  GAZE  APA CALDA SI AER CONDITIONAT, Total, Hunedoara, Anul 2022, Milioane lei RON, 890
D  PRODUCTIA SI FURNIZAREA DE ENERGIE ELECTRICA SI TERMICA  GAZE  APA CALDA SI AER CONDITIONAT, Total, Hunedoara, Anul 2023, Milioane lei RON, 1014
D  PRODUCTIA SI FURNIZAREA DE ENERGIE ELECTRICA SI TERMICA  GAZE  APA CALDA SI AER CONDITIONAT, Total, Hunedoara, Anul 2024, Milioane lei RON, 835
D  PRODUCTIA SI FURNIZAREA DE ENERGIE ELECTRICA SI TERMICA  GAZE  APA CALDA SI AER CONDITIONAT, Total, Timis, Anul 2008, Milioane lei RON, 619
D  PRODUCTIA SI FURNIZAREA DE ENERGIE ELECTRICA SI TERMICA  GAZE  APA CALDA SI AER CONDITIONAT, Total, Timis, Anul 2009, Milioane lei RON, 626
D  PRODUCTIA SI FURNIZAREA DE ENERGIE ELECTRICA SI TERMICA  GAZE  APA CALDA SI AER CONDITIONAT, Total, Timis, Anul 2010, Milioane lei RON, 716
D  PRODUCTIA SI FURNIZAREA DE ENERGIE ELECTRICA SI TERMICA  GAZE  APA CALDA SI AER CONDITIONAT, Total, Timis, Anul 2011, Milioane lei RON, 443
D  PRODUCTIA SI FURNIZAREA DE ENERGIE ELECTRICA SI TERMICA  GAZE  APA CALDA SI AER CONDITIONAT, Total, Timis, Anul 2012, Milioane lei RON, 498
D  PRODUCTIA SI FURNIZAREA DE ENERGIE ELECTRICA SI TERMICA  GAZE  APA CALDA SI AER CONDITIONAT, Total, Timis, Anul 2013, Milioane lei RON, 506
D  PRODUCTIA SI FURNIZAREA DE ENERGIE ELECTRICA SI TERMICA  GAZE  APA CALDA SI AER CONDITIONAT, Total, Timis, Anul 2014, Milioane lei RON, 396
D  PRODUCTIA SI FURNIZAREA DE ENERGIE ELECTRICA SI TERMICA  GAZE  APA CALDA SI AER CONDITIONAT, Total, Timis, Anul 2015, Milioane lei RON, 775
D  PRODUCTIA SI FURNIZAREA DE ENERGIE ELECTRICA SI TERMICA  GAZE  APA CALDA SI AER CONDITIONAT, Total, Timis, Anul 2016, Milioane lei RON, 719
D  PRODUCTIA SI FURNIZAREA DE ENERGIE ELECTRICA SI TERMICA  GAZE  APA CALDA SI AER CONDITIONAT, Total, Timis, Anul 2017, Milioane lei RON, 735
D  PRODUCTIA SI FURNIZAREA DE ENERGIE ELECTRICA SI TERMICA  GAZE  APA CALDA SI AER CONDITIONAT, Total, Timis, Anul 2018, Milioane lei RON, 1359
D  PRODUCTIA SI FURNIZAREA DE ENERGIE ELECTRICA SI TERMICA  GAZE  APA CALDA SI AER CONDITIONAT, Total, Timis, Anul 2019, Milioane lei RON, 1563
D  PRODUCTIA SI FURNIZAREA DE ENERGIE ELECTRICA SI TERMICA  GAZE  APA CALDA SI AER CONDITIONAT, Total, Timis, Anul 2020, Milioane lei RON, 871
D  PRODUCTIA SI FURNIZAREA DE ENERGIE ELECTRICA SI TERMICA  GAZE  APA CALDA SI AER CONDITIONAT, Total, Timis, Anul 2021, Milioane lei RON, 981
D  PRODUCTIA SI FURNIZAREA DE ENERGIE ELECTRICA SI TERMICA  GAZE  APA CALDA SI AER CONDITIONAT, Total, Timis, Anul 2022, Milioane lei RON, 1571
D  PRODUCTIA SI FURNIZAREA DE ENERGIE ELECTRICA SI TERMICA  GAZE  APA CALDA SI AER CONDITIONAT, Total, Timis, Anul 2023, Milioane lei RON, 2653
D  PRODUCTIA SI FURNIZAREA DE ENERGIE ELECTRICA SI TERMICA  GAZE  APA CALDA SI AER CONDITIONAT, Total, Timis, Anul 2024, Milioane lei RON, 2215
E  DISTRIBUTIA APEI; SALUBRITATE  GESTIONAREA DESEURILOR  ACTIVITATI DE DECONTAMINARE, Total, Bihor, Anul 2008, Milioane lei RON, 150
E  DISTRIBUTIA APEI; SALUBRITATE  GESTIONAREA DESEURILOR  ACTIVITATI DE DECONTAMINARE, Total, Bihor, Anul 2009, Milioane lei RON, 141
E  DISTRIBUTIA APEI; SALUBRITATE  GESTIONAREA DESEURILOR  ACTIVITATI DE DECONTAMINARE, Total, Bihor, Anul 2010, Milioane lei RON, 191
E  DISTRIBUTIA APEI; SALUBRITATE  GESTIONAREA DESEURILOR  ACTIVITATI DE DECONTAMINARE, Total, Bihor, Anul 2011, Milioane lei RON, 224
E  DISTRIBUTIA APEI; SALUBRITATE  GESTIONAREA DESEURILOR  ACTIVITATI DE DECONTAMINARE, Total, Bihor, Anul 2012, Milioane lei RON, 230
E  DISTRIBUTIA APEI; SALUBRITATE  GESTIONAREA DESEURILOR  ACTIVITATI DE DECONTAMINARE, Total, Bihor, Anul 2013, Milioane lei RON, 217
E  DISTRIBUTIA APEI; SALUBRITATE  GESTIONAREA DESEURILOR  ACTIVITATI DE DECONTAMINARE, Total, Bihor, Anul 2014, Milioane lei RON, 217
E  DISTRIBUTIA APEI; SALUBRITATE  GESTIONAREA DESEURILOR  ACTIVITATI DE DECONTAMINARE, Total, Bihor, Anul 2015, Milioane lei RON, 226
E  DISTRIBUTIA APEI; SALUBRITATE  GESTIONAREA DESEURILOR  ACTIVITATI DE DECONTAMINARE, Total, Bihor, Anul 2016, Milioane lei RON, 259
E  DISTRIBUTIA APEI; SALUBRITATE  GESTIONAREA DESEURILOR  ACTIVITATI DE DECONTAMINARE, Total, Bihor, Anul 2017, Milioane lei RON, 352
E  DISTRIBUTIA APEI; SALUBRITATE  GESTIONAREA DESEURILOR  ACTIVITATI DE DECONTAMINARE, Total, Bihor, Anul 2018, Milioane lei RON, 385
E  DISTRIBUTIA APEI; SALUBRITATE  GESTIONAREA DESEURILOR  ACTIVITATI DE DECONTAMINARE, Total, Bihor, Anul 2019, Milioane lei RON, 459
E  DISTRIBUTIA APEI; SALUBRITATE  GESTIONAREA DESEURILOR  ACTIVITATI DE DECONTAMINARE, Total, Bihor, Anul 2020, Milioane lei RON, 514
E  DISTRIBUTIA APEI; SALUBRITATE  GESTIONAREA DESEURILOR  ACTIVITATI DE DECONTAMINARE, Total, Bihor, Anul 2021, Milioane lei RON, 674
E  DISTRIBUTIA APEI; SALUBRITATE  GESTIONAREA DESEURILOR  ACTIVITATI DE DECONTAMINARE, Total, Bihor, Anul 2022, Milioane lei RON, 889
E  DISTRIBUTIA APEI; SALUBRITATE  GESTIONAREA DESEURILOR  ACTIVITATI DE DECONTAMINARE, Total, Bihor, Anul 2023, Milioane lei RON, 875
E  DISTRIBUTIA APEI; SALUBRITATE  GESTIONAREA DESEURILOR  ACTIVITATI DE DECONTAMINARE, Total, Bihor, Anul 2024, Milioane lei RON, 923
E  DISTRIBUTIA APEI; SALUBRITATE  GESTIONAREA DESEURILOR  ACTIVITATI DE DECONTAMINARE, Total, Bistrita-Nasaud, Anul 2008, Milioane lei RON, 145
E  DISTRIBUTIA APEI; SALUBRITATE  GESTIONAREA DESEURILOR  ACTIVITATI DE DECONTAMINARE, Total, Bistrita-Nasaud, Anul 2009, Milioane lei RON, 79
E  DISTRIBUTIA APEI; SALUBRITATE  GESTIONAREA DESEURILOR  ACTIVITATI DE DECONTAMINARE, Total, Bistrita-Nasaud, Anul 2010, Milioane lei RON, 115
E  DISTRIBUTIA APEI; SALUBRITATE  GESTIONAREA DESEURILOR  ACTIVITATI DE DECONTAMINARE, Total, Bistrita-Nasaud, Anul 2011, Milioane lei RON, 149
E  DISTRIBUTIA APEI; SALUBRITATE  GESTIONAREA DESEURILOR  ACTIVITATI DE DECONTAMINARE, Total, Bistrita-Nasaud, Anul 2012, Milioane lei RON, 128
E  DISTRIBUTIA APEI; SALUBRITATE  GESTIONAREA DESEURILOR  ACTIVITATI DE DECONTAMINARE, Total, Bistrita-Nasaud, Anul 2013, Milioane lei RON, 113
E  DISTRIBUTIA APEI; SALUBRITATE  GESTIONAREA DESEURILOR  ACTIVITATI DE DECONTAMINARE, Total, Bistrita-Nasaud, Anul 2014, Milioane lei RON, 112
E  DISTRIBUTIA APEI; SALUBRITATE  GESTIONAREA DESEURILOR  ACTIVITATI DE DECONTAMINARE, Total, Bistrita-Nasaud, Anul 2015, Milioane lei RON, 95
E  DISTRIBUTIA APEI; SALUBRITATE  GESTIONAREA DESEURILOR  ACTIVITATI DE DECONTAMINARE, Total, Bistrita-Nasaud, Anul 2016, Milioane lei RON, 89
E  DISTRIBUTIA APEI; SALUBRITATE  GESTIONAREA DESEURILOR  ACTIVITATI DE DECONTAMINARE, Total, Bistrita-Nasaud, Anul 2017, Milioane lei RON, 113
E  DISTRIBUTIA APEI; SALUBRITATE  GESTIONAREA DESEURILOR  ACTIVITATI DE DECONTAMINARE, Total, Bistrita-Nasaud, Anul 2018, Milioane lei RON, 122
E  DISTRIBUTIA APEI; SALUBRITATE  GESTIONAREA DESEURILOR  ACTIVITATI DE DECONTAMINARE, Total, Bistrita-Nasaud, Anul 2019, Milioane lei RON, 149
E  DISTRIBUTIA APEI; SALUBRITATE  GESTIONAREA DESEURILOR  ACTIVITATI DE DECONTAMINARE, Total, Bistrita-Nasaud, Anul 2020, Milioane lei RON, 169
E  DISTRIBUTIA APEI; SALUBRITATE  GESTIONAREA DESEURILOR  ACTIVITATI DE DECONTAMINARE, Total, Bistrita-Nasaud, Anul 2021, Milioane lei RON, 241
E  DISTRIBUTIA APEI; SALUBRITATE  GESTIONAREA DESEURILOR  ACTIVITATI DE DECONTAMINARE, Total, Bistrita-Nasaud, Anul 2022, Milioane lei RON, 272
E  DISTRIBUTIA APEI; SALUBRITATE  GESTIONAREA DESEURILOR  ACTIVITATI DE DECONTAMINARE, Total, Bistrita-Nasaud, Anul 2023, Milioane lei RON, 261
E  DISTRIBUTIA APEI; SALUBRITATE  GESTIONAREA DESEURILOR  ACTIVITATI DE DECONTAMINARE, Total, Bistrita-Nasaud, Anul 2024, Milioane lei RON, 353
E  DISTRIBUTIA APEI; SALUBRITATE  GESTIONAREA DESEURILOR  ACTIVITATI DE DECONTAMINARE, Total, Cluj, Anul 2008, Milioane lei RON, 275
E  DISTRIBUTIA APEI; SALUBRITATE  GESTIONAREA DESEURILOR  ACTIVITATI DE DECONTAMINARE, Total, Cluj, Anul 2009, Milioane lei RON, 352
E  DISTRIBUTIA APEI; SALUBRITATE  GESTIONAREA DESEURILOR  ACTIVITATI DE DECONTAMINARE, Total, Cluj, Anul 2010, Milioane lei RON, 451
E  DISTRIBUTIA APEI; SALUBRITATE  GESTIONAREA DESEURILOR  ACTIVITATI DE DECONTAMINARE, Total, Cluj, Anul 2011, Milioane lei RON, 466
E  DISTRIBUTIA APEI; SALUBRITATE  GESTIONAREA DESEURILOR  ACTIVITATI DE DECONTAMINARE, Total, Cluj, Anul 2012, Milioane lei RON, 454
E  DISTRIBUTIA APEI; SALUBRITATE  GESTIONAREA DESEURILOR  ACTIVITATI DE DECONTAMINARE, Total, Cluj, Anul 2013, Milioane lei RON, 447
E  DISTRIBUTIA APEI; SALUBRITATE  GESTIONAREA DESEURILOR  ACTIVITATI DE DECONTAMINARE, Total, Cluj, Anul 2014, Milioane lei RON, 391
E  DISTRIBUTIA APEI; SALUBRITATE  GESTIONAREA DESEURILOR  ACTIVITATI DE DECONTAMINARE, Total, Cluj, Anul 2015, Milioane lei RON, 415
E  DISTRIBUTIA APEI; SALUBRITATE  GESTIONAREA DESEURILOR  ACTIVITATI DE DECONTAMINARE, Total, Cluj, Anul 2016, Milioane lei RON, 368
E  DISTRIBUTIA APEI; SALUBRITATE  GESTIONAREA DESEURILOR  ACTIVITATI DE DECONTAMINARE, Total, Cluj, Anul 2017, Milioane lei RON, 450
E  DISTRIBUTIA APEI; SALUBRITATE  GESTIONAREA DESEURILOR  ACTIVITATI DE DECONTAMINARE, Total, Cluj, Anul 2018, Milioane lei RON, 521
E  DISTRIBUTIA APEI; SALUBRITATE  GESTIONAREA DESEURILOR  ACTIVITATI DE DECONTAMINARE, Total, Cluj, Anul 2019, Milioane lei RON, 551
E  DISTRIBUTIA APEI; SALUBRITATE  GESTIONAREA DESEURILOR  ACTIVITATI DE DECONTAMINARE, Total, Cluj, Anul 2020, Milioane lei RON, 525
E  DISTRIBUTIA APEI; SALUBRITATE  GESTIONAREA DESEURILOR  ACTIVITATI DE DECONTAMINARE, Total, Cluj, Anul 2021, Milioane lei RON, 811
E  DISTRIBUTIA APEI; SALUBRITATE  GESTIONAREA DESEURILOR  ACTIVITATI DE DECONTAMINARE, Total, Cluj, Anul 2022, Milioane lei RON, 941
E  DISTRIBUTIA APEI; SALUBRITATE  GESTIONAREA DESEURILOR  ACTIVITATI DE DECONTAMINARE, Total, Cluj, Anul 2023, Milioane lei RON, 1000
E  DISTRIBUTIA APEI; SALUBRITATE  GESTIONAREA DESEURILOR  ACTIVITATI DE DECONTAMINARE, Total, Cluj, Anul 2024, Milioane lei RON, 1300
E  DISTRIBUTIA APEI; SALUBRITATE  GESTIONAREA DESEURILOR  ACTIVITATI DE DECONTAMINARE, Total, Maramures, Anul 2008, Milioane lei RON, 128
E  DISTRIBUTIA APEI; SALUBRITATE  GESTIONAREA DESEURILOR  ACTIVITATI DE DECONTAMINARE, Total, Maramures, Anul 2009, Milioane lei RON, 97
E  DISTRIBUTIA APEI; SALUBRITATE  GESTIONAREA DESEURILOR  ACTIVITATI DE DECONTAMINARE, Total, Maramures, Anul 2010, Milioane lei RON, 130
E  DISTRIBUTIA APEI; SALUBRITATE  GESTIONAREA DESEURILOR  ACTIVITATI DE DECONTAMINARE, Total, Maramures, Anul 2011, Milioane lei RON, 164
E  DISTRIBUTIA APEI; SALUBRITATE  GESTIONAREA DESEURILOR  ACTIVITATI DE DECONTAMINARE, Total, Maramures, Anul 2012, Milioane lei RON, 171
E  DISTRIBUTIA APEI; SALUBRITATE  GESTIONAREA DESEURILOR  ACTIVITATI DE DECONTAMINARE, Total, Maramures, Anul 2013, Milioane lei RON, 157
E  DISTRIBUTIA APEI; SALUBRITATE  GESTIONAREA DESEURILOR  ACTIVITATI DE DECONTAMINARE, Total, Maramures, Anul 2014, Milioane lei RON, 136
E  DISTRIBUTIA APEI; SALUBRITATE  GESTIONAREA DESEURILOR  ACTIVITATI DE DECONTAMINARE, Total, Maramures, Anul 2015, Milioane lei RON, 130
E  DISTRIBUTIA APEI; SALUBRITATE  GESTIONAREA DESEURILOR  ACTIVITATI DE DECONTAMINARE, Total, Maramures, Anul 2016, Milioane lei RON, 131
E  DISTRIBUTIA APEI; SALUBRITATE  GESTIONAREA DESEURILOR  ACTIVITATI DE DECONTAMINARE, Total, Maramures, Anul 2017, Milioane lei RON, 167
E  DISTRIBUTIA APEI; SALUBRITATE  GESTIONAREA DESEURILOR  ACTIVITATI DE DECONTAMINARE, Total, Maramures, Anul 2018, Milioane lei RON, 176
E  DISTRIBUTIA APEI; SALUBRITATE  GESTIONAREA DESEURILOR  ACTIVITATI DE DECONTAMINARE, Total, Maramures, Anul 2019, Milioane lei RON, 197
E  DISTRIBUTIA APEI; SALUBRITATE  GESTIONAREA DESEURILOR  ACTIVITATI DE DECONTAMINARE, Total, Maramures, Anul 2020, Milioane lei RON, 199
E  DISTRIBUTIA APEI; SALUBRITATE  GESTIONAREA DESEURILOR  ACTIVITATI DE DECONTAMINARE, Total, Maramures, Anul 2021, Milioane lei RON, 267
E  DISTRIBUTIA APEI; SALUBRITATE  GESTIONAREA DESEURILOR  ACTIVITATI DE DECONTAMINARE, Total, Maramures, Anul 2022, Milioane lei RON, 246
E  DISTRIBUTIA APEI; SALUBRITATE  GESTIONAREA DESEURILOR  ACTIVITATI DE DECONTAMINARE, Total, Maramures, Anul 2023, Milioane lei RON, 254
E  DISTRIBUTIA APEI; SALUBRITATE  GESTIONAREA DESEURILOR  ACTIVITATI DE DECONTAMINARE, Total, Maramures, Anul 2024, Milioane lei RON, 332
E  DISTRIBUTIA APEI; SALUBRITATE  GESTIONAREA DESEURILOR  ACTIVITATI DE DECONTAMINARE, Total, Satu Mare, Anul 2008, Milioane lei RON, 69
E  DISTRIBUTIA APEI; SALUBRITATE  GESTIONAREA DESEURILOR  ACTIVITATI DE DECONTAMINARE, Total, Satu Mare, Anul 2009, Milioane lei RON, 76
E  DISTRIBUTIA APEI; SALUBRITATE  GESTIONAREA DESEURILOR  ACTIVITATI DE DECONTAMINARE, Total, Satu Mare, Anul 2010, Milioane lei RON, 105
E  DISTRIBUTIA APEI; SALUBRITATE  GESTIONAREA DESEURILOR  ACTIVITATI DE DECONTAMINARE, Total, Satu Mare, Anul 2011, Milioane lei RON, 120
E  DISTRIBUTIA APEI; SALUBRITATE  GESTIONAREA DESEURILOR  ACTIVITATI DE DECONTAMINARE, Total, Satu Mare, Anul 2012, Milioane lei RON, 119
E  DISTRIBUTIA APEI; SALUBRITATE  GESTIONAREA DESEURILOR  ACTIVITATI DE DECONTAMINARE, Total, Satu Mare, Anul 2013, Milioane lei RON, 107
E  DISTRIBUTIA APEI; SALUBRITATE  GESTIONAREA DESEURILOR  ACTIVITATI DE DECONTAMINARE, Total, Satu Mare, Anul 2014, Milioane lei RON, 135
E  DISTRIBUTIA APEI; SALUBRITATE  GESTIONAREA DESEURILOR  ACTIVITATI DE DECONTAMINARE, Total, Satu Mare, Anul 2015, Milioane lei RON, 119
E  DISTRIBUTIA APEI; SALUBRITATE  GESTIONAREA DESEURILOR  ACTIVITATI DE DECONTAMINARE, Total, Satu Mare, Anul 2016, Milioane lei RON, 119
E  DISTRIBUTIA APEI; SALUBRITATE  GESTIONAREA DESEURILOR  ACTIVITATI DE DECONTAMINARE, Total, Satu Mare, Anul 2017, Milioane lei RON, 151
E  DISTRIBUTIA APEI; SALUBRITATE  GESTIONAREA DESEURILOR  ACTIVITATI DE DECONTAMINARE, Total, Satu Mare, Anul 2018, Milioane lei RON, 176
E  DISTRIBUTIA APEI; SALUBRITATE  GESTIONAREA DESEURILOR  ACTIVITATI DE DECONTAMINARE, Total, Satu Mare, Anul 2019, Milioane lei RON, 183
E  DISTRIBUTIA APEI; SALUBRITATE  GESTIONAREA DESEURILOR  ACTIVITATI DE DECONTAMINARE, Total, Satu Mare, Anul 2020, Milioane lei RON, 190
E  DISTRIBUTIA APEI; SALUBRITATE  GESTIONAREA DESEURILOR  ACTIVITATI DE DECONTAMINARE, Total, Satu Mare, Anul 2021, Milioane lei RON, 251
E  DISTRIBUTIA APEI; SALUBRITATE  GESTIONAREA DESEURILOR  ACTIVITATI DE DECONTAMINARE, Total, Satu Mare, Anul 2022, Milioane lei RON, 269
E  DISTRIBUTIA APEI; SALUBRITATE  GESTIONAREA DESEURILOR  ACTIVITATI DE DECONTAMINARE, Total, Satu Mare, Anul 2023, Milioane lei RON, 298
E  DISTRIBUTIA APEI; SALUBRITATE  GESTIONAREA DESEURILOR  ACTIVITATI DE DECONTAMINARE, Total, Satu Mare, Anul 2024, Milioane lei RON, 300
E  DISTRIBUTIA APEI; SALUBRITATE  GESTIONAREA DESEURILOR  ACTIVITATI DE DECONTAMINARE, Total, Salaj, Anul 2008, Milioane lei RON, 65
E  DISTRIBUTIA APEI; SALUBRITATE  GESTIONAREA DESEURILOR  ACTIVITATI DE DECONTAMINARE, Total, Salaj, Anul 2009, Milioane lei RON, 50
E  DISTRIBUTIA APEI; SALUBRITATE  GESTIONAREA DESEURILOR  ACTIVITATI DE DECONTAMINARE, Total, Salaj, Anul 2010, Milioane lei RON, 74
E  DISTRIBUTIA APEI; SALUBRITATE  GESTIONAREA DESEURILOR  ACTIVITATI DE DECONTAMINARE, Total, Salaj, Anul 2011, Milioane lei RON, 82
E  DISTRIBUTIA APEI; SALUBRITATE  GESTIONAREA DESEURILOR  ACTIVITATI DE DECONTAMINARE, Total, Salaj, Anul 2012, Milioane lei RON, 86
E  DISTRIBUTIA APEI; SALUBRITATE  GESTIONAREA DESEURILOR  ACTIVITATI DE DECONTAMINARE, Total, Salaj, Anul 2013, Milioane lei RON, 78
E  DISTRIBUTIA APEI; SALUBRITATE  GESTIONAREA DESEURILOR  ACTIVITATI DE DECONTAMINARE, Total, Salaj, Anul 2014, Milioane lei RON, 75
E  DISTRIBUTIA APEI; SALUBRITATE  GESTIONAREA DESEURILOR  ACTIVITATI DE DECONTAMINARE, Total, Salaj, Anul 2015, Milioane lei RON, 65
E  DISTRIBUTIA APEI; SALUBRITATE  GESTIONAREA DESEURILOR  ACTIVITATI DE DECONTAMINARE, Total, Salaj, Anul 2016, Milioane lei RON, 65
E  DISTRIBUTIA APEI; SALUBRITATE  GESTIONAREA DESEURILOR  ACTIVITATI DE DECONTAMINARE, Total, Salaj, Anul 2017, Milioane lei RON, 87
E  DISTRIBUTIA APEI; SALUBRITATE  GESTIONAREA DESEURILOR  ACTIVITATI DE DECONTAMINARE, Total, Salaj, Anul 2018, Milioane lei RON, 92
E  DISTRIBUTIA APEI; SALUBRITATE  GESTIONAREA DESEURILOR  ACTIVITATI DE DECONTAMINARE, Total, Salaj, Anul 2019, Milioane lei RON, 96
E  DISTRIBUTIA APEI; SALUBRITATE  GESTIONAREA DESEURILOR  ACTIVITATI DE DECONTAMINARE, Total, Salaj, Anul 2020, Milioane lei RON, 95
E  DISTRIBUTIA APEI; SALUBRITATE  GESTIONAREA DESEURILOR  ACTIVITATI DE DECONTAMINARE, Total, Salaj, Anul 2021, Milioane lei RON, 155
E  DISTRIBUTIA APEI; SALUBRITATE  GESTIONAREA DESEURILOR  ACTIVITATI DE DECONTAMINARE, Total, Salaj, Anul 2022, Milioane lei RON, 160
E  DISTRIBUTIA APEI; SALUBRITATE  GESTIONAREA DESEURILOR  ACTIVITATI DE DECONTAMINARE, Total, Salaj, Anul 2023, Milioane lei RON, 159
E  DISTRIBUTIA APEI; SALUBRITATE  GESTIONAREA DESEURILOR  ACTIVITATI DE DECONTAMINARE, Total, Salaj, Anul 2024, Milioane lei RON, 189
E  DISTRIBUTIA APEI; SALUBRITATE  GESTIONAREA DESEURILOR  ACTIVITATI DE DECONTAMINARE, Total, Alba, Anul 2008, Milioane lei RON, 116
E  DISTRIBUTIA APEI; SALUBRITATE  GESTIONAREA DESEURILOR  ACTIVITATI DE DECONTAMINARE, Total, Alba, Anul 2009, Milioane lei RON, 89
E  DISTRIBUTIA APEI; SALUBRITATE  GESTIONAREA DESEURILOR  ACTIVITATI DE DECONTAMINARE, Total, Alba, Anul 2010, Milioane lei RON, 118
E  DISTRIBUTIA APEI; SALUBRITATE  GESTIONAREA DESEURILOR  ACTIVITATI DE DECONTAMINARE, Total, Alba, Anul 2011, Milioane lei RON, 160
E  DISTRIBUTIA APEI; SALUBRITATE  GESTIONAREA DESEURILOR  ACTIVITATI DE DECONTAMINARE, Total, Alba, Anul 2012, Milioane lei RON, 175
E  DISTRIBUTIA APEI; SALUBRITATE  GESTIONAREA DESEURILOR  ACTIVITATI DE DECONTAMINARE, Total, Alba, Anul 2013, Milioane lei RON, 172
E  DISTRIBUTIA APEI; SALUBRITATE  GESTIONAREA DESEURILOR  ACTIVITATI DE DECONTAMINARE, Total, Alba, Anul 2014, Milioane lei RON, 198
E  DISTRIBUTIA APEI; SALUBRITATE  GESTIONAREA DESEURILOR  ACTIVITATI DE DECONTAMINARE, Total, Alba, Anul 2015, Milioane lei RON, 177
E  DISTRIBUTIA APEI; SALUBRITATE  GESTIONAREA DESEURILOR  ACTIVITATI DE DECONTAMINARE, Total, Alba, Anul 2016, Milioane lei RON, 186
E  DISTRIBUTIA APEI; SALUBRITATE  GESTIONAREA DESEURILOR  ACTIVITATI DE DECONTAMINARE, Total, Alba, Anul 2017, Milioane lei RON, 294
E  DISTRIBUTIA APEI; SALUBRITATE  GESTIONAREA DESEURILOR  ACTIVITATI DE DECONTAMINARE, Total, Alba, Anul 2018, Milioane lei RON, 310
E  DISTRIBUTIA APEI; SALUBRITATE  GESTIONAREA DESEURILOR  ACTIVITATI DE DECONTAMINARE, Total, Alba, Anul 2019, Milioane lei RON, 250
E  DISTRIBUTIA APEI; SALUBRITATE  GESTIONAREA DESEURILOR  ACTIVITATI DE DECONTAMINARE, Total, Alba, Anul 2020, Milioane lei RON, 299
E  DISTRIBUTIA APEI; SALUBRITATE  GESTIONAREA DESEURILOR  ACTIVITATI DE DECONTAMINARE, Total, Alba, Anul 2021, Milioane lei RON, 518
E  DISTRIBUTIA APEI; SALUBRITATE  GESTIONAREA DESEURILOR  ACTIVITATI DE DECONTAMINARE, Total, Alba, Anul 2022, Milioane lei RON, 575
E  DISTRIBUTIA APEI; SALUBRITATE  GESTIONAREA DESEURILOR  ACTIVITATI DE DECONTAMINARE, Total, Alba, Anul 2023, Milioane lei RON, 504
E  DISTRIBUTIA APEI; SALUBRITATE  GESTIONAREA DESEURILOR  ACTIVITATI DE DECONTAMINARE, Total, Alba, Anul 2024, Milioane lei RON, 533
E  DISTRIBUTIA APEI; SALUBRITATE  GESTIONAREA DESEURILOR  ACTIVITATI DE DECONTAMINARE, Total, Brasov, Anul 2008, Milioane lei RON, 886
E  DISTRIBUTIA APEI; SALUBRITATE  GESTIONAREA DESEURILOR  ACTIVITATI DE DECONTAMINARE, Total, Brasov, Anul 2009, Milioane lei RON, 649
E  DISTRIBUTIA APEI; SALUBRITATE  GESTIONAREA DESEURILOR  ACTIVITATI DE DECONTAMINARE, Total, Brasov, Anul 2010, Milioane lei RON, 1294
E  DISTRIBUTIA APEI; SALUBRITATE  GESTIONAREA DESEURILOR  ACTIVITATI DE DECONTAMINARE, Total, Brasov, Anul 2011, Milioane lei RON, 1300
E  DISTRIBUTIA APEI; SALUBRITATE  GESTIONAREA DESEURILOR  ACTIVITATI DE DECONTAMINARE, Total, Brasov, Anul 2012, Milioane lei RON, 1364
E  DISTRIBUTIA APEI; SALUBRITATE  GESTIONAREA DESEURILOR  ACTIVITATI DE DECONTAMINARE, Total, Brasov, Anul 2013, Milioane lei RON, 1152
E  DISTRIBUTIA APEI; SALUBRITATE  GESTIONAREA DESEURILOR  ACTIVITATI DE DECONTAMINARE, Total, Brasov, Anul 2014, Milioane lei RON, 966
E  DISTRIBUTIA APEI; SALUBRITATE  GESTIONAREA DESEURILOR  ACTIVITATI DE DECONTAMINARE, Total, Brasov, Anul 2015, Milioane lei RON, 796
E  DISTRIBUTIA APEI; SALUBRITATE  GESTIONAREA DESEURILOR  ACTIVITATI DE DECONTAMINARE, Total, Brasov, Anul 2016, Milioane lei RON, 760
E  DISTRIBUTIA APEI; SALUBRITATE  GESTIONAREA DESEURILOR  ACTIVITATI DE DECONTAMINARE, Total, Brasov, Anul 2017, Milioane lei RON, 911
E  DISTRIBUTIA APEI; SALUBRITATE  GESTIONAREA DESEURILOR  ACTIVITATI DE DECONTAMINARE, Total, Brasov, Anul 2018, Milioane lei RON, 744
E  DISTRIBUTIA APEI; SALUBRITATE  GESTIONAREA DESEURILOR  ACTIVITATI DE DECONTAMINARE, Total, Brasov, Anul 2019, Milioane lei RON, 926
E  DISTRIBUTIA APEI; SALUBRITATE  GESTIONAREA DESEURILOR  ACTIVITATI DE DECONTAMINARE, Total, Brasov, Anul 2020, Milioane lei RON, 869
E  DISTRIBUTIA APEI; SALUBRITATE  GESTIONAREA DESEURILOR  ACTIVITATI DE DECONTAMINARE, Total, Brasov, Anul 2021, Milioane lei RON, 1277
E  DISTRIBUTIA APEI; SALUBRITATE  GESTIONAREA DESEURILOR  ACTIVITATI DE DECONTAMINARE, Total, Brasov, Anul 2022, Milioane lei RON, 1304
E  DISTRIBUTIA APEI; SALUBRITATE  GESTIONAREA DESEURILOR  ACTIVITATI DE DECONTAMINARE, Total, Brasov, Anul 2023, Milioane lei RON, 1254
E  DISTRIBUTIA APEI; SALUBRITATE  GESTIONAREA DESEURILOR  ACTIVITATI DE DECONTAMINARE, Total, Brasov, Anul 2024, Milioane lei RON, 1212
E  DISTRIBUTIA APEI; SALUBRITATE  GESTIONAREA DESEURILOR  ACTIVITATI DE DECONTAMINARE, Total, Covasna, Anul 2008, Milioane lei RON, 36
E  DISTRIBUTIA APEI; SALUBRITATE  GESTIONAREA DESEURILOR  ACTIVITATI DE DECONTAMINARE, Total, Covasna, Anul 2009, Milioane lei RON, 31
E  DISTRIBUTIA APEI; SALUBRITATE  GESTIONAREA DESEURILOR  ACTIVITATI DE DECONTAMINARE, Total, Covasna, Anul 2010, Milioane lei RON, 44
E  DISTRIBUTIA APEI; SALUBRITATE  GESTIONAREA DESEURILOR  ACTIVITATI DE DECONTAMINARE, Total, Covasna, Anul 2011, Milioane lei RON, 47
E  DISTRIBUTIA APEI; SALUBRITATE  GESTIONAREA DESEURILOR  ACTIVITATI DE DECONTAMINARE, Total, Covasna, Anul 2012, Milioane lei RON, 47
E  DISTRIBUTIA APEI; SALUBRITATE  GESTIONAREA DESEURILOR  ACTIVITATI DE DECONTAMINARE, Total, Covasna, Anul 2013, Milioane lei RON, 49
E  DISTRIBUTIA APEI; SALUBRITATE  GESTIONAREA DESEURILOR  ACTIVITATI DE DECONTAMINARE, Total, Covasna, Anul 2014, Milioane lei RON, 51
E  DISTRIBUTIA APEI; SALUBRITATE  GESTIONAREA DESEURILOR  ACTIVITATI DE DECONTAMINARE, Total, Covasna, Anul 2015, Milioane lei RON, 51
E  DISTRIBUTIA APEI; SALUBRITATE  GESTIONAREA DESEURILOR  ACTIVITATI DE DECONTAMINARE, Total, Covasna, Anul 2016, Milioane lei RON, 57
E  DISTRIBUTIA APEI; SALUBRITATE  GESTIONAREA DESEURILOR  ACTIVITATI DE DECONTAMINARE, Total, Covasna, Anul 2017, Milioane lei RON, 64
E  DISTRIBUTIA APEI; SALUBRITATE  GESTIONAREA DESEURILOR  ACTIVITATI DE DECONTAMINARE, Total, Covasna, Anul 2018, Milioane lei RON, 87
E  DISTRIBUTIA APEI; SALUBRITATE  GESTIONAREA DESEURILOR  ACTIVITATI DE DECONTAMINARE, Total, Covasna, Anul 2019, Milioane lei RON, 90
E  DISTRIBUTIA APEI; SALUBRITATE  GESTIONAREA DESEURILOR  ACTIVITATI DE DECONTAMINARE, Total, Covasna, Anul 2020, Milioane lei RON, 95
E  DISTRIBUTIA APEI; SALUBRITATE  GESTIONAREA DESEURILOR  ACTIVITATI DE DECONTAMINARE, Total, Covasna, Anul 2021, Milioane lei RON, 103
E  DISTRIBUTIA APEI; SALUBRITATE  GESTIONAREA DESEURILOR  ACTIVITATI DE DECONTAMINARE, Total, Covasna, Anul 2022, Milioane lei RON, 119
E  DISTRIBUTIA APEI; SALUBRITATE  GESTIONAREA DESEURILOR  ACTIVITATI DE DECONTAMINARE, Total, Covasna, Anul 2023, Milioane lei RON, 140
E  DISTRIBUTIA APEI; SALUBRITATE  GESTIONAREA DESEURILOR  ACTIVITATI DE DECONTAMINARE, Total, Covasna, Anul 2024, Milioane lei RON, 150
E  DISTRIBUTIA APEI; SALUBRITATE  GESTIONAREA DESEURILOR  ACTIVITATI DE DECONTAMINARE, Total, Harghita, Anul 2008, Milioane lei RON, 30
E  DISTRIBUTIA APEI; SALUBRITATE  GESTIONAREA DESEURILOR  ACTIVITATI DE DECONTAMINARE, Total, Harghita, Anul 2009, Milioane lei RON, 36
E  DISTRIBUTIA APEI; SALUBRITATE  GESTIONAREA DESEURILOR  ACTIVITATI DE DECONTAMINARE, Total, Harghita, Anul 2010, Milioane lei RON, 48
E  DISTRIBUTIA APEI; SALUBRITATE  GESTIONAREA DESEURILOR  ACTIVITATI DE DECONTAMINARE, Total, Harghita, Anul 2011, Milioane lei RON, 56
E  DISTRIBUTIA APEI; SALUBRITATE  GESTIONAREA DESEURILOR  ACTIVITATI DE DECONTAMINARE, Total, Harghita, Anul 2012, Milioane lei RON, 71
E  DISTRIBUTIA APEI; SALUBRITATE  GESTIONAREA DESEURILOR  ACTIVITATI DE DECONTAMINARE, Total, Harghita, Anul 2013, Milioane lei RON, 68
E  DISTRIBUTIA APEI; SALUBRITATE  GESTIONAREA DESEURILOR  ACTIVITATI DE DECONTAMINARE, Total, Harghita, Anul 2014, Milioane lei RON, 81
E  DISTRIBUTIA APEI; SALUBRITATE  GESTIONAREA DESEURILOR  ACTIVITATI DE DECONTAMINARE, Total, Harghita, Anul 2015, Milioane lei RON, 84
E  DISTRIBUTIA APEI; SALUBRITATE  GESTIONAREA DESEURILOR  ACTIVITATI DE DECONTAMINARE, Total, Harghita, Anul 2016, Milioane lei RON, 89
E  DISTRIBUTIA APEI; SALUBRITATE  GESTIONAREA DESEURILOR  ACTIVITATI DE DECONTAMINARE, Total, Harghita, Anul 2017, Milioane lei RON, 103
E  DISTRIBUTIA APEI; SALUBRITATE  GESTIONAREA DESEURILOR  ACTIVITATI DE DECONTAMINARE, Total, Harghita, Anul 2018, Milioane lei RON, 114
E  DISTRIBUTIA APEI; SALUBRITATE  GESTIONAREA DESEURILOR  ACTIVITATI DE DECONTAMINARE, Total, Harghita, Anul 2019, Milioane lei RON, 130
E  DISTRIBUTIA APEI; SALUBRITATE  GESTIONAREA DESEURILOR  ACTIVITATI DE DECONTAMINARE, Total, Harghita, Anul 2020, Milioane lei RON, 134
E  DISTRIBUTIA APEI; SALUBRITATE  GESTIONAREA DESEURILOR  ACTIVITATI DE DECONTAMINARE, Total, Harghita, Anul 2021, Milioane lei RON, 156
E  DISTRIBUTIA APEI; SALUBRITATE  GESTIONAREA DESEURILOR  ACTIVITATI DE DECONTAMINARE, Total, Harghita, Anul 2022, Milioane lei RON, 203
E  DISTRIBUTIA APEI; SALUBRITATE  GESTIONAREA DESEURILOR  ACTIVITATI DE DECONTAMINARE, Total, Harghita, Anul 2023, Milioane lei RON, 216
E  DISTRIBUTIA APEI; SALUBRITATE  GESTIONAREA DESEURILOR  ACTIVITATI DE DECONTAMINARE, Total, Harghita, Anul 2024, Milioane lei RON, 236
E  DISTRIBUTIA APEI; SALUBRITATE  GESTIONAREA DESEURILOR  ACTIVITATI DE DECONTAMINARE, Total, Mures, Anul 2008, Milioane lei RON, 180
E  DISTRIBUTIA APEI; SALUBRITATE  GESTIONAREA DESEURILOR  ACTIVITATI DE DECONTAMINARE, Total, Mures, Anul 2009, Milioane lei RON, 159
E  DISTRIBUTIA APEI; SALUBRITATE  GESTIONAREA DESEURILOR  ACTIVITATI DE DECONTAMINARE, Total, Mures, Anul 2010, Milioane lei RON, 236
E  DISTRIBUTIA APEI; SALUBRITATE  GESTIONAREA DESEURILOR  ACTIVITATI DE DECONTAMINARE, Total, Mures, Anul 2011, Milioane lei RON, 263
E  DISTRIBUTIA APEI; SALUBRITATE  GESTIONAREA DESEURILOR  ACTIVITATI DE DECONTAMINARE, Total, Mures, Anul 2012, Milioane lei RON, 285
E  DISTRIBUTIA APEI; SALUBRITATE  GESTIONAREA DESEURILOR  ACTIVITATI DE DECONTAMINARE, Total, Mures, Anul 2013, Milioane lei RON, 252
E  DISTRIBUTIA APEI; SALUBRITATE  GESTIONAREA DESEURILOR  ACTIVITATI DE DECONTAMINARE, Total, Mures, Anul 2014, Milioane lei RON, 266
E  DISTRIBUTIA APEI; SALUBRITATE  GESTIONAREA DESEURILOR  ACTIVITATI DE DECONTAMINARE, Total, Mures, Anul 2015, Milioane lei RON, 245
E  DISTRIBUTIA APEI; SALUBRITATE  GESTIONAREA DESEURILOR  ACTIVITATI DE DECONTAMINARE, Total, Mures, Anul 2016, Milioane lei RON, 248
E  DISTRIBUTIA APEI; SALUBRITATE  GESTIONAREA DESEURILOR  ACTIVITATI DE DECONTAMINARE, Total, Mures, Anul 2017, Milioane lei RON, 290
E  DISTRIBUTIA APEI; SALUBRITATE  GESTIONAREA DESEURILOR  ACTIVITATI DE DECONTAMINARE, Total, Mures, Anul 2018, Milioane lei RON, 321
E  DISTRIBUTIA APEI; SALUBRITATE  GESTIONAREA DESEURILOR  ACTIVITATI DE DECONTAMINARE, Total, Mures, Anul 2019, Milioane lei RON, 365
E  DISTRIBUTIA APEI; SALUBRITATE  GESTIONAREA DESEURILOR  ACTIVITATI DE DECONTAMINARE, Total, Mures, Anul 2020, Milioane lei RON, 345
E  DISTRIBUTIA APEI; SALUBRITATE  GESTIONAREA DESEURILOR  ACTIVITATI DE DECONTAMINARE, Total, Mures, Anul 2021, Milioane lei RON, 414
E  DISTRIBUTIA APEI; SALUBRITATE  GESTIONAREA DESEURILOR  ACTIVITATI DE DECONTAMINARE, Total, Mures, Anul 2022, Milioane lei RON, 500
E  DISTRIBUTIA APEI; SALUBRITATE  GESTIONAREA DESEURILOR  ACTIVITATI DE DECONTAMINARE, Total, Mures, Anul 2023, Milioane lei RON, 499
E  DISTRIBUTIA APEI; SALUBRITATE  GESTIONAREA DESEURILOR  ACTIVITATI DE DECONTAMINARE, Total, Mures, Anul 2024, Milioane lei RON, 614
E  DISTRIBUTIA APEI; SALUBRITATE  GESTIONAREA DESEURILOR  ACTIVITATI DE DECONTAMINARE, Total, Sibiu, Anul 2008, Milioane lei RON, 169
E  DISTRIBUTIA APEI; SALUBRITATE  GESTIONAREA DESEURILOR  ACTIVITATI DE DECONTAMINARE, Total, Sibiu, Anul 2009, Milioane lei RON, 134
E  DISTRIBUTIA APEI; SALUBRITATE  GESTIONAREA DESEURILOR  ACTIVITATI DE DECONTAMINARE, Total, Sibiu, Anul 2010, Milioane lei RON, 183
E  DISTRIBUTIA APEI; SALUBRITATE  GESTIONAREA DESEURILOR  ACTIVITATI DE DECONTAMINARE, Total, Sibiu, Anul 2011, Milioane lei RON, 199
E  DISTRIBUTIA APEI; SALUBRITATE  GESTIONAREA DESEURILOR  ACTIVITATI DE DECONTAMINARE, Total, Sibiu, Anul 2012, Milioane lei RON, 210
E  DISTRIBUTIA APEI; SALUBRITATE  GESTIONAREA DESEURILOR  ACTIVITATI DE DECONTAMINARE, Total, Sibiu, Anul 2013, Milioane lei RON, 185
E  DISTRIBUTIA APEI; SALUBRITATE  GESTIONAREA DESEURILOR  ACTIVITATI DE DECONTAMINARE, Total, Sibiu, Anul 2014, Milioane lei RON, 183
E  DISTRIBUTIA APEI; SALUBRITATE  GESTIONAREA DESEURILOR  ACTIVITATI DE DECONTAMINARE, Total, Sibiu, Anul 2015, Milioane lei RON, 191
E  DISTRIBUTIA APEI; SALUBRITATE  GESTIONAREA DESEURILOR  ACTIVITATI DE DECONTAMINARE, Total, Sibiu, Anul 2016, Milioane lei RON, 212
E  DISTRIBUTIA APEI; SALUBRITATE  GESTIONAREA DESEURILOR  ACTIVITATI DE DECONTAMINARE, Total, Sibiu, Anul 2017, Milioane lei RON, 328
E  DISTRIBUTIA APEI; SALUBRITATE  GESTIONAREA DESEURILOR  ACTIVITATI DE DECONTAMINARE, Total, Sibiu, Anul 2018, Milioane lei RON, 361
E  DISTRIBUTIA APEI; SALUBRITATE  GESTIONAREA DESEURILOR  ACTIVITATI DE DECONTAMINARE, Total, Sibiu, Anul 2019, Milioane lei RON, 396
E  DISTRIBUTIA APEI; SALUBRITATE  GESTIONAREA DESEURILOR  ACTIVITATI DE DECONTAMINARE, Total, Sibiu, Anul 2020, Milioane lei RON, 372
E  DISTRIBUTIA APEI; SALUBRITATE  GESTIONAREA DESEURILOR  ACTIVITATI DE DECONTAMINARE, Total, Sibiu, Anul 2021, Milioane lei RON, 512
E  DISTRIBUTIA APEI; SALUBRITATE  GESTIONAREA DESEURILOR  ACTIVITATI DE DECONTAMINARE, Total, Sibiu, Anul 2022, Milioane lei RON, 499
E  DISTRIBUTIA APEI; SALUBRITATE  GESTIONAREA DESEURILOR  ACTIVITATI DE DECONTAMINARE, Total, Sibiu, Anul 2023, Milioane lei RON, 664
E  DISTRIBUTIA APEI; SALUBRITATE  GESTIONAREA DESEURILOR  ACTIVITATI DE DECONTAMINARE, Total, Sibiu, Anul 2024, Milioane lei RON, 680
E  DISTRIBUTIA APEI; SALUBRITATE  GESTIONAREA DESEURILOR  ACTIVITATI DE DECONTAMINARE, Total, Bacau, Anul 2008, Milioane lei RON, 141
E  DISTRIBUTIA APEI; SALUBRITATE  GESTIONAREA DESEURILOR  ACTIVITATI DE DECONTAMINARE, Total, Bacau, Anul 2009, Milioane lei RON, 147
E  DISTRIBUTIA APEI; SALUBRITATE  GESTIONAREA DESEURILOR  ACTIVITATI DE DECONTAMINARE, Total, Bacau, Anul 2010, Milioane lei RON, 209
E  DISTRIBUTIA APEI; SALUBRITATE  GESTIONAREA DESEURILOR  ACTIVITATI DE DECONTAMINARE, Total, Bacau, Anul 2011, Milioane lei RON, 248
E  DISTRIBUTIA APEI; SALUBRITATE  GESTIONAREA DESEURILOR  ACTIVITATI DE DECONTAMINARE, Total, Bacau, Anul 2012, Milioane lei RON, 236
E  DISTRIBUTIA APEI; SALUBRITATE  GESTIONAREA DESEURILOR  ACTIVITATI DE DECONTAMINARE, Total, Bacau, Anul 2013, Milioane lei RON, 238
E  DISTRIBUTIA APEI; SALUBRITATE  GESTIONAREA DESEURILOR  ACTIVITATI DE DECONTAMINARE, Total, Bacau, Anul 2014, Milioane lei RON, 273
E  DISTRIBUTIA APEI; SALUBRITATE  GESTIONAREA DESEURILOR  ACTIVITATI DE DECONTAMINARE, Total, Bacau, Anul 2015, Milioane lei RON, 286
E  DISTRIBUTIA APEI; SALUBRITATE  GESTIONAREA DESEURILOR  ACTIVITATI DE DECONTAMINARE, Total, Bacau, Anul 2016, Milioane lei RON, 246
E  DISTRIBUTIA APEI; SALUBRITATE  GESTIONAREA DESEURILOR  ACTIVITATI DE DECONTAMINARE, Total, Bacau, Anul 2017, Milioane lei RON, 257
E  DISTRIBUTIA APEI; SALUBRITATE  GESTIONAREA DESEURILOR  ACTIVITATI DE DECONTAMINARE, Total, Bacau, Anul 2018, Milioane lei RON, 322
E  DISTRIBUTIA APEI; SALUBRITATE  GESTIONAREA DESEURILOR  ACTIVITATI DE DECONTAMINARE, Total, Bacau, Anul 2019, Milioane lei RON, 330
E  DISTRIBUTIA APEI; SALUBRITATE  GESTIONAREA DESEURILOR  ACTIVITATI DE DECONTAMINARE, Total, Bacau, Anul 2020, Milioane lei RON, 332
E  DISTRIBUTIA APEI; SALUBRITATE  GESTIONAREA DESEURILOR  ACTIVITATI DE DECONTAMINARE, Total, Bacau, Anul 2021, Milioane lei RON, 385
E  DISTRIBUTIA APEI; SALUBRITATE  GESTIONAREA DESEURILOR  ACTIVITATI DE DECONTAMINARE, Total, Bacau, Anul 2022, Milioane lei RON, 445
E  DISTRIBUTIA APEI; SALUBRITATE  GESTIONAREA DESEURILOR  ACTIVITATI DE DECONTAMINARE, Total, Bacau, Anul 2023, Milioane lei RON, 435
E  DISTRIBUTIA APEI; SALUBRITATE  GESTIONAREA DESEURILOR  ACTIVITATI DE DECONTAMINARE, Total, Bacau, Anul 2024, Milioane lei RON, 513
E  DISTRIBUTIA APEI; SALUBRITATE  GESTIONAREA DESEURILOR  ACTIVITATI DE DECONTAMINARE, Total, Botosani, Anul 2008, Milioane lei RON, 121
E  DISTRIBUTIA APEI; SALUBRITATE  GESTIONAREA DESEURILOR  ACTIVITATI DE DECONTAMINARE, Total, Botosani, Anul 2009, Milioane lei RON, 55
E  DISTRIBUTIA APEI; SALUBRITATE  GESTIONAREA DESEURILOR  ACTIVITATI DE DECONTAMINARE, Total, Botosani, Anul 2010, Milioane lei RON, 86
E  DISTRIBUTIA APEI; SALUBRITATE  GESTIONAREA DESEURILOR  ACTIVITATI DE DECONTAMINARE, Total, Botosani, Anul 2011, Milioane lei RON, 99
E  DISTRIBUTIA APEI; SALUBRITATE  GESTIONAREA DESEURILOR  ACTIVITATI DE DECONTAMINARE, Total, Botosani, Anul 2012, Milioane lei RON, 87
E  DISTRIBUTIA APEI; SALUBRITATE  GESTIONAREA DESEURILOR  ACTIVITATI DE DECONTAMINARE, Total, Botosani, Anul 2013, Milioane lei RON, 82
E  DISTRIBUTIA APEI; SALUBRITATE  GESTIONAREA DESEURILOR  ACTIVITATI DE DECONTAMINARE, Total, Botosani, Anul 2014, Milioane lei RON, 73
E  DISTRIBUTIA APEI; SALUBRITATE  GESTIONAREA DESEURILOR  ACTIVITATI DE DECONTAMINARE, Total, Botosani, Anul 2015, Milioane lei RON, 81
E  DISTRIBUTIA APEI; SALUBRITATE  GESTIONAREA DESEURILOR  ACTIVITATI DE DECONTAMINARE, Total, Botosani, Anul 2016, Milioane lei RON, 81
E  DISTRIBUTIA APEI; SALUBRITATE  GESTIONAREA DESEURILOR  ACTIVITATI DE DECONTAMINARE, Total, Botosani, Anul 2017, Milioane lei RON, 99
E  DISTRIBUTIA APEI; SALUBRITATE  GESTIONAREA DESEURILOR  ACTIVITATI DE DECONTAMINARE, Total, Botosani, Anul 2018, Milioane lei RON, 104
E  DISTRIBUTIA APEI; SALUBRITATE  GESTIONAREA DESEURILOR  ACTIVITATI DE DECONTAMINARE, Total, Botosani, Anul 2019, Milioane lei RON, 113
E  DISTRIBUTIA APEI; SALUBRITATE  GESTIONAREA DESEURILOR  ACTIVITATI DE DECONTAMINARE, Total, Botosani, Anul 2020, Milioane lei RON, 155
E  DISTRIBUTIA APEI; SALUBRITATE  GESTIONAREA DESEURILOR  ACTIVITATI DE DECONTAMINARE, Total, Botosani, Anul 2021, Milioane lei RON, 139
E  DISTRIBUTIA APEI; SALUBRITATE  GESTIONAREA DESEURILOR  ACTIVITATI DE DECONTAMINARE, Total, Botosani, Anul 2022, Milioane lei RON, 144
E  DISTRIBUTIA APEI; SALUBRITATE  GESTIONAREA DESEURILOR  ACTIVITATI DE DECONTAMINARE, Total, Botosani, Anul 2023, Milioane lei RON, 171
E  DISTRIBUTIA APEI; SALUBRITATE  GESTIONAREA DESEURILOR  ACTIVITATI DE DECONTAMINARE, Total, Botosani, Anul 2024, Milioane lei RON, 208
E  DISTRIBUTIA APEI; SALUBRITATE  GESTIONAREA DESEURILOR  ACTIVITATI DE DECONTAMINARE, Total, Iasi, Anul 2008, Milioane lei RON, 419
E  DISTRIBUTIA APEI; SALUBRITATE  GESTIONAREA DESEURILOR  ACTIVITATI DE DECONTAMINARE, Total, Iasi, Anul 2009, Milioane lei RON, 320
E  DISTRIBUTIA APEI; SALUBRITATE  GESTIONAREA DESEURILOR  ACTIVITATI DE DECONTAMINARE, Total, Iasi, Anul 2010, Milioane lei RON, 426
E  DISTRIBUTIA APEI; SALUBRITATE  GESTIONAREA DESEURILOR  ACTIVITATI DE DECONTAMINARE, Total, Iasi, Anul 2011, Milioane lei RON, 497
E  DISTRIBUTIA APEI; SALUBRITATE  GESTIONAREA DESEURILOR  ACTIVITATI DE DECONTAMINARE, Total, Iasi, Anul 2012, Milioane lei RON, 455
E  DISTRIBUTIA APEI; SALUBRITATE  GESTIONAREA DESEURILOR  ACTIVITATI DE DECONTAMINARE, Total, Iasi, Anul 2013, Milioane lei RON, 354
E  DISTRIBUTIA APEI; SALUBRITATE  GESTIONAREA DESEURILOR  ACTIVITATI DE DECONTAMINARE, Total, Iasi, Anul 2014, Milioane lei RON, 305
E  DISTRIBUTIA APEI; SALUBRITATE  GESTIONAREA DESEURILOR  ACTIVITATI DE DECONTAMINARE, Total, Iasi, Anul 2015, Milioane lei RON, 276
E  DISTRIBUTIA APEI; SALUBRITATE  GESTIONAREA DESEURILOR  ACTIVITATI DE DECONTAMINARE, Total, Iasi, Anul 2016, Milioane lei RON, 306
E  DISTRIBUTIA APEI; SALUBRITATE  GESTIONAREA DESEURILOR  ACTIVITATI DE DECONTAMINARE, Total, Iasi, Anul 2017, Milioane lei RON, 480
E  DISTRIBUTIA APEI; SALUBRITATE  GESTIONAREA DESEURILOR  ACTIVITATI DE DECONTAMINARE, Total, Iasi, Anul 2018, Milioane lei RON, 533
E  DISTRIBUTIA APEI; SALUBRITATE  GESTIONAREA DESEURILOR  ACTIVITATI DE DECONTAMINARE, Total, Iasi, Anul 2019, Milioane lei RON, 486
E  DISTRIBUTIA APEI; SALUBRITATE  GESTIONAREA DESEURILOR  ACTIVITATI DE DECONTAMINARE, Total, Iasi, Anul 2020, Milioane lei RON, 483
E  DISTRIBUTIA APEI; SALUBRITATE  GESTIONAREA DESEURILOR  ACTIVITATI DE DECONTAMINARE, Total, Iasi, Anul 2021, Milioane lei RON, 700
E  DISTRIBUTIA APEI; SALUBRITATE  GESTIONAREA DESEURILOR  ACTIVITATI DE DECONTAMINARE, Total, Iasi, Anul 2022, Milioane lei RON, 717
E  DISTRIBUTIA APEI; SALUBRITATE  GESTIONAREA DESEURILOR  ACTIVITATI DE DECONTAMINARE, Total, Iasi, Anul 2023, Milioane lei RON, 834
E  DISTRIBUTIA APEI; SALUBRITATE  GESTIONAREA DESEURILOR  ACTIVITATI DE DECONTAMINARE, Total, Iasi, Anul 2024, Milioane lei RON, 945
E  DISTRIBUTIA APEI; SALUBRITATE  GESTIONAREA DESEURILOR  ACTIVITATI DE DECONTAMINARE, Total, Neamt, Anul 2008, Milioane lei RON, 95
E  DISTRIBUTIA APEI; SALUBRITATE  GESTIONAREA DESEURILOR  ACTIVITATI DE DECONTAMINARE, Total, Neamt, Anul 2009, Milioane lei RON, 76
E  DISTRIBUTIA APEI; SALUBRITATE  GESTIONAREA DESEURILOR  ACTIVITATI DE DECONTAMINARE, Total, Neamt, Anul 2010, Milioane lei RON, 93
E  DISTRIBUTIA APEI; SALUBRITATE  GESTIONAREA DESEURILOR  ACTIVITATI DE DECONTAMINARE, Total, Neamt, Anul 2011, Milioane lei RON, 105
E  DISTRIBUTIA APEI; SALUBRITATE  GESTIONAREA DESEURILOR  ACTIVITATI DE DECONTAMINARE, Total, Neamt, Anul 2012, Milioane lei RON, 94
E  DISTRIBUTIA APEI; SALUBRITATE  GESTIONAREA DESEURILOR  ACTIVITATI DE DECONTAMINARE, Total, Neamt, Anul 2013, Milioane lei RON, 95
E  DISTRIBUTIA APEI; SALUBRITATE  GESTIONAREA DESEURILOR  ACTIVITATI DE DECONTAMINARE, Total, Neamt, Anul 2014, Milioane lei RON, 97
E  DISTRIBUTIA APEI; SALUBRITATE  GESTIONAREA DESEURILOR  ACTIVITATI DE DECONTAMINARE, Total, Neamt, Anul 2015, Milioane lei RON, 98
E  DISTRIBUTIA APEI; SALUBRITATE  GESTIONAREA DESEURILOR  ACTIVITATI DE DECONTAMINARE, Total, Neamt, Anul 2016, Milioane lei RON, 98
E  DISTRIBUTIA APEI; SALUBRITATE  GESTIONAREA DESEURILOR  ACTIVITATI DE DECONTAMINARE, Total, Neamt, Anul 2017, Milioane lei RON, 124
E  DISTRIBUTIA APEI; SALUBRITATE  GESTIONAREA DESEURILOR  ACTIVITATI DE DECONTAMINARE, Total, Neamt, Anul 2018, Milioane lei RON, 144
E  DISTRIBUTIA APEI; SALUBRITATE  GESTIONAREA DESEURILOR  ACTIVITATI DE DECONTAMINARE, Total, Neamt, Anul 2019, Milioane lei RON, 161
E  DISTRIBUTIA APEI; SALUBRITATE  GESTIONAREA DESEURILOR  ACTIVITATI DE DECONTAMINARE, Total, Neamt, Anul 2020, Milioane lei RON, 169
E  DISTRIBUTIA APEI; SALUBRITATE  GESTIONAREA DESEURILOR  ACTIVITATI DE DECONTAMINARE, Total, Neamt, Anul 2021, Milioane lei RON, 229
E  DISTRIBUTIA APEI; SALUBRITATE  GESTIONAREA DESEURILOR  ACTIVITATI DE DECONTAMINARE, Total, Neamt, Anul 2022, Milioane lei RON, 245
E  DISTRIBUTIA APEI; SALUBRITATE  GESTIONAREA DESEURILOR  ACTIVITATI DE DECONTAMINARE, Total, Neamt, Anul 2023, Milioane lei RON, 273
E  DISTRIBUTIA APEI; SALUBRITATE  GESTIONAREA DESEURILOR  ACTIVITATI DE DECONTAMINARE, Total, Neamt, Anul 2024, Milioane lei RON, 346
E  DISTRIBUTIA APEI; SALUBRITATE  GESTIONAREA DESEURILOR  ACTIVITATI DE DECONTAMINARE, Total, Suceava, Anul 2008, Milioane lei RON, 71
E  DISTRIBUTIA APEI; SALUBRITATE  GESTIONAREA DESEURILOR  ACTIVITATI DE DECONTAMINARE, Total, Suceava, Anul 2009, Milioane lei RON, 76
E  DISTRIBUTIA APEI; SALUBRITATE  GESTIONAREA DESEURILOR  ACTIVITATI DE DECONTAMINARE, Total, Suceava, Anul 2010, Milioane lei RON, 90
E  DISTRIBUTIA APEI; SALUBRITATE  GESTIONAREA DESEURILOR  ACTIVITATI DE DECONTAMINARE, Total, Suceava, Anul 2011, Milioane lei RON, 96
E  DISTRIBUTIA APEI; SALUBRITATE  GESTIONAREA DESEURILOR  ACTIVITATI DE DECONTAMINARE, Total, Suceava, Anul 2012, Milioane lei RON, 99
E  DISTRIBUTIA APEI; SALUBRITATE  GESTIONAREA DESEURILOR  ACTIVITATI DE DECONTAMINARE, Total, Suceava, Anul 2013, Milioane lei RON, 110
E  DISTRIBUTIA APEI; SALUBRITATE  GESTIONAREA DESEURILOR  ACTIVITATI DE DECONTAMINARE, Total, Suceava, Anul 2014, Milioane lei RON, 122
E  DISTRIBUTIA APEI; SALUBRITATE  GESTIONAREA DESEURILOR  ACTIVITATI DE DECONTAMINARE, Total, Suceava, Anul 2015, Milioane lei RON, 143
E  DISTRIBUTIA APEI; SALUBRITATE  GESTIONAREA DESEURILOR  ACTIVITATI DE DECONTAMINARE, Total, Suceava, Anul 2016, Milioane lei RON, 161
E  DISTRIBUTIA APEI; SALUBRITATE  GESTIONAREA DESEURILOR  ACTIVITATI DE DECONTAMINARE, Total, Suceava, Anul 2017, Milioane lei RON, 201
E  DISTRIBUTIA APEI; SALUBRITATE  GESTIONAREA DESEURILOR  ACTIVITATI DE DECONTAMINARE, Total, Suceava, Anul 2018, Milioane lei RON, 177
E  DISTRIBUTIA APEI; SALUBRITATE  GESTIONAREA DESEURILOR  ACTIVITATI DE DECONTAMINARE, Total, Suceava, Anul 2019, Milioane lei RON, 203
E  DISTRIBUTIA APEI; SALUBRITATE  GESTIONAREA DESEURILOR  ACTIVITATI DE DECONTAMINARE, Total, Suceava, Anul 2020, Milioane lei RON, 233
E  DISTRIBUTIA APEI; SALUBRITATE  GESTIONAREA DESEURILOR  ACTIVITATI DE DECONTAMINARE, Total, Suceava, Anul 2021, Milioane lei RON, 287
E  DISTRIBUTIA APEI; SALUBRITATE  GESTIONAREA DESEURILOR  ACTIVITATI DE DECONTAMINARE, Total, Suceava, Anul 2022, Milioane lei RON, 340
E  DISTRIBUTIA APEI; SALUBRITATE  GESTIONAREA DESEURILOR  ACTIVITATI DE DECONTAMINARE, Total, Suceava, Anul 2023, Milioane lei RON, 401
E  DISTRIBUTIA APEI; SALUBRITATE  GESTIONAREA DESEURILOR  ACTIVITATI DE DECONTAMINARE, Total, Suceava, Anul 2024, Milioane lei RON, 419
E  DISTRIBUTIA APEI; SALUBRITATE  GESTIONAREA DESEURILOR  ACTIVITATI DE DECONTAMINARE, Total, Vaslui, Anul 2008, Milioane lei RON, 94
E  DISTRIBUTIA APEI; SALUBRITATE  GESTIONAREA DESEURILOR  ACTIVITATI DE DECONTAMINARE, Total, Vaslui, Anul 2009, Milioane lei RON, 65
E  DISTRIBUTIA APEI; SALUBRITATE  GESTIONAREA DESEURILOR  ACTIVITATI DE DECONTAMINARE, Total, Vaslui, Anul 2010, Milioane lei RON, 79
E  DISTRIBUTIA APEI; SALUBRITATE  GESTIONAREA DESEURILOR  ACTIVITATI DE DECONTAMINARE, Total, Vaslui, Anul 2011, Milioane lei RON, 98
E  DISTRIBUTIA APEI; SALUBRITATE  GESTIONAREA DESEURILOR  ACTIVITATI DE DECONTAMINARE, Total, Vaslui, Anul 2012, Milioane lei RON, 97
E  DISTRIBUTIA APEI; SALUBRITATE  GESTIONAREA DESEURILOR  ACTIVITATI DE DECONTAMINARE, Total, Vaslui, Anul 2013, Milioane lei RON, 79
E  DISTRIBUTIA APEI; SALUBRITATE  GESTIONAREA DESEURILOR  ACTIVITATI DE DECONTAMINARE, Total, Vaslui, Anul 2014, Milioane lei RON, 74
E  DISTRIBUTIA APEI; SALUBRITATE  GESTIONAREA DESEURILOR  ACTIVITATI DE DECONTAMINARE, Total, Vaslui, Anul 2015, Milioane lei RON, 73
E  DISTRIBUTIA APEI; SALUBRITATE  GESTIONAREA DESEURILOR  ACTIVITATI DE DECONTAMINARE, Total, Vaslui, Anul 2016, Milioane lei RON, 81
E  DISTRIBUTIA APEI; SALUBRITATE  GESTIONAREA DESEURILOR  ACTIVITATI DE DECONTAMINARE, Total, Vaslui, Anul 2017, Milioane lei RON, 96
E  DISTRIBUTIA APEI; SALUBRITATE  GESTIONAREA DESEURILOR  ACTIVITATI DE DECONTAMINARE, Total, Vaslui, Anul 2018, Milioane lei RON, 106
E  DISTRIBUTIA APEI; SALUBRITATE  GESTIONAREA DESEURILOR  ACTIVITATI DE DECONTAMINARE, Total, Vaslui, Anul 2019, Milioane lei RON, 123
E  DISTRIBUTIA APEI; SALUBRITATE  GESTIONAREA DESEURILOR  ACTIVITATI DE DECONTAMINARE, Total, Vaslui, Anul 2020, Milioane lei RON, 132
E  DISTRIBUTIA APEI; SALUBRITATE  GESTIONAREA DESEURILOR  ACTIVITATI DE DECONTAMINARE, Total, Vaslui, Anul 2021, Milioane lei RON, 135
E  DISTRIBUTIA APEI; SALUBRITATE  GESTIONAREA DESEURILOR  ACTIVITATI DE DECONTAMINARE, Total, Vaslui, Anul 2022, Milioane lei RON, 163
E  DISTRIBUTIA APEI; SALUBRITATE  GESTIONAREA DESEURILOR  ACTIVITATI DE DECONTAMINARE, Total, Vaslui, Anul 2023, Milioane lei RON, 185
E  DISTRIBUTIA APEI; SALUBRITATE  GESTIONAREA DESEURILOR  ACTIVITATI DE DECONTAMINARE, Total, Vaslui, Anul 2024, Milioane lei RON, 240
E  DISTRIBUTIA APEI; SALUBRITATE  GESTIONAREA DESEURILOR  ACTIVITATI DE DECONTAMINARE, Total, Braila, Anul 2008, Milioane lei RON, 99
E  DISTRIBUTIA APEI; SALUBRITATE  GESTIONAREA DESEURILOR  ACTIVITATI DE DECONTAMINARE, Total, Braila, Anul 2009, Milioane lei RON, 85
E  DISTRIBUTIA APEI; SALUBRITATE  GESTIONAREA DESEURILOR  ACTIVITATI DE DECONTAMINARE, Total, Braila, Anul 2010, Milioane lei RON, 120
E  DISTRIBUTIA APEI; SALUBRITATE  GESTIONAREA DESEURILOR  ACTIVITATI DE DECONTAMINARE, Total, Braila, Anul 2011, Milioane lei RON, 125
E  DISTRIBUTIA APEI; SALUBRITATE  GESTIONAREA DESEURILOR  ACTIVITATI DE DECONTAMINARE, Total, Braila, Anul 2012, Milioane lei RON, 134
E  DISTRIBUTIA APEI; SALUBRITATE  GESTIONAREA DESEURILOR  ACTIVITATI DE DECONTAMINARE, Total, Braila, Anul 2013, Milioane lei RON, 141
E  DISTRIBUTIA APEI; SALUBRITATE  GESTIONAREA DESEURILOR  ACTIVITATI DE DECONTAMINARE, Total, Braila, Anul 2014, Milioane lei RON, 133
E  DISTRIBUTIA APEI; SALUBRITATE  GESTIONAREA DESEURILOR  ACTIVITATI DE DECONTAMINARE, Total, Braila, Anul 2015, Milioane lei RON, 106
E  DISTRIBUTIA APEI; SALUBRITATE  GESTIONAREA DESEURILOR  ACTIVITATI DE DECONTAMINARE, Total, Braila, Anul 2016, Milioane lei RON, 103
E  DISTRIBUTIA APEI; SALUBRITATE  GESTIONAREA DESEURILOR  ACTIVITATI DE DECONTAMINARE, Total, Braila, Anul 2017, Milioane lei RON, 110
E  DISTRIBUTIA APEI; SALUBRITATE  GESTIONAREA DESEURILOR  ACTIVITATI DE DECONTAMINARE, Total, Braila, Anul 2018, Milioane lei RON, 126
E  DISTRIBUTIA APEI; SALUBRITATE  GESTIONAREA DESEURILOR  ACTIVITATI DE DECONTAMINARE, Total, Braila, Anul 2019, Milioane lei RON, 131
E  DISTRIBUTIA APEI; SALUBRITATE  GESTIONAREA DESEURILOR  ACTIVITATI DE DECONTAMINARE, Total, Braila, Anul 2020, Milioane lei RON, 146
E  DISTRIBUTIA APEI; SALUBRITATE  GESTIONAREA DESEURILOR  ACTIVITATI DE DECONTAMINARE, Total, Braila, Anul 2021, Milioane lei RON, 178
E  DISTRIBUTIA APEI; SALUBRITATE  GESTIONAREA DESEURILOR  ACTIVITATI DE DECONTAMINARE, Total, Braila, Anul 2022, Milioane lei RON, 200
E  DISTRIBUTIA APEI; SALUBRITATE  GESTIONAREA DESEURILOR  ACTIVITATI DE DECONTAMINARE, Total, Braila, Anul 2023, Milioane lei RON, 237
E  DISTRIBUTIA APEI; SALUBRITATE  GESTIONAREA DESEURILOR  ACTIVITATI DE DECONTAMINARE, Total, Braila, Anul 2024, Milioane lei RON, 266
E  DISTRIBUTIA APEI; SALUBRITATE  GESTIONAREA DESEURILOR  ACTIVITATI DE DECONTAMINARE, Total, Buzau, Anul 2008, Milioane lei RON, 179
E  DISTRIBUTIA APEI; SALUBRITATE  GESTIONAREA DESEURILOR  ACTIVITATI DE DECONTAMINARE, Total, Buzau, Anul 2009, Milioane lei RON, 175
E  DISTRIBUTIA APEI; SALUBRITATE  GESTIONAREA DESEURILOR  ACTIVITATI DE DECONTAMINARE, Total, Buzau, Anul 2010, Milioane lei RON, 251
E  DISTRIBUTIA APEI; SALUBRITATE  GESTIONAREA DESEURILOR  ACTIVITATI DE DECONTAMINARE, Total, Buzau, Anul 2011, Milioane lei RON, 329
E  DISTRIBUTIA APEI; SALUBRITATE  GESTIONAREA DESEURILOR  ACTIVITATI DE DECONTAMINARE, Total, Buzau, Anul 2012, Milioane lei RON, 359
E  DISTRIBUTIA APEI; SALUBRITATE  GESTIONAREA DESEURILOR  ACTIVITATI DE DECONTAMINARE, Total, Buzau, Anul 2013, Milioane lei RON, 414
E  DISTRIBUTIA APEI; SALUBRITATE  GESTIONAREA DESEURILOR  ACTIVITATI DE DECONTAMINARE, Total, Buzau, Anul 2014, Milioane lei RON, 463
E  DISTRIBUTIA APEI; SALUBRITATE  GESTIONAREA DESEURILOR  ACTIVITATI DE DECONTAMINARE, Total, Buzau, Anul 2015, Milioane lei RON, 429
E  DISTRIBUTIA APEI; SALUBRITATE  GESTIONAREA DESEURILOR  ACTIVITATI DE DECONTAMINARE, Total, Buzau, Anul 2016, Milioane lei RON, 447
E  DISTRIBUTIA APEI; SALUBRITATE  GESTIONAREA DESEURILOR  ACTIVITATI DE DECONTAMINARE, Total, Buzau, Anul 2017, Milioane lei RON, 547
E  DISTRIBUTIA APEI; SALUBRITATE  GESTIONAREA DESEURILOR  ACTIVITATI DE DECONTAMINARE, Total, Buzau, Anul 2018, Milioane lei RON, 595
E  DISTRIBUTIA APEI; SALUBRITATE  GESTIONAREA DESEURILOR  ACTIVITATI DE DECONTAMINARE, Total, Buzau, Anul 2019, Milioane lei RON, 548
E  DISTRIBUTIA APEI; SALUBRITATE  GESTIONAREA DESEURILOR  ACTIVITATI DE DECONTAMINARE, Total, Buzau, Anul 2020, Milioane lei RON, 586
E  DISTRIBUTIA APEI; SALUBRITATE  GESTIONAREA DESEURILOR  ACTIVITATI DE DECONTAMINARE, Total, Buzau, Anul 2021, Milioane lei RON, 735
E  DISTRIBUTIA APEI; SALUBRITATE  GESTIONAREA DESEURILOR  ACTIVITATI DE DECONTAMINARE, Total, Buzau, Anul 2022, Milioane lei RON, 807
E  DISTRIBUTIA APEI; SALUBRITATE  GESTIONAREA DESEURILOR  ACTIVITATI DE DECONTAMINARE, Total, Buzau, Anul 2023, Milioane lei RON, 550
E  DISTRIBUTIA APEI; SALUBRITATE  GESTIONAREA DESEURILOR  ACTIVITATI DE DECONTAMINARE, Total, Buzau, Anul 2024, Milioane lei RON, 598
E  DISTRIBUTIA APEI; SALUBRITATE  GESTIONAREA DESEURILOR  ACTIVITATI DE DECONTAMINARE, Total, Constanta, Anul 2008, Milioane lei RON, 1083
E  DISTRIBUTIA APEI; SALUBRITATE  GESTIONAREA DESEURILOR  ACTIVITATI DE DECONTAMINARE, Total, Constanta, Anul 2009, Milioane lei RON, 1063
E  DISTRIBUTIA APEI; SALUBRITATE  GESTIONAREA DESEURILOR  ACTIVITATI DE DECONTAMINARE, Total, Constanta, Anul 2010, Milioane lei RON, 1248
E  DISTRIBUTIA APEI; SALUBRITATE  GESTIONAREA DESEURILOR  ACTIVITATI DE DECONTAMINARE, Total, Constanta, Anul 2011, Milioane lei RON, 1495
E  DISTRIBUTIA APEI; SALUBRITATE  GESTIONAREA DESEURILOR  ACTIVITATI DE DECONTAMINARE, Total, Constanta, Anul 2012, Milioane lei RON, 1301
E  DISTRIBUTIA APEI; SALUBRITATE  GESTIONAREA DESEURILOR  ACTIVITATI DE DECONTAMINARE, Total, Constanta, Anul 2013, Milioane lei RON, 1081
E  DISTRIBUTIA APEI; SALUBRITATE  GESTIONAREA DESEURILOR  ACTIVITATI DE DECONTAMINARE, Total, Constanta, Anul 2014, Milioane lei RON, 974
E  DISTRIBUTIA APEI; SALUBRITATE  GESTIONAREA DESEURILOR  ACTIVITATI DE DECONTAMINARE, Total, Constanta, Anul 2015, Milioane lei RON, 705
E  DISTRIBUTIA APEI; SALUBRITATE  GESTIONAREA DESEURILOR  ACTIVITATI DE DECONTAMINARE, Total, Constanta, Anul 2016, Milioane lei RON, 649
E  DISTRIBUTIA APEI; SALUBRITATE  GESTIONAREA DESEURILOR  ACTIVITATI DE DECONTAMINARE, Total, Constanta, Anul 2017, Milioane lei RON, 657
E  DISTRIBUTIA APEI; SALUBRITATE  GESTIONAREA DESEURILOR  ACTIVITATI DE DECONTAMINARE, Total, Constanta, Anul 2018, Milioane lei RON, 671
E  DISTRIBUTIA APEI; SALUBRITATE  GESTIONAREA DESEURILOR  ACTIVITATI DE DECONTAMINARE, Total, Constanta, Anul 2019, Milioane lei RON, 794
E  DISTRIBUTIA APEI; SALUBRITATE  GESTIONAREA DESEURILOR  ACTIVITATI DE DECONTAMINARE, Total, Constanta, Anul 2020, Milioane lei RON, 836
E  DISTRIBUTIA APEI; SALUBRITATE  GESTIONAREA DESEURILOR  ACTIVITATI DE DECONTAMINARE, Total, Constanta, Anul 2021, Milioane lei RON, 911
E  DISTRIBUTIA APEI; SALUBRITATE  GESTIONAREA DESEURILOR  ACTIVITATI DE DECONTAMINARE, Total, Constanta, Anul 2022, Milioane lei RON, 1057
E  DISTRIBUTIA APEI; SALUBRITATE  GESTIONAREA DESEURILOR  ACTIVITATI DE DECONTAMINARE, Total, Constanta, Anul 2023, Milioane lei RON, 1336
E  DISTRIBUTIA APEI; SALUBRITATE  GESTIONAREA DESEURILOR  ACTIVITATI DE DECONTAMINARE, Total, Constanta, Anul 2024, Milioane lei RON, 1435
E  DISTRIBUTIA APEI; SALUBRITATE  GESTIONAREA DESEURILOR  ACTIVITATI DE DECONTAMINARE, Total, Galati, Anul 2008, Milioane lei RON, 535
E  DISTRIBUTIA APEI; SALUBRITATE  GESTIONAREA DESEURILOR  ACTIVITATI DE DECONTAMINARE, Total, Galati, Anul 2009, Milioane lei RON, 483
E  DISTRIBUTIA APEI; SALUBRITATE  GESTIONAREA DESEURILOR  ACTIVITATI DE DECONTAMINARE, Total, Galati, Anul 2010, Milioane lei RON, 682
E  DISTRIBUTIA APEI; SALUBRITATE  GESTIONAREA DESEURILOR  ACTIVITATI DE DECONTAMINARE, Total, Galati, Anul 2011, Milioane lei RON, 755
E  DISTRIBUTIA APEI; SALUBRITATE  GESTIONAREA DESEURILOR  ACTIVITATI DE DECONTAMINARE, Total, Galati, Anul 2012, Milioane lei RON, 840
E  DISTRIBUTIA APEI; SALUBRITATE  GESTIONAREA DESEURILOR  ACTIVITATI DE DECONTAMINARE, Total, Galati, Anul 2013, Milioane lei RON, 934
E  DISTRIBUTIA APEI; SALUBRITATE  GESTIONAREA DESEURILOR  ACTIVITATI DE DECONTAMINARE, Total, Galati, Anul 2014, Milioane lei RON, 738
E  DISTRIBUTIA APEI; SALUBRITATE  GESTIONAREA DESEURILOR  ACTIVITATI DE DECONTAMINARE, Total, Galati, Anul 2015, Milioane lei RON, 519
E  DISTRIBUTIA APEI; SALUBRITATE  GESTIONAREA DESEURILOR  ACTIVITATI DE DECONTAMINARE, Total, Galati, Anul 2016, Milioane lei RON, 489
E  DISTRIBUTIA APEI; SALUBRITATE  GESTIONAREA DESEURILOR  ACTIVITATI DE DECONTAMINARE, Total, Galati, Anul 2017, Milioane lei RON, 527
E  DISTRIBUTIA APEI; SALUBRITATE  GESTIONAREA DESEURILOR  ACTIVITATI DE DECONTAMINARE, Total, Galati, Anul 2018, Milioane lei RON, 589
E  DISTRIBUTIA APEI; SALUBRITATE  GESTIONAREA DESEURILOR  ACTIVITATI DE DECONTAMINARE, Total, Galati, Anul 2019, Milioane lei RON, 581
E  DISTRIBUTIA APEI; SALUBRITATE  GESTIONAREA DESEURILOR  ACTIVITATI DE DECONTAMINARE, Total, Galati, Anul 2020, Milioane lei RON, 595
E  DISTRIBUTIA APEI; SALUBRITATE  GESTIONAREA DESEURILOR  ACTIVITATI DE DECONTAMINARE, Total, Galati, Anul 2021, Milioane lei RON, 770
E  DISTRIBUTIA APEI; SALUBRITATE  GESTIONAREA DESEURILOR  ACTIVITATI DE DECONTAMINARE, Total, Galati, Anul 2022, Milioane lei RON, 851
E  DISTRIBUTIA APEI; SALUBRITATE  GESTIONAREA DESEURILOR  ACTIVITATI DE DECONTAMINARE, Total, Galati, Anul 2023, Milioane lei RON, 773
E  DISTRIBUTIA APEI; SALUBRITATE  GESTIONAREA DESEURILOR  ACTIVITATI DE DECONTAMINARE, Total, Galati, Anul 2024, Milioane lei RON, 1090
E  DISTRIBUTIA APEI; SALUBRITATE  GESTIONAREA DESEURILOR  ACTIVITATI DE DECONTAMINARE, Total, Tulcea, Anul 2008, Milioane lei RON, 93
E  DISTRIBUTIA APEI; SALUBRITATE  GESTIONAREA DESEURILOR  ACTIVITATI DE DECONTAMINARE, Total, Tulcea, Anul 2009, Milioane lei RON, 51
E  DISTRIBUTIA APEI; SALUBRITATE  GESTIONAREA DESEURILOR  ACTIVITATI DE DECONTAMINARE, Total, Tulcea, Anul 2010, Milioane lei RON, 72
E  DISTRIBUTIA APEI; SALUBRITATE  GESTIONAREA DESEURILOR  ACTIVITATI DE DECONTAMINARE, Total, Tulcea, Anul 2011, Milioane lei RON, 80
E  DISTRIBUTIA APEI; SALUBRITATE  GESTIONAREA DESEURILOR  ACTIVITATI DE DECONTAMINARE, Total, Tulcea, Anul 2012, Milioane lei RON, 79
E  DISTRIBUTIA APEI; SALUBRITATE  GESTIONAREA DESEURILOR  ACTIVITATI DE DECONTAMINARE, Total, Tulcea, Anul 2013, Milioane lei RON, 89
E  DISTRIBUTIA APEI; SALUBRITATE  GESTIONAREA DESEURILOR  ACTIVITATI DE DECONTAMINARE, Total, Tulcea, Anul 2014, Milioane lei RON, 90
E  DISTRIBUTIA APEI; SALUBRITATE  GESTIONAREA DESEURILOR  ACTIVITATI DE DECONTAMINARE, Total, Tulcea, Anul 2015, Milioane lei RON, 83
E  DISTRIBUTIA APEI; SALUBRITATE  GESTIONAREA DESEURILOR  ACTIVITATI DE DECONTAMINARE, Total, Tulcea, Anul 2016, Milioane lei RON, 108
E  DISTRIBUTIA APEI; SALUBRITATE  GESTIONAREA DESEURILOR  ACTIVITATI DE DECONTAMINARE, Total, Tulcea, Anul 2017, Milioane lei RON, 141
E  DISTRIBUTIA APEI; SALUBRITATE  GESTIONAREA DESEURILOR  ACTIVITATI DE DECONTAMINARE, Total, Tulcea, Anul 2018, Milioane lei RON, 161
E  DISTRIBUTIA APEI; SALUBRITATE  GESTIONAREA DESEURILOR  ACTIVITATI DE DECONTAMINARE, Total, Tulcea, Anul 2019, Milioane lei RON, 137
E  DISTRIBUTIA APEI; SALUBRITATE  GESTIONAREA DESEURILOR  ACTIVITATI DE DECONTAMINARE, Total, Tulcea, Anul 2020, Milioane lei RON, 137
E  DISTRIBUTIA APEI; SALUBRITATE  GESTIONAREA DESEURILOR  ACTIVITATI DE DECONTAMINARE, Total, Tulcea, Anul 2021, Milioane lei RON, 154
E  DISTRIBUTIA APEI; SALUBRITATE  GESTIONAREA DESEURILOR  ACTIVITATI DE DECONTAMINARE, Total, Tulcea, Anul 2022, Milioane lei RON, 159
E  DISTRIBUTIA APEI; SALUBRITATE  GESTIONAREA DESEURILOR  ACTIVITATI DE DECONTAMINARE, Total, Tulcea, Anul 2023, Milioane lei RON, 179
E  DISTRIBUTIA APEI; SALUBRITATE  GESTIONAREA DESEURILOR  ACTIVITATI DE DECONTAMINARE, Total, Tulcea, Anul 2024, Milioane lei RON, 195
E  DISTRIBUTIA APEI; SALUBRITATE  GESTIONAREA DESEURILOR  ACTIVITATI DE DECONTAMINARE, Total, Vrancea, Anul 2008, Milioane lei RON, 78
E  DISTRIBUTIA APEI; SALUBRITATE  GESTIONAREA DESEURILOR  ACTIVITATI DE DECONTAMINARE, Total, Vrancea, Anul 2009, Milioane lei RON, 67
E  DISTRIBUTIA APEI; SALUBRITATE  GESTIONAREA DESEURILOR  ACTIVITATI DE DECONTAMINARE, Total, Vrancea, Anul 2010, Milioane lei RON, 84
E  DISTRIBUTIA APEI; SALUBRITATE  GESTIONAREA DESEURILOR  ACTIVITATI DE DECONTAMINARE, Total, Vrancea, Anul 2011, Milioane lei RON, 92
E  DISTRIBUTIA APEI; SALUBRITATE  GESTIONAREA DESEURILOR  ACTIVITATI DE DECONTAMINARE, Total, Vrancea, Anul 2012, Milioane lei RON, 85
E  DISTRIBUTIA APEI; SALUBRITATE  GESTIONAREA DESEURILOR  ACTIVITATI DE DECONTAMINARE, Total, Vrancea, Anul 2013, Milioane lei RON, 80
E  DISTRIBUTIA APEI; SALUBRITATE  GESTIONAREA DESEURILOR  ACTIVITATI DE DECONTAMINARE, Total, Vrancea, Anul 2014, Milioane lei RON, 88
E  DISTRIBUTIA APEI; SALUBRITATE  GESTIONAREA DESEURILOR  ACTIVITATI DE DECONTAMINARE, Total, Vrancea, Anul 2015, Milioane lei RON, 87
E  DISTRIBUTIA APEI; SALUBRITATE  GESTIONAREA DESEURILOR  ACTIVITATI DE DECONTAMINARE, Total, Vrancea, Anul 2016, Milioane lei RON, 103
E  DISTRIBUTIA APEI; SALUBRITATE  GESTIONAREA DESEURILOR  ACTIVITATI DE DECONTAMINARE, Total, Vrancea, Anul 2017, Milioane lei RON, 136
E  DISTRIBUTIA APEI; SALUBRITATE  GESTIONAREA DESEURILOR  ACTIVITATI DE DECONTAMINARE, Total, Vrancea, Anul 2018, Milioane lei RON, 149
E  DISTRIBUTIA APEI; SALUBRITATE  GESTIONAREA DESEURILOR  ACTIVITATI DE DECONTAMINARE, Total, Vrancea, Anul 2019, Milioane lei RON, 166
E  DISTRIBUTIA APEI; SALUBRITATE  GESTIONAREA DESEURILOR  ACTIVITATI DE DECONTAMINARE, Total, Vrancea, Anul 2020, Milioane lei RON, 175
E  DISTRIBUTIA APEI; SALUBRITATE  GESTIONAREA DESEURILOR  ACTIVITATI DE DECONTAMINARE, Total, Vrancea, Anul 2021, Milioane lei RON, 251
E  DISTRIBUTIA APEI; SALUBRITATE  GESTIONAREA DESEURILOR  ACTIVITATI DE DECONTAMINARE, Total, Vrancea, Anul 2022, Milioane lei RON, 266
E  DISTRIBUTIA APEI; SALUBRITATE  GESTIONAREA DESEURILOR  ACTIVITATI DE DECONTAMINARE, Total, Vrancea, Anul 2023, Milioane lei RON, 262
E  DISTRIBUTIA APEI; SALUBRITATE  GESTIONAREA DESEURILOR  ACTIVITATI DE DECONTAMINARE, Total, Vrancea, Anul 2024, Milioane lei RON, 289
E  DISTRIBUTIA APEI; SALUBRITATE  GESTIONAREA DESEURILOR  ACTIVITATI DE DECONTAMINARE, Total, Arges, Anul 2008, Milioane lei RON, 422
E  DISTRIBUTIA APEI; SALUBRITATE  GESTIONAREA DESEURILOR  ACTIVITATI DE DECONTAMINARE, Total, Arges, Anul 2009, Milioane lei RON, 275
E  DISTRIBUTIA APEI; SALUBRITATE  GESTIONAREA DESEURILOR  ACTIVITATI DE DECONTAMINARE, Total, Arges, Anul 2010, Milioane lei RON, 498
E  DISTRIBUTIA APEI; SALUBRITATE  GESTIONAREA DESEURILOR  ACTIVITATI DE DECONTAMINARE, Total, Arges, Anul 2011, Milioane lei RON, 504
E  DISTRIBUTIA APEI; SALUBRITATE  GESTIONAREA DESEURILOR  ACTIVITATI DE DECONTAMINARE, Total, Arges, Anul 2012, Milioane lei RON, 585
E  DISTRIBUTIA APEI; SALUBRITATE  GESTIONAREA DESEURILOR  ACTIVITATI DE DECONTAMINARE, Total, Arges, Anul 2013, Milioane lei RON, 573
E  DISTRIBUTIA APEI; SALUBRITATE  GESTIONAREA DESEURILOR  ACTIVITATI DE DECONTAMINARE, Total, Arges, Anul 2014, Milioane lei RON, 540
E  DISTRIBUTIA APEI; SALUBRITATE  GESTIONAREA DESEURILOR  ACTIVITATI DE DECONTAMINARE, Total, Arges, Anul 2015, Milioane lei RON, 480
E  DISTRIBUTIA APEI; SALUBRITATE  GESTIONAREA DESEURILOR  ACTIVITATI DE DECONTAMINARE, Total, Arges, Anul 2016, Milioane lei RON, 500
E  DISTRIBUTIA APEI; SALUBRITATE  GESTIONAREA DESEURILOR  ACTIVITATI DE DECONTAMINARE, Total, Arges, Anul 2017, Milioane lei RON, 647
E  DISTRIBUTIA APEI; SALUBRITATE  GESTIONAREA DESEURILOR  ACTIVITATI DE DECONTAMINARE, Total, Arges, Anul 2018, Milioane lei RON, 717
E  DISTRIBUTIA APEI; SALUBRITATE  GESTIONAREA DESEURILOR  ACTIVITATI DE DECONTAMINARE, Total, Arges, Anul 2019, Milioane lei RON, 722
E  DISTRIBUTIA APEI; SALUBRITATE  GESTIONAREA DESEURILOR  ACTIVITATI DE DECONTAMINARE, Total, Arges, Anul 2020, Milioane lei RON, 689
E  DISTRIBUTIA APEI; SALUBRITATE  GESTIONAREA DESEURILOR  ACTIVITATI DE DECONTAMINARE, Total, Arges, Anul 2021, Milioane lei RON, 973
E  DISTRIBUTIA APEI; SALUBRITATE  GESTIONAREA DESEURILOR  ACTIVITATI DE DECONTAMINARE, Total, Arges, Anul 2022, Milioane lei RON, 1082
E  DISTRIBUTIA APEI; SALUBRITATE  GESTIONAREA DESEURILOR  ACTIVITATI DE DECONTAMINARE, Total, Arges, Anul 2023, Milioane lei RON, 1044
E  DISTRIBUTIA APEI; SALUBRITATE  GESTIONAREA DESEURILOR  ACTIVITATI DE DECONTAMINARE, Total, Arges, Anul 2024, Milioane lei RON, 1045
E  DISTRIBUTIA APEI; SALUBRITATE  GESTIONAREA DESEURILOR  ACTIVITATI DE DECONTAMINARE, Total, Calarasi, Anul 2008, Milioane lei RON, 472
E  DISTRIBUTIA APEI; SALUBRITATE  GESTIONAREA DESEURILOR  ACTIVITATI DE DECONTAMINARE, Total, Calarasi, Anul 2009, Milioane lei RON, 409
E  DISTRIBUTIA APEI; SALUBRITATE  GESTIONAREA DESEURILOR  ACTIVITATI DE DECONTAMINARE, Total, Calarasi, Anul 2010, Milioane lei RON, 616
E  DISTRIBUTIA APEI; SALUBRITATE  GESTIONAREA DESEURILOR  ACTIVITATI DE DECONTAMINARE, Total, Calarasi, Anul 2011, Milioane lei RON, 801
E  DISTRIBUTIA APEI; SALUBRITATE  GESTIONAREA DESEURILOR  ACTIVITATI DE DECONTAMINARE, Total, Calarasi, Anul 2012, Milioane lei RON, 777
E  DISTRIBUTIA APEI; SALUBRITATE  GESTIONAREA DESEURILOR  ACTIVITATI DE DECONTAMINARE, Total, Calarasi, Anul 2013, Milioane lei RON, 596
E  DISTRIBUTIA APEI; SALUBRITATE  GESTIONAREA DESEURILOR  ACTIVITATI DE DECONTAMINARE, Total, Calarasi, Anul 2014, Milioane lei RON, 517
E  DISTRIBUTIA APEI; SALUBRITATE  GESTIONAREA DESEURILOR  ACTIVITATI DE DECONTAMINARE, Total, Calarasi, Anul 2015, Milioane lei RON, 297
E  DISTRIBUTIA APEI; SALUBRITATE  GESTIONAREA DESEURILOR  ACTIVITATI DE DECONTAMINARE, Total, Calarasi, Anul 2016, Milioane lei RON, 270
E  DISTRIBUTIA APEI; SALUBRITATE  GESTIONAREA DESEURILOR  ACTIVITATI DE DECONTAMINARE, Total, Calarasi, Anul 2017, Milioane lei RON, 354
E  DISTRIBUTIA APEI; SALUBRITATE  GESTIONAREA DESEURILOR  ACTIVITATI DE DECONTAMINARE, Total, Calarasi, Anul 2018, Milioane lei RON, 339
E  DISTRIBUTIA APEI; SALUBRITATE  GESTIONAREA DESEURILOR  ACTIVITATI DE DECONTAMINARE, Total, Calarasi, Anul 2019, Milioane lei RON, 300
E  DISTRIBUTIA APEI; SALUBRITATE  GESTIONAREA DESEURILOR  ACTIVITATI DE DECONTAMINARE, Total, Calarasi, Anul 2020, Milioane lei RON, 301
E  DISTRIBUTIA APEI; SALUBRITATE  GESTIONAREA DESEURILOR  ACTIVITATI DE DECONTAMINARE, Total, Calarasi, Anul 2021, Milioane lei RON, 429
E  DISTRIBUTIA APEI; SALUBRITATE  GESTIONAREA DESEURILOR  ACTIVITATI DE DECONTAMINARE, Total, Calarasi, Anul 2022, Milioane lei RON, 527
E  DISTRIBUTIA APEI; SALUBRITATE  GESTIONAREA DESEURILOR  ACTIVITATI DE DECONTAMINARE, Total, Calarasi, Anul 2023, Milioane lei RON, 512
E  DISTRIBUTIA APEI; SALUBRITATE  GESTIONAREA DESEURILOR  ACTIVITATI DE DECONTAMINARE, Total, Calarasi, Anul 2024, Milioane lei RON, 519
E  DISTRIBUTIA APEI; SALUBRITATE  GESTIONAREA DESEURILOR  ACTIVITATI DE DECONTAMINARE, Total, Dambovita, Anul 2008, Milioane lei RON, 161
E  DISTRIBUTIA APEI; SALUBRITATE  GESTIONAREA DESEURILOR  ACTIVITATI DE DECONTAMINARE, Total, Dambovita, Anul 2009, Milioane lei RON, 142
E  DISTRIBUTIA APEI; SALUBRITATE  GESTIONAREA DESEURILOR  ACTIVITATI DE DECONTAMINARE, Total, Dambovita, Anul 2010, Milioane lei RON, 179
E  DISTRIBUTIA APEI; SALUBRITATE  GESTIONAREA DESEURILOR  ACTIVITATI DE DECONTAMINARE, Total, Dambovita, Anul 2011, Milioane lei RON, 198
E  DISTRIBUTIA APEI; SALUBRITATE  GESTIONAREA DESEURILOR  ACTIVITATI DE DECONTAMINARE, Total, Dambovita, Anul 2012, Milioane lei RON, 293
E  DISTRIBUTIA APEI; SALUBRITATE  GESTIONAREA DESEURILOR  ACTIVITATI DE DECONTAMINARE, Total, Dambovita, Anul 2013, Milioane lei RON, 245
E  DISTRIBUTIA APEI; SALUBRITATE  GESTIONAREA DESEURILOR  ACTIVITATI DE DECONTAMINARE, Total, Dambovita, Anul 2014, Milioane lei RON, 261
E  DISTRIBUTIA APEI; SALUBRITATE  GESTIONAREA DESEURILOR  ACTIVITATI DE DECONTAMINARE, Total, Dambovita, Anul 2015, Milioane lei RON, 225
E  DISTRIBUTIA APEI; SALUBRITATE  GESTIONAREA DESEURILOR  ACTIVITATI DE DECONTAMINARE, Total, Dambovita, Anul 2016, Milioane lei RON, 169
E  DISTRIBUTIA APEI; SALUBRITATE  GESTIONAREA DESEURILOR  ACTIVITATI DE DECONTAMINARE, Total, Dambovita, Anul 2017, Milioane lei RON, 209
E  DISTRIBUTIA APEI; SALUBRITATE  GESTIONAREA DESEURILOR  ACTIVITATI DE DECONTAMINARE, Total, Dambovita, Anul 2018, Milioane lei RON, 220
E  DISTRIBUTIA APEI; SALUBRITATE  GESTIONAREA DESEURILOR  ACTIVITATI DE DECONTAMINARE, Total, Dambovita, Anul 2019, Milioane lei RON, 247
E  DISTRIBUTIA APEI; SALUBRITATE  GESTIONAREA DESEURILOR  ACTIVITATI DE DECONTAMINARE, Total, Dambovita, Anul 2020, Milioane lei RON, 220
E  DISTRIBUTIA APEI; SALUBRITATE  GESTIONAREA DESEURILOR  ACTIVITATI DE DECONTAMINARE, Total, Dambovita, Anul 2021, Milioane lei RON, 289
E  DISTRIBUTIA APEI; SALUBRITATE  GESTIONAREA DESEURILOR  ACTIVITATI DE DECONTAMINARE, Total, Dambovita, Anul 2022, Milioane lei RON, 342
E  DISTRIBUTIA APEI; SALUBRITATE  GESTIONAREA DESEURILOR  ACTIVITATI DE DECONTAMINARE, Total, Dambovita, Anul 2023, Milioane lei RON, 327
E  DISTRIBUTIA APEI; SALUBRITATE  GESTIONAREA DESEURILOR  ACTIVITATI DE DECONTAMINARE, Total, Dambovita, Anul 2024, Milioane lei RON, 363
E  DISTRIBUTIA APEI; SALUBRITATE  GESTIONAREA DESEURILOR  ACTIVITATI DE DECONTAMINARE, Total, Giurgiu, Anul 2008, Milioane lei RON, 56
E  DISTRIBUTIA APEI; SALUBRITATE  GESTIONAREA DESEURILOR  ACTIVITATI DE DECONTAMINARE, Total, Giurgiu, Anul 2009, Milioane lei RON, 28
E  DISTRIBUTIA APEI; SALUBRITATE  GESTIONAREA DESEURILOR  ACTIVITATI DE DECONTAMINARE, Total, Giurgiu, Anul 2010, Milioane lei RON, 34
E  DISTRIBUTIA APEI; SALUBRITATE  GESTIONAREA DESEURILOR  ACTIVITATI DE DECONTAMINARE, Total, Giurgiu, Anul 2011, Milioane lei RON, 47
E  DISTRIBUTIA APEI; SALUBRITATE  GESTIONAREA DESEURILOR  ACTIVITATI DE DECONTAMINARE, Total, Giurgiu, Anul 2012, Milioane lei RON, 67
E  DISTRIBUTIA APEI; SALUBRITATE  GESTIONAREA DESEURILOR  ACTIVITATI DE DECONTAMINARE, Total, Giurgiu, Anul 2013, Milioane lei RON, 45
E  DISTRIBUTIA APEI; SALUBRITATE  GESTIONAREA DESEURILOR  ACTIVITATI DE DECONTAMINARE, Total, Giurgiu, Anul 2014, Milioane lei RON, 48
E  DISTRIBUTIA APEI; SALUBRITATE  GESTIONAREA DESEURILOR  ACTIVITATI DE DECONTAMINARE, Total, Giurgiu, Anul 2015, Milioane lei RON, 59
E  DISTRIBUTIA APEI; SALUBRITATE  GESTIONAREA DESEURILOR  ACTIVITATI DE DECONTAMINARE, Total, Giurgiu, Anul 2016, Milioane lei RON, 47
E  DISTRIBUTIA APEI; SALUBRITATE  GESTIONAREA DESEURILOR  ACTIVITATI DE DECONTAMINARE, Total, Giurgiu, Anul 2017, Milioane lei RON, 54
E  DISTRIBUTIA APEI; SALUBRITATE  GESTIONAREA DESEURILOR  ACTIVITATI DE DECONTAMINARE, Total, Giurgiu, Anul 2018, Milioane lei RON, 44
E  DISTRIBUTIA APEI; SALUBRITATE  GESTIONAREA DESEURILOR  ACTIVITATI DE DECONTAMINARE, Total, Giurgiu, Anul 2019, Milioane lei RON, 60
E  DISTRIBUTIA APEI; SALUBRITATE  GESTIONAREA DESEURILOR  ACTIVITATI DE DECONTAMINARE, Total, Giurgiu, Anul 2020, Milioane lei RON, 64
E  DISTRIBUTIA APEI; SALUBRITATE  GESTIONAREA DESEURILOR  ACTIVITATI DE DECONTAMINARE, Total, Giurgiu, Anul 2021, Milioane lei RON, 81
E  DISTRIBUTIA APEI; SALUBRITATE  GESTIONAREA DESEURILOR  ACTIVITATI DE DECONTAMINARE, Total, Giurgiu, Anul 2022, Milioane lei RON, 93
E  DISTRIBUTIA APEI; SALUBRITATE  GESTIONAREA DESEURILOR  ACTIVITATI DE DECONTAMINARE, Total, Giurgiu, Anul 2023, Milioane lei RON, 100
E  DISTRIBUTIA APEI; SALUBRITATE  GESTIONAREA DESEURILOR  ACTIVITATI DE DECONTAMINARE, Total, Giurgiu, Anul 2024, Milioane lei RON, 119
E  DISTRIBUTIA APEI; SALUBRITATE  GESTIONAREA DESEURILOR  ACTIVITATI DE DECONTAMINARE, Total, Ialomita, Anul 2008, Milioane lei RON, 83
E  DISTRIBUTIA APEI; SALUBRITATE  GESTIONAREA DESEURILOR  ACTIVITATI DE DECONTAMINARE, Total, Ialomita, Anul 2009, Milioane lei RON, 96
E  DISTRIBUTIA APEI; SALUBRITATE  GESTIONAREA DESEURILOR  ACTIVITATI DE DECONTAMINARE, Total, Ialomita, Anul 2010, Milioane lei RON, 271
E  DISTRIBUTIA APEI; SALUBRITATE  GESTIONAREA DESEURILOR  ACTIVITATI DE DECONTAMINARE, Total, Ialomita, Anul 2011, Milioane lei RON, 286
E  DISTRIBUTIA APEI; SALUBRITATE  GESTIONAREA DESEURILOR  ACTIVITATI DE DECONTAMINARE, Total, Ialomita, Anul 2012, Milioane lei RON, 148
E  DISTRIBUTIA APEI; SALUBRITATE  GESTIONAREA DESEURILOR  ACTIVITATI DE DECONTAMINARE, Total, Ialomita, Anul 2013, Milioane lei RON, 134
E  DISTRIBUTIA APEI; SALUBRITATE  GESTIONAREA DESEURILOR  ACTIVITATI DE DECONTAMINARE, Total, Ialomita, Anul 2014, Milioane lei RON, 61
E  DISTRIBUTIA APEI; SALUBRITATE  GESTIONAREA DESEURILOR  ACTIVITATI DE DECONTAMINARE, Total, Ialomita, Anul 2015, Milioane lei RON, 55
E  DISTRIBUTIA APEI; SALUBRITATE  GESTIONAREA DESEURILOR  ACTIVITATI DE DECONTAMINARE, Total, Ialomita, Anul 2016, Milioane lei RON, 52
E  DISTRIBUTIA APEI; SALUBRITATE  GESTIONAREA DESEURILOR  ACTIVITATI DE DECONTAMINARE, Total, Ialomita, Anul 2017, Milioane lei RON, 59
E  DISTRIBUTIA APEI; SALUBRITATE  GESTIONAREA DESEURILOR  ACTIVITATI DE DECONTAMINARE, Total, Ialomita, Anul 2018, Milioane lei RON, 89
E  DISTRIBUTIA APEI; SALUBRITATE  GESTIONAREA DESEURILOR  ACTIVITATI DE DECONTAMINARE, Total, Ialomita, Anul 2019, Milioane lei RON, 69
E  DISTRIBUTIA APEI; SALUBRITATE  GESTIONAREA DESEURILOR  ACTIVITATI DE DECONTAMINARE, Total, Ialomita, Anul 2020, Milioane lei RON, 87
E  DISTRIBUTIA APEI; SALUBRITATE  GESTIONAREA DESEURILOR  ACTIVITATI DE DECONTAMINARE, Total, Ialomita, Anul 2021, Milioane lei RON, 136
E  DISTRIBUTIA APEI; SALUBRITATE  GESTIONAREA DESEURILOR  ACTIVITATI DE DECONTAMINARE, Total, Ialomita, Anul 2022, Milioane lei RON, 254
E  DISTRIBUTIA APEI; SALUBRITATE  GESTIONAREA DESEURILOR  ACTIVITATI DE DECONTAMINARE, Total, Ialomita, Anul 2023, Milioane lei RON, 256
E  DISTRIBUTIA APEI; SALUBRITATE  GESTIONAREA DESEURILOR  ACTIVITATI DE DECONTAMINARE, Total, Ialomita, Anul 2024, Milioane lei RON, 304
E  DISTRIBUTIA APEI; SALUBRITATE  GESTIONAREA DESEURILOR  ACTIVITATI DE DECONTAMINARE, Total, Prahova, Anul 2008, Milioane lei RON, 331
E  DISTRIBUTIA APEI; SALUBRITATE  GESTIONAREA DESEURILOR  ACTIVITATI DE DECONTAMINARE, Total, Prahova, Anul 2009, Milioane lei RON, 325
E  DISTRIBUTIA APEI; SALUBRITATE  GESTIONAREA DESEURILOR  ACTIVITATI DE DECONTAMINARE, Total, Prahova, Anul 2010, Milioane lei RON, 443
E  DISTRIBUTIA APEI; SALUBRITATE  GESTIONAREA DESEURILOR  ACTIVITATI DE DECONTAMINARE, Total, Prahova, Anul 2011, Milioane lei RON, 394
E  DISTRIBUTIA APEI; SALUBRITATE  GESTIONAREA DESEURILOR  ACTIVITATI DE DECONTAMINARE, Total, Prahova, Anul 2012, Milioane lei RON, 426
E  DISTRIBUTIA APEI; SALUBRITATE  GESTIONAREA DESEURILOR  ACTIVITATI DE DECONTAMINARE, Total, Prahova, Anul 2013, Milioane lei RON, 502
E  DISTRIBUTIA APEI; SALUBRITATE  GESTIONAREA DESEURILOR  ACTIVITATI DE DECONTAMINARE, Total, Prahova, Anul 2014, Milioane lei RON, 383
E  DISTRIBUTIA APEI; SALUBRITATE  GESTIONAREA DESEURILOR  ACTIVITATI DE DECONTAMINARE, Total, Prahova, Anul 2015, Milioane lei RON, 392
E  DISTRIBUTIA APEI; SALUBRITATE  GESTIONAREA DESEURILOR  ACTIVITATI DE DECONTAMINARE, Total, Prahova, Anul 2016, Milioane lei RON, 416
E  DISTRIBUTIA APEI; SALUBRITATE  GESTIONAREA DESEURILOR  ACTIVITATI DE DECONTAMINARE, Total, Prahova, Anul 2017, Milioane lei RON, 461
E  DISTRIBUTIA APEI; SALUBRITATE  GESTIONAREA DESEURILOR  ACTIVITATI DE DECONTAMINARE, Total, Prahova, Anul 2018, Milioane lei RON, 569
E  DISTRIBUTIA APEI; SALUBRITATE  GESTIONAREA DESEURILOR  ACTIVITATI DE DECONTAMINARE, Total, Prahova, Anul 2019, Milioane lei RON, 601
E  DISTRIBUTIA APEI; SALUBRITATE  GESTIONAREA DESEURILOR  ACTIVITATI DE DECONTAMINARE, Total, Prahova, Anul 2020, Milioane lei RON, 670
E  DISTRIBUTIA APEI; SALUBRITATE  GESTIONAREA DESEURILOR  ACTIVITATI DE DECONTAMINARE, Total, Prahova, Anul 2021, Milioane lei RON, 866
E  DISTRIBUTIA APEI; SALUBRITATE  GESTIONAREA DESEURILOR  ACTIVITATI DE DECONTAMINARE, Total, Prahova, Anul 2022, Milioane lei RON, 1008
E  DISTRIBUTIA APEI; SALUBRITATE  GESTIONAREA DESEURILOR  ACTIVITATI DE DECONTAMINARE, Total, Prahova, Anul 2023, Milioane lei RON, 1015
E  DISTRIBUTIA APEI; SALUBRITATE  GESTIONAREA DESEURILOR  ACTIVITATI DE DECONTAMINARE, Total, Prahova, Anul 2024, Milioane lei RON, 964
E  DISTRIBUTIA APEI; SALUBRITATE  GESTIONAREA DESEURILOR  ACTIVITATI DE DECONTAMINARE, Total, Teleorman, Anul 2008, Milioane lei RON, 38
E  DISTRIBUTIA APEI; SALUBRITATE  GESTIONAREA DESEURILOR  ACTIVITATI DE DECONTAMINARE, Total, Teleorman, Anul 2009, Milioane lei RON, 37
E  DISTRIBUTIA APEI; SALUBRITATE  GESTIONAREA DESEURILOR  ACTIVITATI DE DECONTAMINARE, Total, Teleorman, Anul 2010, Milioane lei RON, 63
E  DISTRIBUTIA APEI; SALUBRITATE  GESTIONAREA DESEURILOR  ACTIVITATI DE DECONTAMINARE, Total, Teleorman, Anul 2011, Milioane lei RON, 63
E  DISTRIBUTIA APEI; SALUBRITATE  GESTIONAREA DESEURILOR  ACTIVITATI DE DECONTAMINARE, Total, Teleorman, Anul 2012, Milioane lei RON, 53
E  DISTRIBUTIA APEI; SALUBRITATE  GESTIONAREA DESEURILOR  ACTIVITATI DE DECONTAMINARE, Total, Teleorman, Anul 2013, Milioane lei RON, 80
E  DISTRIBUTIA APEI; SALUBRITATE  GESTIONAREA DESEURILOR  ACTIVITATI DE DECONTAMINARE, Total, Teleorman, Anul 2014, Milioane lei RON, 133
E  DISTRIBUTIA APEI; SALUBRITATE  GESTIONAREA DESEURILOR  ACTIVITATI DE DECONTAMINARE, Total, Teleorman, Anul 2015, Milioane lei RON, 105
E  DISTRIBUTIA APEI; SALUBRITATE  GESTIONAREA DESEURILOR  ACTIVITATI DE DECONTAMINARE, Total, Teleorman, Anul 2016, Milioane lei RON, 106
E  DISTRIBUTIA APEI; SALUBRITATE  GESTIONAREA DESEURILOR  ACTIVITATI DE DECONTAMINARE, Total, Teleorman, Anul 2017, Milioane lei RON, 119
E  DISTRIBUTIA APEI; SALUBRITATE  GESTIONAREA DESEURILOR  ACTIVITATI DE DECONTAMINARE, Total, Teleorman, Anul 2018, Milioane lei RON, 144
E  DISTRIBUTIA APEI; SALUBRITATE  GESTIONAREA DESEURILOR  ACTIVITATI DE DECONTAMINARE, Total, Teleorman, Anul 2019, Milioane lei RON, 136
E  DISTRIBUTIA APEI; SALUBRITATE  GESTIONAREA DESEURILOR  ACTIVITATI DE DECONTAMINARE, Total, Teleorman, Anul 2020, Milioane lei RON, 118
E  DISTRIBUTIA APEI; SALUBRITATE  GESTIONAREA DESEURILOR  ACTIVITATI DE DECONTAMINARE, Total, Teleorman, Anul 2021, Milioane lei RON, 177
E  DISTRIBUTIA APEI; SALUBRITATE  GESTIONAREA DESEURILOR  ACTIVITATI DE DECONTAMINARE, Total, Teleorman, Anul 2022, Milioane lei RON, 207
E  DISTRIBUTIA APEI; SALUBRITATE  GESTIONAREA DESEURILOR  ACTIVITATI DE DECONTAMINARE, Total, Teleorman, Anul 2023, Milioane lei RON, 182
E  DISTRIBUTIA APEI; SALUBRITATE  GESTIONAREA DESEURILOR  ACTIVITATI DE DECONTAMINARE, Total, Teleorman, Anul 2024, Milioane lei RON, 195
E  DISTRIBUTIA APEI; SALUBRITATE  GESTIONAREA DESEURILOR  ACTIVITATI DE DECONTAMINARE, Total, Ilfov, Anul 2008, Milioane lei RON, 763
E  DISTRIBUTIA APEI; SALUBRITATE  GESTIONAREA DESEURILOR  ACTIVITATI DE DECONTAMINARE, Total, Ilfov, Anul 2009, Milioane lei RON, 586
E  DISTRIBUTIA APEI; SALUBRITATE  GESTIONAREA DESEURILOR  ACTIVITATI DE DECONTAMINARE, Total, Ilfov, Anul 2010, Milioane lei RON, 480
E  DISTRIBUTIA APEI; SALUBRITATE  GESTIONAREA DESEURILOR  ACTIVITATI DE DECONTAMINARE, Total, Ilfov, Anul 2011, Milioane lei RON, 557
E  DISTRIBUTIA APEI; SALUBRITATE  GESTIONAREA DESEURILOR  ACTIVITATI DE DECONTAMINARE, Total, Ilfov, Anul 2012, Milioane lei RON, 374
E  DISTRIBUTIA APEI; SALUBRITATE  GESTIONAREA DESEURILOR  ACTIVITATI DE DECONTAMINARE, Total, Ilfov, Anul 2013, Milioane lei RON, 360
E  DISTRIBUTIA APEI; SALUBRITATE  GESTIONAREA DESEURILOR  ACTIVITATI DE DECONTAMINARE, Total, Ilfov, Anul 2014, Milioane lei RON, 661
E  DISTRIBUTIA APEI; SALUBRITATE  GESTIONAREA DESEURILOR  ACTIVITATI DE DECONTAMINARE, Total, Ilfov, Anul 2015, Milioane lei RON, 723
E  DISTRIBUTIA APEI; SALUBRITATE  GESTIONAREA DESEURILOR  ACTIVITATI DE DECONTAMINARE, Total, Ilfov, Anul 2016, Milioane lei RON, 1447
E  DISTRIBUTIA APEI; SALUBRITATE  GESTIONAREA DESEURILOR  ACTIVITATI DE DECONTAMINARE, Total, Ilfov, Anul 2017, Milioane lei RON, 1655
E  DISTRIBUTIA APEI; SALUBRITATE  GESTIONAREA DESEURILOR  ACTIVITATI DE DECONTAMINARE, Total, Ilfov, Anul 2018, Milioane lei RON, 842
E  DISTRIBUTIA APEI; SALUBRITATE  GESTIONAREA DESEURILOR  ACTIVITATI DE DECONTAMINARE, Total, Ilfov, Anul 2019, Milioane lei RON, 884
E  DISTRIBUTIA APEI; SALUBRITATE  GESTIONAREA DESEURILOR  ACTIVITATI DE DECONTAMINARE, Total, Ilfov, Anul 2020, Milioane lei RON, 909
E  DISTRIBUTIA APEI; SALUBRITATE  GESTIONAREA DESEURILOR  ACTIVITATI DE DECONTAMINARE, Total, Ilfov, Anul 2021, Milioane lei RON, 1404
E  DISTRIBUTIA APEI; SALUBRITATE  GESTIONAREA DESEURILOR  ACTIVITATI DE DECONTAMINARE, Total, Ilfov, Anul 2022, Milioane lei RON, 1670
E  DISTRIBUTIA APEI; SALUBRITATE  GESTIONAREA DESEURILOR  ACTIVITATI DE DECONTAMINARE, Total, Ilfov, Anul 2023, Milioane lei RON, 1399
E  DISTRIBUTIA APEI; SALUBRITATE  GESTIONAREA DESEURILOR  ACTIVITATI DE DECONTAMINARE, Total, Ilfov, Anul 2024, Milioane lei RON, 1575
E  DISTRIBUTIA APEI; SALUBRITATE  GESTIONAREA DESEURILOR  ACTIVITATI DE DECONTAMINARE, Total, Municipiul Bucuresti, Anul 2008, Milioane lei RON, 2270
E  DISTRIBUTIA APEI; SALUBRITATE  GESTIONAREA DESEURILOR  ACTIVITATI DE DECONTAMINARE, Total, Municipiul Bucuresti, Anul 2009, Milioane lei RON, 2121
E  DISTRIBUTIA APEI; SALUBRITATE  GESTIONAREA DESEURILOR  ACTIVITATI DE DECONTAMINARE, Total, Municipiul Bucuresti, Anul 2010, Milioane lei RON, 2513
E  DISTRIBUTIA APEI; SALUBRITATE  GESTIONAREA DESEURILOR  ACTIVITATI DE DECONTAMINARE, Total, Municipiul Bucuresti, Anul 2011, Milioane lei RON, 2731
E  DISTRIBUTIA APEI; SALUBRITATE  GESTIONAREA DESEURILOR  ACTIVITATI DE DECONTAMINARE, Total, Municipiul Bucuresti, Anul 2012, Milioane lei RON, 3266
E  DISTRIBUTIA APEI; SALUBRITATE  GESTIONAREA DESEURILOR  ACTIVITATI DE DECONTAMINARE, Total, Municipiul Bucuresti, Anul 2013, Milioane lei RON, 3126
E  DISTRIBUTIA APEI; SALUBRITATE  GESTIONAREA DESEURILOR  ACTIVITATI DE DECONTAMINARE, Total, Municipiul Bucuresti, Anul 2014, Milioane lei RON, 2759
E  DISTRIBUTIA APEI; SALUBRITATE  GESTIONAREA DESEURILOR  ACTIVITATI DE DECONTAMINARE, Total, Municipiul Bucuresti, Anul 2015, Milioane lei RON, 2459
E  DISTRIBUTIA APEI; SALUBRITATE  GESTIONAREA DESEURILOR  ACTIVITATI DE DECONTAMINARE, Total, Municipiul Bucuresti, Anul 2016, Milioane lei RON, 1727
E  DISTRIBUTIA APEI; SALUBRITATE  GESTIONAREA DESEURILOR  ACTIVITATI DE DECONTAMINARE, Total, Municipiul Bucuresti, Anul 2017, Milioane lei RON, 1716
E  DISTRIBUTIA APEI; SALUBRITATE  GESTIONAREA DESEURILOR  ACTIVITATI DE DECONTAMINARE, Total, Municipiul Bucuresti, Anul 2018, Milioane lei RON, 3193
E  DISTRIBUTIA APEI; SALUBRITATE  GESTIONAREA DESEURILOR  ACTIVITATI DE DECONTAMINARE, Total, Municipiul Bucuresti, Anul 2019, Milioane lei RON, 3465
E  DISTRIBUTIA APEI; SALUBRITATE  GESTIONAREA DESEURILOR  ACTIVITATI DE DECONTAMINARE, Total, Municipiul Bucuresti, Anul 2020, Milioane lei RON, 3745
E  DISTRIBUTIA APEI; SALUBRITATE  GESTIONAREA DESEURILOR  ACTIVITATI DE DECONTAMINARE, Total, Municipiul Bucuresti, Anul 2021, Milioane lei RON, 4545
E  DISTRIBUTIA APEI; SALUBRITATE  GESTIONAREA DESEURILOR  ACTIVITATI DE DECONTAMINARE, Total, Municipiul Bucuresti, Anul 2022, Milioane lei RON, 4734
E  DISTRIBUTIA APEI; SALUBRITATE  GESTIONAREA DESEURILOR  ACTIVITATI DE DECONTAMINARE, Total, Municipiul Bucuresti, Anul 2023, Milioane lei RON, 4966
E  DISTRIBUTIA APEI; SALUBRITATE  GESTIONAREA DESEURILOR  ACTIVITATI DE DECONTAMINARE, Total, Municipiul Bucuresti, Anul 2024, Milioane lei RON, 6464
E  DISTRIBUTIA APEI; SALUBRITATE  GESTIONAREA DESEURILOR  ACTIVITATI DE DECONTAMINARE, Total, Dolj, Anul 2008, Milioane lei RON, 272
E  DISTRIBUTIA APEI; SALUBRITATE  GESTIONAREA DESEURILOR  ACTIVITATI DE DECONTAMINARE, Total, Dolj, Anul 2009, Milioane lei RON, 212
E  DISTRIBUTIA APEI; SALUBRITATE  GESTIONAREA DESEURILOR  ACTIVITATI DE DECONTAMINARE, Total, Dolj, Anul 2010, Milioane lei RON, 314
E  DISTRIBUTIA APEI; SALUBRITATE  GESTIONAREA DESEURILOR  ACTIVITATI DE DECONTAMINARE, Total, Dolj, Anul 2011, Milioane lei RON, 448
E  DISTRIBUTIA APEI; SALUBRITATE  GESTIONAREA DESEURILOR  ACTIVITATI DE DECONTAMINARE, Total, Dolj, Anul 2012, Milioane lei RON, 481
E  DISTRIBUTIA APEI; SALUBRITATE  GESTIONAREA DESEURILOR  ACTIVITATI DE DECONTAMINARE, Total, Dolj, Anul 2013, Milioane lei RON, 412
E  DISTRIBUTIA APEI; SALUBRITATE  GESTIONAREA DESEURILOR  ACTIVITATI DE DECONTAMINARE, Total, Dolj, Anul 2014, Milioane lei RON, 391
E  DISTRIBUTIA APEI; SALUBRITATE  GESTIONAREA DESEURILOR  ACTIVITATI DE DECONTAMINARE, Total, Dolj, Anul 2015, Milioane lei RON, 333
E  DISTRIBUTIA APEI; SALUBRITATE  GESTIONAREA DESEURILOR  ACTIVITATI DE DECONTAMINARE, Total, Dolj, Anul 2016, Milioane lei RON, 240
E  DISTRIBUTIA APEI; SALUBRITATE  GESTIONAREA DESEURILOR  ACTIVITATI DE DECONTAMINARE, Total, Dolj, Anul 2017, Milioane lei RON, 290
E  DISTRIBUTIA APEI; SALUBRITATE  GESTIONAREA DESEURILOR  ACTIVITATI DE DECONTAMINARE, Total, Dolj, Anul 2018, Milioane lei RON, 355
E  DISTRIBUTIA APEI; SALUBRITATE  GESTIONAREA DESEURILOR  ACTIVITATI DE DECONTAMINARE, Total, Dolj, Anul 2019, Milioane lei RON, 379
E  DISTRIBUTIA APEI; SALUBRITATE  GESTIONAREA DESEURILOR  ACTIVITATI DE DECONTAMINARE, Total, Dolj, Anul 2020, Milioane lei RON, 377
E  DISTRIBUTIA APEI; SALUBRITATE  GESTIONAREA DESEURILOR  ACTIVITATI DE DECONTAMINARE, Total, Dolj, Anul 2021, Milioane lei RON, 498
E  DISTRIBUTIA APEI; SALUBRITATE  GESTIONAREA DESEURILOR  ACTIVITATI DE DECONTAMINARE, Total, Dolj, Anul 2022, Milioane lei RON, 512
E  DISTRIBUTIA APEI; SALUBRITATE  GESTIONAREA DESEURILOR  ACTIVITATI DE DECONTAMINARE, Total, Dolj, Anul 2023, Milioane lei RON, 499
E  DISTRIBUTIA APEI; SALUBRITATE  GESTIONAREA DESEURILOR  ACTIVITATI DE DECONTAMINARE, Total, Dolj, Anul 2024, Milioane lei RON, 572
E  DISTRIBUTIA APEI; SALUBRITATE  GESTIONAREA DESEURILOR  ACTIVITATI DE DECONTAMINARE, Total, Gorj, Anul 2008, Milioane lei RON, 212
E  DISTRIBUTIA APEI; SALUBRITATE  GESTIONAREA DESEURILOR  ACTIVITATI DE DECONTAMINARE, Total, Gorj, Anul 2009, Milioane lei RON, 103
E  DISTRIBUTIA APEI; SALUBRITATE  GESTIONAREA DESEURILOR  ACTIVITATI DE DECONTAMINARE, Total, Gorj, Anul 2010, Milioane lei RON, 180
E  DISTRIBUTIA APEI; SALUBRITATE  GESTIONAREA DESEURILOR  ACTIVITATI DE DECONTAMINARE, Total, Gorj, Anul 2011, Milioane lei RON, 224
E  DISTRIBUTIA APEI; SALUBRITATE  GESTIONAREA DESEURILOR  ACTIVITATI DE DECONTAMINARE, Total, Gorj, Anul 2012, Milioane lei RON, 193
E  DISTRIBUTIA APEI; SALUBRITATE  GESTIONAREA DESEURILOR  ACTIVITATI DE DECONTAMINARE, Total, Gorj, Anul 2013, Milioane lei RON, 181
E  DISTRIBUTIA APEI; SALUBRITATE  GESTIONAREA DESEURILOR  ACTIVITATI DE DECONTAMINARE, Total, Gorj, Anul 2014, Milioane lei RON, 184
E  DISTRIBUTIA APEI; SALUBRITATE  GESTIONAREA DESEURILOR  ACTIVITATI DE DECONTAMINARE, Total, Gorj, Anul 2015, Milioane lei RON, 142
E  DISTRIBUTIA APEI; SALUBRITATE  GESTIONAREA DESEURILOR  ACTIVITATI DE DECONTAMINARE, Total, Gorj, Anul 2016, Milioane lei RON, 139
E  DISTRIBUTIA APEI; SALUBRITATE  GESTIONAREA DESEURILOR  ACTIVITATI DE DECONTAMINARE, Total, Gorj, Anul 2017, Milioane lei RON, 154
E  DISTRIBUTIA APEI; SALUBRITATE  GESTIONAREA DESEURILOR  ACTIVITATI DE DECONTAMINARE, Total, Gorj, Anul 2018, Milioane lei RON, 175
E  DISTRIBUTIA APEI; SALUBRITATE  GESTIONAREA DESEURILOR  ACTIVITATI DE DECONTAMINARE, Total, Gorj, Anul 2019, Milioane lei RON, 185
E  DISTRIBUTIA APEI; SALUBRITATE  GESTIONAREA DESEURILOR  ACTIVITATI DE DECONTAMINARE, Total, Gorj, Anul 2020, Milioane lei RON, 168
E  DISTRIBUTIA APEI; SALUBRITATE  GESTIONAREA DESEURILOR  ACTIVITATI DE DECONTAMINARE, Total, Gorj, Anul 2021, Milioane lei RON, 222
E  DISTRIBUTIA APEI; SALUBRITATE  GESTIONAREA DESEURILOR  ACTIVITATI DE DECONTAMINARE, Total, Gorj, Anul 2022, Milioane lei RON, 243
E  DISTRIBUTIA APEI; SALUBRITATE  GESTIONAREA DESEURILOR  ACTIVITATI DE DECONTAMINARE, Total, Gorj, Anul 2023, Milioane lei RON, 294
E  DISTRIBUTIA APEI; SALUBRITATE  GESTIONAREA DESEURILOR  ACTIVITATI DE DECONTAMINARE, Total, Gorj, Anul 2024, Milioane lei RON, 290
E  DISTRIBUTIA APEI; SALUBRITATE  GESTIONAREA DESEURILOR  ACTIVITATI DE DECONTAMINARE, Total, Mehedinti, Anul 2008, Milioane lei RON, 375
E  DISTRIBUTIA APEI; SALUBRITATE  GESTIONAREA DESEURILOR  ACTIVITATI DE DECONTAMINARE, Total, Mehedinti, Anul 2009, Milioane lei RON, 215
E  DISTRIBUTIA APEI; SALUBRITATE  GESTIONAREA DESEURILOR  ACTIVITATI DE DECONTAMINARE, Total, Mehedinti, Anul 2010, Milioane lei RON, 404
E  DISTRIBUTIA APEI; SALUBRITATE  GESTIONAREA DESEURILOR  ACTIVITATI DE DECONTAMINARE, Total, Mehedinti, Anul 2011, Milioane lei RON, 451
E  DISTRIBUTIA APEI; SALUBRITATE  GESTIONAREA DESEURILOR  ACTIVITATI DE DECONTAMINARE, Total, Mehedinti, Anul 2012, Milioane lei RON, 397
E  DISTRIBUTIA APEI; SALUBRITATE  GESTIONAREA DESEURILOR  ACTIVITATI DE DECONTAMINARE, Total, Mehedinti, Anul 2013, Milioane lei RON, 191
E  DISTRIBUTIA APEI; SALUBRITATE  GESTIONAREA DESEURILOR  ACTIVITATI DE DECONTAMINARE, Total, Mehedinti, Anul 2014, Milioane lei RON, 125
E  DISTRIBUTIA APEI; SALUBRITATE  GESTIONAREA DESEURILOR  ACTIVITATI DE DECONTAMINARE, Total, Mehedinti, Anul 2015, Milioane lei RON, 77
E  DISTRIBUTIA APEI; SALUBRITATE  GESTIONAREA DESEURILOR  ACTIVITATI DE DECONTAMINARE, Total, Mehedinti, Anul 2016, Milioane lei RON, 79
E  DISTRIBUTIA APEI; SALUBRITATE  GESTIONAREA DESEURILOR  ACTIVITATI DE DECONTAMINARE, Total, Mehedinti, Anul 2017, Milioane lei RON, 87
E  DISTRIBUTIA APEI; SALUBRITATE  GESTIONAREA DESEURILOR  ACTIVITATI DE DECONTAMINARE, Total, Mehedinti, Anul 2018, Milioane lei RON, 77
E  DISTRIBUTIA APEI; SALUBRITATE  GESTIONAREA DESEURILOR  ACTIVITATI DE DECONTAMINARE, Total, Mehedinti, Anul 2019, Milioane lei RON, 106
E  DISTRIBUTIA APEI; SALUBRITATE  GESTIONAREA DESEURILOR  ACTIVITATI DE DECONTAMINARE, Total, Mehedinti, Anul 2020, Milioane lei RON, 146
E  DISTRIBUTIA APEI; SALUBRITATE  GESTIONAREA DESEURILOR  ACTIVITATI DE DECONTAMINARE, Total, Mehedinti, Anul 2021, Milioane lei RON, 164
E  DISTRIBUTIA APEI; SALUBRITATE  GESTIONAREA DESEURILOR  ACTIVITATI DE DECONTAMINARE, Total, Mehedinti, Anul 2022, Milioane lei RON, 210
E  DISTRIBUTIA APEI; SALUBRITATE  GESTIONAREA DESEURILOR  ACTIVITATI DE DECONTAMINARE, Total, Mehedinti, Anul 2023, Milioane lei RON, 213
E  DISTRIBUTIA APEI; SALUBRITATE  GESTIONAREA DESEURILOR  ACTIVITATI DE DECONTAMINARE, Total, Mehedinti, Anul 2024, Milioane lei RON, 169
E  DISTRIBUTIA APEI; SALUBRITATE  GESTIONAREA DESEURILOR  ACTIVITATI DE DECONTAMINARE, Total, Olt, Anul 2008, Milioane lei RON, 108
E  DISTRIBUTIA APEI; SALUBRITATE  GESTIONAREA DESEURILOR  ACTIVITATI DE DECONTAMINARE, Total, Olt, Anul 2009, Milioane lei RON, 77
E  DISTRIBUTIA APEI; SALUBRITATE  GESTIONAREA DESEURILOR  ACTIVITATI DE DECONTAMINARE, Total, Olt, Anul 2010, Milioane lei RON, 120
E  DISTRIBUTIA APEI; SALUBRITATE  GESTIONAREA DESEURILOR  ACTIVITATI DE DECONTAMINARE, Total, Olt, Anul 2011, Milioane lei RON, 156
E  DISTRIBUTIA APEI; SALUBRITATE  GESTIONAREA DESEURILOR  ACTIVITATI DE DECONTAMINARE, Total, Olt, Anul 2012, Milioane lei RON, 170
E  DISTRIBUTIA APEI; SALUBRITATE  GESTIONAREA DESEURILOR  ACTIVITATI DE DECONTAMINARE, Total, Olt, Anul 2013, Milioane lei RON, 126
E  DISTRIBUTIA APEI; SALUBRITATE  GESTIONAREA DESEURILOR  ACTIVITATI DE DECONTAMINARE, Total, Olt, Anul 2014, Milioane lei RON, 90
E  DISTRIBUTIA APEI; SALUBRITATE  GESTIONAREA DESEURILOR  ACTIVITATI DE DECONTAMINARE, Total, Olt, Anul 2015, Milioane lei RON, 93
E  DISTRIBUTIA APEI; SALUBRITATE  GESTIONAREA DESEURILOR  ACTIVITATI DE DECONTAMINARE, Total, Olt, Anul 2016, Milioane lei RON, 92
E  DISTRIBUTIA APEI; SALUBRITATE  GESTIONAREA DESEURILOR  ACTIVITATI DE DECONTAMINARE, Total, Olt, Anul 2017, Milioane lei RON, 92
E  DISTRIBUTIA APEI; SALUBRITATE  GESTIONAREA DESEURILOR  ACTIVITATI DE DECONTAMINARE, Total, Olt, Anul 2018, Milioane lei RON, 107
E  DISTRIBUTIA APEI; SALUBRITATE  GESTIONAREA DESEURILOR  ACTIVITATI DE DECONTAMINARE, Total, Olt, Anul 2019, Milioane lei RON, 118
E  DISTRIBUTIA APEI; SALUBRITATE  GESTIONAREA DESEURILOR  ACTIVITATI DE DECONTAMINARE, Total, Olt, Anul 2020, Milioane lei RON, 119
E  DISTRIBUTIA APEI; SALUBRITATE  GESTIONAREA DESEURILOR  ACTIVITATI DE DECONTAMINARE, Total, Olt, Anul 2021, Milioane lei RON, 159
E  DISTRIBUTIA APEI; SALUBRITATE  GESTIONAREA DESEURILOR  ACTIVITATI DE DECONTAMINARE, Total, Olt, Anul 2022, Milioane lei RON, 209
E  DISTRIBUTIA APEI; SALUBRITATE  GESTIONAREA DESEURILOR  ACTIVITATI DE DECONTAMINARE, Total, Olt, Anul 2023, Milioane lei RON, 228
E  DISTRIBUTIA APEI; SALUBRITATE  GESTIONAREA DESEURILOR  ACTIVITATI DE DECONTAMINARE, Total, Olt, Anul 2024, Milioane lei RON, 235
E  DISTRIBUTIA APEI; SALUBRITATE  GESTIONAREA DESEURILOR  ACTIVITATI DE DECONTAMINARE, Total, Valcea, Anul 2008, Milioane lei RON, 193
E  DISTRIBUTIA APEI; SALUBRITATE  GESTIONAREA DESEURILOR  ACTIVITATI DE DECONTAMINARE, Total, Valcea, Anul 2009, Milioane lei RON, 146
E  DISTRIBUTIA APEI; SALUBRITATE  GESTIONAREA DESEURILOR  ACTIVITATI DE DECONTAMINARE, Total, Valcea, Anul 2010, Milioane lei RON, 228
E  DISTRIBUTIA APEI; SALUBRITATE  GESTIONAREA DESEURILOR  ACTIVITATI DE DECONTAMINARE, Total, Valcea, Anul 2011, Milioane lei RON, 239
E  DISTRIBUTIA APEI; SALUBRITATE  GESTIONAREA DESEURILOR  ACTIVITATI DE DECONTAMINARE, Total, Valcea, Anul 2012, Milioane lei RON, 224
E  DISTRIBUTIA APEI; SALUBRITATE  GESTIONAREA DESEURILOR  ACTIVITATI DE DECONTAMINARE, Total, Valcea, Anul 2013, Milioane lei RON, 149
E  DISTRIBUTIA APEI; SALUBRITATE  GESTIONAREA DESEURILOR  ACTIVITATI DE DECONTAMINARE, Total, Valcea, Anul 2014, Milioane lei RON, 133
E  DISTRIBUTIA APEI; SALUBRITATE  GESTIONAREA DESEURILOR  ACTIVITATI DE DECONTAMINARE, Total, Valcea, Anul 2015, Milioane lei RON, 114
E  DISTRIBUTIA APEI; SALUBRITATE  GESTIONAREA DESEURILOR  ACTIVITATI DE DECONTAMINARE, Total, Valcea, Anul 2016, Milioane lei RON, 114
E  DISTRIBUTIA APEI; SALUBRITATE  GESTIONAREA DESEURILOR  ACTIVITATI DE DECONTAMINARE, Total, Valcea, Anul 2017, Milioane lei RON, 136
E  DISTRIBUTIA APEI; SALUBRITATE  GESTIONAREA DESEURILOR  ACTIVITATI DE DECONTAMINARE, Total, Valcea, Anul 2018, Milioane lei RON, 161
E  DISTRIBUTIA APEI; SALUBRITATE  GESTIONAREA DESEURILOR  ACTIVITATI DE DECONTAMINARE, Total, Valcea, Anul 2019, Milioane lei RON, 139
E  DISTRIBUTIA APEI; SALUBRITATE  GESTIONAREA DESEURILOR  ACTIVITATI DE DECONTAMINARE, Total, Valcea, Anul 2020, Milioane lei RON, 146
E  DISTRIBUTIA APEI; SALUBRITATE  GESTIONAREA DESEURILOR  ACTIVITATI DE DECONTAMINARE, Total, Valcea, Anul 2021, Milioane lei RON, 191
E  DISTRIBUTIA APEI; SALUBRITATE  GESTIONAREA DESEURILOR  ACTIVITATI DE DECONTAMINARE, Total, Valcea, Anul 2022, Milioane lei RON, 202
E  DISTRIBUTIA APEI; SALUBRITATE  GESTIONAREA DESEURILOR  ACTIVITATI DE DECONTAMINARE, Total, Valcea, Anul 2023, Milioane lei RON, 210
E  DISTRIBUTIA APEI; SALUBRITATE  GESTIONAREA DESEURILOR  ACTIVITATI DE DECONTAMINARE, Total, Valcea, Anul 2024, Milioane lei RON, 216
E  DISTRIBUTIA APEI; SALUBRITATE  GESTIONAREA DESEURILOR  ACTIVITATI DE DECONTAMINARE, Total, Arad, Anul 2008, Milioane lei RON, 219
E  DISTRIBUTIA APEI; SALUBRITATE  GESTIONAREA DESEURILOR  ACTIVITATI DE DECONTAMINARE, Total, Arad, Anul 2009, Milioane lei RON, 220
E  DISTRIBUTIA APEI; SALUBRITATE  GESTIONAREA DESEURILOR  ACTIVITATI DE DECONTAMINARE, Total, Arad, Anul 2010, Milioane lei RON, 616
E  DISTRIBUTIA APEI; SALUBRITATE  GESTIONAREA DESEURILOR  ACTIVITATI DE DECONTAMINARE, Total, Arad, Anul 2011, Milioane lei RON, 879
E  DISTRIBUTIA APEI; SALUBRITATE  GESTIONAREA DESEURILOR  ACTIVITATI DE DECONTAMINARE, Total, Arad, Anul 2012, Milioane lei RON, 932
E  DISTRIBUTIA APEI; SALUBRITATE  GESTIONAREA DESEURILOR  ACTIVITATI DE DECONTAMINARE, Total, Arad, Anul 2013, Milioane lei RON, 965
E  DISTRIBUTIA APEI; SALUBRITATE  GESTIONAREA DESEURILOR  ACTIVITATI DE DECONTAMINARE, Total, Arad, Anul 2014, Milioane lei RON, 739
E  DISTRIBUTIA APEI; SALUBRITATE  GESTIONAREA DESEURILOR  ACTIVITATI DE DECONTAMINARE, Total, Arad, Anul 2015, Milioane lei RON, 866
E  DISTRIBUTIA APEI; SALUBRITATE  GESTIONAREA DESEURILOR  ACTIVITATI DE DECONTAMINARE, Total, Arad, Anul 2016, Milioane lei RON, 742
E  DISTRIBUTIA APEI; SALUBRITATE  GESTIONAREA DESEURILOR  ACTIVITATI DE DECONTAMINARE, Total, Arad, Anul 2017, Milioane lei RON, 819
E  DISTRIBUTIA APEI; SALUBRITATE  GESTIONAREA DESEURILOR  ACTIVITATI DE DECONTAMINARE, Total, Arad, Anul 2018, Milioane lei RON, 415
E  DISTRIBUTIA APEI; SALUBRITATE  GESTIONAREA DESEURILOR  ACTIVITATI DE DECONTAMINARE, Total, Arad, Anul 2019, Milioane lei RON, 920
E  DISTRIBUTIA APEI; SALUBRITATE  GESTIONAREA DESEURILOR  ACTIVITATI DE DECONTAMINARE, Total, Arad, Anul 2020, Milioane lei RON, 884
E  DISTRIBUTIA APEI; SALUBRITATE  GESTIONAREA DESEURILOR  ACTIVITATI DE DECONTAMINARE, Total, Arad, Anul 2021, Milioane lei RON, 1118
E  DISTRIBUTIA APEI; SALUBRITATE  GESTIONAREA DESEURILOR  ACTIVITATI DE DECONTAMINARE, Total, Arad, Anul 2022, Milioane lei RON, 1583
E  DISTRIBUTIA APEI; SALUBRITATE  GESTIONAREA DESEURILOR  ACTIVITATI DE DECONTAMINARE, Total, Arad, Anul 2023, Milioane lei RON, 1760
E  DISTRIBUTIA APEI; SALUBRITATE  GESTIONAREA DESEURILOR  ACTIVITATI DE DECONTAMINARE, Total, Arad, Anul 2024, Milioane lei RON, 642
E  DISTRIBUTIA APEI; SALUBRITATE  GESTIONAREA DESEURILOR  ACTIVITATI DE DECONTAMINARE, Total, Caras-Severin, Anul 2008, Milioane lei RON, 104
E  DISTRIBUTIA APEI; SALUBRITATE  GESTIONAREA DESEURILOR  ACTIVITATI DE DECONTAMINARE, Total, Caras-Severin, Anul 2009, Milioane lei RON, 64
E  DISTRIBUTIA APEI; SALUBRITATE  GESTIONAREA DESEURILOR  ACTIVITATI DE DECONTAMINARE, Total, Caras-Severin, Anul 2010, Milioane lei RON, 99
E  DISTRIBUTIA APEI; SALUBRITATE  GESTIONAREA DESEURILOR  ACTIVITATI DE DECONTAMINARE, Total, Caras-Severin, Anul 2011, Milioane lei RON, 135
E  DISTRIBUTIA APEI; SALUBRITATE  GESTIONAREA DESEURILOR  ACTIVITATI DE DECONTAMINARE, Total, Caras-Severin, Anul 2012, Milioane lei RON, 205
E  DISTRIBUTIA APEI; SALUBRITATE  GESTIONAREA DESEURILOR  ACTIVITATI DE DECONTAMINARE, Total, Caras-Severin, Anul 2013, Milioane lei RON, 132
E  DISTRIBUTIA APEI; SALUBRITATE  GESTIONAREA DESEURILOR  ACTIVITATI DE DECONTAMINARE, Total, Caras-Severin, Anul 2014, Milioane lei RON, 132
E  DISTRIBUTIA APEI; SALUBRITATE  GESTIONAREA DESEURILOR  ACTIVITATI DE DECONTAMINARE, Total, Caras-Severin, Anul 2015, Milioane lei RON, 110
E  DISTRIBUTIA APEI; SALUBRITATE  GESTIONAREA DESEURILOR  ACTIVITATI DE DECONTAMINARE, Total, Caras-Severin, Anul 2016, Milioane lei RON, 96
E  DISTRIBUTIA APEI; SALUBRITATE  GESTIONAREA DESEURILOR  ACTIVITATI DE DECONTAMINARE, Total, Caras-Severin, Anul 2017, Milioane lei RON, 118
E  DISTRIBUTIA APEI; SALUBRITATE  GESTIONAREA DESEURILOR  ACTIVITATI DE DECONTAMINARE, Total, Caras-Severin, Anul 2018, Milioane lei RON, 124
E  DISTRIBUTIA APEI; SALUBRITATE  GESTIONAREA DESEURILOR  ACTIVITATI DE DECONTAMINARE, Total, Caras-Severin, Anul 2019, Milioane lei RON, 99
E  DISTRIBUTIA APEI; SALUBRITATE  GESTIONAREA DESEURILOR  ACTIVITATI DE DECONTAMINARE, Total, Caras-Severin, Anul 2020, Milioane lei RON, 99
E  DISTRIBUTIA APEI; SALUBRITATE  GESTIONAREA DESEURILOR  ACTIVITATI DE DECONTAMINARE, Total, Caras-Severin, Anul 2021, Milioane lei RON, 121
E  DISTRIBUTIA APEI; SALUBRITATE  GESTIONAREA DESEURILOR  ACTIVITATI DE DECONTAMINARE, Total, Caras-Severin, Anul 2022, Milioane lei RON, 134
E  DISTRIBUTIA APEI; SALUBRITATE  GESTIONAREA DESEURILOR  ACTIVITATI DE DECONTAMINARE, Total, Caras-Severin, Anul 2023, Milioane lei RON, 152
E  DISTRIBUTIA APEI; SALUBRITATE  GESTIONAREA DESEURILOR  ACTIVITATI DE DECONTAMINARE, Total, Caras-Severin, Anul 2024, Milioane lei RON, 196
E  DISTRIBUTIA APEI; SALUBRITATE  GESTIONAREA DESEURILOR  ACTIVITATI DE DECONTAMINARE, Total, Hunedoara, Anul 2008, Milioane lei RON, 403
E  DISTRIBUTIA APEI; SALUBRITATE  GESTIONAREA DESEURILOR  ACTIVITATI DE DECONTAMINARE, Total, Hunedoara, Anul 2009, Milioane lei RON, 256
E  DISTRIBUTIA APEI; SALUBRITATE  GESTIONAREA DESEURILOR  ACTIVITATI DE DECONTAMINARE, Total, Hunedoara, Anul 2010, Milioane lei RON, 390
E  DISTRIBUTIA APEI; SALUBRITATE  GESTIONAREA DESEURILOR  ACTIVITATI DE DECONTAMINARE, Total, Hunedoara, Anul 2011, Milioane lei RON, 428
E  DISTRIBUTIA APEI; SALUBRITATE  GESTIONAREA DESEURILOR  ACTIVITATI DE DECONTAMINARE, Total, Hunedoara, Anul 2012, Milioane lei RON, 371
E  DISTRIBUTIA APEI; SALUBRITATE  GESTIONAREA DESEURILOR  ACTIVITATI DE DECONTAMINARE, Total, Hunedoara, Anul 2013, Milioane lei RON, 316
E  DISTRIBUTIA APEI; SALUBRITATE  GESTIONAREA DESEURILOR  ACTIVITATI DE DECONTAMINARE, Total, Hunedoara, Anul 2014, Milioane lei RON, 297
E  DISTRIBUTIA APEI; SALUBRITATE  GESTIONAREA DESEURILOR  ACTIVITATI DE DECONTAMINARE, Total, Hunedoara, Anul 2015, Milioane lei RON, 270
E  DISTRIBUTIA APEI; SALUBRITATE  GESTIONAREA DESEURILOR  ACTIVITATI DE DECONTAMINARE, Total, Hunedoara, Anul 2016, Milioane lei RON, 248
E  DISTRIBUTIA APEI; SALUBRITATE  GESTIONAREA DESEURILOR  ACTIVITATI DE DECONTAMINARE, Total, Hunedoara, Anul 2017, Milioane lei RON, 290
E  DISTRIBUTIA APEI; SALUBRITATE  GESTIONAREA DESEURILOR  ACTIVITATI DE DECONTAMINARE, Total, Hunedoara, Anul 2018, Milioane lei RON, 315
E  DISTRIBUTIA APEI; SALUBRITATE  GESTIONAREA DESEURILOR  ACTIVITATI DE DECONTAMINARE, Total, Hunedoara, Anul 2019, Milioane lei RON, 283
E  DISTRIBUTIA APEI; SALUBRITATE  GESTIONAREA DESEURILOR  ACTIVITATI DE DECONTAMINARE, Total, Hunedoara, Anul 2020, Milioane lei RON, 297
E  DISTRIBUTIA APEI; SALUBRITATE  GESTIONAREA DESEURILOR  ACTIVITATI DE DECONTAMINARE, Total, Hunedoara, Anul 2021, Milioane lei RON, 429
E  DISTRIBUTIA APEI; SALUBRITATE  GESTIONAREA DESEURILOR  ACTIVITATI DE DECONTAMINARE, Total, Hunedoara, Anul 2022, Milioane lei RON, 438
E  DISTRIBUTIA APEI; SALUBRITATE  GESTIONAREA DESEURILOR  ACTIVITATI DE DECONTAMINARE, Total, Hunedoara, Anul 2023, Milioane lei RON, 395
E  DISTRIBUTIA APEI; SALUBRITATE  GESTIONAREA DESEURILOR  ACTIVITATI DE DECONTAMINARE, Total, Hunedoara, Anul 2024, Milioane lei RON, 452
E  DISTRIBUTIA APEI; SALUBRITATE  GESTIONAREA DESEURILOR  ACTIVITATI DE DECONTAMINARE, Total, Timis, Anul 2008, Milioane lei RON, 253
E  DISTRIBUTIA APEI; SALUBRITATE  GESTIONAREA DESEURILOR  ACTIVITATI DE DECONTAMINARE, Total, Timis, Anul 2009, Milioane lei RON, 226
E  DISTRIBUTIA APEI; SALUBRITATE  GESTIONAREA DESEURILOR  ACTIVITATI DE DECONTAMINARE, Total, Timis, Anul 2010, Milioane lei RON, 335
E  DISTRIBUTIA APEI; SALUBRITATE  GESTIONAREA DESEURILOR  ACTIVITATI DE DECONTAMINARE, Total, Timis, Anul 2011, Milioane lei RON, 416
E  DISTRIBUTIA APEI; SALUBRITATE  GESTIONAREA DESEURILOR  ACTIVITATI DE DECONTAMINARE, Total, Timis, Anul 2012, Milioane lei RON, 441
E  DISTRIBUTIA APEI; SALUBRITATE  GESTIONAREA DESEURILOR  ACTIVITATI DE DECONTAMINARE, Total, Timis, Anul 2013, Milioane lei RON, 363
E  DISTRIBUTIA APEI; SALUBRITATE  GESTIONAREA DESEURILOR  ACTIVITATI DE DECONTAMINARE, Total, Timis, Anul 2014, Milioane lei RON, 395
E  DISTRIBUTIA APEI; SALUBRITATE  GESTIONAREA DESEURILOR  ACTIVITATI DE DECONTAMINARE, Total, Timis, Anul 2015, Milioane lei RON, 345
E  DISTRIBUTIA APEI; SALUBRITATE  GESTIONAREA DESEURILOR  ACTIVITATI DE DECONTAMINARE, Total, Timis, Anul 2016, Milioane lei RON, 359
E  DISTRIBUTIA APEI; SALUBRITATE  GESTIONAREA DESEURILOR  ACTIVITATI DE DECONTAMINARE, Total, Timis, Anul 2017, Milioane lei RON, 440
E  DISTRIBUTIA APEI; SALUBRITATE  GESTIONAREA DESEURILOR  ACTIVITATI DE DECONTAMINARE, Total, Timis, Anul 2018, Milioane lei RON, 490
E  DISTRIBUTIA APEI; SALUBRITATE  GESTIONAREA DESEURILOR  ACTIVITATI DE DECONTAMINARE, Total, Timis, Anul 2019, Milioane lei RON, 515
E  DISTRIBUTIA APEI; SALUBRITATE  GESTIONAREA DESEURILOR  ACTIVITATI DE DECONTAMINARE, Total, Timis, Anul 2020, Milioane lei RON, 514
E  DISTRIBUTIA APEI; SALUBRITATE  GESTIONAREA DESEURILOR  ACTIVITATI DE DECONTAMINARE, Total, Timis, Anul 2021, Milioane lei RON, 708
E  DISTRIBUTIA APEI; SALUBRITATE  GESTIONAREA DESEURILOR  ACTIVITATI DE DECONTAMINARE, Total, Timis, Anul 2022, Milioane lei RON, 867
E  DISTRIBUTIA APEI; SALUBRITATE  GESTIONAREA DESEURILOR  ACTIVITATI DE DECONTAMINARE, Total, Timis, Anul 2023, Milioane lei RON, 924
E  DISTRIBUTIA APEI; SALUBRITATE  GESTIONAREA DESEURILOR  ACTIVITATI DE DECONTAMINARE, Total, Timis, Anul 2024, Milioane lei RON, 971
F  CONSTRUCTII, Total, Bihor, Anul 2008, Milioane lei RON, 2094
F  CONSTRUCTII, Total, Bihor, Anul 2009, Milioane lei RON, 1911
F  CONSTRUCTII, Total, Bihor, Anul 2010, Milioane lei RON, 1890
F  CONSTRUCTII, Total, Bihor, Anul 2011, Milioane lei RON, 2065
F  CONSTRUCTII, Total, Bihor, Anul 2012, Milioane lei RON, 1981
F  CONSTRUCTII, Total, Bihor, Anul 2013, Milioane lei RON, 1524
F  CONSTRUCTII, Total, Bihor, Anul 2014, Milioane lei RON, 1798
F  CONSTRUCTII, Total, Bihor, Anul 2015, Milioane lei RON, 2055
F  CONSTRUCTII, Total, Bihor, Anul 2016, Milioane lei RON, 1916
F  CONSTRUCTII, Total, Bihor, Anul 2017, Milioane lei RON, 1951
F  CONSTRUCTII, Total, Bihor, Anul 2018, Milioane lei RON, 2122
F  CONSTRUCTII, Total, Bihor, Anul 2019, Milioane lei RON, 2973
F  CONSTRUCTII, Total, Bihor, Anul 2020, Milioane lei RON, 3562
F  CONSTRUCTII, Total, Bihor, Anul 2021, Milioane lei RON, 3841
F  CONSTRUCTII, Total, Bihor, Anul 2022, Milioane lei RON, 4691
F  CONSTRUCTII, Total, Bihor, Anul 2023, Milioane lei RON, 6087
F  CONSTRUCTII, Total, Bihor, Anul 2024, Milioane lei RON, 6532
F  CONSTRUCTII, Total, Bistrita-Nasaud, Anul 2008, Milioane lei RON, 691
F  CONSTRUCTII, Total, Bistrita-Nasaud, Anul 2009, Milioane lei RON, 532
F  CONSTRUCTII, Total, Bistrita-Nasaud, Anul 2010, Milioane lei RON, 448
F  CONSTRUCTII, Total, Bistrita-Nasaud, Anul 2011, Milioane lei RON, 444
F  CONSTRUCTII, Total, Bistrita-Nasaud, Anul 2012, Milioane lei RON, 593
F  CONSTRUCTII, Total, Bistrita-Nasaud, Anul 2013, Milioane lei RON, 581
F  CONSTRUCTII, Total, Bistrita-Nasaud, Anul 2014, Milioane lei RON, 759
F  CONSTRUCTII, Total, Bistrita-Nasaud, Anul 2015, Milioane lei RON, 949
F  CONSTRUCTII, Total, Bistrita-Nasaud, Anul 2016, Milioane lei RON, 784
F  CONSTRUCTII, Total, Bistrita-Nasaud, Anul 2017, Milioane lei RON, 889
F  CONSTRUCTII, Total, Bistrita-Nasaud, Anul 2018, Milioane lei RON, 1108
F  CONSTRUCTII, Total, Bistrita-Nasaud, Anul 2019, Milioane lei RON, 1639
F  CONSTRUCTII, Total, Bistrita-Nasaud, Anul 2020, Milioane lei RON, 1934
F  CONSTRUCTII, Total, Bistrita-Nasaud, Anul 2021, Milioane lei RON, 2124
F  CONSTRUCTII, Total, Bistrita-Nasaud, Anul 2022, Milioane lei RON, 2701
F  CONSTRUCTII, Total, Bistrita-Nasaud, Anul 2023, Milioane lei RON, 3290
F  CONSTRUCTII, Total, Bistrita-Nasaud, Anul 2024, Milioane lei RON, 4281
F  CONSTRUCTII, Total, Cluj, Anul 2008, Milioane lei RON, 5414
F  CONSTRUCTII, Total, Cluj, Anul 2009, Milioane lei RON, 4889
F  CONSTRUCTII, Total, Cluj, Anul 2010, Milioane lei RON, 3639
F  CONSTRUCTII, Total, Cluj, Anul 2011, Milioane lei RON, 3925
F  CONSTRUCTII, Total, Cluj, Anul 2012, Milioane lei RON, 4481
F  CONSTRUCTII, Total, Cluj, Anul 2013, Milioane lei RON, 5113
F  CONSTRUCTII, Total, Cluj, Anul 2014, Milioane lei RON, 4481
F  CONSTRUCTII, Total, Cluj, Anul 2015, Milioane lei RON, 5840
F  CONSTRUCTII, Total, Cluj, Anul 2016, Milioane lei RON, 5010
F  CONSTRUCTII, Total, Cluj, Anul 2017, Milioane lei RON, 5516
F  CONSTRUCTII, Total, Cluj, Anul 2018, Milioane lei RON, 6393
F  CONSTRUCTII, Total, Cluj, Anul 2019, Milioane lei RON, 7787
F  CONSTRUCTII, Total, Cluj, Anul 2020, Milioane lei RON, 8419
F  CONSTRUCTII, Total, Cluj, Anul 2021, Milioane lei RON, 9055
F  CONSTRUCTII, Total, Cluj, Anul 2022, Milioane lei RON, 10804
F  CONSTRUCTII, Total, Cluj, Anul 2023, Milioane lei RON, 13789
F  CONSTRUCTII, Total, Cluj, Anul 2024, Milioane lei RON, 15166
F  CONSTRUCTII, Total, Maramures, Anul 2008, Milioane lei RON, 1143
F  CONSTRUCTII, Total, Maramures, Anul 2009, Milioane lei RON, 1137
F  CONSTRUCTII, Total, Maramures, Anul 2010, Milioane lei RON, 1158
F  CONSTRUCTII, Total, Maramures, Anul 2011, Milioane lei RON, 1206
F  CONSTRUCTII, Total, Maramures, Anul 2012, Milioane lei RON, 1063
F  CONSTRUCTII, Total, Maramures, Anul 2013, Milioane lei RON, 962
F  CONSTRUCTII, Total, Maramures, Anul 2014, Milioane lei RON, 1142
F  CONSTRUCTII, Total, Maramures, Anul 2015, Milioane lei RON, 1358
F  CONSTRUCTII, Total, Maramures, Anul 2016, Milioane lei RON, 1266
F  CONSTRUCTII, Total, Maramures, Anul 2017, Milioane lei RON, 1325
F  CONSTRUCTII, Total, Maramures, Anul 2018, Milioane lei RON, 1401
F  CONSTRUCTII, Total, Maramures, Anul 2019, Milioane lei RON, 2005
F  CONSTRUCTII, Total, Maramures, Anul 2020, Milioane lei RON, 2113
F  CONSTRUCTII, Total, Maramures, Anul 2021, Milioane lei RON, 2571
F  CONSTRUCTII, Total, Maramures, Anul 2022, Milioane lei RON, 3125
F  CONSTRUCTII, Total, Maramures, Anul 2023, Milioane lei RON, 3586
F  CONSTRUCTII, Total, Maramures, Anul 2024, Milioane lei RON, 4043
F  CONSTRUCTII, Total, Satu Mare, Anul 2008, Milioane lei RON, 1312
F  CONSTRUCTII, Total, Satu Mare, Anul 2009, Milioane lei RON, 1050
F  CONSTRUCTII, Total, Satu Mare, Anul 2010, Milioane lei RON, 1109
F  CONSTRUCTII, Total, Satu Mare, Anul 2011, Milioane lei RON, 1354
F  CONSTRUCTII, Total, Satu Mare, Anul 2012, Milioane lei RON, 1247
F  CONSTRUCTII, Total, Satu Mare, Anul 2013, Milioane lei RON, 1074
F  CONSTRUCTII, Total, Satu Mare, Anul 2014, Milioane lei RON, 980
F  CONSTRUCTII, Total, Satu Mare, Anul 2015, Milioane lei RON, 1389
F  CONSTRUCTII, Total, Satu Mare, Anul 2016, Milioane lei RON, 1106
F  CONSTRUCTII, Total, Satu Mare, Anul 2017, Milioane lei RON, 1116
F  CONSTRUCTII, Total, Satu Mare, Anul 2018, Milioane lei RON, 1174
F  CONSTRUCTII, Total, Satu Mare, Anul 2019, Milioane lei RON, 1640
F  CONSTRUCTII, Total, Satu Mare, Anul 2020, Milioane lei RON, 1955
F  CONSTRUCTII, Total, Satu Mare, Anul 2021, Milioane lei RON, 2203
F  CONSTRUCTII, Total, Satu Mare, Anul 2022, Milioane lei RON, 2585
F  CONSTRUCTII, Total, Satu Mare, Anul 2023, Milioane lei RON, 3295
F  CONSTRUCTII, Total, Satu Mare, Anul 2024, Milioane lei RON, 3494
F  CONSTRUCTII, Total, Salaj, Anul 2008, Milioane lei RON, 457
F  CONSTRUCTII, Total, Salaj, Anul 2009, Milioane lei RON, 322
F  CONSTRUCTII, Total, Salaj, Anul 2010, Milioane lei RON, 328
F  CONSTRUCTII, Total, Salaj, Anul 2011, Milioane lei RON, 422
F  CONSTRUCTII, Total, Salaj, Anul 2012, Milioane lei RON, 465
F  CONSTRUCTII, Total, Salaj, Anul 2013, Milioane lei RON, 450
F  CONSTRUCTII, Total, Salaj, Anul 2014, Milioane lei RON, 470
F  CONSTRUCTII, Total, Salaj, Anul 2015, Milioane lei RON, 598
F  CONSTRUCTII, Total, Salaj, Anul 2016, Milioane lei RON, 532
F  CONSTRUCTII, Total, Salaj, Anul 2017, Milioane lei RON, 559
F  CONSTRUCTII, Total, Salaj, Anul 2018, Milioane lei RON, 624
F  CONSTRUCTII, Total, Salaj, Anul 2019, Milioane lei RON, 772
F  CONSTRUCTII, Total, Salaj, Anul 2020, Milioane lei RON, 892
F  CONSTRUCTII, Total, Salaj, Anul 2021, Milioane lei RON, 1038
F  CONSTRUCTII, Total, Salaj, Anul 2022, Milioane lei RON, 1246
F  CONSTRUCTII, Total, Salaj, Anul 2023, Milioane lei RON, 1346
F  CONSTRUCTII, Total, Salaj, Anul 2024, Milioane lei RON, 1815
F  CONSTRUCTII, Total, Alba, Anul 2008, Milioane lei RON, 847
F  CONSTRUCTII, Total, Alba, Anul 2009, Milioane lei RON, 674
F  CONSTRUCTII, Total, Alba, Anul 2010, Milioane lei RON, 636
F  CONSTRUCTII, Total, Alba, Anul 2011, Milioane lei RON, 698
F  CONSTRUCTII, Total, Alba, Anul 2012, Milioane lei RON, 690
F  CONSTRUCTII, Total, Alba, Anul 2013, Milioane lei RON, 885
F  CONSTRUCTII, Total, Alba, Anul 2014, Milioane lei RON, 838
F  CONSTRUCTII, Total, Alba, Anul 2015, Milioane lei RON, 817
F  CONSTRUCTII, Total, Alba, Anul 2016, Milioane lei RON, 874
F  CONSTRUCTII, Total, Alba, Anul 2017, Milioane lei RON, 1089
F  CONSTRUCTII, Total, Alba, Anul 2018, Milioane lei RON, 996
F  CONSTRUCTII, Total, Alba, Anul 2019, Milioane lei RON, 1336
F  CONSTRUCTII, Total, Alba, Anul 2020, Milioane lei RON, 1505
F  CONSTRUCTII, Total, Alba, Anul 2021, Milioane lei RON, 1667
F  CONSTRUCTII, Total, Alba, Anul 2022, Milioane lei RON, 1938
F  CONSTRUCTII, Total, Alba, Anul 2023, Milioane lei RON, 1936
F  CONSTRUCTII, Total, Alba, Anul 2024, Milioane lei RON, 2136
F  CONSTRUCTII, Total, Brasov, Anul 2008, Milioane lei RON, 3339
F  CONSTRUCTII, Total, Brasov, Anul 2009, Milioane lei RON, 2435
F  CONSTRUCTII, Total, Brasov, Anul 2010, Milioane lei RON, 2245
F  CONSTRUCTII, Total, Brasov, Anul 2011, Milioane lei RON, 2361
F  CONSTRUCTII, Total, Brasov, Anul 2012, Milioane lei RON, 2355
F  CONSTRUCTII, Total, Brasov, Anul 2013, Milioane lei RON, 2217
F  CONSTRUCTII, Total, Brasov, Anul 2014, Milioane lei RON, 2299
F  CONSTRUCTII, Total, Brasov, Anul 2015, Milioane lei RON, 2494
F  CONSTRUCTII, Total, Brasov, Anul 2016, Milioane lei RON, 2473
F  CONSTRUCTII, Total, Brasov, Anul 2017, Milioane lei RON, 2801
F  CONSTRUCTII, Total, Brasov, Anul 2018, Milioane lei RON, 3272
F  CONSTRUCTII, Total, Brasov, Anul 2019, Milioane lei RON, 3856
F  CONSTRUCTII, Total, Brasov, Anul 2020, Milioane lei RON, 4121
F  CONSTRUCTII, Total, Brasov, Anul 2021, Milioane lei RON, 4608
F  CONSTRUCTII, Total, Brasov, Anul 2022, Milioane lei RON, 5698
F  CONSTRUCTII, Total, Brasov, Anul 2023, Milioane lei RON, 6836
F  CONSTRUCTII, Total, Brasov, Anul 2024, Milioane lei RON, 6869
F  CONSTRUCTII, Total, Covasna, Anul 2008, Milioane lei RON, 354
F  CONSTRUCTII, Total, Covasna, Anul 2009, Milioane lei RON, 319
F  CONSTRUCTII, Total, Covasna, Anul 2010, Milioane lei RON, 244
F  CONSTRUCTII, Total, Covasna, Anul 2011, Milioane lei RON, 312
F  CONSTRUCTII, Total, Covasna, Anul 2012, Milioane lei RON, 311
F  CONSTRUCTII, Total, Covasna, Anul 2013, Milioane lei RON, 208
F  CONSTRUCTII, Total, Covasna, Anul 2014, Milioane lei RON, 298
F  CONSTRUCTII, Total, Covasna, Anul 2015, Milioane lei RON, 416
F  CONSTRUCTII, Total, Covasna, Anul 2016, Milioane lei RON, 266
F  CONSTRUCTII, Total, Covasna, Anul 2017, Milioane lei RON, 223
F  CONSTRUCTII, Total, Covasna, Anul 2018, Milioane lei RON, 260
F  CONSTRUCTII, Total, Covasna, Anul 2019, Milioane lei RON, 360
F  CONSTRUCTII, Total, Covasna, Anul 2020, Milioane lei RON, 435
F  CONSTRUCTII, Total, Covasna, Anul 2021, Milioane lei RON, 607
F  CONSTRUCTII, Total, Covasna, Anul 2022, Milioane lei RON, 721
F  CONSTRUCTII, Total, Covasna, Anul 2023, Milioane lei RON, 749
F  CONSTRUCTII, Total, Covasna, Anul 2024, Milioane lei RON, 724
F  CONSTRUCTII, Total, Harghita, Anul 2008, Milioane lei RON, 1079
F  CONSTRUCTII, Total, Harghita, Anul 2009, Milioane lei RON, 894
F  CONSTRUCTII, Total, Harghita, Anul 2010, Milioane lei RON, 701
F  CONSTRUCTII, Total, Harghita, Anul 2011, Milioane lei RON, 755
F  CONSTRUCTII, Total, Harghita, Anul 2012, Milioane lei RON, 740
F  CONSTRUCTII, Total, Harghita, Anul 2013, Milioane lei RON, 735
F  CONSTRUCTII, Total, Harghita, Anul 2014, Milioane lei RON, 824
F  CONSTRUCTII, Total, Harghita, Anul 2015, Milioane lei RON, 741
F  CONSTRUCTII, Total, Harghita, Anul 2016, Milioane lei RON, 597
F  CONSTRUCTII, Total, Harghita, Anul 2017, Milioane lei RON, 631
F  CONSTRUCTII, Total, Harghita, Anul 2018, Milioane lei RON, 762
F  CONSTRUCTII, Total, Harghita, Anul 2019, Milioane lei RON, 1027
F  CONSTRUCTII, Total, Harghita, Anul 2020, Milioane lei RON, 1196
F  CONSTRUCTII, Total, Harghita, Anul 2021, Milioane lei RON, 1480
F  CONSTRUCTII, Total, Harghita, Anul 2022, Milioane lei RON, 1772
F  CONSTRUCTII, Total, Harghita, Anul 2023, Milioane lei RON, 2504
F  CONSTRUCTII, Total, Harghita, Anul 2024, Milioane lei RON, 2322
F  CONSTRUCTII, Total, Mures, Anul 2008, Milioane lei RON, 1459
F  CONSTRUCTII, Total, Mures, Anul 2009, Milioane lei RON, 1089
F  CONSTRUCTII, Total, Mures, Anul 2010, Milioane lei RON, 995
F  CONSTRUCTII, Total, Mures, Anul 2011, Milioane lei RON, 1264
F  CONSTRUCTII, Total, Mures, Anul 2012, Milioane lei RON, 1102
F  CONSTRUCTII, Total, Mures, Anul 2013, Milioane lei RON, 1279
F  CONSTRUCTII, Total, Mures, Anul 2014, Milioane lei RON, 1491
F  CONSTRUCTII, Total, Mures, Anul 2015, Milioane lei RON, 1740
F  CONSTRUCTII, Total, Mures, Anul 2016, Milioane lei RON, 1259
F  CONSTRUCTII, Total, Mures, Anul 2017, Milioane lei RON, 1199
F  CONSTRUCTII, Total, Mures, Anul 2018, Milioane lei RON, 1758
F  CONSTRUCTII, Total, Mures, Anul 2019, Milioane lei RON, 2498
F  CONSTRUCTII, Total, Mures, Anul 2020, Milioane lei RON, 2955
F  CONSTRUCTII, Total, Mures, Anul 2021, Milioane lei RON, 2785
F  CONSTRUCTII, Total, Mures, Anul 2022, Milioane lei RON, 3491
F  CONSTRUCTII, Total, Mures, Anul 2023, Milioane lei RON, 4735
F  CONSTRUCTII, Total, Mures, Anul 2024, Milioane lei RON, 4939
F  CONSTRUCTII, Total, Sibiu, Anul 2008, Milioane lei RON, 1946
F  CONSTRUCTII, Total, Sibiu, Anul 2009, Milioane lei RON, 1655
F  CONSTRUCTII, Total, Sibiu, Anul 2010, Milioane lei RON, 1666
F  CONSTRUCTII, Total, Sibiu, Anul 2011, Milioane lei RON, 1720
F  CONSTRUCTII, Total, Sibiu, Anul 2012, Milioane lei RON, 1815
F  CONSTRUCTII, Total, Sibiu, Anul 2013, Milioane lei RON, 1694
F  CONSTRUCTII, Total, Sibiu, Anul 2014, Milioane lei RON, 2110
F  CONSTRUCTII, Total, Sibiu, Anul 2015, Milioane lei RON, 1792
F  CONSTRUCTII, Total, Sibiu, Anul 2016, Milioane lei RON, 1920
F  CONSTRUCTII, Total, Sibiu, Anul 2017, Milioane lei RON, 2297
F  CONSTRUCTII, Total, Sibiu, Anul 2018, Milioane lei RON, 2412
F  CONSTRUCTII, Total, Sibiu, Anul 2019, Milioane lei RON, 2908
F  CONSTRUCTII, Total, Sibiu, Anul 2020, Milioane lei RON, 3435
F  CONSTRUCTII, Total, Sibiu, Anul 2021, Milioane lei RON, 3625
F  CONSTRUCTII, Total, Sibiu, Anul 2022, Milioane lei RON, 3967
F  CONSTRUCTII, Total, Sibiu, Anul 2023, Milioane lei RON, 4672
F  CONSTRUCTII, Total, Sibiu, Anul 2024, Milioane lei RON, 5501
F  CONSTRUCTII, Total, Bacau, Anul 2008, Milioane lei RON, 2711
F  CONSTRUCTII, Total, Bacau, Anul 2009, Milioane lei RON, 2952
F  CONSTRUCTII, Total, Bacau, Anul 2010, Milioane lei RON, 2405
F  CONSTRUCTII, Total, Bacau, Anul 2011, Milioane lei RON, 3007
F  CONSTRUCTII, Total, Bacau, Anul 2012, Milioane lei RON, 2687
F  CONSTRUCTII, Total, Bacau, Anul 2013, Milioane lei RON, 2178
F  CONSTRUCTII, Total, Bacau, Anul 2014, Milioane lei RON, 1556
F  CONSTRUCTII, Total, Bacau, Anul 2015, Milioane lei RON, 1647
F  CONSTRUCTII, Total, Bacau, Anul 2016, Milioane lei RON, 1431
F  CONSTRUCTII, Total, Bacau, Anul 2017, Milioane lei RON, 1484
F  CONSTRUCTII, Total, Bacau, Anul 2018, Milioane lei RON, 1672
F  CONSTRUCTII, Total, Bacau, Anul 2019, Milioane lei RON, 2604
F  CONSTRUCTII, Total, Bacau, Anul 2020, Milioane lei RON, 4762
F  CONSTRUCTII, Total, Bacau, Anul 2021, Milioane lei RON, 5901
F  CONSTRUCTII, Total, Bacau, Anul 2022, Milioane lei RON, 8439
F  CONSTRUCTII, Total, Bacau, Anul 2023, Milioane lei RON, 12489
F  CONSTRUCTII, Total, Bacau, Anul 2024, Milioane lei RON, 17595
F  CONSTRUCTII, Total, Botosani, Anul 2008, Milioane lei RON, 657
F  CONSTRUCTII, Total, Botosani, Anul 2009, Milioane lei RON, 384
F  CONSTRUCTII, Total, Botosani, Anul 2010, Milioane lei RON, 334
F  CONSTRUCTII, Total, Botosani, Anul 2011, Milioane lei RON, 405
F  CONSTRUCTII, Total, Botosani, Anul 2012, Milioane lei RON, 460
F  CONSTRUCTII, Total, Botosani, Anul 2013, Milioane lei RON, 443
F  CONSTRUCTII, Total, Botosani, Anul 2014, Milioane lei RON, 524
F  CONSTRUCTII, Total, Botosani, Anul 2015, Milioane lei RON, 899
F  CONSTRUCTII, Total, Botosani, Anul 2016, Milioane lei RON, 513
F  CONSTRUCTII, Total, Botosani, Anul 2017, Milioane lei RON, 499
F  CONSTRUCTII, Total, Botosani, Anul 2018, Milioane lei RON, 509
F  CONSTRUCTII, Total, Botosani, Anul 2019, Milioane lei RON, 716
F  CONSTRUCTII, Total, Botosani, Anul 2020, Milioane lei RON, 981
F  CONSTRUCTII, Total, Botosani, Anul 2021, Milioane lei RON, 1131
F  CONSTRUCTII, Total, Botosani, Anul 2022, Milioane lei RON, 1730
F  CONSTRUCTII, Total, Botosani, Anul 2023, Milioane lei RON, 2496
F  CONSTRUCTII, Total, Botosani, Anul 2024, Milioane lei RON, 2629
F  CONSTRUCTII, Total, Iasi, Anul 2008, Milioane lei RON, 2492
F  CONSTRUCTII, Total, Iasi, Anul 2009, Milioane lei RON, 1922
F  CONSTRUCTII, Total, Iasi, Anul 2010, Milioane lei RON, 1900
F  CONSTRUCTII, Total, Iasi, Anul 2011, Milioane lei RON, 2320
F  CONSTRUCTII, Total, Iasi, Anul 2012, Milioane lei RON, 2083
F  CONSTRUCTII, Total, Iasi, Anul 2013, Milioane lei RON, 1700
F  CONSTRUCTII, Total, Iasi, Anul 2014, Milioane lei RON, 1864
F  CONSTRUCTII, Total, Iasi, Anul 2015, Milioane lei RON, 2228
F  CONSTRUCTII, Total, Iasi, Anul 2016, Milioane lei RON, 1947
F  CONSTRUCTII, Total, Iasi, Anul 2017, Milioane lei RON, 2232
F  CONSTRUCTII, Total, Iasi, Anul 2018, Milioane lei RON, 2696
F  CONSTRUCTII, Total, Iasi, Anul 2019, Milioane lei RON, 3986
F  CONSTRUCTII, Total, Iasi, Anul 2020, Milioane lei RON, 4351
F  CONSTRUCTII, Total, Iasi, Anul 2021, Milioane lei RON, 4588
F  CONSTRUCTII, Total, Iasi, Anul 2022, Milioane lei RON, 5661
F  CONSTRUCTII, Total, Iasi, Anul 2023, Milioane lei RON, 6743
F  CONSTRUCTII, Total, Iasi, Anul 2024, Milioane lei RON, 7602
F  CONSTRUCTII, Total, Neamt, Anul 2008, Milioane lei RON, 877
F  CONSTRUCTII, Total, Neamt, Anul 2009, Milioane lei RON, 671
F  CONSTRUCTII, Total, Neamt, Anul 2010, Milioane lei RON, 777
F  CONSTRUCTII, Total, Neamt, Anul 2011, Milioane lei RON, 742
F  CONSTRUCTII, Total, Neamt, Anul 2012, Milioane lei RON, 676
F  CONSTRUCTII, Total, Neamt, Anul 2013, Milioane lei RON, 601
F  CONSTRUCTII, Total, Neamt, Anul 2014, Milioane lei RON, 691
F  CONSTRUCTII, Total, Neamt, Anul 2015, Milioane lei RON, 782
F  CONSTRUCTII, Total, Neamt, Anul 2016, Milioane lei RON, 792
F  CONSTRUCTII, Total, Neamt, Anul 2017, Milioane lei RON, 736
F  CONSTRUCTII, Total, Neamt, Anul 2018, Milioane lei RON, 928
F  CONSTRUCTII, Total, Neamt, Anul 2019, Milioane lei RON, 1442
F  CONSTRUCTII, Total, Neamt, Anul 2020, Milioane lei RON, 1592
F  CONSTRUCTII, Total, Neamt, Anul 2021, Milioane lei RON, 1755
F  CONSTRUCTII, Total, Neamt, Anul 2022, Milioane lei RON, 2485
F  CONSTRUCTII, Total, Neamt, Anul 2023, Milioane lei RON, 2829
F  CONSTRUCTII, Total, Neamt, Anul 2024, Milioane lei RON, 2901
F  CONSTRUCTII, Total, Suceava, Anul 2008, Milioane lei RON, 1578
F  CONSTRUCTII, Total, Suceava, Anul 2009, Milioane lei RON, 1130
F  CONSTRUCTII, Total, Suceava, Anul 2010, Milioane lei RON, 1004
F  CONSTRUCTII, Total, Suceava, Anul 2011, Milioane lei RON, 1084
F  CONSTRUCTII, Total, Suceava, Anul 2012, Milioane lei RON, 1042
F  CONSTRUCTII, Total, Suceava, Anul 2013, Milioane lei RON, 1040
F  CONSTRUCTII, Total, Suceava, Anul 2014, Milioane lei RON, 1160
F  CONSTRUCTII, Total, Suceava, Anul 2015, Milioane lei RON, 1378
F  CONSTRUCTII, Total, Suceava, Anul 2016, Milioane lei RON, 1168
F  CONSTRUCTII, Total, Suceava, Anul 2017, Milioane lei RON, 1325
F  CONSTRUCTII, Total, Suceava, Anul 2018, Milioane lei RON, 1749
F  CONSTRUCTII, Total, Suceava, Anul 2019, Milioane lei RON, 2047
F  CONSTRUCTII, Total, Suceava, Anul 2020, Milioane lei RON, 2286
F  CONSTRUCTII, Total, Suceava, Anul 2021, Milioane lei RON, 2563
F  CONSTRUCTII, Total, Suceava, Anul 2022, Milioane lei RON, 3080
F  CONSTRUCTII, Total, Suceava, Anul 2023, Milioane lei RON, 3631
F  CONSTRUCTII, Total, Suceava, Anul 2024, Milioane lei RON, 4292
F  CONSTRUCTII, Total, Vaslui, Anul 2008, Milioane lei RON, 436
F  CONSTRUCTII, Total, Vaslui, Anul 2009, Milioane lei RON, 315
F  CONSTRUCTII, Total, Vaslui, Anul 2010, Milioane lei RON, 385
F  CONSTRUCTII, Total, Vaslui, Anul 2011, Milioane lei RON, 384
F  CONSTRUCTII, Total, Vaslui, Anul 2012, Milioane lei RON, 359
F  CONSTRUCTII, Total, Vaslui, Anul 2013, Milioane lei RON, 311
F  CONSTRUCTII, Total, Vaslui, Anul 2014, Milioane lei RON, 316
F  CONSTRUCTII, Total, Vaslui, Anul 2015, Milioane lei RON, 396
F  CONSTRUCTII, Total, Vaslui, Anul 2016, Milioane lei RON, 346
F  CONSTRUCTII, Total, Vaslui, Anul 2017, Milioane lei RON, 363
F  CONSTRUCTII, Total, Vaslui, Anul 2018, Milioane lei RON, 421
F  CONSTRUCTII, Total, Vaslui, Anul 2019, Milioane lei RON, 616
F  CONSTRUCTII, Total, Vaslui, Anul 2020, Milioane lei RON, 672
F  CONSTRUCTII, Total, Vaslui, Anul 2021, Milioane lei RON, 755
F  CONSTRUCTII, Total, Vaslui, Anul 2022, Milioane lei RON, 903
F  CONSTRUCTII, Total, Vaslui, Anul 2023, Milioane lei RON, 1138
F  CONSTRUCTII, Total, Vaslui, Anul 2024, Milioane lei RON, 1271
F  CONSTRUCTII, Total, Braila, Anul 2008, Milioane lei RON, 790
F  CONSTRUCTII, Total, Braila, Anul 2009, Milioane lei RON, 558
F  CONSTRUCTII, Total, Braila, Anul 2010, Milioane lei RON, 415
F  CONSTRUCTII, Total, Braila, Anul 2011, Milioane lei RON, 569
F  CONSTRUCTII, Total, Braila, Anul 2012, Milioane lei RON, 482
F  CONSTRUCTII, Total, Braila, Anul 2013, Milioane lei RON, 416
F  CONSTRUCTII, Total, Braila, Anul 2014, Milioane lei RON, 396
F  CONSTRUCTII, Total, Braila, Anul 2015, Milioane lei RON, 469
F  CONSTRUCTII, Total, Braila, Anul 2016, Milioane lei RON, 292
F  CONSTRUCTII, Total, Braila, Anul 2017, Milioane lei RON, 296
F  CONSTRUCTII, Total, Braila, Anul 2018, Milioane lei RON, 316
F  CONSTRUCTII, Total, Braila, Anul 2019, Milioane lei RON, 400
F  CONSTRUCTII, Total, Braila, Anul 2020, Milioane lei RON, 506
F  CONSTRUCTII, Total, Braila, Anul 2021, Milioane lei RON, 617
F  CONSTRUCTII, Total, Braila, Anul 2022, Milioane lei RON, 827
F  CONSTRUCTII, Total, Braila, Anul 2023, Milioane lei RON, 1028
F  CONSTRUCTII, Total, Braila, Anul 2024, Milioane lei RON, 1178
F  CONSTRUCTII, Total, Buzau, Anul 2008, Milioane lei RON, 1102
F  CONSTRUCTII, Total, Buzau, Anul 2009, Milioane lei RON, 961
F  CONSTRUCTII, Total, Buzau, Anul 2010, Milioane lei RON, 1200
F  CONSTRUCTII, Total, Buzau, Anul 2011, Milioane lei RON, 1088
F  CONSTRUCTII, Total, Buzau, Anul 2012, Milioane lei RON, 982
F  CONSTRUCTII, Total, Buzau, Anul 2013, Milioane lei RON, 783
F  CONSTRUCTII, Total, Buzau, Anul 2014, Milioane lei RON, 791
F  CONSTRUCTII, Total, Buzau, Anul 2015, Milioane lei RON, 947
F  CONSTRUCTII, Total, Buzau, Anul 2016, Milioane lei RON, 751
F  CONSTRUCTII, Total, Buzau, Anul 2017, Milioane lei RON, 803
F  CONSTRUCTII, Total, Buzau, Anul 2018, Milioane lei RON, 875
F  CONSTRUCTII, Total, Buzau, Anul 2019, Milioane lei RON, 1140
F  CONSTRUCTII, Total, Buzau, Anul 2020, Milioane lei RON, 1357
F  CONSTRUCTII, Total, Buzau, Anul 2021, Milioane lei RON, 1435
F  CONSTRUCTII, Total, Buzau, Anul 2022, Milioane lei RON, 1879
F  CONSTRUCTII, Total, Buzau, Anul 2023, Milioane lei RON, 2439
F  CONSTRUCTII, Total, Buzau, Anul 2024, Milioane lei RON, 2987
F  CONSTRUCTII, Total, Constanta, Anul 2008, Milioane lei RON, 3741
F  CONSTRUCTII, Total, Constanta, Anul 2009, Milioane lei RON, 3066
F  CONSTRUCTII, Total, Constanta, Anul 2010, Milioane lei RON, 2957
F  CONSTRUCTII, Total, Constanta, Anul 2011, Milioane lei RON, 3256
F  CONSTRUCTII, Total, Constanta, Anul 2012, Milioane lei RON, 3324
F  CONSTRUCTII, Total, Constanta, Anul 2013, Milioane lei RON, 2769
F  CONSTRUCTII, Total, Constanta, Anul 2014, Milioane lei RON, 2445
F  CONSTRUCTII, Total, Constanta, Anul 2015, Milioane lei RON, 3052
F  CONSTRUCTII, Total, Constanta, Anul 2016, Milioane lei RON, 2075
F  CONSTRUCTII, Total, Constanta, Anul 2017, Milioane lei RON, 2006
F  CONSTRUCTII, Total, Constanta, Anul 2018, Milioane lei RON, 2500
F  CONSTRUCTII, Total, Constanta, Anul 2019, Milioane lei RON, 3444
F  CONSTRUCTII, Total, Constanta, Anul 2020, Milioane lei RON, 4656
F  CONSTRUCTII, Total, Constanta, Anul 2021, Milioane lei RON, 5481
F  CONSTRUCTII, Total, Constanta, Anul 2022, Milioane lei RON, 6663
F  CONSTRUCTII, Total, Constanta, Anul 2023, Milioane lei RON, 7369
F  CONSTRUCTII, Total, Constanta, Anul 2024, Milioane lei RON, 8308
F  CONSTRUCTII, Total, Galati, Anul 2008, Milioane lei RON, 1656
F  CONSTRUCTII, Total, Galati, Anul 2009, Milioane lei RON, 1519
F  CONSTRUCTII, Total, Galati, Anul 2010, Milioane lei RON, 1418
F  CONSTRUCTII, Total, Galati, Anul 2011, Milioane lei RON, 1544
F  CONSTRUCTII, Total, Galati, Anul 2012, Milioane lei RON, 1563
F  CONSTRUCTII, Total, Galati, Anul 2013, Milioane lei RON, 1569
F  CONSTRUCTII, Total, Galati, Anul 2014, Milioane lei RON, 1722
F  CONSTRUCTII, Total, Galati, Anul 2015, Milioane lei RON, 2046
F  CONSTRUCTII, Total, Galati, Anul 2016, Milioane lei RON, 1815
F  CONSTRUCTII, Total, Galati, Anul 2017, Milioane lei RON, 1544
F  CONSTRUCTII, Total, Galati, Anul 2018, Milioane lei RON, 1685
F  CONSTRUCTII, Total, Galati, Anul 2019, Milioane lei RON, 2425
F  CONSTRUCTII, Total, Galati, Anul 2020, Milioane lei RON, 3101
F  CONSTRUCTII, Total, Galati, Anul 2021, Milioane lei RON, 2812
F  CONSTRUCTII, Total, Galati, Anul 2022, Milioane lei RON, 3533
F  CONSTRUCTII, Total, Galati, Anul 2023, Milioane lei RON, 3659
F  CONSTRUCTII, Total, Galati, Anul 2024, Milioane lei RON, 4596
F  CONSTRUCTII, Total, Tulcea, Anul 2008, Milioane lei RON, 331
F  CONSTRUCTII, Total, Tulcea, Anul 2009, Milioane lei RON, 313
F  CONSTRUCTII, Total, Tulcea, Anul 2010, Milioane lei RON, 425
F  CONSTRUCTII, Total, Tulcea, Anul 2011, Milioane lei RON, 443
F  CONSTRUCTII, Total, Tulcea, Anul 2012, Milioane lei RON, 382
F  CONSTRUCTII, Total, Tulcea, Anul 2013, Milioane lei RON, 296
F  CONSTRUCTII, Total, Tulcea, Anul 2014, Milioane lei RON, 373
F  CONSTRUCTII, Total, Tulcea, Anul 2015, Milioane lei RON, 537
F  CONSTRUCTII, Total, Tulcea, Anul 2016, Milioane lei RON, 231
F  CONSTRUCTII, Total, Tulcea, Anul 2017, Milioane lei RON, 203
F  CONSTRUCTII, Total, Tulcea, Anul 2018, Milioane lei RON, 263
F  CONSTRUCTII, Total, Tulcea, Anul 2019, Milioane lei RON, 343
F  CONSTRUCTII, Total, Tulcea, Anul 2020, Milioane lei RON, 382
F  CONSTRUCTII, Total, Tulcea, Anul 2021, Milioane lei RON, 441
F  CONSTRUCTII, Total, Tulcea, Anul 2022, Milioane lei RON, 606
F  CONSTRUCTII, Total, Tulcea, Anul 2023, Milioane lei RON, 892
F  CONSTRUCTII, Total, Tulcea, Anul 2024, Milioane lei RON, 842
F  CONSTRUCTII, Total, Vrancea, Anul 2008, Milioane lei RON, 312
F  CONSTRUCTII, Total, Vrancea, Anul 2009, Milioane lei RON, 236
F  CONSTRUCTII, Total, Vrancea, Anul 2010, Milioane lei RON, 214
F  CONSTRUCTII, Total, Vrancea, Anul 2011, Milioane lei RON, 242
F  CONSTRUCTII, Total, Vrancea, Anul 2012, Milioane lei RON, 278
F  CONSTRUCTII, Total, Vrancea, Anul 2013, Milioane lei RON, 264
F  CONSTRUCTII, Total, Vrancea, Anul 2014, Milioane lei RON, 289
F  CONSTRUCTII, Total, Vrancea, Anul 2015, Milioane lei RON, 402
F  CONSTRUCTII, Total, Vrancea, Anul 2016, Milioane lei RON, 383
F  CONSTRUCTII, Total, Vrancea, Anul 2017, Milioane lei RON, 394
F  CONSTRUCTII, Total, Vrancea, Anul 2018, Milioane lei RON, 439
F  CONSTRUCTII, Total, Vrancea, Anul 2019, Milioane lei RON, 590
F  CONSTRUCTII, Total, Vrancea, Anul 2020, Milioane lei RON, 816
F  CONSTRUCTII, Total, Vrancea, Anul 2021, Milioane lei RON, 951
F  CONSTRUCTII, Total, Vrancea, Anul 2022, Milioane lei RON, 1240
F  CONSTRUCTII, Total, Vrancea, Anul 2023, Milioane lei RON, 1519
F  CONSTRUCTII, Total, Vrancea, Anul 2024, Milioane lei RON, 1505
F  CONSTRUCTII, Total, Arges, Anul 2008, Milioane lei RON, 2904
F  CONSTRUCTII, Total, Arges, Anul 2009, Milioane lei RON, 2195
F  CONSTRUCTII, Total, Arges, Anul 2010, Milioane lei RON, 2047
F  CONSTRUCTII, Total, Arges, Anul 2011, Milioane lei RON, 2280
F  CONSTRUCTII, Total, Arges, Anul 2012, Milioane lei RON, 2393
F  CONSTRUCTII, Total, Arges, Anul 2013, Milioane lei RON, 1782
F  CONSTRUCTII, Total, Arges, Anul 2014, Milioane lei RON, 1796
F  CONSTRUCTII, Total, Arges, Anul 2015, Milioane lei RON, 1981
F  CONSTRUCTII, Total, Arges, Anul 2016, Milioane lei RON, 1651
F  CONSTRUCTII, Total, Arges, Anul 2017, Milioane lei RON, 1734
F  CONSTRUCTII, Total, Arges, Anul 2018, Milioane lei RON, 2145
F  CONSTRUCTII, Total, Arges, Anul 2019, Milioane lei RON, 2835
F  CONSTRUCTII, Total, Arges, Anul 2020, Milioane lei RON, 2848
F  CONSTRUCTII, Total, Arges, Anul 2021, Milioane lei RON, 2959
F  CONSTRUCTII, Total, Arges, Anul 2022, Milioane lei RON, 3544
F  CONSTRUCTII, Total, Arges, Anul 2023, Milioane lei RON, 4528
F  CONSTRUCTII, Total, Arges, Anul 2024, Milioane lei RON, 4888
F  CONSTRUCTII, Total, Calarasi, Anul 2008, Milioane lei RON, 499
F  CONSTRUCTII, Total, Calarasi, Anul 2009, Milioane lei RON, 398
F  CONSTRUCTII, Total, Calarasi, Anul 2010, Milioane lei RON, 456
F  CONSTRUCTII, Total, Calarasi, Anul 2011, Milioane lei RON, 446
F  CONSTRUCTII, Total, Calarasi, Anul 2012, Milioane lei RON, 405
F  CONSTRUCTII, Total, Calarasi, Anul 2013, Milioane lei RON, 360
F  CONSTRUCTII, Total, Calarasi, Anul 2014, Milioane lei RON, 310
F  CONSTRUCTII, Total, Calarasi, Anul 2015, Milioane lei RON, 373
F  CONSTRUCTII, Total, Calarasi, Anul 2016, Milioane lei RON, 309
F  CONSTRUCTII, Total, Calarasi, Anul 2017, Milioane lei RON, 291
F  CONSTRUCTII, Total, Calarasi, Anul 2018, Milioane lei RON, 340
F  CONSTRUCTII, Total, Calarasi, Anul 2019, Milioane lei RON, 464
F  CONSTRUCTII, Total, Calarasi, Anul 2020, Milioane lei RON, 503
F  CONSTRUCTII, Total, Calarasi, Anul 2021, Milioane lei RON, 522
F  CONSTRUCTII, Total, Calarasi, Anul 2022, Milioane lei RON, 701
F  CONSTRUCTII, Total, Calarasi, Anul 2023, Milioane lei RON, 899
F  CONSTRUCTII, Total, Calarasi, Anul 2024, Milioane lei RON, 1021
F  CONSTRUCTII, Total, Dambovita, Anul 2008, Milioane lei RON, 734
F  CONSTRUCTII, Total, Dambovita, Anul 2009, Milioane lei RON, 651
F  CONSTRUCTII, Total, Dambovita, Anul 2010, Milioane lei RON, 536
F  CONSTRUCTII, Total, Dambovita, Anul 2011, Milioane lei RON, 578
F  CONSTRUCTII, Total, Dambovita, Anul 2012, Milioane lei RON, 454
F  CONSTRUCTII, Total, Dambovita, Anul 2013, Milioane lei RON, 415
F  CONSTRUCTII, Total, Dambovita, Anul 2014, Milioane lei RON, 464
F  CONSTRUCTII, Total, Dambovita, Anul 2015, Milioane lei RON, 616
F  CONSTRUCTII, Total, Dambovita, Anul 2016, Milioane lei RON, 557
F  CONSTRUCTII, Total, Dambovita, Anul 2017, Milioane lei RON, 653
F  CONSTRUCTII, Total, Dambovita, Anul 2018, Milioane lei RON, 1006
F  CONSTRUCTII, Total, Dambovita, Anul 2019, Milioane lei RON, 997
F  CONSTRUCTII, Total, Dambovita, Anul 2020, Milioane lei RON, 1144
F  CONSTRUCTII, Total, Dambovita, Anul 2021, Milioane lei RON, 1565
F  CONSTRUCTII, Total, Dambovita, Anul 2022, Milioane lei RON, 1737
F  CONSTRUCTII, Total, Dambovita, Anul 2023, Milioane lei RON, 2133
F  CONSTRUCTII, Total, Dambovita, Anul 2024, Milioane lei RON, 2222
F  CONSTRUCTII, Total, Giurgiu, Anul 2008, Milioane lei RON, 1485
F  CONSTRUCTII, Total, Giurgiu, Anul 2009, Milioane lei RON, 1563
F  CONSTRUCTII, Total, Giurgiu, Anul 2010, Milioane lei RON, 1018
F  CONSTRUCTII, Total, Giurgiu, Anul 2011, Milioane lei RON, 521
F  CONSTRUCTII, Total, Giurgiu, Anul 2012, Milioane lei RON, 618
F  CONSTRUCTII, Total, Giurgiu, Anul 2013, Milioane lei RON, 535
F  CONSTRUCTII, Total, Giurgiu, Anul 2014, Milioane lei RON, 647
F  CONSTRUCTII, Total, Giurgiu, Anul 2015, Milioane lei RON, 687
F  CONSTRUCTII, Total, Giurgiu, Anul 2016, Milioane lei RON, 563
F  CONSTRUCTII, Total, Giurgiu, Anul 2017, Milioane lei RON, 646
F  CONSTRUCTII, Total, Giurgiu, Anul 2018, Milioane lei RON, 917
F  CONSTRUCTII, Total, Giurgiu, Anul 2019, Milioane lei RON, 1354
F  CONSTRUCTII, Total, Giurgiu, Anul 2020, Milioane lei RON, 1137
F  CONSTRUCTII, Total, Giurgiu, Anul 2021, Milioane lei RON, 1268
F  CONSTRUCTII, Total, Giurgiu, Anul 2022, Milioane lei RON, 1551
F  CONSTRUCTII, Total, Giurgiu, Anul 2023, Milioane lei RON, 1767
F  CONSTRUCTII, Total, Giurgiu, Anul 2024, Milioane lei RON, 1899
F  CONSTRUCTII, Total, Ialomita, Anul 2008, Milioane lei RON, 441
F  CONSTRUCTII, Total, Ialomita, Anul 2009, Milioane lei RON, 452
F  CONSTRUCTII, Total, Ialomita, Anul 2010, Milioane lei RON, 451
F  CONSTRUCTII, Total, Ialomita, Anul 2011, Milioane lei RON, 456
F  CONSTRUCTII, Total, Ialomita, Anul 2012, Milioane lei RON, 424
F  CONSTRUCTII, Total, Ialomita, Anul 2013, Milioane lei RON, 365
F  CONSTRUCTII, Total, Ialomita, Anul 2014, Milioane lei RON, 327
F  CONSTRUCTII, Total, Ialomita, Anul 2015, Milioane lei RON, 402
F  CONSTRUCTII, Total, Ialomita, Anul 2016, Milioane lei RON, 313
F  CONSTRUCTII, Total, Ialomita, Anul 2017, Milioane lei RON, 290
F  CONSTRUCTII, Total, Ialomita, Anul 2018, Milioane lei RON, 357
F  CONSTRUCTII, Total, Ialomita, Anul 2019, Milioane lei RON, 551
F  CONSTRUCTII, Total, Ialomita, Anul 2020, Milioane lei RON, 586
F  CONSTRUCTII, Total, Ialomita, Anul 2021, Milioane lei RON, 721
F  CONSTRUCTII, Total, Ialomita, Anul 2022, Milioane lei RON, 860
F  CONSTRUCTII, Total, Ialomita, Anul 2023, Milioane lei RON, 1089
F  CONSTRUCTII, Total, Ialomita, Anul 2024, Milioane lei RON, 1094
F  CONSTRUCTII, Total, Prahova, Anul 2008, Milioane lei RON, 3325
F  CONSTRUCTII, Total, Prahova, Anul 2009, Milioane lei RON, 2892
F  CONSTRUCTII, Total, Prahova, Anul 2010, Milioane lei RON, 2885
F  CONSTRUCTII, Total, Prahova, Anul 2011, Milioane lei RON, 2952
F  CONSTRUCTII, Total, Prahova, Anul 2012, Milioane lei RON, 2877
F  CONSTRUCTII, Total, Prahova, Anul 2013, Milioane lei RON, 2555
F  CONSTRUCTII, Total, Prahova, Anul 2014, Milioane lei RON, 2570
F  CONSTRUCTII, Total, Prahova, Anul 2015, Milioane lei RON, 2811
F  CONSTRUCTII, Total, Prahova, Anul 2016, Milioane lei RON, 2638
F  CONSTRUCTII, Total, Prahova, Anul 2017, Milioane lei RON, 2802
F  CONSTRUCTII, Total, Prahova, Anul 2018, Milioane lei RON, 3667
F  CONSTRUCTII, Total, Prahova, Anul 2019, Milioane lei RON, 4574
F  CONSTRUCTII, Total, Prahova, Anul 2020, Milioane lei RON, 4680
F  CONSTRUCTII, Total, Prahova, Anul 2021, Milioane lei RON, 5274
F  CONSTRUCTII, Total, Prahova, Anul 2022, Milioane lei RON, 6399
F  CONSTRUCTII, Total, Prahova, Anul 2023, Milioane lei RON, 8024
F  CONSTRUCTII, Total, Prahova, Anul 2024, Milioane lei RON, 8763
F  CONSTRUCTII, Total, Teleorman, Anul 2008, Milioane lei RON, 417
F  CONSTRUCTII, Total, Teleorman, Anul 2009, Milioane lei RON, 390
F  CONSTRUCTII, Total, Teleorman, Anul 2010, Milioane lei RON, 381
F  CONSTRUCTII, Total, Teleorman, Anul 2011, Milioane lei RON, 406
F  CONSTRUCTII, Total, Teleorman, Anul 2012, Milioane lei RON, 405
F  CONSTRUCTII, Total, Teleorman, Anul 2013, Milioane lei RON, 411
F  CONSTRUCTII, Total, Teleorman, Anul 2014, Milioane lei RON, 353
F  CONSTRUCTII, Total, Teleorman, Anul 2015, Milioane lei RON, 430
F  CONSTRUCTII, Total, Teleorman, Anul 2016, Milioane lei RON, 440
F  CONSTRUCTII, Total, Teleorman, Anul 2017, Milioane lei RON, 371
F  CONSTRUCTII, Total, Teleorman, Anul 2018, Milioane lei RON, 300
F  CONSTRUCTII, Total, Teleorman, Anul 2019, Milioane lei RON, 474
F  CONSTRUCTII, Total, Teleorman, Anul 2020, Milioane lei RON, 604
F  CONSTRUCTII, Total, Teleorman, Anul 2021, Milioane lei RON, 526
F  CONSTRUCTII, Total, Teleorman, Anul 2022, Milioane lei RON, 695
F  CONSTRUCTII, Total, Teleorman, Anul 2023, Milioane lei RON, 962
F  CONSTRUCTII, Total, Teleorman, Anul 2024, Milioane lei RON, 1090
F  CONSTRUCTII, Total, Ilfov, Anul 2008, Milioane lei RON, 2728
F  CONSTRUCTII, Total, Ilfov, Anul 2009, Milioane lei RON, 3239
F  CONSTRUCTII, Total, Ilfov, Anul 2010, Milioane lei RON, 2533
F  CONSTRUCTII, Total, Ilfov, Anul 2011, Milioane lei RON, 3448
F  CONSTRUCTII, Total, Ilfov, Anul 2012, Milioane lei RON, 3294
F  CONSTRUCTII, Total, Ilfov, Anul 2013, Milioane lei RON, 2594
F  CONSTRUCTII, Total, Ilfov, Anul 2014, Milioane lei RON, 2497
F  CONSTRUCTII, Total, Ilfov, Anul 2015, Milioane lei RON, 3048
F  CONSTRUCTII, Total, Ilfov, Anul 2016, Milioane lei RON, 3462
F  CONSTRUCTII, Total, Ilfov, Anul 2017, Milioane lei RON, 4444
F  CONSTRUCTII, Total, Ilfov, Anul 2018, Milioane lei RON, 5722
F  CONSTRUCTII, Total, Ilfov, Anul 2019, Milioane lei RON, 6550
F  CONSTRUCTII, Total, Ilfov, Anul 2020, Milioane lei RON, 8006
F  CONSTRUCTII, Total, Ilfov, Anul 2021, Milioane lei RON, 9284
F  CONSTRUCTII, Total, Ilfov, Anul 2022, Milioane lei RON, 11593
F  CONSTRUCTII, Total, Ilfov, Anul 2023, Milioane lei RON, 13483
F  CONSTRUCTII, Total, Ilfov, Anul 2024, Milioane lei RON, 15475
F  CONSTRUCTII, Total, Municipiul Bucuresti, Anul 2008, Milioane lei RON, 30165
F  CONSTRUCTII, Total, Municipiul Bucuresti, Anul 2009, Milioane lei RON, 25817
F  CONSTRUCTII, Total, Municipiul Bucuresti, Anul 2010, Milioane lei RON, 22528
F  CONSTRUCTII, Total, Municipiul Bucuresti, Anul 2011, Milioane lei RON, 23582
F  CONSTRUCTII, Total, Municipiul Bucuresti, Anul 2012, Milioane lei RON, 25515
F  CONSTRUCTII, Total, Municipiul Bucuresti, Anul 2013, Milioane lei RON, 22043
F  CONSTRUCTII, Total, Municipiul Bucuresti, Anul 2014, Milioane lei RON, 20798
F  CONSTRUCTII, Total, Municipiul Bucuresti, Anul 2015, Milioane lei RON, 23953
F  CONSTRUCTII, Total, Municipiul Bucuresti, Anul 2016, Milioane lei RON, 22732
F  CONSTRUCTII, Total, Municipiul Bucuresti, Anul 2017, Milioane lei RON, 22377
F  CONSTRUCTII, Total, Municipiul Bucuresti, Anul 2018, Milioane lei RON, 26494
F  CONSTRUCTII, Total, Municipiul Bucuresti, Anul 2019, Milioane lei RON, 32708
F  CONSTRUCTII, Total, Municipiul Bucuresti, Anul 2020, Milioane lei RON, 37458
F  CONSTRUCTII, Total, Municipiul Bucuresti, Anul 2021, Milioane lei RON, 41345
F  CONSTRUCTII, Total, Municipiul Bucuresti, Anul 2022, Milioane lei RON, 51901
F  CONSTRUCTII, Total, Municipiul Bucuresti, Anul 2023, Milioane lei RON, 66040
F  CONSTRUCTII, Total, Municipiul Bucuresti, Anul 2024, Milioane lei RON, 68671
F  CONSTRUCTII, Total, Dolj, Anul 2008, Milioane lei RON, 1433
F  CONSTRUCTII, Total, Dolj, Anul 2009, Milioane lei RON, 1397
F  CONSTRUCTII, Total, Dolj, Anul 2010, Milioane lei RON, 1313
F  CONSTRUCTII, Total, Dolj, Anul 2011, Milioane lei RON, 1361
F  CONSTRUCTII, Total, Dolj, Anul 2012, Milioane lei RON, 1289
F  CONSTRUCTII, Total, Dolj, Anul 2013, Milioane lei RON, 1250
F  CONSTRUCTII, Total, Dolj, Anul 2014, Milioane lei RON, 1251
F  CONSTRUCTII, Total, Dolj, Anul 2015, Milioane lei RON, 1519
F  CONSTRUCTII, Total, Dolj, Anul 2016, Milioane lei RON, 1357
F  CONSTRUCTII, Total, Dolj, Anul 2017, Milioane lei RON, 1309
F  CONSTRUCTII, Total, Dolj, Anul 2018, Milioane lei RON, 1481
F  CONSTRUCTII, Total, Dolj, Anul 2019, Milioane lei RON, 1754
F  CONSTRUCTII, Total, Dolj, Anul 2020, Milioane lei RON, 2119
F  CONSTRUCTII, Total, Dolj, Anul 2021, Milioane lei RON, 2464
F  CONSTRUCTII, Total, Dolj, Anul 2022, Milioane lei RON, 2958
F  CONSTRUCTII, Total, Dolj, Anul 2023, Milioane lei RON, 3599
F  CONSTRUCTII, Total, Dolj, Anul 2024, Milioane lei RON, 3809
F  CONSTRUCTII, Total, Gorj, Anul 2008, Milioane lei RON, 665
F  CONSTRUCTII, Total, Gorj, Anul 2009, Milioane lei RON, 538
F  CONSTRUCTII, Total, Gorj, Anul 2010, Milioane lei RON, 552
F  CONSTRUCTII, Total, Gorj, Anul 2011, Milioane lei RON, 604
F  CONSTRUCTII, Total, Gorj, Anul 2012, Milioane lei RON, 549
F  CONSTRUCTII, Total, Gorj, Anul 2013, Milioane lei RON, 455
F  CONSTRUCTII, Total, Gorj, Anul 2014, Milioane lei RON, 488
F  CONSTRUCTII, Total, Gorj, Anul 2015, Milioane lei RON, 494
F  CONSTRUCTII, Total, Gorj, Anul 2016, Milioane lei RON, 404
F  CONSTRUCTII, Total, Gorj, Anul 2017, Milioane lei RON, 474
F  CONSTRUCTII, Total, Gorj, Anul 2018, Milioane lei RON, 574
F  CONSTRUCTII, Total, Gorj, Anul 2019, Milioane lei RON, 723
F  CONSTRUCTII, Total, Gorj, Anul 2020, Milioane lei RON, 720
F  CONSTRUCTII, Total, Gorj, Anul 2021, Milioane lei RON, 848
F  CONSTRUCTII, Total, Gorj, Anul 2022, Milioane lei RON, 940
F  CONSTRUCTII, Total, Gorj, Anul 2023, Milioane lei RON, 1151
F  CONSTRUCTII, Total, Gorj, Anul 2024, Milioane lei RON, 1182
F  CONSTRUCTII, Total, Mehedinti, Anul 2008, Milioane lei RON, 651
F  CONSTRUCTII, Total, Mehedinti, Anul 2009, Milioane lei RON, 692
F  CONSTRUCTII, Total, Mehedinti, Anul 2010, Milioane lei RON, 825
F  CONSTRUCTII, Total, Mehedinti, Anul 2011, Milioane lei RON, 683
F  CONSTRUCTII, Total, Mehedinti, Anul 2012, Milioane lei RON, 640
F  CONSTRUCTII, Total, Mehedinti, Anul 2013, Milioane lei RON, 287
F  CONSTRUCTII, Total, Mehedinti, Anul 2014, Milioane lei RON, 353
F  CONSTRUCTII, Total, Mehedinti, Anul 2015, Milioane lei RON, 542
F  CONSTRUCTII, Total, Mehedinti, Anul 2016, Milioane lei RON, 339
F  CONSTRUCTII, Total, Mehedinti, Anul 2017, Milioane lei RON, 302
F  CONSTRUCTII, Total, Mehedinti, Anul 2018, Milioane lei RON, 387
F  CONSTRUCTII, Total, Mehedinti, Anul 2019, Milioane lei RON, 548
F  CONSTRUCTII, Total, Mehedinti, Anul 2020, Milioane lei RON, 580
F  CONSTRUCTII, Total, Mehedinti, Anul 2021, Milioane lei RON, 569
F  CONSTRUCTII, Total, Mehedinti, Anul 2022, Milioane lei RON, 685
F  CONSTRUCTII, Total, Mehedinti, Anul 2023, Milioane lei RON, 886
F  CONSTRUCTII, Total, Mehedinti, Anul 2024, Milioane lei RON, 1094
F  CONSTRUCTII, Total, Olt, Anul 2008, Milioane lei RON, 934
F  CONSTRUCTII, Total, Olt, Anul 2009, Milioane lei RON, 695
F  CONSTRUCTII, Total, Olt, Anul 2010, Milioane lei RON, 687
F  CONSTRUCTII, Total, Olt, Anul 2011, Milioane lei RON, 683
F  CONSTRUCTII, Total, Olt, Anul 2012, Milioane lei RON, 727
F  CONSTRUCTII, Total, Olt, Anul 2013, Milioane lei RON, 541
F  CONSTRUCTII, Total, Olt, Anul 2014, Milioane lei RON, 585
F  CONSTRUCTII, Total, Olt, Anul 2015, Milioane lei RON, 765
F  CONSTRUCTII, Total, Olt, Anul 2016, Milioane lei RON, 654
F  CONSTRUCTII, Total, Olt, Anul 2017, Milioane lei RON, 712
F  CONSTRUCTII, Total, Olt, Anul 2018, Milioane lei RON, 931
F  CONSTRUCTII, Total, Olt, Anul 2019, Milioane lei RON, 1285
F  CONSTRUCTII, Total, Olt, Anul 2020, Milioane lei RON, 1385
F  CONSTRUCTII, Total, Olt, Anul 2021, Milioane lei RON, 1291
F  CONSTRUCTII, Total, Olt, Anul 2022, Milioane lei RON, 1790
F  CONSTRUCTII, Total, Olt, Anul 2023, Milioane lei RON, 2284
F  CONSTRUCTII, Total, Olt, Anul 2024, Milioane lei RON, 2500
F  CONSTRUCTII, Total, Valcea, Anul 2008, Milioane lei RON, 1179
F  CONSTRUCTII, Total, Valcea, Anul 2009, Milioane lei RON, 1039
F  CONSTRUCTII, Total, Valcea, Anul 2010, Milioane lei RON, 959
F  CONSTRUCTII, Total, Valcea, Anul 2011, Milioane lei RON, 996
F  CONSTRUCTII, Total, Valcea, Anul 2012, Milioane lei RON, 787
F  CONSTRUCTII, Total, Valcea, Anul 2013, Milioane lei RON, 712
F  CONSTRUCTII, Total, Valcea, Anul 2014, Milioane lei RON, 699
F  CONSTRUCTII, Total, Valcea, Anul 2015, Milioane lei RON, 979
F  CONSTRUCTII, Total, Valcea, Anul 2016, Milioane lei RON, 792
F  CONSTRUCTII, Total, Valcea, Anul 2017, Milioane lei RON, 758
F  CONSTRUCTII, Total, Valcea, Anul 2018, Milioane lei RON, 811
F  CONSTRUCTII, Total, Valcea, Anul 2019, Milioane lei RON, 1024
F  CONSTRUCTII, Total, Valcea, Anul 2020, Milioane lei RON, 1117
F  CONSTRUCTII, Total, Valcea, Anul 2021, Milioane lei RON, 1210
F  CONSTRUCTII, Total, Valcea, Anul 2022, Milioane lei RON, 1294
F  CONSTRUCTII, Total, Valcea, Anul 2023, Milioane lei RON, 1768
F  CONSTRUCTII, Total, Valcea, Anul 2024, Milioane lei RON, 1957
F  CONSTRUCTII, Total, Arad, Anul 2008, Milioane lei RON, 1288
F  CONSTRUCTII, Total, Arad, Anul 2009, Milioane lei RON, 1110
F  CONSTRUCTII, Total, Arad, Anul 2010, Milioane lei RON, 1141
F  CONSTRUCTII, Total, Arad, Anul 2011, Milioane lei RON, 1246
F  CONSTRUCTII, Total, Arad, Anul 2012, Milioane lei RON, 1114
F  CONSTRUCTII, Total, Arad, Anul 2013, Milioane lei RON, 1067
F  CONSTRUCTII, Total, Arad, Anul 2014, Milioane lei RON, 1104
F  CONSTRUCTII, Total, Arad, Anul 2015, Milioane lei RON, 1107
F  CONSTRUCTII, Total, Arad, Anul 2016, Milioane lei RON, 1281
F  CONSTRUCTII, Total, Arad, Anul 2017, Milioane lei RON, 1111
F  CONSTRUCTII, Total, Arad, Anul 2018, Milioane lei RON, 1231
F  CONSTRUCTII, Total, Arad, Anul 2019, Milioane lei RON, 1565
F  CONSTRUCTII, Total, Arad, Anul 2020, Milioane lei RON, 1734
F  CONSTRUCTII, Total, Arad, Anul 2021, Milioane lei RON, 1797
F  CONSTRUCTII, Total, Arad, Anul 2022, Milioane lei RON, 2373
F  CONSTRUCTII, Total, Arad, Anul 2023, Milioane lei RON, 2721
F  CONSTRUCTII, Total, Arad, Anul 2024, Milioane lei RON, 2766
F  CONSTRUCTII, Total, Caras-Severin, Anul 2008, Milioane lei RON, 616
F  CONSTRUCTII, Total, Caras-Severin, Anul 2009, Milioane lei RON, 699
F  CONSTRUCTII, Total, Caras-Severin, Anul 2010, Milioane lei RON, 706
F  CONSTRUCTII, Total, Caras-Severin, Anul 2011, Milioane lei RON, 620
F  CONSTRUCTII, Total, Caras-Severin, Anul 2012, Milioane lei RON, 426
F  CONSTRUCTII, Total, Caras-Severin, Anul 2013, Milioane lei RON, 337
F  CONSTRUCTII, Total, Caras-Severin, Anul 2014, Milioane lei RON, 345
F  CONSTRUCTII, Total, Caras-Severin, Anul 2015, Milioane lei RON, 340
F  CONSTRUCTII, Total, Caras-Severin, Anul 2016, Milioane lei RON, 256
F  CONSTRUCTII, Total, Caras-Severin, Anul 2017, Milioane lei RON, 251
F  CONSTRUCTII, Total, Caras-Severin, Anul 2018, Milioane lei RON, 303
F  CONSTRUCTII, Total, Caras-Severin, Anul 2019, Milioane lei RON, 373
F  CONSTRUCTII, Total, Caras-Severin, Anul 2020, Milioane lei RON, 400
F  CONSTRUCTII, Total, Caras-Severin, Anul 2021, Milioane lei RON, 451
F  CONSTRUCTII, Total, Caras-Severin, Anul 2022, Milioane lei RON, 531
F  CONSTRUCTII, Total, Caras-Severin, Anul 2023, Milioane lei RON, 705
F  CONSTRUCTII, Total, Caras-Severin, Anul 2024, Milioane lei RON, 749
F  CONSTRUCTII, Total, Hunedoara, Anul 2008, Milioane lei RON, 1234
F  CONSTRUCTII, Total, Hunedoara, Anul 2009, Milioane lei RON, 990
F  CONSTRUCTII, Total, Hunedoara, Anul 2010, Milioane lei RON, 975
F  CONSTRUCTII, Total, Hunedoara, Anul 2011, Milioane lei RON, 1397
F  CONSTRUCTII, Total, Hunedoara, Anul 2012, Milioane lei RON, 1131
F  CONSTRUCTII, Total, Hunedoara, Anul 2013, Milioane lei RON, 1269
F  CONSTRUCTII, Total, Hunedoara, Anul 2014, Milioane lei RON, 1094
F  CONSTRUCTII, Total, Hunedoara, Anul 2015, Milioane lei RON, 1297
F  CONSTRUCTII, Total, Hunedoara, Anul 2016, Milioane lei RON, 1082
F  CONSTRUCTII, Total, Hunedoara, Anul 2017, Milioane lei RON, 1008
F  CONSTRUCTII, Total, Hunedoara, Anul 2018, Milioane lei RON, 1049
F  CONSTRUCTII, Total, Hunedoara, Anul 2019, Milioane lei RON, 1148
F  CONSTRUCTII, Total, Hunedoara, Anul 2020, Milioane lei RON, 1216
F  CONSTRUCTII, Total, Hunedoara, Anul 2021, Milioane lei RON, 1298
F  CONSTRUCTII, Total, Hunedoara, Anul 2022, Milioane lei RON, 1460
F  CONSTRUCTII, Total, Hunedoara, Anul 2023, Milioane lei RON, 1790
F  CONSTRUCTII, Total, Hunedoara, Anul 2024, Milioane lei RON, 1690
F  CONSTRUCTII, Total, Timis, Anul 2008, Milioane lei RON, 4956
F  CONSTRUCTII, Total, Timis, Anul 2009, Milioane lei RON, 3962
F  CONSTRUCTII, Total, Timis, Anul 2010, Milioane lei RON, 3692
F  CONSTRUCTII, Total, Timis, Anul 2011, Milioane lei RON, 3685
F  CONSTRUCTII, Total, Timis, Anul 2012, Milioane lei RON, 3103
F  CONSTRUCTII, Total, Timis, Anul 2013, Milioane lei RON, 2539
F  CONSTRUCTII, Total, Timis, Anul 2014, Milioane lei RON, 2557
F  CONSTRUCTII, Total, Timis, Anul 2015, Milioane lei RON, 3150
F  CONSTRUCTII, Total, Timis, Anul 2016, Milioane lei RON, 3079
F  CONSTRUCTII, Total, Timis, Anul 2017, Milioane lei RON, 3606
F  CONSTRUCTII, Total, Timis, Anul 2018, Milioane lei RON, 3723
F  CONSTRUCTII, Total, Timis, Anul 2019, Milioane lei RON, 3982
F  CONSTRUCTII, Total, Timis, Anul 2020, Milioane lei RON, 4978
F  CONSTRUCTII, Total, Timis, Anul 2021, Milioane lei RON, 5999
F  CONSTRUCTII, Total, Timis, Anul 2022, Milioane lei RON, 6693
F  CONSTRUCTII, Total, Timis, Anul 2023, Milioane lei RON, 7374
F  CONSTRUCTII, Total, Timis, Anul 2024, Milioane lei RON, 7908
G  COMERT CU RIDICATA SI CU AMANUNTUL; REPARAREA AUTOVEHICULELOR SI MOTOCICLETELOR, Total, Bihor, Anul 2008, Milioane lei RON, 9825
G  COMERT CU RIDICATA SI CU AMANUNTUL; REPARAREA AUTOVEHICULELOR SI MOTOCICLETELOR, Total, Bihor, Anul 2009, Milioane lei RON, 8561
G  COMERT CU RIDICATA SI CU AMANUNTUL; REPARAREA AUTOVEHICULELOR SI MOTOCICLETELOR, Total, Bihor, Anul 2010, Milioane lei RON, 9090
G  COMERT CU RIDICATA SI CU AMANUNTUL; REPARAREA AUTOVEHICULELOR SI MOTOCICLETELOR, Total, Bihor, Anul 2011, Milioane lei RON, 10528
G  COMERT CU RIDICATA SI CU AMANUNTUL; REPARAREA AUTOVEHICULELOR SI MOTOCICLETELOR, Total, Bihor, Anul 2012, Milioane lei RON, 11323
G  COMERT CU RIDICATA SI CU AMANUNTUL; REPARAREA AUTOVEHICULELOR SI MOTOCICLETELOR, Total, Bihor, Anul 2013, Milioane lei RON, 11389
G  COMERT CU RIDICATA SI CU AMANUNTUL; REPARAREA AUTOVEHICULELOR SI MOTOCICLETELOR, Total, Bihor, Anul 2014, Milioane lei RON, 11595
G  COMERT CU RIDICATA SI CU AMANUNTUL; REPARAREA AUTOVEHICULELOR SI MOTOCICLETELOR, Total, Bihor, Anul 2015, Milioane lei RON, 11798
G  COMERT CU RIDICATA SI CU AMANUNTUL; REPARAREA AUTOVEHICULELOR SI MOTOCICLETELOR, Total, Bihor, Anul 2016, Milioane lei RON, 12548
G  COMERT CU RIDICATA SI CU AMANUNTUL; REPARAREA AUTOVEHICULELOR SI MOTOCICLETELOR, Total, Bihor, Anul 2017, Milioane lei RON, 14540
G  COMERT CU RIDICATA SI CU AMANUNTUL; REPARAREA AUTOVEHICULELOR SI MOTOCICLETELOR, Total, Bihor, Anul 2018, Milioane lei RON, 16031
G  COMERT CU RIDICATA SI CU AMANUNTUL; REPARAREA AUTOVEHICULELOR SI MOTOCICLETELOR, Total, Bihor, Anul 2019, Milioane lei RON, 17806
G  COMERT CU RIDICATA SI CU AMANUNTUL; REPARAREA AUTOVEHICULELOR SI MOTOCICLETELOR, Total, Bihor, Anul 2020, Milioane lei RON, 17565
G  COMERT CU RIDICATA SI CU AMANUNTUL; REPARAREA AUTOVEHICULELOR SI MOTOCICLETELOR, Total, Bihor, Anul 2021, Milioane lei RON, 21393
G  COMERT CU RIDICATA SI CU AMANUNTUL; REPARAREA AUTOVEHICULELOR SI MOTOCICLETELOR, Total, Bihor, Anul 2022, Milioane lei RON, 25720
G  COMERT CU RIDICATA SI CU AMANUNTUL; REPARAREA AUTOVEHICULELOR SI MOTOCICLETELOR, Total, Bihor, Anul 2023, Milioane lei RON, 27145
G  COMERT CU RIDICATA SI CU AMANUNTUL; REPARAREA AUTOVEHICULELOR SI MOTOCICLETELOR, Total, Bihor, Anul 2024, Milioane lei RON, 27835
G  COMERT CU RIDICATA SI CU AMANUNTUL; REPARAREA AUTOVEHICULELOR SI MOTOCICLETELOR, Total, Bistrita-Nasaud, Anul 2008, Milioane lei RON, 2645
G  COMERT CU RIDICATA SI CU AMANUNTUL; REPARAREA AUTOVEHICULELOR SI MOTOCICLETELOR, Total, Bistrita-Nasaud, Anul 2009, Milioane lei RON, 2120
G  COMERT CU RIDICATA SI CU AMANUNTUL; REPARAREA AUTOVEHICULELOR SI MOTOCICLETELOR, Total, Bistrita-Nasaud, Anul 2010, Milioane lei RON, 2089
G  COMERT CU RIDICATA SI CU AMANUNTUL; REPARAREA AUTOVEHICULELOR SI MOTOCICLETELOR, Total, Bistrita-Nasaud, Anul 2011, Milioane lei RON, 2381
G  COMERT CU RIDICATA SI CU AMANUNTUL; REPARAREA AUTOVEHICULELOR SI MOTOCICLETELOR, Total, Bistrita-Nasaud, Anul 2012, Milioane lei RON, 3379
G  COMERT CU RIDICATA SI CU AMANUNTUL; REPARAREA AUTOVEHICULELOR SI MOTOCICLETELOR, Total, Bistrita-Nasaud, Anul 2013, Milioane lei RON, 2884
G  COMERT CU RIDICATA SI CU AMANUNTUL; REPARAREA AUTOVEHICULELOR SI MOTOCICLETELOR, Total, Bistrita-Nasaud, Anul 2014, Milioane lei RON, 3088
G  COMERT CU RIDICATA SI CU AMANUNTUL; REPARAREA AUTOVEHICULELOR SI MOTOCICLETELOR, Total, Bistrita-Nasaud, Anul 2015, Milioane lei RON, 3011
G  COMERT CU RIDICATA SI CU AMANUNTUL; REPARAREA AUTOVEHICULELOR SI MOTOCICLETELOR, Total, Bistrita-Nasaud, Anul 2016, Milioane lei RON, 3125
G  COMERT CU RIDICATA SI CU AMANUNTUL; REPARAREA AUTOVEHICULELOR SI MOTOCICLETELOR, Total, Bistrita-Nasaud, Anul 2017, Milioane lei RON, 3578
G  COMERT CU RIDICATA SI CU AMANUNTUL; REPARAREA AUTOVEHICULELOR SI MOTOCICLETELOR, Total, Bistrita-Nasaud, Anul 2018, Milioane lei RON, 4177
G  COMERT CU RIDICATA SI CU AMANUNTUL; REPARAREA AUTOVEHICULELOR SI MOTOCICLETELOR, Total, Bistrita-Nasaud, Anul 2019, Milioane lei RON, 4510
G  COMERT CU RIDICATA SI CU AMANUNTUL; REPARAREA AUTOVEHICULELOR SI MOTOCICLETELOR, Total, Bistrita-Nasaud, Anul 2020, Milioane lei RON, 4682
G  COMERT CU RIDICATA SI CU AMANUNTUL; REPARAREA AUTOVEHICULELOR SI MOTOCICLETELOR, Total, Bistrita-Nasaud, Anul 2021, Milioane lei RON, 5287
G  COMERT CU RIDICATA SI CU AMANUNTUL; REPARAREA AUTOVEHICULELOR SI MOTOCICLETELOR, Total, Bistrita-Nasaud, Anul 2022, Milioane lei RON, 6162
G  COMERT CU RIDICATA SI CU AMANUNTUL; REPARAREA AUTOVEHICULELOR SI MOTOCICLETELOR, Total, Bistrita-Nasaud, Anul 2023, Milioane lei RON, 6318
G  COMERT CU RIDICATA SI CU AMANUNTUL; REPARAREA AUTOVEHICULELOR SI MOTOCICLETELOR, Total, Bistrita-Nasaud, Anul 2024, Milioane lei RON, 6930
G  COMERT CU RIDICATA SI CU AMANUNTUL; REPARAREA AUTOVEHICULELOR SI MOTOCICLETELOR, Total, Cluj, Anul 2008, Milioane lei RON, 16046
G  COMERT CU RIDICATA SI CU AMANUNTUL; REPARAREA AUTOVEHICULELOR SI MOTOCICLETELOR, Total, Cluj, Anul 2009, Milioane lei RON, 12790
G  COMERT CU RIDICATA SI CU AMANUNTUL; REPARAREA AUTOVEHICULELOR SI MOTOCICLETELOR, Total, Cluj, Anul 2010, Milioane lei RON, 12607
G  COMERT CU RIDICATA SI CU AMANUNTUL; REPARAREA AUTOVEHICULELOR SI MOTOCICLETELOR, Total, Cluj, Anul 2011, Milioane lei RON, 14097
G  COMERT CU RIDICATA SI CU AMANUNTUL; REPARAREA AUTOVEHICULELOR SI MOTOCICLETELOR, Total, Cluj, Anul 2012, Milioane lei RON, 14960
G  COMERT CU RIDICATA SI CU AMANUNTUL; REPARAREA AUTOVEHICULELOR SI MOTOCICLETELOR, Total, Cluj, Anul 2013, Milioane lei RON, 15592
G  COMERT CU RIDICATA SI CU AMANUNTUL; REPARAREA AUTOVEHICULELOR SI MOTOCICLETELOR, Total, Cluj, Anul 2014, Milioane lei RON, 16236
G  COMERT CU RIDICATA SI CU AMANUNTUL; REPARAREA AUTOVEHICULELOR SI MOTOCICLETELOR, Total, Cluj, Anul 2015, Milioane lei RON, 17326
G  COMERT CU RIDICATA SI CU AMANUNTUL; REPARAREA AUTOVEHICULELOR SI MOTOCICLETELOR, Total, Cluj, Anul 2016, Milioane lei RON, 20614
G  COMERT CU RIDICATA SI CU AMANUNTUL; REPARAREA AUTOVEHICULELOR SI MOTOCICLETELOR, Total, Cluj, Anul 2017, Milioane lei RON, 22048
G  COMERT CU RIDICATA SI CU AMANUNTUL; REPARAREA AUTOVEHICULELOR SI MOTOCICLETELOR, Total, Cluj, Anul 2018, Milioane lei RON, 25559
G  COMERT CU RIDICATA SI CU AMANUNTUL; REPARAREA AUTOVEHICULELOR SI MOTOCICLETELOR, Total, Cluj, Anul 2019, Milioane lei RON, 27085
G  COMERT CU RIDICATA SI CU AMANUNTUL; REPARAREA AUTOVEHICULELOR SI MOTOCICLETELOR, Total, Cluj, Anul 2020, Milioane lei RON, 27286
G  COMERT CU RIDICATA SI CU AMANUNTUL; REPARAREA AUTOVEHICULELOR SI MOTOCICLETELOR, Total, Cluj, Anul 2021, Milioane lei RON, 33256
G  COMERT CU RIDICATA SI CU AMANUNTUL; REPARAREA AUTOVEHICULELOR SI MOTOCICLETELOR, Total, Cluj, Anul 2022, Milioane lei RON, 40398
G  COMERT CU RIDICATA SI CU AMANUNTUL; REPARAREA AUTOVEHICULELOR SI MOTOCICLETELOR, Total, Cluj, Anul 2023, Milioane lei RON, 41231
G  COMERT CU RIDICATA SI CU AMANUNTUL; REPARAREA AUTOVEHICULELOR SI MOTOCICLETELOR, Total, Cluj, Anul 2024, Milioane lei RON, 48158
G  COMERT CU RIDICATA SI CU AMANUNTUL; REPARAREA AUTOVEHICULELOR SI MOTOCICLETELOR, Total, Maramures, Anul 2008, Milioane lei RON, 4729
G  COMERT CU RIDICATA SI CU AMANUNTUL; REPARAREA AUTOVEHICULELOR SI MOTOCICLETELOR, Total, Maramures, Anul 2009, Milioane lei RON, 4087
G  COMERT CU RIDICATA SI CU AMANUNTUL; REPARAREA AUTOVEHICULELOR SI MOTOCICLETELOR, Total, Maramures, Anul 2010, Milioane lei RON, 4075
G  COMERT CU RIDICATA SI CU AMANUNTUL; REPARAREA AUTOVEHICULELOR SI MOTOCICLETELOR, Total, Maramures, Anul 2011, Milioane lei RON, 4579
G  COMERT CU RIDICATA SI CU AMANUNTUL; REPARAREA AUTOVEHICULELOR SI MOTOCICLETELOR, Total, Maramures, Anul 2012, Milioane lei RON, 4960
G  COMERT CU RIDICATA SI CU AMANUNTUL; REPARAREA AUTOVEHICULELOR SI MOTOCICLETELOR, Total, Maramures, Anul 2013, Milioane lei RON, 5119
G  COMERT CU RIDICATA SI CU AMANUNTUL; REPARAREA AUTOVEHICULELOR SI MOTOCICLETELOR, Total, Maramures, Anul 2014, Milioane lei RON, 5552
G  COMERT CU RIDICATA SI CU AMANUNTUL; REPARAREA AUTOVEHICULELOR SI MOTOCICLETELOR, Total, Maramures, Anul 2015, Milioane lei RON, 5942
G  COMERT CU RIDICATA SI CU AMANUNTUL; REPARAREA AUTOVEHICULELOR SI MOTOCICLETELOR, Total, Maramures, Anul 2016, Milioane lei RON, 6776
G  COMERT CU RIDICATA SI CU AMANUNTUL; REPARAREA AUTOVEHICULELOR SI MOTOCICLETELOR, Total, Maramures, Anul 2017, Milioane lei RON, 7323
G  COMERT CU RIDICATA SI CU AMANUNTUL; REPARAREA AUTOVEHICULELOR SI MOTOCICLETELOR, Total, Maramures, Anul 2018, Milioane lei RON, 7940
G  COMERT CU RIDICATA SI CU AMANUNTUL; REPARAREA AUTOVEHICULELOR SI MOTOCICLETELOR, Total, Maramures, Anul 2019, Milioane lei RON, 8527
G  COMERT CU RIDICATA SI CU AMANUNTUL; REPARAREA AUTOVEHICULELOR SI MOTOCICLETELOR, Total, Maramures, Anul 2020, Milioane lei RON, 8853
G  COMERT CU RIDICATA SI CU AMANUNTUL; REPARAREA AUTOVEHICULELOR SI MOTOCICLETELOR, Total, Maramures, Anul 2021, Milioane lei RON, 10411
G  COMERT CU RIDICATA SI CU AMANUNTUL; REPARAREA AUTOVEHICULELOR SI MOTOCICLETELOR, Total, Maramures, Anul 2022, Milioane lei RON, 12234
G  COMERT CU RIDICATA SI CU AMANUNTUL; REPARAREA AUTOVEHICULELOR SI MOTOCICLETELOR, Total, Maramures, Anul 2023, Milioane lei RON, 12692
G  COMERT CU RIDICATA SI CU AMANUNTUL; REPARAREA AUTOVEHICULELOR SI MOTOCICLETELOR, Total, Maramures, Anul 2024, Milioane lei RON, 13629
G  COMERT CU RIDICATA SI CU AMANUNTUL; REPARAREA AUTOVEHICULELOR SI MOTOCICLETELOR, Total, Satu Mare, Anul 2008, Milioane lei RON, 3859
G  COMERT CU RIDICATA SI CU AMANUNTUL; REPARAREA AUTOVEHICULELOR SI MOTOCICLETELOR, Total, Satu Mare, Anul 2009, Milioane lei RON, 3386
G  COMERT CU RIDICATA SI CU AMANUNTUL; REPARAREA AUTOVEHICULELOR SI MOTOCICLETELOR, Total, Satu Mare, Anul 2010, Milioane lei RON, 3353
G  COMERT CU RIDICATA SI CU AMANUNTUL; REPARAREA AUTOVEHICULELOR SI MOTOCICLETELOR, Total, Satu Mare, Anul 2011, Milioane lei RON, 3832
G  COMERT CU RIDICATA SI CU AMANUNTUL; REPARAREA AUTOVEHICULELOR SI MOTOCICLETELOR, Total, Satu Mare, Anul 2012, Milioane lei RON, 4290
G  COMERT CU RIDICATA SI CU AMANUNTUL; REPARAREA AUTOVEHICULELOR SI MOTOCICLETELOR, Total, Satu Mare, Anul 2013, Milioane lei RON, 4528
G  COMERT CU RIDICATA SI CU AMANUNTUL; REPARAREA AUTOVEHICULELOR SI MOTOCICLETELOR, Total, Satu Mare, Anul 2014, Milioane lei RON, 4330
G  COMERT CU RIDICATA SI CU AMANUNTUL; REPARAREA AUTOVEHICULELOR SI MOTOCICLETELOR, Total, Satu Mare, Anul 2015, Milioane lei RON, 4586
G  COMERT CU RIDICATA SI CU AMANUNTUL; REPARAREA AUTOVEHICULELOR SI MOTOCICLETELOR, Total, Satu Mare, Anul 2016, Milioane lei RON, 4784
G  COMERT CU RIDICATA SI CU AMANUNTUL; REPARAREA AUTOVEHICULELOR SI MOTOCICLETELOR, Total, Satu Mare, Anul 2017, Milioane lei RON, 5684
G  COMERT CU RIDICATA SI CU AMANUNTUL; REPARAREA AUTOVEHICULELOR SI MOTOCICLETELOR, Total, Satu Mare, Anul 2018, Milioane lei RON, 6365
G  COMERT CU RIDICATA SI CU AMANUNTUL; REPARAREA AUTOVEHICULELOR SI MOTOCICLETELOR, Total, Satu Mare, Anul 2019, Milioane lei RON, 7267
G  COMERT CU RIDICATA SI CU AMANUNTUL; REPARAREA AUTOVEHICULELOR SI MOTOCICLETELOR, Total, Satu Mare, Anul 2020, Milioane lei RON, 7380
G  COMERT CU RIDICATA SI CU AMANUNTUL; REPARAREA AUTOVEHICULELOR SI MOTOCICLETELOR, Total, Satu Mare, Anul 2021, Milioane lei RON, 8831
G  COMERT CU RIDICATA SI CU AMANUNTUL; REPARAREA AUTOVEHICULELOR SI MOTOCICLETELOR, Total, Satu Mare, Anul 2022, Milioane lei RON, 12579
G  COMERT CU RIDICATA SI CU AMANUNTUL; REPARAREA AUTOVEHICULELOR SI MOTOCICLETELOR, Total, Satu Mare, Anul 2023, Milioane lei RON, 13084
G  COMERT CU RIDICATA SI CU AMANUNTUL; REPARAREA AUTOVEHICULELOR SI MOTOCICLETELOR, Total, Satu Mare, Anul 2024, Milioane lei RON, 10398
G  COMERT CU RIDICATA SI CU AMANUNTUL; REPARAREA AUTOVEHICULELOR SI MOTOCICLETELOR, Total, Salaj, Anul 2008, Milioane lei RON, 2371
G  COMERT CU RIDICATA SI CU AMANUNTUL; REPARAREA AUTOVEHICULELOR SI MOTOCICLETELOR, Total, Salaj, Anul 2009, Milioane lei RON, 1769
G  COMERT CU RIDICATA SI CU AMANUNTUL; REPARAREA AUTOVEHICULELOR SI MOTOCICLETELOR, Total, Salaj, Anul 2010, Milioane lei RON, 1716
G  COMERT CU RIDICATA SI CU AMANUNTUL; REPARAREA AUTOVEHICULELOR SI MOTOCICLETELOR, Total, Salaj, Anul 2011, Milioane lei RON, 1983
G  COMERT CU RIDICATA SI CU AMANUNTUL; REPARAREA AUTOVEHICULELOR SI MOTOCICLETELOR, Total, Salaj, Anul 2012, Milioane lei RON, 2723
G  COMERT CU RIDICATA SI CU AMANUNTUL; REPARAREA AUTOVEHICULELOR SI MOTOCICLETELOR, Total, Salaj, Anul 2013, Milioane lei RON, 2819
G  COMERT CU RIDICATA SI CU AMANUNTUL; REPARAREA AUTOVEHICULELOR SI MOTOCICLETELOR, Total, Salaj, Anul 2014, Milioane lei RON, 2349
G  COMERT CU RIDICATA SI CU AMANUNTUL; REPARAREA AUTOVEHICULELOR SI MOTOCICLETELOR, Total, Salaj, Anul 2015, Milioane lei RON, 2249
G  COMERT CU RIDICATA SI CU AMANUNTUL; REPARAREA AUTOVEHICULELOR SI MOTOCICLETELOR, Total, Salaj, Anul 2016, Milioane lei RON, 2328
G  COMERT CU RIDICATA SI CU AMANUNTUL; REPARAREA AUTOVEHICULELOR SI MOTOCICLETELOR, Total, Salaj, Anul 2017, Milioane lei RON, 2717
G  COMERT CU RIDICATA SI CU AMANUNTUL; REPARAREA AUTOVEHICULELOR SI MOTOCICLETELOR, Total, Salaj, Anul 2018, Milioane lei RON, 2922
G  COMERT CU RIDICATA SI CU AMANUNTUL; REPARAREA AUTOVEHICULELOR SI MOTOCICLETELOR, Total, Salaj, Anul 2019, Milioane lei RON, 3712
G  COMERT CU RIDICATA SI CU AMANUNTUL; REPARAREA AUTOVEHICULELOR SI MOTOCICLETELOR, Total, Salaj, Anul 2020, Milioane lei RON, 4019
G  COMERT CU RIDICATA SI CU AMANUNTUL; REPARAREA AUTOVEHICULELOR SI MOTOCICLETELOR, Total, Salaj, Anul 2021, Milioane lei RON, 4730
G  COMERT CU RIDICATA SI CU AMANUNTUL; REPARAREA AUTOVEHICULELOR SI MOTOCICLETELOR, Total, Salaj, Anul 2022, Milioane lei RON, 5677
G  COMERT CU RIDICATA SI CU AMANUNTUL; REPARAREA AUTOVEHICULELOR SI MOTOCICLETELOR, Total, Salaj, Anul 2023, Milioane lei RON, 5785
G  COMERT CU RIDICATA SI CU AMANUNTUL; REPARAREA AUTOVEHICULELOR SI MOTOCICLETELOR, Total, Salaj, Anul 2024, Milioane lei RON, 6095
G  COMERT CU RIDICATA SI CU AMANUNTUL; REPARAREA AUTOVEHICULELOR SI MOTOCICLETELOR, Total, Alba, Anul 2008, Milioane lei RON, 2851
G  COMERT CU RIDICATA SI CU AMANUNTUL; REPARAREA AUTOVEHICULELOR SI MOTOCICLETELOR, Total, Alba, Anul 2009, Milioane lei RON, 2806
G  COMERT CU RIDICATA SI CU AMANUNTUL; REPARAREA AUTOVEHICULELOR SI MOTOCICLETELOR, Total, Alba, Anul 2010, Milioane lei RON, 2730
G  COMERT CU RIDICATA SI CU AMANUNTUL; REPARAREA AUTOVEHICULELOR SI MOTOCICLETELOR, Total, Alba, Anul 2011, Milioane lei RON, 2990
G  COMERT CU RIDICATA SI CU AMANUNTUL; REPARAREA AUTOVEHICULELOR SI MOTOCICLETELOR, Total, Alba, Anul 2012, Milioane lei RON, 3116
G  COMERT CU RIDICATA SI CU AMANUNTUL; REPARAREA AUTOVEHICULELOR SI MOTOCICLETELOR, Total, Alba, Anul 2013, Milioane lei RON, 3260
G  COMERT CU RIDICATA SI CU AMANUNTUL; REPARAREA AUTOVEHICULELOR SI MOTOCICLETELOR, Total, Alba, Anul 2014, Milioane lei RON, 3497
G  COMERT CU RIDICATA SI CU AMANUNTUL; REPARAREA AUTOVEHICULELOR SI MOTOCICLETELOR, Total, Alba, Anul 2015, Milioane lei RON, 3921
G  COMERT CU RIDICATA SI CU AMANUNTUL; REPARAREA AUTOVEHICULELOR SI MOTOCICLETELOR, Total, Alba, Anul 2016, Milioane lei RON, 4387
G  COMERT CU RIDICATA SI CU AMANUNTUL; REPARAREA AUTOVEHICULELOR SI MOTOCICLETELOR, Total, Alba, Anul 2017, Milioane lei RON, 4715
G  COMERT CU RIDICATA SI CU AMANUNTUL; REPARAREA AUTOVEHICULELOR SI MOTOCICLETELOR, Total, Alba, Anul 2018, Milioane lei RON, 5822
G  COMERT CU RIDICATA SI CU AMANUNTUL; REPARAREA AUTOVEHICULELOR SI MOTOCICLETELOR, Total, Alba, Anul 2019, Milioane lei RON, 7467
G  COMERT CU RIDICATA SI CU AMANUNTUL; REPARAREA AUTOVEHICULELOR SI MOTOCICLETELOR, Total, Alba, Anul 2020, Milioane lei RON, 6512
G  COMERT CU RIDICATA SI CU AMANUNTUL; REPARAREA AUTOVEHICULELOR SI MOTOCICLETELOR, Total, Alba, Anul 2021, Milioane lei RON, 8000
G  COMERT CU RIDICATA SI CU AMANUNTUL; REPARAREA AUTOVEHICULELOR SI MOTOCICLETELOR, Total, Alba, Anul 2022, Milioane lei RON, 9250
G  COMERT CU RIDICATA SI CU AMANUNTUL; REPARAREA AUTOVEHICULELOR SI MOTOCICLETELOR, Total, Alba, Anul 2023, Milioane lei RON, 10391
G  COMERT CU RIDICATA SI CU AMANUNTUL; REPARAREA AUTOVEHICULELOR SI MOTOCICLETELOR, Total, Alba, Anul 2024, Milioane lei RON, 11217
G  COMERT CU RIDICATA SI CU AMANUNTUL; REPARAREA AUTOVEHICULELOR SI MOTOCICLETELOR, Total, Brasov, Anul 2008, Milioane lei RON, 13654
G  COMERT CU RIDICATA SI CU AMANUNTUL; REPARAREA AUTOVEHICULELOR SI MOTOCICLETELOR, Total, Brasov, Anul 2009, Milioane lei RON, 10107
G  COMERT CU RIDICATA SI CU AMANUNTUL; REPARAREA AUTOVEHICULELOR SI MOTOCICLETELOR, Total, Brasov, Anul 2010, Milioane lei RON, 10827
G  COMERT CU RIDICATA SI CU AMANUNTUL; REPARAREA AUTOVEHICULELOR SI MOTOCICLETELOR, Total, Brasov, Anul 2011, Milioane lei RON, 11143
G  COMERT CU RIDICATA SI CU AMANUNTUL; REPARAREA AUTOVEHICULELOR SI MOTOCICLETELOR, Total, Brasov, Anul 2012, Milioane lei RON, 12074
G  COMERT CU RIDICATA SI CU AMANUNTUL; REPARAREA AUTOVEHICULELOR SI MOTOCICLETELOR, Total, Brasov, Anul 2013, Milioane lei RON, 13189
G  COMERT CU RIDICATA SI CU AMANUNTUL; REPARAREA AUTOVEHICULELOR SI MOTOCICLETELOR, Total, Brasov, Anul 2014, Milioane lei RON, 13644
G  COMERT CU RIDICATA SI CU AMANUNTUL; REPARAREA AUTOVEHICULELOR SI MOTOCICLETELOR, Total, Brasov, Anul 2015, Milioane lei RON, 13622
G  COMERT CU RIDICATA SI CU AMANUNTUL; REPARAREA AUTOVEHICULELOR SI MOTOCICLETELOR, Total, Brasov, Anul 2016, Milioane lei RON, 15200
G  COMERT CU RIDICATA SI CU AMANUNTUL; REPARAREA AUTOVEHICULELOR SI MOTOCICLETELOR, Total, Brasov, Anul 2017, Milioane lei RON, 15603
G  COMERT CU RIDICATA SI CU AMANUNTUL; REPARAREA AUTOVEHICULELOR SI MOTOCICLETELOR, Total, Brasov, Anul 2018, Milioane lei RON, 16954
G  COMERT CU RIDICATA SI CU AMANUNTUL; REPARAREA AUTOVEHICULELOR SI MOTOCICLETELOR, Total, Brasov, Anul 2019, Milioane lei RON, 19796
G  COMERT CU RIDICATA SI CU AMANUNTUL; REPARAREA AUTOVEHICULELOR SI MOTOCICLETELOR, Total, Brasov, Anul 2020, Milioane lei RON, 19665
G  COMERT CU RIDICATA SI CU AMANUNTUL; REPARAREA AUTOVEHICULELOR SI MOTOCICLETELOR, Total, Brasov, Anul 2021, Milioane lei RON, 22045
G  COMERT CU RIDICATA SI CU AMANUNTUL; REPARAREA AUTOVEHICULELOR SI MOTOCICLETELOR, Total, Brasov, Anul 2022, Milioane lei RON, 26576
G  COMERT CU RIDICATA SI CU AMANUNTUL; REPARAREA AUTOVEHICULELOR SI MOTOCICLETELOR, Total, Brasov, Anul 2023, Milioane lei RON, 28366
G  COMERT CU RIDICATA SI CU AMANUNTUL; REPARAREA AUTOVEHICULELOR SI MOTOCICLETELOR, Total, Brasov, Anul 2024, Milioane lei RON, 29885
G  COMERT CU RIDICATA SI CU AMANUNTUL; REPARAREA AUTOVEHICULELOR SI MOTOCICLETELOR, Total, Covasna, Anul 2008, Milioane lei RON, 2713
G  COMERT CU RIDICATA SI CU AMANUNTUL; REPARAREA AUTOVEHICULELOR SI MOTOCICLETELOR, Total, Covasna, Anul 2009, Milioane lei RON, 2587
G  COMERT CU RIDICATA SI CU AMANUNTUL; REPARAREA AUTOVEHICULELOR SI MOTOCICLETELOR, Total, Covasna, Anul 2010, Milioane lei RON, 2587
G  COMERT CU RIDICATA SI CU AMANUNTUL; REPARAREA AUTOVEHICULELOR SI MOTOCICLETELOR, Total, Covasna, Anul 2011, Milioane lei RON, 2603
G  COMERT CU RIDICATA SI CU AMANUNTUL; REPARAREA AUTOVEHICULELOR SI MOTOCICLETELOR, Total, Covasna, Anul 2012, Milioane lei RON, 2566
G  COMERT CU RIDICATA SI CU AMANUNTUL; REPARAREA AUTOVEHICULELOR SI MOTOCICLETELOR, Total, Covasna, Anul 2013, Milioane lei RON, 2133
G  COMERT CU RIDICATA SI CU AMANUNTUL; REPARAREA AUTOVEHICULELOR SI MOTOCICLETELOR, Total, Covasna, Anul 2014, Milioane lei RON, 2237
G  COMERT CU RIDICATA SI CU AMANUNTUL; REPARAREA AUTOVEHICULELOR SI MOTOCICLETELOR, Total, Covasna, Anul 2015, Milioane lei RON, 2312
G  COMERT CU RIDICATA SI CU AMANUNTUL; REPARAREA AUTOVEHICULELOR SI MOTOCICLETELOR, Total, Covasna, Anul 2016, Milioane lei RON, 2532
G  COMERT CU RIDICATA SI CU AMANUNTUL; REPARAREA AUTOVEHICULELOR SI MOTOCICLETELOR, Total, Covasna, Anul 2017, Milioane lei RON, 2755
G  COMERT CU RIDICATA SI CU AMANUNTUL; REPARAREA AUTOVEHICULELOR SI MOTOCICLETELOR, Total, Covasna, Anul 2018, Milioane lei RON, 3045
G  COMERT CU RIDICATA SI CU AMANUNTUL; REPARAREA AUTOVEHICULELOR SI MOTOCICLETELOR, Total, Covasna, Anul 2019, Milioane lei RON, 3323
G  COMERT CU RIDICATA SI CU AMANUNTUL; REPARAREA AUTOVEHICULELOR SI MOTOCICLETELOR, Total, Covasna, Anul 2020, Milioane lei RON, 3374
G  COMERT CU RIDICATA SI CU AMANUNTUL; REPARAREA AUTOVEHICULELOR SI MOTOCICLETELOR, Total, Covasna, Anul 2021, Milioane lei RON, 3754
G  COMERT CU RIDICATA SI CU AMANUNTUL; REPARAREA AUTOVEHICULELOR SI MOTOCICLETELOR, Total, Covasna, Anul 2022, Milioane lei RON, 4988
G  COMERT CU RIDICATA SI CU AMANUNTUL; REPARAREA AUTOVEHICULELOR SI MOTOCICLETELOR, Total, Covasna, Anul 2023, Milioane lei RON, 5199
G  COMERT CU RIDICATA SI CU AMANUNTUL; REPARAREA AUTOVEHICULELOR SI MOTOCICLETELOR, Total, Covasna, Anul 2024, Milioane lei RON, 5649
G  COMERT CU RIDICATA SI CU AMANUNTUL; REPARAREA AUTOVEHICULELOR SI MOTOCICLETELOR, Total, Harghita, Anul 2008, Milioane lei RON, 3280
G  COMERT CU RIDICATA SI CU AMANUNTUL; REPARAREA AUTOVEHICULELOR SI MOTOCICLETELOR, Total, Harghita, Anul 2009, Milioane lei RON, 2826
G  COMERT CU RIDICATA SI CU AMANUNTUL; REPARAREA AUTOVEHICULELOR SI MOTOCICLETELOR, Total, Harghita, Anul 2010, Milioane lei RON, 3179
G  COMERT CU RIDICATA SI CU AMANUNTUL; REPARAREA AUTOVEHICULELOR SI MOTOCICLETELOR, Total, Harghita, Anul 2011, Milioane lei RON, 3490
G  COMERT CU RIDICATA SI CU AMANUNTUL; REPARAREA AUTOVEHICULELOR SI MOTOCICLETELOR, Total, Harghita, Anul 2012, Milioane lei RON, 3559
G  COMERT CU RIDICATA SI CU AMANUNTUL; REPARAREA AUTOVEHICULELOR SI MOTOCICLETELOR, Total, Harghita, Anul 2013, Milioane lei RON, 3702
G  COMERT CU RIDICATA SI CU AMANUNTUL; REPARAREA AUTOVEHICULELOR SI MOTOCICLETELOR, Total, Harghita, Anul 2014, Milioane lei RON, 4032
G  COMERT CU RIDICATA SI CU AMANUNTUL; REPARAREA AUTOVEHICULELOR SI MOTOCICLETELOR, Total, Harghita, Anul 2015, Milioane lei RON, 4249
G  COMERT CU RIDICATA SI CU AMANUNTUL; REPARAREA AUTOVEHICULELOR SI MOTOCICLETELOR, Total, Harghita, Anul 2016, Milioane lei RON, 4502
G  COMERT CU RIDICATA SI CU AMANUNTUL; REPARAREA AUTOVEHICULELOR SI MOTOCICLETELOR, Total, Harghita, Anul 2017, Milioane lei RON, 4938
G  COMERT CU RIDICATA SI CU AMANUNTUL; REPARAREA AUTOVEHICULELOR SI MOTOCICLETELOR, Total, Harghita, Anul 2018, Milioane lei RON, 5583
G  COMERT CU RIDICATA SI CU AMANUNTUL; REPARAREA AUTOVEHICULELOR SI MOTOCICLETELOR, Total, Harghita, Anul 2019, Milioane lei RON, 5943
G  COMERT CU RIDICATA SI CU AMANUNTUL; REPARAREA AUTOVEHICULELOR SI MOTOCICLETELOR, Total, Harghita, Anul 2020, Milioane lei RON, 6078
G  COMERT CU RIDICATA SI CU AMANUNTUL; REPARAREA AUTOVEHICULELOR SI MOTOCICLETELOR, Total, Harghita, Anul 2021, Milioane lei RON, 7251
G  COMERT CU RIDICATA SI CU AMANUNTUL; REPARAREA AUTOVEHICULELOR SI MOTOCICLETELOR, Total, Harghita, Anul 2022, Milioane lei RON, 8412
G  COMERT CU RIDICATA SI CU AMANUNTUL; REPARAREA AUTOVEHICULELOR SI MOTOCICLETELOR, Total, Harghita, Anul 2023, Milioane lei RON, 8790
G  COMERT CU RIDICATA SI CU AMANUNTUL; REPARAREA AUTOVEHICULELOR SI MOTOCICLETELOR, Total, Harghita, Anul 2024, Milioane lei RON, 9281
G  COMERT CU RIDICATA SI CU AMANUNTUL; REPARAREA AUTOVEHICULELOR SI MOTOCICLETELOR, Total, Mures, Anul 2008, Milioane lei RON, 6970
G  COMERT CU RIDICATA SI CU AMANUNTUL; REPARAREA AUTOVEHICULELOR SI MOTOCICLETELOR, Total, Mures, Anul 2009, Milioane lei RON, 6346
G  COMERT CU RIDICATA SI CU AMANUNTUL; REPARAREA AUTOVEHICULELOR SI MOTOCICLETELOR, Total, Mures, Anul 2010, Milioane lei RON, 6419
G  COMERT CU RIDICATA SI CU AMANUNTUL; REPARAREA AUTOVEHICULELOR SI MOTOCICLETELOR, Total, Mures, Anul 2011, Milioane lei RON, 7055
G  COMERT CU RIDICATA SI CU AMANUNTUL; REPARAREA AUTOVEHICULELOR SI MOTOCICLETELOR, Total, Mures, Anul 2012, Milioane lei RON, 7313
G  COMERT CU RIDICATA SI CU AMANUNTUL; REPARAREA AUTOVEHICULELOR SI MOTOCICLETELOR, Total, Mures, Anul 2013, Milioane lei RON, 7422
G  COMERT CU RIDICATA SI CU AMANUNTUL; REPARAREA AUTOVEHICULELOR SI MOTOCICLETELOR, Total, Mures, Anul 2014, Milioane lei RON, 8008
G  COMERT CU RIDICATA SI CU AMANUNTUL; REPARAREA AUTOVEHICULELOR SI MOTOCICLETELOR, Total, Mures, Anul 2015, Milioane lei RON, 8759
G  COMERT CU RIDICATA SI CU AMANUNTUL; REPARAREA AUTOVEHICULELOR SI MOTOCICLETELOR, Total, Mures, Anul 2016, Milioane lei RON, 9767
G  COMERT CU RIDICATA SI CU AMANUNTUL; REPARAREA AUTOVEHICULELOR SI MOTOCICLETELOR, Total, Mures, Anul 2017, Milioane lei RON, 10479
G  COMERT CU RIDICATA SI CU AMANUNTUL; REPARAREA AUTOVEHICULELOR SI MOTOCICLETELOR, Total, Mures, Anul 2018, Milioane lei RON, 11337
G  COMERT CU RIDICATA SI CU AMANUNTUL; REPARAREA AUTOVEHICULELOR SI MOTOCICLETELOR, Total, Mures, Anul 2019, Milioane lei RON, 12379
G  COMERT CU RIDICATA SI CU AMANUNTUL; REPARAREA AUTOVEHICULELOR SI MOTOCICLETELOR, Total, Mures, Anul 2020, Milioane lei RON, 13201
G  COMERT CU RIDICATA SI CU AMANUNTUL; REPARAREA AUTOVEHICULELOR SI MOTOCICLETELOR, Total, Mures, Anul 2021, Milioane lei RON, 15034
G  COMERT CU RIDICATA SI CU AMANUNTUL; REPARAREA AUTOVEHICULELOR SI MOTOCICLETELOR, Total, Mures, Anul 2022, Milioane lei RON, 18469
G  COMERT CU RIDICATA SI CU AMANUNTUL; REPARAREA AUTOVEHICULELOR SI MOTOCICLETELOR, Total, Mures, Anul 2023, Milioane lei RON, 18980
G  COMERT CU RIDICATA SI CU AMANUNTUL; REPARAREA AUTOVEHICULELOR SI MOTOCICLETELOR, Total, Mures, Anul 2024, Milioane lei RON, 20181
G  COMERT CU RIDICATA SI CU AMANUNTUL; REPARAREA AUTOVEHICULELOR SI MOTOCICLETELOR, Total, Sibiu, Anul 2008, Milioane lei RON, 7541
G  COMERT CU RIDICATA SI CU AMANUNTUL; REPARAREA AUTOVEHICULELOR SI MOTOCICLETELOR, Total, Sibiu, Anul 2009, Milioane lei RON, 6498
G  COMERT CU RIDICATA SI CU AMANUNTUL; REPARAREA AUTOVEHICULELOR SI MOTOCICLETELOR, Total, Sibiu, Anul 2010, Milioane lei RON, 7011
G  COMERT CU RIDICATA SI CU AMANUNTUL; REPARAREA AUTOVEHICULELOR SI MOTOCICLETELOR, Total, Sibiu, Anul 2011, Milioane lei RON, 7622
G  COMERT CU RIDICATA SI CU AMANUNTUL; REPARAREA AUTOVEHICULELOR SI MOTOCICLETELOR, Total, Sibiu, Anul 2012, Milioane lei RON, 8108
G  COMERT CU RIDICATA SI CU AMANUNTUL; REPARAREA AUTOVEHICULELOR SI MOTOCICLETELOR, Total, Sibiu, Anul 2013, Milioane lei RON, 8040
G  COMERT CU RIDICATA SI CU AMANUNTUL; REPARAREA AUTOVEHICULELOR SI MOTOCICLETELOR, Total, Sibiu, Anul 2014, Milioane lei RON, 8330
G  COMERT CU RIDICATA SI CU AMANUNTUL; REPARAREA AUTOVEHICULELOR SI MOTOCICLETELOR, Total, Sibiu, Anul 2015, Milioane lei RON, 7988
G  COMERT CU RIDICATA SI CU AMANUNTUL; REPARAREA AUTOVEHICULELOR SI MOTOCICLETELOR, Total, Sibiu, Anul 2016, Milioane lei RON, 8311
G  COMERT CU RIDICATA SI CU AMANUNTUL; REPARAREA AUTOVEHICULELOR SI MOTOCICLETELOR, Total, Sibiu, Anul 2017, Milioane lei RON, 8870
G  COMERT CU RIDICATA SI CU AMANUNTUL; REPARAREA AUTOVEHICULELOR SI MOTOCICLETELOR, Total, Sibiu, Anul 2018, Milioane lei RON, 10128
G  COMERT CU RIDICATA SI CU AMANUNTUL; REPARAREA AUTOVEHICULELOR SI MOTOCICLETELOR, Total, Sibiu, Anul 2019, Milioane lei RON, 10585
G  COMERT CU RIDICATA SI CU AMANUNTUL; REPARAREA AUTOVEHICULELOR SI MOTOCICLETELOR, Total, Sibiu, Anul 2020, Milioane lei RON, 10469
G  COMERT CU RIDICATA SI CU AMANUNTUL; REPARAREA AUTOVEHICULELOR SI MOTOCICLETELOR, Total, Sibiu, Anul 2021, Milioane lei RON, 11894
G  COMERT CU RIDICATA SI CU AMANUNTUL; REPARAREA AUTOVEHICULELOR SI MOTOCICLETELOR, Total, Sibiu, Anul 2022, Milioane lei RON, 14781
G  COMERT CU RIDICATA SI CU AMANUNTUL; REPARAREA AUTOVEHICULELOR SI MOTOCICLETELOR, Total, Sibiu, Anul 2023, Milioane lei RON, 16203
G  COMERT CU RIDICATA SI CU AMANUNTUL; REPARAREA AUTOVEHICULELOR SI MOTOCICLETELOR, Total, Sibiu, Anul 2024, Milioane lei RON, 16116
G  COMERT CU RIDICATA SI CU AMANUNTUL; REPARAREA AUTOVEHICULELOR SI MOTOCICLETELOR, Total, Bacau, Anul 2008, Milioane lei RON, 7181
G  COMERT CU RIDICATA SI CU AMANUNTUL; REPARAREA AUTOVEHICULELOR SI MOTOCICLETELOR, Total, Bacau, Anul 2009, Milioane lei RON, 6245
G  COMERT CU RIDICATA SI CU AMANUNTUL; REPARAREA AUTOVEHICULELOR SI MOTOCICLETELOR, Total, Bacau, Anul 2010, Milioane lei RON, 6119
G  COMERT CU RIDICATA SI CU AMANUNTUL; REPARAREA AUTOVEHICULELOR SI MOTOCICLETELOR, Total, Bacau, Anul 2011, Milioane lei RON, 6614
G  COMERT CU RIDICATA SI CU AMANUNTUL; REPARAREA AUTOVEHICULELOR SI MOTOCICLETELOR, Total, Bacau, Anul 2012, Milioane lei RON, 7267
G  COMERT CU RIDICATA SI CU AMANUNTUL; REPARAREA AUTOVEHICULELOR SI MOTOCICLETELOR, Total, Bacau, Anul 2013, Milioane lei RON, 7650
G  COMERT CU RIDICATA SI CU AMANUNTUL; REPARAREA AUTOVEHICULELOR SI MOTOCICLETELOR, Total, Bacau, Anul 2014, Milioane lei RON, 7563
G  COMERT CU RIDICATA SI CU AMANUNTUL; REPARAREA AUTOVEHICULELOR SI MOTOCICLETELOR, Total, Bacau, Anul 2015, Milioane lei RON, 8490
G  COMERT CU RIDICATA SI CU AMANUNTUL; REPARAREA AUTOVEHICULELOR SI MOTOCICLETELOR, Total, Bacau, Anul 2016, Milioane lei RON, 9035
G  COMERT CU RIDICATA SI CU AMANUNTUL; REPARAREA AUTOVEHICULELOR SI MOTOCICLETELOR, Total, Bacau, Anul 2017, Milioane lei RON, 10288
G  COMERT CU RIDICATA SI CU AMANUNTUL; REPARAREA AUTOVEHICULELOR SI MOTOCICLETELOR, Total, Bacau, Anul 2018, Milioane lei RON, 11488
G  COMERT CU RIDICATA SI CU AMANUNTUL; REPARAREA AUTOVEHICULELOR SI MOTOCICLETELOR, Total, Bacau, Anul 2019, Milioane lei RON, 12306
G  COMERT CU RIDICATA SI CU AMANUNTUL; REPARAREA AUTOVEHICULELOR SI MOTOCICLETELOR, Total, Bacau, Anul 2020, Milioane lei RON, 12691
G  COMERT CU RIDICATA SI CU AMANUNTUL; REPARAREA AUTOVEHICULELOR SI MOTOCICLETELOR, Total, Bacau, Anul 2021, Milioane lei RON, 15177
G  COMERT CU RIDICATA SI CU AMANUNTUL; REPARAREA AUTOVEHICULELOR SI MOTOCICLETELOR, Total, Bacau, Anul 2022, Milioane lei RON, 18580
G  COMERT CU RIDICATA SI CU AMANUNTUL; REPARAREA AUTOVEHICULELOR SI MOTOCICLETELOR, Total, Bacau, Anul 2023, Milioane lei RON, 19237
G  COMERT CU RIDICATA SI CU AMANUNTUL; REPARAREA AUTOVEHICULELOR SI MOTOCICLETELOR, Total, Bacau, Anul 2024, Milioane lei RON, 20032
G  COMERT CU RIDICATA SI CU AMANUNTUL; REPARAREA AUTOVEHICULELOR SI MOTOCICLETELOR, Total, Botosani, Anul 2008, Milioane lei RON, 2261
G  COMERT CU RIDICATA SI CU AMANUNTUL; REPARAREA AUTOVEHICULELOR SI MOTOCICLETELOR, Total, Botosani, Anul 2009, Milioane lei RON, 1880
G  COMERT CU RIDICATA SI CU AMANUNTUL; REPARAREA AUTOVEHICULELOR SI MOTOCICLETELOR, Total, Botosani, Anul 2010, Milioane lei RON, 1816
G  COMERT CU RIDICATA SI CU AMANUNTUL; REPARAREA AUTOVEHICULELOR SI MOTOCICLETELOR, Total, Botosani, Anul 2011, Milioane lei RON, 1965
G  COMERT CU RIDICATA SI CU AMANUNTUL; REPARAREA AUTOVEHICULELOR SI MOTOCICLETELOR, Total, Botosani, Anul 2012, Milioane lei RON, 2293
G  COMERT CU RIDICATA SI CU AMANUNTUL; REPARAREA AUTOVEHICULELOR SI MOTOCICLETELOR, Total, Botosani, Anul 2013, Milioane lei RON, 2256
G  COMERT CU RIDICATA SI CU AMANUNTUL; REPARAREA AUTOVEHICULELOR SI MOTOCICLETELOR, Total, Botosani, Anul 2014, Milioane lei RON, 2352
G  COMERT CU RIDICATA SI CU AMANUNTUL; REPARAREA AUTOVEHICULELOR SI MOTOCICLETELOR, Total, Botosani, Anul 2015, Milioane lei RON, 2610
G  COMERT CU RIDICATA SI CU AMANUNTUL; REPARAREA AUTOVEHICULELOR SI MOTOCICLETELOR, Total, Botosani, Anul 2016, Milioane lei RON, 2816
G  COMERT CU RIDICATA SI CU AMANUNTUL; REPARAREA AUTOVEHICULELOR SI MOTOCICLETELOR, Total, Botosani, Anul 2017, Milioane lei RON, 3208
G  COMERT CU RIDICATA SI CU AMANUNTUL; REPARAREA AUTOVEHICULELOR SI MOTOCICLETELOR, Total, Botosani, Anul 2018, Milioane lei RON, 3786
G  COMERT CU RIDICATA SI CU AMANUNTUL; REPARAREA AUTOVEHICULELOR SI MOTOCICLETELOR, Total, Botosani, Anul 2019, Milioane lei RON, 3962
G  COMERT CU RIDICATA SI CU AMANUNTUL; REPARAREA AUTOVEHICULELOR SI MOTOCICLETELOR, Total, Botosani, Anul 2020, Milioane lei RON, 4228
G  COMERT CU RIDICATA SI CU AMANUNTUL; REPARAREA AUTOVEHICULELOR SI MOTOCICLETELOR, Total, Botosani, Anul 2021, Milioane lei RON, 4997
G  COMERT CU RIDICATA SI CU AMANUNTUL; REPARAREA AUTOVEHICULELOR SI MOTOCICLETELOR, Total, Botosani, Anul 2022, Milioane lei RON, 6020
G  COMERT CU RIDICATA SI CU AMANUNTUL; REPARAREA AUTOVEHICULELOR SI MOTOCICLETELOR, Total, Botosani, Anul 2023, Milioane lei RON, 6640
G  COMERT CU RIDICATA SI CU AMANUNTUL; REPARAREA AUTOVEHICULELOR SI MOTOCICLETELOR, Total, Botosani, Anul 2024, Milioane lei RON, 7062
G  COMERT CU RIDICATA SI CU AMANUNTUL; REPARAREA AUTOVEHICULELOR SI MOTOCICLETELOR, Total, Iasi, Anul 2008, Milioane lei RON, 9846
G  COMERT CU RIDICATA SI CU AMANUNTUL; REPARAREA AUTOVEHICULELOR SI MOTOCICLETELOR, Total, Iasi, Anul 2009, Milioane lei RON, 8481
G  COMERT CU RIDICATA SI CU AMANUNTUL; REPARAREA AUTOVEHICULELOR SI MOTOCICLETELOR, Total, Iasi, Anul 2010, Milioane lei RON, 7800
G  COMERT CU RIDICATA SI CU AMANUNTUL; REPARAREA AUTOVEHICULELOR SI MOTOCICLETELOR, Total, Iasi, Anul 2011, Milioane lei RON, 8535
G  COMERT CU RIDICATA SI CU AMANUNTUL; REPARAREA AUTOVEHICULELOR SI MOTOCICLETELOR, Total, Iasi, Anul 2012, Milioane lei RON, 9277
G  COMERT CU RIDICATA SI CU AMANUNTUL; REPARAREA AUTOVEHICULELOR SI MOTOCICLETELOR, Total, Iasi, Anul 2013, Milioane lei RON, 9623
G  COMERT CU RIDICATA SI CU AMANUNTUL; REPARAREA AUTOVEHICULELOR SI MOTOCICLETELOR, Total, Iasi, Anul 2014, Milioane lei RON, 10113
G  COMERT CU RIDICATA SI CU AMANUNTUL; REPARAREA AUTOVEHICULELOR SI MOTOCICLETELOR, Total, Iasi, Anul 2015, Milioane lei RON, 11086
G  COMERT CU RIDICATA SI CU AMANUNTUL; REPARAREA AUTOVEHICULELOR SI MOTOCICLETELOR, Total, Iasi, Anul 2016, Milioane lei RON, 12877
G  COMERT CU RIDICATA SI CU AMANUNTUL; REPARAREA AUTOVEHICULELOR SI MOTOCICLETELOR, Total, Iasi, Anul 2017, Milioane lei RON, 13533
G  COMERT CU RIDICATA SI CU AMANUNTUL; REPARAREA AUTOVEHICULELOR SI MOTOCICLETELOR, Total, Iasi, Anul 2018, Milioane lei RON, 15933
G  COMERT CU RIDICATA SI CU AMANUNTUL; REPARAREA AUTOVEHICULELOR SI MOTOCICLETELOR, Total, Iasi, Anul 2019, Milioane lei RON, 17270
G  COMERT CU RIDICATA SI CU AMANUNTUL; REPARAREA AUTOVEHICULELOR SI MOTOCICLETELOR, Total, Iasi, Anul 2020, Milioane lei RON, 17514
G  COMERT CU RIDICATA SI CU AMANUNTUL; REPARAREA AUTOVEHICULELOR SI MOTOCICLETELOR, Total, Iasi, Anul 2021, Milioane lei RON, 20386
G  COMERT CU RIDICATA SI CU AMANUNTUL; REPARAREA AUTOVEHICULELOR SI MOTOCICLETELOR, Total, Iasi, Anul 2022, Milioane lei RON, 25989
G  COMERT CU RIDICATA SI CU AMANUNTUL; REPARAREA AUTOVEHICULELOR SI MOTOCICLETELOR, Total, Iasi, Anul 2023, Milioane lei RON, 26662
G  COMERT CU RIDICATA SI CU AMANUNTUL; REPARAREA AUTOVEHICULELOR SI MOTOCICLETELOR, Total, Iasi, Anul 2024, Milioane lei RON, 27794
G  COMERT CU RIDICATA SI CU AMANUNTUL; REPARAREA AUTOVEHICULELOR SI MOTOCICLETELOR, Total, Neamt, Anul 2008, Milioane lei RON, 4258
G  COMERT CU RIDICATA SI CU AMANUNTUL; REPARAREA AUTOVEHICULELOR SI MOTOCICLETELOR, Total, Neamt, Anul 2009, Milioane lei RON, 3690
G  COMERT CU RIDICATA SI CU AMANUNTUL; REPARAREA AUTOVEHICULELOR SI MOTOCICLETELOR, Total, Neamt, Anul 2010, Milioane lei RON, 3806
G  COMERT CU RIDICATA SI CU AMANUNTUL; REPARAREA AUTOVEHICULELOR SI MOTOCICLETELOR, Total, Neamt, Anul 2011, Milioane lei RON, 4353
G  COMERT CU RIDICATA SI CU AMANUNTUL; REPARAREA AUTOVEHICULELOR SI MOTOCICLETELOR, Total, Neamt, Anul 2012, Milioane lei RON, 4599
G  COMERT CU RIDICATA SI CU AMANUNTUL; REPARAREA AUTOVEHICULELOR SI MOTOCICLETELOR, Total, Neamt, Anul 2013, Milioane lei RON, 4902
G  COMERT CU RIDICATA SI CU AMANUNTUL; REPARAREA AUTOVEHICULELOR SI MOTOCICLETELOR, Total, Neamt, Anul 2014, Milioane lei RON, 4994
G  COMERT CU RIDICATA SI CU AMANUNTUL; REPARAREA AUTOVEHICULELOR SI MOTOCICLETELOR, Total, Neamt, Anul 2015, Milioane lei RON, 5408
G  COMERT CU RIDICATA SI CU AMANUNTUL; REPARAREA AUTOVEHICULELOR SI MOTOCICLETELOR, Total, Neamt, Anul 2016, Milioane lei RON, 5790
G  COMERT CU RIDICATA SI CU AMANUNTUL; REPARAREA AUTOVEHICULELOR SI MOTOCICLETELOR, Total, Neamt, Anul 2017, Milioane lei RON, 6215
G  COMERT CU RIDICATA SI CU AMANUNTUL; REPARAREA AUTOVEHICULELOR SI MOTOCICLETELOR, Total, Neamt, Anul 2018, Milioane lei RON, 7165
G  COMERT CU RIDICATA SI CU AMANUNTUL; REPARAREA AUTOVEHICULELOR SI MOTOCICLETELOR, Total, Neamt, Anul 2019, Milioane lei RON, 7156
G  COMERT CU RIDICATA SI CU AMANUNTUL; REPARAREA AUTOVEHICULELOR SI MOTOCICLETELOR, Total, Neamt, Anul 2020, Milioane lei RON, 7226
G  COMERT CU RIDICATA SI CU AMANUNTUL; REPARAREA AUTOVEHICULELOR SI MOTOCICLETELOR, Total, Neamt, Anul 2021, Milioane lei RON, 8663
G  COMERT CU RIDICATA SI CU AMANUNTUL; REPARAREA AUTOVEHICULELOR SI MOTOCICLETELOR, Total, Neamt, Anul 2022, Milioane lei RON, 10358
G  COMERT CU RIDICATA SI CU AMANUNTUL; REPARAREA AUTOVEHICULELOR SI MOTOCICLETELOR, Total, Neamt, Anul 2023, Milioane lei RON, 11828
G  COMERT CU RIDICATA SI CU AMANUNTUL; REPARAREA AUTOVEHICULELOR SI MOTOCICLETELOR, Total, Neamt, Anul 2024, Milioane lei RON, 12110
G  COMERT CU RIDICATA SI CU AMANUNTUL; REPARAREA AUTOVEHICULELOR SI MOTOCICLETELOR, Total, Suceava, Anul 2008, Milioane lei RON, 6490
G  COMERT CU RIDICATA SI CU AMANUNTUL; REPARAREA AUTOVEHICULELOR SI MOTOCICLETELOR, Total, Suceava, Anul 2009, Milioane lei RON, 5472
G  COMERT CU RIDICATA SI CU AMANUNTUL; REPARAREA AUTOVEHICULELOR SI MOTOCICLETELOR, Total, Suceava, Anul 2010, Milioane lei RON, 5666
G  COMERT CU RIDICATA SI CU AMANUNTUL; REPARAREA AUTOVEHICULELOR SI MOTOCICLETELOR, Total, Suceava, Anul 2011, Milioane lei RON, 6416
G  COMERT CU RIDICATA SI CU AMANUNTUL; REPARAREA AUTOVEHICULELOR SI MOTOCICLETELOR, Total, Suceava, Anul 2012, Milioane lei RON, 7077
G  COMERT CU RIDICATA SI CU AMANUNTUL; REPARAREA AUTOVEHICULELOR SI MOTOCICLETELOR, Total, Suceava, Anul 2013, Milioane lei RON, 7222
G  COMERT CU RIDICATA SI CU AMANUNTUL; REPARAREA AUTOVEHICULELOR SI MOTOCICLETELOR, Total, Suceava, Anul 2014, Milioane lei RON, 7304
G  COMERT CU RIDICATA SI CU AMANUNTUL; REPARAREA AUTOVEHICULELOR SI MOTOCICLETELOR, Total, Suceava, Anul 2015, Milioane lei RON, 7473
G  COMERT CU RIDICATA SI CU AMANUNTUL; REPARAREA AUTOVEHICULELOR SI MOTOCICLETELOR, Total, Suceava, Anul 2016, Milioane lei RON, 8701
G  COMERT CU RIDICATA SI CU AMANUNTUL; REPARAREA AUTOVEHICULELOR SI MOTOCICLETELOR, Total, Suceava, Anul 2017, Milioane lei RON, 9417
G  COMERT CU RIDICATA SI CU AMANUNTUL; REPARAREA AUTOVEHICULELOR SI MOTOCICLETELOR, Total, Suceava, Anul 2018, Milioane lei RON, 10691
G  COMERT CU RIDICATA SI CU AMANUNTUL; REPARAREA AUTOVEHICULELOR SI MOTOCICLETELOR, Total, Suceava, Anul 2019, Milioane lei RON, 12343
G  COMERT CU RIDICATA SI CU AMANUNTUL; REPARAREA AUTOVEHICULELOR SI MOTOCICLETELOR, Total, Suceava, Anul 2020, Milioane lei RON, 12264
G  COMERT CU RIDICATA SI CU AMANUNTUL; REPARAREA AUTOVEHICULELOR SI MOTOCICLETELOR, Total, Suceava, Anul 2021, Milioane lei RON, 15789
G  COMERT CU RIDICATA SI CU AMANUNTUL; REPARAREA AUTOVEHICULELOR SI MOTOCICLETELOR, Total, Suceava, Anul 2022, Milioane lei RON, 19259
G  COMERT CU RIDICATA SI CU AMANUNTUL; REPARAREA AUTOVEHICULELOR SI MOTOCICLETELOR, Total, Suceava, Anul 2023, Milioane lei RON, 18936
G  COMERT CU RIDICATA SI CU AMANUNTUL; REPARAREA AUTOVEHICULELOR SI MOTOCICLETELOR, Total, Suceava, Anul 2024, Milioane lei RON, 19851
G  COMERT CU RIDICATA SI CU AMANUNTUL; REPARAREA AUTOVEHICULELOR SI MOTOCICLETELOR, Total, Vaslui, Anul 2008, Milioane lei RON, 2116
G  COMERT CU RIDICATA SI CU AMANUNTUL; REPARAREA AUTOVEHICULELOR SI MOTOCICLETELOR, Total, Vaslui, Anul 2009, Milioane lei RON, 1802
G  COMERT CU RIDICATA SI CU AMANUNTUL; REPARAREA AUTOVEHICULELOR SI MOTOCICLETELOR, Total, Vaslui, Anul 2010, Milioane lei RON, 1985
G  COMERT CU RIDICATA SI CU AMANUNTUL; REPARAREA AUTOVEHICULELOR SI MOTOCICLETELOR, Total, Vaslui, Anul 2011, Milioane lei RON, 2199
G  COMERT CU RIDICATA SI CU AMANUNTUL; REPARAREA AUTOVEHICULELOR SI MOTOCICLETELOR, Total, Vaslui, Anul 2012, Milioane lei RON, 2408
G  COMERT CU RIDICATA SI CU AMANUNTUL; REPARAREA AUTOVEHICULELOR SI MOTOCICLETELOR, Total, Vaslui, Anul 2013, Milioane lei RON, 2290
G  COMERT CU RIDICATA SI CU AMANUNTUL; REPARAREA AUTOVEHICULELOR SI MOTOCICLETELOR, Total, Vaslui, Anul 2014, Milioane lei RON, 2554
G  COMERT CU RIDICATA SI CU AMANUNTUL; REPARAREA AUTOVEHICULELOR SI MOTOCICLETELOR, Total, Vaslui, Anul 2015, Milioane lei RON, 3038
G  COMERT CU RIDICATA SI CU AMANUNTUL; REPARAREA AUTOVEHICULELOR SI MOTOCICLETELOR, Total, Vaslui, Anul 2016, Milioane lei RON, 3368
G  COMERT CU RIDICATA SI CU AMANUNTUL; REPARAREA AUTOVEHICULELOR SI MOTOCICLETELOR, Total, Vaslui, Anul 2017, Milioane lei RON, 3591
G  COMERT CU RIDICATA SI CU AMANUNTUL; REPARAREA AUTOVEHICULELOR SI MOTOCICLETELOR, Total, Vaslui, Anul 2018, Milioane lei RON, 4019
G  COMERT CU RIDICATA SI CU AMANUNTUL; REPARAREA AUTOVEHICULELOR SI MOTOCICLETELOR, Total, Vaslui, Anul 2019, Milioane lei RON, 4324
G  COMERT CU RIDICATA SI CU AMANUNTUL; REPARAREA AUTOVEHICULELOR SI MOTOCICLETELOR, Total, Vaslui, Anul 2020, Milioane lei RON, 4669
G  COMERT CU RIDICATA SI CU AMANUNTUL; REPARAREA AUTOVEHICULELOR SI MOTOCICLETELOR, Total, Vaslui, Anul 2021, Milioane lei RON, 5342
G  COMERT CU RIDICATA SI CU AMANUNTUL; REPARAREA AUTOVEHICULELOR SI MOTOCICLETELOR, Total, Vaslui, Anul 2022, Milioane lei RON, 5989
G  COMERT CU RIDICATA SI CU AMANUNTUL; REPARAREA AUTOVEHICULELOR SI MOTOCICLETELOR, Total, Vaslui, Anul 2023, Milioane lei RON, 6425
G  COMERT CU RIDICATA SI CU AMANUNTUL; REPARAREA AUTOVEHICULELOR SI MOTOCICLETELOR, Total, Vaslui, Anul 2024, Milioane lei RON, 6975
G  COMERT CU RIDICATA SI CU AMANUNTUL; REPARAREA AUTOVEHICULELOR SI MOTOCICLETELOR, Total, Braila, Anul 2008, Milioane lei RON, 3694
G  COMERT CU RIDICATA SI CU AMANUNTUL; REPARAREA AUTOVEHICULELOR SI MOTOCICLETELOR, Total, Braila, Anul 2009, Milioane lei RON, 3417
G  COMERT CU RIDICATA SI CU AMANUNTUL; REPARAREA AUTOVEHICULELOR SI MOTOCICLETELOR, Total, Braila, Anul 2010, Milioane lei RON, 3678
G  COMERT CU RIDICATA SI CU AMANUNTUL; REPARAREA AUTOVEHICULELOR SI MOTOCICLETELOR, Total, Braila, Anul 2011, Milioane lei RON, 4983
G  COMERT CU RIDICATA SI CU AMANUNTUL; REPARAREA AUTOVEHICULELOR SI MOTOCICLETELOR, Total, Braila, Anul 2012, Milioane lei RON, 5465
G  COMERT CU RIDICATA SI CU AMANUNTUL; REPARAREA AUTOVEHICULELOR SI MOTOCICLETELOR, Total, Braila, Anul 2013, Milioane lei RON, 5020
G  COMERT CU RIDICATA SI CU AMANUNTUL; REPARAREA AUTOVEHICULELOR SI MOTOCICLETELOR, Total, Braila, Anul 2014, Milioane lei RON, 4893
G  COMERT CU RIDICATA SI CU AMANUNTUL; REPARAREA AUTOVEHICULELOR SI MOTOCICLETELOR, Total, Braila, Anul 2015, Milioane lei RON, 5697
G  COMERT CU RIDICATA SI CU AMANUNTUL; REPARAREA AUTOVEHICULELOR SI MOTOCICLETELOR, Total, Braila, Anul 2016, Milioane lei RON, 6191
G  COMERT CU RIDICATA SI CU AMANUNTUL; REPARAREA AUTOVEHICULELOR SI MOTOCICLETELOR, Total, Braila, Anul 2017, Milioane lei RON, 6379
G  COMERT CU RIDICATA SI CU AMANUNTUL; REPARAREA AUTOVEHICULELOR SI MOTOCICLETELOR, Total, Braila, Anul 2018, Milioane lei RON, 7218
G  COMERT CU RIDICATA SI CU AMANUNTUL; REPARAREA AUTOVEHICULELOR SI MOTOCICLETELOR, Total, Braila, Anul 2019, Milioane lei RON, 7091
G  COMERT CU RIDICATA SI CU AMANUNTUL; REPARAREA AUTOVEHICULELOR SI MOTOCICLETELOR, Total, Braila, Anul 2020, Milioane lei RON, 5906
G  COMERT CU RIDICATA SI CU AMANUNTUL; REPARAREA AUTOVEHICULELOR SI MOTOCICLETELOR, Total, Braila, Anul 2021, Milioane lei RON, 7640
G  COMERT CU RIDICATA SI CU AMANUNTUL; REPARAREA AUTOVEHICULELOR SI MOTOCICLETELOR, Total, Braila, Anul 2022, Milioane lei RON, 9494
G  COMERT CU RIDICATA SI CU AMANUNTUL; REPARAREA AUTOVEHICULELOR SI MOTOCICLETELOR, Total, Braila, Anul 2023, Milioane lei RON, 9978
G  COMERT CU RIDICATA SI CU AMANUNTUL; REPARAREA AUTOVEHICULELOR SI MOTOCICLETELOR, Total, Braila, Anul 2024, Milioane lei RON, 9285
G  COMERT CU RIDICATA SI CU AMANUNTUL; REPARAREA AUTOVEHICULELOR SI MOTOCICLETELOR, Total, Buzau, Anul 2008, Milioane lei RON, 5678
G  COMERT CU RIDICATA SI CU AMANUNTUL; REPARAREA AUTOVEHICULELOR SI MOTOCICLETELOR, Total, Buzau, Anul 2009, Milioane lei RON, 5717
G  COMERT CU RIDICATA SI CU AMANUNTUL; REPARAREA AUTOVEHICULELOR SI MOTOCICLETELOR, Total, Buzau, Anul 2010, Milioane lei RON, 6496
G  COMERT CU RIDICATA SI CU AMANUNTUL; REPARAREA AUTOVEHICULELOR SI MOTOCICLETELOR, Total, Buzau, Anul 2011, Milioane lei RON, 7118
G  COMERT CU RIDICATA SI CU AMANUNTUL; REPARAREA AUTOVEHICULELOR SI MOTOCICLETELOR, Total, Buzau, Anul 2012, Milioane lei RON, 7328
G  COMERT CU RIDICATA SI CU AMANUNTUL; REPARAREA AUTOVEHICULELOR SI MOTOCICLETELOR, Total, Buzau, Anul 2013, Milioane lei RON, 6089
G  COMERT CU RIDICATA SI CU AMANUNTUL; REPARAREA AUTOVEHICULELOR SI MOTOCICLETELOR, Total, Buzau, Anul 2014, Milioane lei RON, 6120
G  COMERT CU RIDICATA SI CU AMANUNTUL; REPARAREA AUTOVEHICULELOR SI MOTOCICLETELOR, Total, Buzau, Anul 2015, Milioane lei RON, 6406
G  COMERT CU RIDICATA SI CU AMANUNTUL; REPARAREA AUTOVEHICULELOR SI MOTOCICLETELOR, Total, Buzau, Anul 2016, Milioane lei RON, 6795
G  COMERT CU RIDICATA SI CU AMANUNTUL; REPARAREA AUTOVEHICULELOR SI MOTOCICLETELOR, Total, Buzau, Anul 2017, Milioane lei RON, 6542
G  COMERT CU RIDICATA SI CU AMANUNTUL; REPARAREA AUTOVEHICULELOR SI MOTOCICLETELOR, Total, Buzau, Anul 2018, Milioane lei RON, 7697
G  COMERT CU RIDICATA SI CU AMANUNTUL; REPARAREA AUTOVEHICULELOR SI MOTOCICLETELOR, Total, Buzau, Anul 2019, Milioane lei RON, 8168
G  COMERT CU RIDICATA SI CU AMANUNTUL; REPARAREA AUTOVEHICULELOR SI MOTOCICLETELOR, Total, Buzau, Anul 2020, Milioane lei RON, 8117
G  COMERT CU RIDICATA SI CU AMANUNTUL; REPARAREA AUTOVEHICULELOR SI MOTOCICLETELOR, Total, Buzau, Anul 2021, Milioane lei RON, 10199
G  COMERT CU RIDICATA SI CU AMANUNTUL; REPARAREA AUTOVEHICULELOR SI MOTOCICLETELOR, Total, Buzau, Anul 2022, Milioane lei RON, 12529
G  COMERT CU RIDICATA SI CU AMANUNTUL; REPARAREA AUTOVEHICULELOR SI MOTOCICLETELOR, Total, Buzau, Anul 2023, Milioane lei RON, 12696
G  COMERT CU RIDICATA SI CU AMANUNTUL; REPARAREA AUTOVEHICULELOR SI MOTOCICLETELOR, Total, Buzau, Anul 2024, Milioane lei RON, 12787
G  COMERT CU RIDICATA SI CU AMANUNTUL; REPARAREA AUTOVEHICULELOR SI MOTOCICLETELOR, Total, Constanta, Anul 2008, Milioane lei RON, 15932
G  COMERT CU RIDICATA SI CU AMANUNTUL; REPARAREA AUTOVEHICULELOR SI MOTOCICLETELOR, Total, Constanta, Anul 2009, Milioane lei RON, 13068
G  COMERT CU RIDICATA SI CU AMANUNTUL; REPARAREA AUTOVEHICULELOR SI MOTOCICLETELOR, Total, Constanta, Anul 2010, Milioane lei RON, 15885
G  COMERT CU RIDICATA SI CU AMANUNTUL; REPARAREA AUTOVEHICULELOR SI MOTOCICLETELOR, Total, Constanta, Anul 2011, Milioane lei RON, 17165
G  COMERT CU RIDICATA SI CU AMANUNTUL; REPARAREA AUTOVEHICULELOR SI MOTOCICLETELOR, Total, Constanta, Anul 2012, Milioane lei RON, 20550
G  COMERT CU RIDICATA SI CU AMANUNTUL; REPARAREA AUTOVEHICULELOR SI MOTOCICLETELOR, Total, Constanta, Anul 2013, Milioane lei RON, 19029
G  COMERT CU RIDICATA SI CU AMANUNTUL; REPARAREA AUTOVEHICULELOR SI MOTOCICLETELOR, Total, Constanta, Anul 2014, Milioane lei RON, 18924
G  COMERT CU RIDICATA SI CU AMANUNTUL; REPARAREA AUTOVEHICULELOR SI MOTOCICLETELOR, Total, Constanta, Anul 2015, Milioane lei RON, 18767
G  COMERT CU RIDICATA SI CU AMANUNTUL; REPARAREA AUTOVEHICULELOR SI MOTOCICLETELOR, Total, Constanta, Anul 2016, Milioane lei RON, 19261
G  COMERT CU RIDICATA SI CU AMANUNTUL; REPARAREA AUTOVEHICULELOR SI MOTOCICLETELOR, Total, Constanta, Anul 2017, Milioane lei RON, 20693
G  COMERT CU RIDICATA SI CU AMANUNTUL; REPARAREA AUTOVEHICULELOR SI MOTOCICLETELOR, Total, Constanta, Anul 2018, Milioane lei RON, 22139
G  COMERT CU RIDICATA SI CU AMANUNTUL; REPARAREA AUTOVEHICULELOR SI MOTOCICLETELOR, Total, Constanta, Anul 2019, Milioane lei RON, 24641
G  COMERT CU RIDICATA SI CU AMANUNTUL; REPARAREA AUTOVEHICULELOR SI MOTOCICLETELOR, Total, Constanta, Anul 2020, Milioane lei RON, 23607
G  COMERT CU RIDICATA SI CU AMANUNTUL; REPARAREA AUTOVEHICULELOR SI MOTOCICLETELOR, Total, Constanta, Anul 2021, Milioane lei RON, 31757
G  COMERT CU RIDICATA SI CU AMANUNTUL; REPARAREA AUTOVEHICULELOR SI MOTOCICLETELOR, Total, Constanta, Anul 2022, Milioane lei RON, 42538
G  COMERT CU RIDICATA SI CU AMANUNTUL; REPARAREA AUTOVEHICULELOR SI MOTOCICLETELOR, Total, Constanta, Anul 2023, Milioane lei RON, 45062
G  COMERT CU RIDICATA SI CU AMANUNTUL; REPARAREA AUTOVEHICULELOR SI MOTOCICLETELOR, Total, Constanta, Anul 2024, Milioane lei RON, 41098
G  COMERT CU RIDICATA SI CU AMANUNTUL; REPARAREA AUTOVEHICULELOR SI MOTOCICLETELOR, Total, Galati, Anul 2008, Milioane lei RON, 7657
G  COMERT CU RIDICATA SI CU AMANUNTUL; REPARAREA AUTOVEHICULELOR SI MOTOCICLETELOR, Total, Galati, Anul 2009, Milioane lei RON, 6343
G  COMERT CU RIDICATA SI CU AMANUNTUL; REPARAREA AUTOVEHICULELOR SI MOTOCICLETELOR, Total, Galati, Anul 2010, Milioane lei RON, 6385
G  COMERT CU RIDICATA SI CU AMANUNTUL; REPARAREA AUTOVEHICULELOR SI MOTOCICLETELOR, Total, Galati, Anul 2011, Milioane lei RON, 6862
G  COMERT CU RIDICATA SI CU AMANUNTUL; REPARAREA AUTOVEHICULELOR SI MOTOCICLETELOR, Total, Galati, Anul 2012, Milioane lei RON, 7960
G  COMERT CU RIDICATA SI CU AMANUNTUL; REPARAREA AUTOVEHICULELOR SI MOTOCICLETELOR, Total, Galati, Anul 2013, Milioane lei RON, 7491
G  COMERT CU RIDICATA SI CU AMANUNTUL; REPARAREA AUTOVEHICULELOR SI MOTOCICLETELOR, Total, Galati, Anul 2014, Milioane lei RON, 8511
G  COMERT CU RIDICATA SI CU AMANUNTUL; REPARAREA AUTOVEHICULELOR SI MOTOCICLETELOR, Total, Galati, Anul 2015, Milioane lei RON, 8409
G  COMERT CU RIDICATA SI CU AMANUNTUL; REPARAREA AUTOVEHICULELOR SI MOTOCICLETELOR, Total, Galati, Anul 2016, Milioane lei RON, 8755
G  COMERT CU RIDICATA SI CU AMANUNTUL; REPARAREA AUTOVEHICULELOR SI MOTOCICLETELOR, Total, Galati, Anul 2017, Milioane lei RON, 9712
G  COMERT CU RIDICATA SI CU AMANUNTUL; REPARAREA AUTOVEHICULELOR SI MOTOCICLETELOR, Total, Galati, Anul 2018, Milioane lei RON, 10714
G  COMERT CU RIDICATA SI CU AMANUNTUL; REPARAREA AUTOVEHICULELOR SI MOTOCICLETELOR, Total, Galati, Anul 2019, Milioane lei RON, 11403
G  COMERT CU RIDICATA SI CU AMANUNTUL; REPARAREA AUTOVEHICULELOR SI MOTOCICLETELOR, Total, Galati, Anul 2020, Milioane lei RON, 11155
G  COMERT CU RIDICATA SI CU AMANUNTUL; REPARAREA AUTOVEHICULELOR SI MOTOCICLETELOR, Total, Galati, Anul 2021, Milioane lei RON, 13275
G  COMERT CU RIDICATA SI CU AMANUNTUL; REPARAREA AUTOVEHICULELOR SI MOTOCICLETELOR, Total, Galati, Anul 2022, Milioane lei RON, 15880
G  COMERT CU RIDICATA SI CU AMANUNTUL; REPARAREA AUTOVEHICULELOR SI MOTOCICLETELOR, Total, Galati, Anul 2023, Milioane lei RON, 17824
G  COMERT CU RIDICATA SI CU AMANUNTUL; REPARAREA AUTOVEHICULELOR SI MOTOCICLETELOR, Total, Galati, Anul 2024, Milioane lei RON, 15725
G  COMERT CU RIDICATA SI CU AMANUNTUL; REPARAREA AUTOVEHICULELOR SI MOTOCICLETELOR, Total, Tulcea, Anul 2008, Milioane lei RON, 2091
G  COMERT CU RIDICATA SI CU AMANUNTUL; REPARAREA AUTOVEHICULELOR SI MOTOCICLETELOR, Total, Tulcea, Anul 2009, Milioane lei RON, 2026
G  COMERT CU RIDICATA SI CU AMANUNTUL; REPARAREA AUTOVEHICULELOR SI MOTOCICLETELOR, Total, Tulcea, Anul 2010, Milioane lei RON, 1738
G  COMERT CU RIDICATA SI CU AMANUNTUL; REPARAREA AUTOVEHICULELOR SI MOTOCICLETELOR, Total, Tulcea, Anul 2011, Milioane lei RON, 2079
G  COMERT CU RIDICATA SI CU AMANUNTUL; REPARAREA AUTOVEHICULELOR SI MOTOCICLETELOR, Total, Tulcea, Anul 2012, Milioane lei RON, 2228
G  COMERT CU RIDICATA SI CU AMANUNTUL; REPARAREA AUTOVEHICULELOR SI MOTOCICLETELOR, Total, Tulcea, Anul 2013, Milioane lei RON, 2421
G  COMERT CU RIDICATA SI CU AMANUNTUL; REPARAREA AUTOVEHICULELOR SI MOTOCICLETELOR, Total, Tulcea, Anul 2014, Milioane lei RON, 2586
G  COMERT CU RIDICATA SI CU AMANUNTUL; REPARAREA AUTOVEHICULELOR SI MOTOCICLETELOR, Total, Tulcea, Anul 2015, Milioane lei RON, 2690
G  COMERT CU RIDICATA SI CU AMANUNTUL; REPARAREA AUTOVEHICULELOR SI MOTOCICLETELOR, Total, Tulcea, Anul 2016, Milioane lei RON, 2960
G  COMERT CU RIDICATA SI CU AMANUNTUL; REPARAREA AUTOVEHICULELOR SI MOTOCICLETELOR, Total, Tulcea, Anul 2017, Milioane lei RON, 3745
G  COMERT CU RIDICATA SI CU AMANUNTUL; REPARAREA AUTOVEHICULELOR SI MOTOCICLETELOR, Total, Tulcea, Anul 2018, Milioane lei RON, 4381
G  COMERT CU RIDICATA SI CU AMANUNTUL; REPARAREA AUTOVEHICULELOR SI MOTOCICLETELOR, Total, Tulcea, Anul 2019, Milioane lei RON, 4353
G  COMERT CU RIDICATA SI CU AMANUNTUL; REPARAREA AUTOVEHICULELOR SI MOTOCICLETELOR, Total, Tulcea, Anul 2020, Milioane lei RON, 4618
G  COMERT CU RIDICATA SI CU AMANUNTUL; REPARAREA AUTOVEHICULELOR SI MOTOCICLETELOR, Total, Tulcea, Anul 2021, Milioane lei RON, 6081
G  COMERT CU RIDICATA SI CU AMANUNTUL; REPARAREA AUTOVEHICULELOR SI MOTOCICLETELOR, Total, Tulcea, Anul 2022, Milioane lei RON, 6888
G  COMERT CU RIDICATA SI CU AMANUNTUL; REPARAREA AUTOVEHICULELOR SI MOTOCICLETELOR, Total, Tulcea, Anul 2023, Milioane lei RON, 8019
G  COMERT CU RIDICATA SI CU AMANUNTUL; REPARAREA AUTOVEHICULELOR SI MOTOCICLETELOR, Total, Tulcea, Anul 2024, Milioane lei RON, 6839
G  COMERT CU RIDICATA SI CU AMANUNTUL; REPARAREA AUTOVEHICULELOR SI MOTOCICLETELOR, Total, Vrancea, Anul 2008, Milioane lei RON, 3273
G  COMERT CU RIDICATA SI CU AMANUNTUL; REPARAREA AUTOVEHICULELOR SI MOTOCICLETELOR, Total, Vrancea, Anul 2009, Milioane lei RON, 2910
G  COMERT CU RIDICATA SI CU AMANUNTUL; REPARAREA AUTOVEHICULELOR SI MOTOCICLETELOR, Total, Vrancea, Anul 2010, Milioane lei RON, 2914
G  COMERT CU RIDICATA SI CU AMANUNTUL; REPARAREA AUTOVEHICULELOR SI MOTOCICLETELOR, Total, Vrancea, Anul 2011, Milioane lei RON, 3050
G  COMERT CU RIDICATA SI CU AMANUNTUL; REPARAREA AUTOVEHICULELOR SI MOTOCICLETELOR, Total, Vrancea, Anul 2012, Milioane lei RON, 3217
G  COMERT CU RIDICATA SI CU AMANUNTUL; REPARAREA AUTOVEHICULELOR SI MOTOCICLETELOR, Total, Vrancea, Anul 2013, Milioane lei RON, 3284
G  COMERT CU RIDICATA SI CU AMANUNTUL; REPARAREA AUTOVEHICULELOR SI MOTOCICLETELOR, Total, Vrancea, Anul 2014, Milioane lei RON, 3487
G  COMERT CU RIDICATA SI CU AMANUNTUL; REPARAREA AUTOVEHICULELOR SI MOTOCICLETELOR, Total, Vrancea, Anul 2015, Milioane lei RON, 3803
G  COMERT CU RIDICATA SI CU AMANUNTUL; REPARAREA AUTOVEHICULELOR SI MOTOCICLETELOR, Total, Vrancea, Anul 2016, Milioane lei RON, 4174
G  COMERT CU RIDICATA SI CU AMANUNTUL; REPARAREA AUTOVEHICULELOR SI MOTOCICLETELOR, Total, Vrancea, Anul 2017, Milioane lei RON, 4378
G  COMERT CU RIDICATA SI CU AMANUNTUL; REPARAREA AUTOVEHICULELOR SI MOTOCICLETELOR, Total, Vrancea, Anul 2018, Milioane lei RON, 4903
G  COMERT CU RIDICATA SI CU AMANUNTUL; REPARAREA AUTOVEHICULELOR SI MOTOCICLETELOR, Total, Vrancea, Anul 2019, Milioane lei RON, 5133
G  COMERT CU RIDICATA SI CU AMANUNTUL; REPARAREA AUTOVEHICULELOR SI MOTOCICLETELOR, Total, Vrancea, Anul 2020, Milioane lei RON, 5096
G  COMERT CU RIDICATA SI CU AMANUNTUL; REPARAREA AUTOVEHICULELOR SI MOTOCICLETELOR, Total, Vrancea, Anul 2021, Milioane lei RON, 6285
G  COMERT CU RIDICATA SI CU AMANUNTUL; REPARAREA AUTOVEHICULELOR SI MOTOCICLETELOR, Total, Vrancea, Anul 2022, Milioane lei RON, 7035
G  COMERT CU RIDICATA SI CU AMANUNTUL; REPARAREA AUTOVEHICULELOR SI MOTOCICLETELOR, Total, Vrancea, Anul 2023, Milioane lei RON, 7399
G  COMERT CU RIDICATA SI CU AMANUNTUL; REPARAREA AUTOVEHICULELOR SI MOTOCICLETELOR, Total, Vrancea, Anul 2024, Milioane lei RON, 7947
G  COMERT CU RIDICATA SI CU AMANUNTUL; REPARAREA AUTOVEHICULELOR SI MOTOCICLETELOR, Total, Arges, Anul 2008, Milioane lei RON, 10837
G  COMERT CU RIDICATA SI CU AMANUNTUL; REPARAREA AUTOVEHICULELOR SI MOTOCICLETELOR, Total, Arges, Anul 2009, Milioane lei RON, 9382
G  COMERT CU RIDICATA SI CU AMANUNTUL; REPARAREA AUTOVEHICULELOR SI MOTOCICLETELOR, Total, Arges, Anul 2010, Milioane lei RON, 10187
G  COMERT CU RIDICATA SI CU AMANUNTUL; REPARAREA AUTOVEHICULELOR SI MOTOCICLETELOR, Total, Arges, Anul 2011, Milioane lei RON, 11847
G  COMERT CU RIDICATA SI CU AMANUNTUL; REPARAREA AUTOVEHICULELOR SI MOTOCICLETELOR, Total, Arges, Anul 2012, Milioane lei RON, 13526
G  COMERT CU RIDICATA SI CU AMANUNTUL; REPARAREA AUTOVEHICULELOR SI MOTOCICLETELOR, Total, Arges, Anul 2013, Milioane lei RON, 8680
G  COMERT CU RIDICATA SI CU AMANUNTUL; REPARAREA AUTOVEHICULELOR SI MOTOCICLETELOR, Total, Arges, Anul 2014, Milioane lei RON, 8818
G  COMERT CU RIDICATA SI CU AMANUNTUL; REPARAREA AUTOVEHICULELOR SI MOTOCICLETELOR, Total, Arges, Anul 2015, Milioane lei RON, 9586
G  COMERT CU RIDICATA SI CU AMANUNTUL; REPARAREA AUTOVEHICULELOR SI MOTOCICLETELOR, Total, Arges, Anul 2016, Milioane lei RON, 10707
G  COMERT CU RIDICATA SI CU AMANUNTUL; REPARAREA AUTOVEHICULELOR SI MOTOCICLETELOR, Total, Arges, Anul 2017, Milioane lei RON, 11724
G  COMERT CU RIDICATA SI CU AMANUNTUL; REPARAREA AUTOVEHICULELOR SI MOTOCICLETELOR, Total, Arges, Anul 2018, Milioane lei RON, 13554
G  COMERT CU RIDICATA SI CU AMANUNTUL; REPARAREA AUTOVEHICULELOR SI MOTOCICLETELOR, Total, Arges, Anul 2019, Milioane lei RON, 14020
G  COMERT CU RIDICATA SI CU AMANUNTUL; REPARAREA AUTOVEHICULELOR SI MOTOCICLETELOR, Total, Arges, Anul 2020, Milioane lei RON, 13508
G  COMERT CU RIDICATA SI CU AMANUNTUL; REPARAREA AUTOVEHICULELOR SI MOTOCICLETELOR, Total, Arges, Anul 2021, Milioane lei RON, 15504
G  COMERT CU RIDICATA SI CU AMANUNTUL; REPARAREA AUTOVEHICULELOR SI MOTOCICLETELOR, Total, Arges, Anul 2022, Milioane lei RON, 19109
G  COMERT CU RIDICATA SI CU AMANUNTUL; REPARAREA AUTOVEHICULELOR SI MOTOCICLETELOR, Total, Arges, Anul 2023, Milioane lei RON, 19468
G  COMERT CU RIDICATA SI CU AMANUNTUL; REPARAREA AUTOVEHICULELOR SI MOTOCICLETELOR, Total, Arges, Anul 2024, Milioane lei RON, 20425
G  COMERT CU RIDICATA SI CU AMANUNTUL; REPARAREA AUTOVEHICULELOR SI MOTOCICLETELOR, Total, Calarasi, Anul 2008, Milioane lei RON, 1810
G  COMERT CU RIDICATA SI CU AMANUNTUL; REPARAREA AUTOVEHICULELOR SI MOTOCICLETELOR, Total, Calarasi, Anul 2009, Milioane lei RON, 1637
G  COMERT CU RIDICATA SI CU AMANUNTUL; REPARAREA AUTOVEHICULELOR SI MOTOCICLETELOR, Total, Calarasi, Anul 2010, Milioane lei RON, 1739
G  COMERT CU RIDICATA SI CU AMANUNTUL; REPARAREA AUTOVEHICULELOR SI MOTOCICLETELOR, Total, Calarasi, Anul 2011, Milioane lei RON, 2033
G  COMERT CU RIDICATA SI CU AMANUNTUL; REPARAREA AUTOVEHICULELOR SI MOTOCICLETELOR, Total, Calarasi, Anul 2012, Milioane lei RON, 2104
G  COMERT CU RIDICATA SI CU AMANUNTUL; REPARAREA AUTOVEHICULELOR SI MOTOCICLETELOR, Total, Calarasi, Anul 2013, Milioane lei RON, 2433
G  COMERT CU RIDICATA SI CU AMANUNTUL; REPARAREA AUTOVEHICULELOR SI MOTOCICLETELOR, Total, Calarasi, Anul 2014, Milioane lei RON, 2982
G  COMERT CU RIDICATA SI CU AMANUNTUL; REPARAREA AUTOVEHICULELOR SI MOTOCICLETELOR, Total, Calarasi, Anul 2015, Milioane lei RON, 3293
G  COMERT CU RIDICATA SI CU AMANUNTUL; REPARAREA AUTOVEHICULELOR SI MOTOCICLETELOR, Total, Calarasi, Anul 2016, Milioane lei RON, 3282
G  COMERT CU RIDICATA SI CU AMANUNTUL; REPARAREA AUTOVEHICULELOR SI MOTOCICLETELOR, Total, Calarasi, Anul 2017, Milioane lei RON, 3632
G  COMERT CU RIDICATA SI CU AMANUNTUL; REPARAREA AUTOVEHICULELOR SI MOTOCICLETELOR, Total, Calarasi, Anul 2018, Milioane lei RON, 4676
G  COMERT CU RIDICATA SI CU AMANUNTUL; REPARAREA AUTOVEHICULELOR SI MOTOCICLETELOR, Total, Calarasi, Anul 2019, Milioane lei RON, 4021
G  COMERT CU RIDICATA SI CU AMANUNTUL; REPARAREA AUTOVEHICULELOR SI MOTOCICLETELOR, Total, Calarasi, Anul 2020, Milioane lei RON, 3977
G  COMERT CU RIDICATA SI CU AMANUNTUL; REPARAREA AUTOVEHICULELOR SI MOTOCICLETELOR, Total, Calarasi, Anul 2021, Milioane lei RON, 4973
G  COMERT CU RIDICATA SI CU AMANUNTUL; REPARAREA AUTOVEHICULELOR SI MOTOCICLETELOR, Total, Calarasi, Anul 2022, Milioane lei RON, 6245
G  COMERT CU RIDICATA SI CU AMANUNTUL; REPARAREA AUTOVEHICULELOR SI MOTOCICLETELOR, Total, Calarasi, Anul 2023, Milioane lei RON, 7327
G  COMERT CU RIDICATA SI CU AMANUNTUL; REPARAREA AUTOVEHICULELOR SI MOTOCICLETELOR, Total, Calarasi, Anul 2024, Milioane lei RON, 6911
G  COMERT CU RIDICATA SI CU AMANUNTUL; REPARAREA AUTOVEHICULELOR SI MOTOCICLETELOR, Total, Dambovita, Anul 2008, Milioane lei RON, 3818
G  COMERT CU RIDICATA SI CU AMANUNTUL; REPARAREA AUTOVEHICULELOR SI MOTOCICLETELOR, Total, Dambovita, Anul 2009, Milioane lei RON, 3413
G  COMERT CU RIDICATA SI CU AMANUNTUL; REPARAREA AUTOVEHICULELOR SI MOTOCICLETELOR, Total, Dambovita, Anul 2010, Milioane lei RON, 3412
G  COMERT CU RIDICATA SI CU AMANUNTUL; REPARAREA AUTOVEHICULELOR SI MOTOCICLETELOR, Total, Dambovita, Anul 2011, Milioane lei RON, 4081
G  COMERT CU RIDICATA SI CU AMANUNTUL; REPARAREA AUTOVEHICULELOR SI MOTOCICLETELOR, Total, Dambovita, Anul 2012, Milioane lei RON, 4798
G  COMERT CU RIDICATA SI CU AMANUNTUL; REPARAREA AUTOVEHICULELOR SI MOTOCICLETELOR, Total, Dambovita, Anul 2013, Milioane lei RON, 4302
G  COMERT CU RIDICATA SI CU AMANUNTUL; REPARAREA AUTOVEHICULELOR SI MOTOCICLETELOR, Total, Dambovita, Anul 2014, Milioane lei RON, 4466
G  COMERT CU RIDICATA SI CU AMANUNTUL; REPARAREA AUTOVEHICULELOR SI MOTOCICLETELOR, Total, Dambovita, Anul 2015, Milioane lei RON, 4851
G  COMERT CU RIDICATA SI CU AMANUNTUL; REPARAREA AUTOVEHICULELOR SI MOTOCICLETELOR, Total, Dambovita, Anul 2016, Milioane lei RON, 5173
G  COMERT CU RIDICATA SI CU AMANUNTUL; REPARAREA AUTOVEHICULELOR SI MOTOCICLETELOR, Total, Dambovita, Anul 2017, Milioane lei RON, 5470
G  COMERT CU RIDICATA SI CU AMANUNTUL; REPARAREA AUTOVEHICULELOR SI MOTOCICLETELOR, Total, Dambovita, Anul 2018, Milioane lei RON, 7220
G  COMERT CU RIDICATA SI CU AMANUNTUL; REPARAREA AUTOVEHICULELOR SI MOTOCICLETELOR, Total, Dambovita, Anul 2019, Milioane lei RON, 7170
G  COMERT CU RIDICATA SI CU AMANUNTUL; REPARAREA AUTOVEHICULELOR SI MOTOCICLETELOR, Total, Dambovita, Anul 2020, Milioane lei RON, 7494
G  COMERT CU RIDICATA SI CU AMANUNTUL; REPARAREA AUTOVEHICULELOR SI MOTOCICLETELOR, Total, Dambovita, Anul 2021, Milioane lei RON, 8855
G  COMERT CU RIDICATA SI CU AMANUNTUL; REPARAREA AUTOVEHICULELOR SI MOTOCICLETELOR, Total, Dambovita, Anul 2022, Milioane lei RON, 10328
G  COMERT CU RIDICATA SI CU AMANUNTUL; REPARAREA AUTOVEHICULELOR SI MOTOCICLETELOR, Total, Dambovita, Anul 2023, Milioane lei RON, 10543
G  COMERT CU RIDICATA SI CU AMANUNTUL; REPARAREA AUTOVEHICULELOR SI MOTOCICLETELOR, Total, Dambovita, Anul 2024, Milioane lei RON, 11934
G  COMERT CU RIDICATA SI CU AMANUNTUL; REPARAREA AUTOVEHICULELOR SI MOTOCICLETELOR, Total, Giurgiu, Anul 2008, Milioane lei RON, 2592
G  COMERT CU RIDICATA SI CU AMANUNTUL; REPARAREA AUTOVEHICULELOR SI MOTOCICLETELOR, Total, Giurgiu, Anul 2009, Milioane lei RON, 2000
G  COMERT CU RIDICATA SI CU AMANUNTUL; REPARAREA AUTOVEHICULELOR SI MOTOCICLETELOR, Total, Giurgiu, Anul 2010, Milioane lei RON, 2190
G  COMERT CU RIDICATA SI CU AMANUNTUL; REPARAREA AUTOVEHICULELOR SI MOTOCICLETELOR, Total, Giurgiu, Anul 2011, Milioane lei RON, 2216
G  COMERT CU RIDICATA SI CU AMANUNTUL; REPARAREA AUTOVEHICULELOR SI MOTOCICLETELOR, Total, Giurgiu, Anul 2012, Milioane lei RON, 2365
G  COMERT CU RIDICATA SI CU AMANUNTUL; REPARAREA AUTOVEHICULELOR SI MOTOCICLETELOR, Total, Giurgiu, Anul 2013, Milioane lei RON, 2382
G  COMERT CU RIDICATA SI CU AMANUNTUL; REPARAREA AUTOVEHICULELOR SI MOTOCICLETELOR, Total, Giurgiu, Anul 2014, Milioane lei RON, 2748
G  COMERT CU RIDICATA SI CU AMANUNTUL; REPARAREA AUTOVEHICULELOR SI MOTOCICLETELOR, Total, Giurgiu, Anul 2015, Milioane lei RON, 3071
G  COMERT CU RIDICATA SI CU AMANUNTUL; REPARAREA AUTOVEHICULELOR SI MOTOCICLETELOR, Total, Giurgiu, Anul 2016, Milioane lei RON, 3080
G  COMERT CU RIDICATA SI CU AMANUNTUL; REPARAREA AUTOVEHICULELOR SI MOTOCICLETELOR, Total, Giurgiu, Anul 2017, Milioane lei RON, 3243
G  COMERT CU RIDICATA SI CU AMANUNTUL; REPARAREA AUTOVEHICULELOR SI MOTOCICLETELOR, Total, Giurgiu, Anul 2018, Milioane lei RON, 4370
G  COMERT CU RIDICATA SI CU AMANUNTUL; REPARAREA AUTOVEHICULELOR SI MOTOCICLETELOR, Total, Giurgiu, Anul 2019, Milioane lei RON, 4268
G  COMERT CU RIDICATA SI CU AMANUNTUL; REPARAREA AUTOVEHICULELOR SI MOTOCICLETELOR, Total, Giurgiu, Anul 2020, Milioane lei RON, 4014
G  COMERT CU RIDICATA SI CU AMANUNTUL; REPARAREA AUTOVEHICULELOR SI MOTOCICLETELOR, Total, Giurgiu, Anul 2021, Milioane lei RON, 5116
G  COMERT CU RIDICATA SI CU AMANUNTUL; REPARAREA AUTOVEHICULELOR SI MOTOCICLETELOR, Total, Giurgiu, Anul 2022, Milioane lei RON, 7347
G  COMERT CU RIDICATA SI CU AMANUNTUL; REPARAREA AUTOVEHICULELOR SI MOTOCICLETELOR, Total, Giurgiu, Anul 2023, Milioane lei RON, 7616
G  COMERT CU RIDICATA SI CU AMANUNTUL; REPARAREA AUTOVEHICULELOR SI MOTOCICLETELOR, Total, Giurgiu, Anul 2024, Milioane lei RON, 7850
G  COMERT CU RIDICATA SI CU AMANUNTUL; REPARAREA AUTOVEHICULELOR SI MOTOCICLETELOR, Total, Ialomita, Anul 2008, Milioane lei RON, 2803
G  COMERT CU RIDICATA SI CU AMANUNTUL; REPARAREA AUTOVEHICULELOR SI MOTOCICLETELOR, Total, Ialomita, Anul 2009, Milioane lei RON, 2274
G  COMERT CU RIDICATA SI CU AMANUNTUL; REPARAREA AUTOVEHICULELOR SI MOTOCICLETELOR, Total, Ialomita, Anul 2010, Milioane lei RON, 2364
G  COMERT CU RIDICATA SI CU AMANUNTUL; REPARAREA AUTOVEHICULELOR SI MOTOCICLETELOR, Total, Ialomita, Anul 2011, Milioane lei RON, 2639
G  COMERT CU RIDICATA SI CU AMANUNTUL; REPARAREA AUTOVEHICULELOR SI MOTOCICLETELOR, Total, Ialomita, Anul 2012, Milioane lei RON, 2672
G  COMERT CU RIDICATA SI CU AMANUNTUL; REPARAREA AUTOVEHICULELOR SI MOTOCICLETELOR, Total, Ialomita, Anul 2013, Milioane lei RON, 2901
G  COMERT CU RIDICATA SI CU AMANUNTUL; REPARAREA AUTOVEHICULELOR SI MOTOCICLETELOR, Total, Ialomita, Anul 2014, Milioane lei RON, 3205
G  COMERT CU RIDICATA SI CU AMANUNTUL; REPARAREA AUTOVEHICULELOR SI MOTOCICLETELOR, Total, Ialomita, Anul 2015, Milioane lei RON, 3602
G  COMERT CU RIDICATA SI CU AMANUNTUL; REPARAREA AUTOVEHICULELOR SI MOTOCICLETELOR, Total, Ialomita, Anul 2016, Milioane lei RON, 3965
G  COMERT CU RIDICATA SI CU AMANUNTUL; REPARAREA AUTOVEHICULELOR SI MOTOCICLETELOR, Total, Ialomita, Anul 2017, Milioane lei RON, 4366
G  COMERT CU RIDICATA SI CU AMANUNTUL; REPARAREA AUTOVEHICULELOR SI MOTOCICLETELOR, Total, Ialomita, Anul 2018, Milioane lei RON, 5003
G  COMERT CU RIDICATA SI CU AMANUNTUL; REPARAREA AUTOVEHICULELOR SI MOTOCICLETELOR, Total, Ialomita, Anul 2019, Milioane lei RON, 4565
G  COMERT CU RIDICATA SI CU AMANUNTUL; REPARAREA AUTOVEHICULELOR SI MOTOCICLETELOR, Total, Ialomita, Anul 2020, Milioane lei RON, 4222
G  COMERT CU RIDICATA SI CU AMANUNTUL; REPARAREA AUTOVEHICULELOR SI MOTOCICLETELOR, Total, Ialomita, Anul 2021, Milioane lei RON, 5242
G  COMERT CU RIDICATA SI CU AMANUNTUL; REPARAREA AUTOVEHICULELOR SI MOTOCICLETELOR, Total, Ialomita, Anul 2022, Milioane lei RON, 6438
G  COMERT CU RIDICATA SI CU AMANUNTUL; REPARAREA AUTOVEHICULELOR SI MOTOCICLETELOR, Total, Ialomita, Anul 2023, Milioane lei RON, 6093
G  COMERT CU RIDICATA SI CU AMANUNTUL; REPARAREA AUTOVEHICULELOR SI MOTOCICLETELOR, Total, Ialomita, Anul 2024, Milioane lei RON, 6009
G  COMERT CU RIDICATA SI CU AMANUNTUL; REPARAREA AUTOVEHICULELOR SI MOTOCICLETELOR, Total, Prahova, Anul 2008, Milioane lei RON, 11419
G  COMERT CU RIDICATA SI CU AMANUNTUL; REPARAREA AUTOVEHICULELOR SI MOTOCICLETELOR, Total, Prahova, Anul 2009, Milioane lei RON, 9601
G  COMERT CU RIDICATA SI CU AMANUNTUL; REPARAREA AUTOVEHICULELOR SI MOTOCICLETELOR, Total, Prahova, Anul 2010, Milioane lei RON, 10021
G  COMERT CU RIDICATA SI CU AMANUNTUL; REPARAREA AUTOVEHICULELOR SI MOTOCICLETELOR, Total, Prahova, Anul 2011, Milioane lei RON, 11238
G  COMERT CU RIDICATA SI CU AMANUNTUL; REPARAREA AUTOVEHICULELOR SI MOTOCICLETELOR, Total, Prahova, Anul 2012, Milioane lei RON, 16188
G  COMERT CU RIDICATA SI CU AMANUNTUL; REPARAREA AUTOVEHICULELOR SI MOTOCICLETELOR, Total, Prahova, Anul 2013, Milioane lei RON, 11581
G  COMERT CU RIDICATA SI CU AMANUNTUL; REPARAREA AUTOVEHICULELOR SI MOTOCICLETELOR, Total, Prahova, Anul 2014, Milioane lei RON, 12226
G  COMERT CU RIDICATA SI CU AMANUNTUL; REPARAREA AUTOVEHICULELOR SI MOTOCICLETELOR, Total, Prahova, Anul 2015, Milioane lei RON, 12632
G  COMERT CU RIDICATA SI CU AMANUNTUL; REPARAREA AUTOVEHICULELOR SI MOTOCICLETELOR, Total, Prahova, Anul 2016, Milioane lei RON, 14196
G  COMERT CU RIDICATA SI CU AMANUNTUL; REPARAREA AUTOVEHICULELOR SI MOTOCICLETELOR, Total, Prahova, Anul 2017, Milioane lei RON, 16758
G  COMERT CU RIDICATA SI CU AMANUNTUL; REPARAREA AUTOVEHICULELOR SI MOTOCICLETELOR, Total, Prahova, Anul 2018, Milioane lei RON, 19333
G  COMERT CU RIDICATA SI CU AMANUNTUL; REPARAREA AUTOVEHICULELOR SI MOTOCICLETELOR, Total, Prahova, Anul 2019, Milioane lei RON, 20357
G  COMERT CU RIDICATA SI CU AMANUNTUL; REPARAREA AUTOVEHICULELOR SI MOTOCICLETELOR, Total, Prahova, Anul 2020, Milioane lei RON, 19245
G  COMERT CU RIDICATA SI CU AMANUNTUL; REPARAREA AUTOVEHICULELOR SI MOTOCICLETELOR, Total, Prahova, Anul 2021, Milioane lei RON, 22112
G  COMERT CU RIDICATA SI CU AMANUNTUL; REPARAREA AUTOVEHICULELOR SI MOTOCICLETELOR, Total, Prahova, Anul 2022, Milioane lei RON, 29202
G  COMERT CU RIDICATA SI CU AMANUNTUL; REPARAREA AUTOVEHICULELOR SI MOTOCICLETELOR, Total, Prahova, Anul 2023, Milioane lei RON, 37420
G  COMERT CU RIDICATA SI CU AMANUNTUL; REPARAREA AUTOVEHICULELOR SI MOTOCICLETELOR, Total, Prahova, Anul 2024, Milioane lei RON, 39643
G  COMERT CU RIDICATA SI CU AMANUNTUL; REPARAREA AUTOVEHICULELOR SI MOTOCICLETELOR, Total, Teleorman, Anul 2008, Milioane lei RON, 2410
G  COMERT CU RIDICATA SI CU AMANUNTUL; REPARAREA AUTOVEHICULELOR SI MOTOCICLETELOR, Total, Teleorman, Anul 2009, Milioane lei RON, 2004
G  COMERT CU RIDICATA SI CU AMANUNTUL; REPARAREA AUTOVEHICULELOR SI MOTOCICLETELOR, Total, Teleorman, Anul 2010, Milioane lei RON, 2346
G  COMERT CU RIDICATA SI CU AMANUNTUL; REPARAREA AUTOVEHICULELOR SI MOTOCICLETELOR, Total, Teleorman, Anul 2011, Milioane lei RON, 2857
G  COMERT CU RIDICATA SI CU AMANUNTUL; REPARAREA AUTOVEHICULELOR SI MOTOCICLETELOR, Total, Teleorman, Anul 2012, Milioane lei RON, 2884
G  COMERT CU RIDICATA SI CU AMANUNTUL; REPARAREA AUTOVEHICULELOR SI MOTOCICLETELOR, Total, Teleorman, Anul 2013, Milioane lei RON, 3151
G  COMERT CU RIDICATA SI CU AMANUNTUL; REPARAREA AUTOVEHICULELOR SI MOTOCICLETELOR, Total, Teleorman, Anul 2014, Milioane lei RON, 3323
G  COMERT CU RIDICATA SI CU AMANUNTUL; REPARAREA AUTOVEHICULELOR SI MOTOCICLETELOR, Total, Teleorman, Anul 2015, Milioane lei RON, 3190
G  COMERT CU RIDICATA SI CU AMANUNTUL; REPARAREA AUTOVEHICULELOR SI MOTOCICLETELOR, Total, Teleorman, Anul 2016, Milioane lei RON, 3395
G  COMERT CU RIDICATA SI CU AMANUNTUL; REPARAREA AUTOVEHICULELOR SI MOTOCICLETELOR, Total, Teleorman, Anul 2017, Milioane lei RON, 3726
G  COMERT CU RIDICATA SI CU AMANUNTUL; REPARAREA AUTOVEHICULELOR SI MOTOCICLETELOR, Total, Teleorman, Anul 2018, Milioane lei RON, 4385
G  COMERT CU RIDICATA SI CU AMANUNTUL; REPARAREA AUTOVEHICULELOR SI MOTOCICLETELOR, Total, Teleorman, Anul 2019, Milioane lei RON, 4723
G  COMERT CU RIDICATA SI CU AMANUNTUL; REPARAREA AUTOVEHICULELOR SI MOTOCICLETELOR, Total, Teleorman, Anul 2020, Milioane lei RON, 4710
G  COMERT CU RIDICATA SI CU AMANUNTUL; REPARAREA AUTOVEHICULELOR SI MOTOCICLETELOR, Total, Teleorman, Anul 2021, Milioane lei RON, 5815
G  COMERT CU RIDICATA SI CU AMANUNTUL; REPARAREA AUTOVEHICULELOR SI MOTOCICLETELOR, Total, Teleorman, Anul 2022, Milioane lei RON, 7091
G  COMERT CU RIDICATA SI CU AMANUNTUL; REPARAREA AUTOVEHICULELOR SI MOTOCICLETELOR, Total, Teleorman, Anul 2023, Milioane lei RON, 6802
G  COMERT CU RIDICATA SI CU AMANUNTUL; REPARAREA AUTOVEHICULELOR SI MOTOCICLETELOR, Total, Teleorman, Anul 2024, Milioane lei RON, 7703
G  COMERT CU RIDICATA SI CU AMANUNTUL; REPARAREA AUTOVEHICULELOR SI MOTOCICLETELOR, Total, Ilfov, Anul 2008, Milioane lei RON, 32679
G  COMERT CU RIDICATA SI CU AMANUNTUL; REPARAREA AUTOVEHICULELOR SI MOTOCICLETELOR, Total, Ilfov, Anul 2009, Milioane lei RON, 32075
G  COMERT CU RIDICATA SI CU AMANUNTUL; REPARAREA AUTOVEHICULELOR SI MOTOCICLETELOR, Total, Ilfov, Anul 2010, Milioane lei RON, 30527
G  COMERT CU RIDICATA SI CU AMANUNTUL; REPARAREA AUTOVEHICULELOR SI MOTOCICLETELOR, Total, Ilfov, Anul 2011, Milioane lei RON, 38678
G  COMERT CU RIDICATA SI CU AMANUNTUL; REPARAREA AUTOVEHICULELOR SI MOTOCICLETELOR, Total, Ilfov, Anul 2012, Milioane lei RON, 38642
G  COMERT CU RIDICATA SI CU AMANUNTUL; REPARAREA AUTOVEHICULELOR SI MOTOCICLETELOR, Total, Ilfov, Anul 2013, Milioane lei RON, 32500
G  COMERT CU RIDICATA SI CU AMANUNTUL; REPARAREA AUTOVEHICULELOR SI MOTOCICLETELOR, Total, Ilfov, Anul 2014, Milioane lei RON, 35970
G  COMERT CU RIDICATA SI CU AMANUNTUL; REPARAREA AUTOVEHICULELOR SI MOTOCICLETELOR, Total, Ilfov, Anul 2015, Milioane lei RON, 40388
G  COMERT CU RIDICATA SI CU AMANUNTUL; REPARAREA AUTOVEHICULELOR SI MOTOCICLETELOR, Total, Ilfov, Anul 2016, Milioane lei RON, 47060
G  COMERT CU RIDICATA SI CU AMANUNTUL; REPARAREA AUTOVEHICULELOR SI MOTOCICLETELOR, Total, Ilfov, Anul 2017, Milioane lei RON, 48569
G  COMERT CU RIDICATA SI CU AMANUNTUL; REPARAREA AUTOVEHICULELOR SI MOTOCICLETELOR, Total, Ilfov, Anul 2018, Milioane lei RON, 56089
G  COMERT CU RIDICATA SI CU AMANUNTUL; REPARAREA AUTOVEHICULELOR SI MOTOCICLETELOR, Total, Ilfov, Anul 2019, Milioane lei RON, 61540
G  COMERT CU RIDICATA SI CU AMANUNTUL; REPARAREA AUTOVEHICULELOR SI MOTOCICLETELOR, Total, Ilfov, Anul 2020, Milioane lei RON, 57051
G  COMERT CU RIDICATA SI CU AMANUNTUL; REPARAREA AUTOVEHICULELOR SI MOTOCICLETELOR, Total, Ilfov, Anul 2021, Milioane lei RON, 73857
G  COMERT CU RIDICATA SI CU AMANUNTUL; REPARAREA AUTOVEHICULELOR SI MOTOCICLETELOR, Total, Ilfov, Anul 2022, Milioane lei RON, 96641
G  COMERT CU RIDICATA SI CU AMANUNTUL; REPARAREA AUTOVEHICULELOR SI MOTOCICLETELOR, Total, Ilfov, Anul 2023, Milioane lei RON, 99889
G  COMERT CU RIDICATA SI CU AMANUNTUL; REPARAREA AUTOVEHICULELOR SI MOTOCICLETELOR, Total, Ilfov, Anul 2024, Milioane lei RON, 108274
G  COMERT CU RIDICATA SI CU AMANUNTUL; REPARAREA AUTOVEHICULELOR SI MOTOCICLETELOR, Total, Municipiul Bucuresti, Anul 2008, Milioane lei RON, 131544
G  COMERT CU RIDICATA SI CU AMANUNTUL; REPARAREA AUTOVEHICULELOR SI MOTOCICLETELOR, Total, Municipiul Bucuresti, Anul 2009, Milioane lei RON, 120682
G  COMERT CU RIDICATA SI CU AMANUNTUL; REPARAREA AUTOVEHICULELOR SI MOTOCICLETELOR, Total, Municipiul Bucuresti, Anul 2010, Milioane lei RON, 131753
G  COMERT CU RIDICATA SI CU AMANUNTUL; REPARAREA AUTOVEHICULELOR SI MOTOCICLETELOR, Total, Municipiul Bucuresti, Anul 2011, Milioane lei RON, 139311
G  COMERT CU RIDICATA SI CU AMANUNTUL; REPARAREA AUTOVEHICULELOR SI MOTOCICLETELOR, Total, Municipiul Bucuresti, Anul 2012, Milioane lei RON, 141496
G  COMERT CU RIDICATA SI CU AMANUNTUL; REPARAREA AUTOVEHICULELOR SI MOTOCICLETELOR, Total, Municipiul Bucuresti, Anul 2013, Milioane lei RON, 146446
G  COMERT CU RIDICATA SI CU AMANUNTUL; REPARAREA AUTOVEHICULELOR SI MOTOCICLETELOR, Total, Municipiul Bucuresti, Anul 2014, Milioane lei RON, 152623
G  COMERT CU RIDICATA SI CU AMANUNTUL; REPARAREA AUTOVEHICULELOR SI MOTOCICLETELOR, Total, Municipiul Bucuresti, Anul 2015, Milioane lei RON, 160360
G  COMERT CU RIDICATA SI CU AMANUNTUL; REPARAREA AUTOVEHICULELOR SI MOTOCICLETELOR, Total, Municipiul Bucuresti, Anul 2016, Milioane lei RON, 165374
G  COMERT CU RIDICATA SI CU AMANUNTUL; REPARAREA AUTOVEHICULELOR SI MOTOCICLETELOR, Total, Municipiul Bucuresti, Anul 2017, Milioane lei RON, 184216
G  COMERT CU RIDICATA SI CU AMANUNTUL; REPARAREA AUTOVEHICULELOR SI MOTOCICLETELOR, Total, Municipiul Bucuresti, Anul 2018, Milioane lei RON, 201527
G  COMERT CU RIDICATA SI CU AMANUNTUL; REPARAREA AUTOVEHICULELOR SI MOTOCICLETELOR, Total, Municipiul Bucuresti, Anul 2019, Milioane lei RON, 223974
G  COMERT CU RIDICATA SI CU AMANUNTUL; REPARAREA AUTOVEHICULELOR SI MOTOCICLETELOR, Total, Municipiul Bucuresti, Anul 2020, Milioane lei RON, 235046
G  COMERT CU RIDICATA SI CU AMANUNTUL; REPARAREA AUTOVEHICULELOR SI MOTOCICLETELOR, Total, Municipiul Bucuresti, Anul 2021, Milioane lei RON, 285181
G  COMERT CU RIDICATA SI CU AMANUNTUL; REPARAREA AUTOVEHICULELOR SI MOTOCICLETELOR, Total, Municipiul Bucuresti, Anul 2022, Milioane lei RON, 328552
G  COMERT CU RIDICATA SI CU AMANUNTUL; REPARAREA AUTOVEHICULELOR SI MOTOCICLETELOR, Total, Municipiul Bucuresti, Anul 2023, Milioane lei RON, 347643
G  COMERT CU RIDICATA SI CU AMANUNTUL; REPARAREA AUTOVEHICULELOR SI MOTOCICLETELOR, Total, Municipiul Bucuresti, Anul 2024, Milioane lei RON, 351826
G  COMERT CU RIDICATA SI CU AMANUNTUL; REPARAREA AUTOVEHICULELOR SI MOTOCICLETELOR, Total, Dolj, Anul 2008, Milioane lei RON, 9529
G  COMERT CU RIDICATA SI CU AMANUNTUL; REPARAREA AUTOVEHICULELOR SI MOTOCICLETELOR, Total, Dolj, Anul 2009, Milioane lei RON, 8102
G  COMERT CU RIDICATA SI CU AMANUNTUL; REPARAREA AUTOVEHICULELOR SI MOTOCICLETELOR, Total, Dolj, Anul 2010, Milioane lei RON, 8765
G  COMERT CU RIDICATA SI CU AMANUNTUL; REPARAREA AUTOVEHICULELOR SI MOTOCICLETELOR, Total, Dolj, Anul 2011, Milioane lei RON, 8929
G  COMERT CU RIDICATA SI CU AMANUNTUL; REPARAREA AUTOVEHICULELOR SI MOTOCICLETELOR, Total, Dolj, Anul 2012, Milioane lei RON, 9944
G  COMERT CU RIDICATA SI CU AMANUNTUL; REPARAREA AUTOVEHICULELOR SI MOTOCICLETELOR, Total, Dolj, Anul 2013, Milioane lei RON, 10229
G  COMERT CU RIDICATA SI CU AMANUNTUL; REPARAREA AUTOVEHICULELOR SI MOTOCICLETELOR, Total, Dolj, Anul 2014, Milioane lei RON, 11134
G  COMERT CU RIDICATA SI CU AMANUNTUL; REPARAREA AUTOVEHICULELOR SI MOTOCICLETELOR, Total, Dolj, Anul 2015, Milioane lei RON, 11310
G  COMERT CU RIDICATA SI CU AMANUNTUL; REPARAREA AUTOVEHICULELOR SI MOTOCICLETELOR, Total, Dolj, Anul 2016, Milioane lei RON, 12701
G  COMERT CU RIDICATA SI CU AMANUNTUL; REPARAREA AUTOVEHICULELOR SI MOTOCICLETELOR, Total, Dolj, Anul 2017, Milioane lei RON, 13080
G  COMERT CU RIDICATA SI CU AMANUNTUL; REPARAREA AUTOVEHICULELOR SI MOTOCICLETELOR, Total, Dolj, Anul 2018, Milioane lei RON, 14736
G  COMERT CU RIDICATA SI CU AMANUNTUL; REPARAREA AUTOVEHICULELOR SI MOTOCICLETELOR, Total, Dolj, Anul 2019, Milioane lei RON, 16346
G  COMERT CU RIDICATA SI CU AMANUNTUL; REPARAREA AUTOVEHICULELOR SI MOTOCICLETELOR, Total, Dolj, Anul 2020, Milioane lei RON, 16453
G  COMERT CU RIDICATA SI CU AMANUNTUL; REPARAREA AUTOVEHICULELOR SI MOTOCICLETELOR, Total, Dolj, Anul 2021, Milioane lei RON, 19322
G  COMERT CU RIDICATA SI CU AMANUNTUL; REPARAREA AUTOVEHICULELOR SI MOTOCICLETELOR, Total, Dolj, Anul 2022, Milioane lei RON, 23741
G  COMERT CU RIDICATA SI CU AMANUNTUL; REPARAREA AUTOVEHICULELOR SI MOTOCICLETELOR, Total, Dolj, Anul 2023, Milioane lei RON, 24259
G  COMERT CU RIDICATA SI CU AMANUNTUL; REPARAREA AUTOVEHICULELOR SI MOTOCICLETELOR, Total, Dolj, Anul 2024, Milioane lei RON, 24581
G  COMERT CU RIDICATA SI CU AMANUNTUL; REPARAREA AUTOVEHICULELOR SI MOTOCICLETELOR, Total, Gorj, Anul 2008, Milioane lei RON, 2563
G  COMERT CU RIDICATA SI CU AMANUNTUL; REPARAREA AUTOVEHICULELOR SI MOTOCICLETELOR, Total, Gorj, Anul 2009, Milioane lei RON, 2251
G  COMERT CU RIDICATA SI CU AMANUNTUL; REPARAREA AUTOVEHICULELOR SI MOTOCICLETELOR, Total, Gorj, Anul 2010, Milioane lei RON, 2317
G  COMERT CU RIDICATA SI CU AMANUNTUL; REPARAREA AUTOVEHICULELOR SI MOTOCICLETELOR, Total, Gorj, Anul 2011, Milioane lei RON, 2626
G  COMERT CU RIDICATA SI CU AMANUNTUL; REPARAREA AUTOVEHICULELOR SI MOTOCICLETELOR, Total, Gorj, Anul 2012, Milioane lei RON, 2606
G  COMERT CU RIDICATA SI CU AMANUNTUL; REPARAREA AUTOVEHICULELOR SI MOTOCICLETELOR, Total, Gorj, Anul 2013, Milioane lei RON, 2501
G  COMERT CU RIDICATA SI CU AMANUNTUL; REPARAREA AUTOVEHICULELOR SI MOTOCICLETELOR, Total, Gorj, Anul 2014, Milioane lei RON, 2550
G  COMERT CU RIDICATA SI CU AMANUNTUL; REPARAREA AUTOVEHICULELOR SI MOTOCICLETELOR, Total, Gorj, Anul 2015, Milioane lei RON, 3149
G  COMERT CU RIDICATA SI CU AMANUNTUL; REPARAREA AUTOVEHICULELOR SI MOTOCICLETELOR, Total, Gorj, Anul 2016, Milioane lei RON, 3324
G  COMERT CU RIDICATA SI CU AMANUNTUL; REPARAREA AUTOVEHICULELOR SI MOTOCICLETELOR, Total, Gorj, Anul 2017, Milioane lei RON, 3665
G  COMERT CU RIDICATA SI CU AMANUNTUL; REPARAREA AUTOVEHICULELOR SI MOTOCICLETELOR, Total, Gorj, Anul 2018, Milioane lei RON, 3921
G  COMERT CU RIDICATA SI CU AMANUNTUL; REPARAREA AUTOVEHICULELOR SI MOTOCICLETELOR, Total, Gorj, Anul 2019, Milioane lei RON, 4360
G  COMERT CU RIDICATA SI CU AMANUNTUL; REPARAREA AUTOVEHICULELOR SI MOTOCICLETELOR, Total, Gorj, Anul 2020, Milioane lei RON, 4403
G  COMERT CU RIDICATA SI CU AMANUNTUL; REPARAREA AUTOVEHICULELOR SI MOTOCICLETELOR, Total, Gorj, Anul 2021, Milioane lei RON, 4918
G  COMERT CU RIDICATA SI CU AMANUNTUL; REPARAREA AUTOVEHICULELOR SI MOTOCICLETELOR, Total, Gorj, Anul 2022, Milioane lei RON, 6023
G  COMERT CU RIDICATA SI CU AMANUNTUL; REPARAREA AUTOVEHICULELOR SI MOTOCICLETELOR, Total, Gorj, Anul 2023, Milioane lei RON, 6631
G  COMERT CU RIDICATA SI CU AMANUNTUL; REPARAREA AUTOVEHICULELOR SI MOTOCICLETELOR, Total, Gorj, Anul 2024, Milioane lei RON, 7150
G  COMERT CU RIDICATA SI CU AMANUNTUL; REPARAREA AUTOVEHICULELOR SI MOTOCICLETELOR, Total, Mehedinti, Anul 2008, Milioane lei RON, 1747
G  COMERT CU RIDICATA SI CU AMANUNTUL; REPARAREA AUTOVEHICULELOR SI MOTOCICLETELOR, Total, Mehedinti, Anul 2009, Milioane lei RON, 1961
G  COMERT CU RIDICATA SI CU AMANUNTUL; REPARAREA AUTOVEHICULELOR SI MOTOCICLETELOR, Total, Mehedinti, Anul 2010, Milioane lei RON, 1664
G  COMERT CU RIDICATA SI CU AMANUNTUL; REPARAREA AUTOVEHICULELOR SI MOTOCICLETELOR, Total, Mehedinti, Anul 2011, Milioane lei RON, 1794
G  COMERT CU RIDICATA SI CU AMANUNTUL; REPARAREA AUTOVEHICULELOR SI MOTOCICLETELOR, Total, Mehedinti, Anul 2012, Milioane lei RON, 2391
G  COMERT CU RIDICATA SI CU AMANUNTUL; REPARAREA AUTOVEHICULELOR SI MOTOCICLETELOR, Total, Mehedinti, Anul 2013, Milioane lei RON, 1833
G  COMERT CU RIDICATA SI CU AMANUNTUL; REPARAREA AUTOVEHICULELOR SI MOTOCICLETELOR, Total, Mehedinti, Anul 2014, Milioane lei RON, 1806
G  COMERT CU RIDICATA SI CU AMANUNTUL; REPARAREA AUTOVEHICULELOR SI MOTOCICLETELOR, Total, Mehedinti, Anul 2015, Milioane lei RON, 1958
G  COMERT CU RIDICATA SI CU AMANUNTUL; REPARAREA AUTOVEHICULELOR SI MOTOCICLETELOR, Total, Mehedinti, Anul 2016, Milioane lei RON, 1979
G  COMERT CU RIDICATA SI CU AMANUNTUL; REPARAREA AUTOVEHICULELOR SI MOTOCICLETELOR, Total, Mehedinti, Anul 2017, Milioane lei RON, 2107
G  COMERT CU RIDICATA SI CU AMANUNTUL; REPARAREA AUTOVEHICULELOR SI MOTOCICLETELOR, Total, Mehedinti, Anul 2018, Milioane lei RON, 2564
G  COMERT CU RIDICATA SI CU AMANUNTUL; REPARAREA AUTOVEHICULELOR SI MOTOCICLETELOR, Total, Mehedinti, Anul 2019, Milioane lei RON, 2389
G  COMERT CU RIDICATA SI CU AMANUNTUL; REPARAREA AUTOVEHICULELOR SI MOTOCICLETELOR, Total, Mehedinti, Anul 2020, Milioane lei RON, 2530
G  COMERT CU RIDICATA SI CU AMANUNTUL; REPARAREA AUTOVEHICULELOR SI MOTOCICLETELOR, Total, Mehedinti, Anul 2021, Milioane lei RON, 2861
G  COMERT CU RIDICATA SI CU AMANUNTUL; REPARAREA AUTOVEHICULELOR SI MOTOCICLETELOR, Total, Mehedinti, Anul 2022, Milioane lei RON, 3301
G  COMERT CU RIDICATA SI CU AMANUNTUL; REPARAREA AUTOVEHICULELOR SI MOTOCICLETELOR, Total, Mehedinti, Anul 2023, Milioane lei RON, 3525
G  COMERT CU RIDICATA SI CU AMANUNTUL; REPARAREA AUTOVEHICULELOR SI MOTOCICLETELOR, Total, Mehedinti, Anul 2024, Milioane lei RON, 3552
G  COMERT CU RIDICATA SI CU AMANUNTUL; REPARAREA AUTOVEHICULELOR SI MOTOCICLETELOR, Total, Olt, Anul 2008, Milioane lei RON, 2912
G  COMERT CU RIDICATA SI CU AMANUNTUL; REPARAREA AUTOVEHICULELOR SI MOTOCICLETELOR, Total, Olt, Anul 2009, Milioane lei RON, 2523
G  COMERT CU RIDICATA SI CU AMANUNTUL; REPARAREA AUTOVEHICULELOR SI MOTOCICLETELOR, Total, Olt, Anul 2010, Milioane lei RON, 2442
G  COMERT CU RIDICATA SI CU AMANUNTUL; REPARAREA AUTOVEHICULELOR SI MOTOCICLETELOR, Total, Olt, Anul 2011, Milioane lei RON, 2775
G  COMERT CU RIDICATA SI CU AMANUNTUL; REPARAREA AUTOVEHICULELOR SI MOTOCICLETELOR, Total, Olt, Anul 2012, Milioane lei RON, 3206
G  COMERT CU RIDICATA SI CU AMANUNTUL; REPARAREA AUTOVEHICULELOR SI MOTOCICLETELOR, Total, Olt, Anul 2013, Milioane lei RON, 3055
G  COMERT CU RIDICATA SI CU AMANUNTUL; REPARAREA AUTOVEHICULELOR SI MOTOCICLETELOR, Total, Olt, Anul 2014, Milioane lei RON, 3483
G  COMERT CU RIDICATA SI CU AMANUNTUL; REPARAREA AUTOVEHICULELOR SI MOTOCICLETELOR, Total, Olt, Anul 2015, Milioane lei RON, 3766
G  COMERT CU RIDICATA SI CU AMANUNTUL; REPARAREA AUTOVEHICULELOR SI MOTOCICLETELOR, Total, Olt, Anul 2016, Milioane lei RON, 4032
G  COMERT CU RIDICATA SI CU AMANUNTUL; REPARAREA AUTOVEHICULELOR SI MOTOCICLETELOR, Total, Olt, Anul 2017, Milioane lei RON, 4275
G  COMERT CU RIDICATA SI CU AMANUNTUL; REPARAREA AUTOVEHICULELOR SI MOTOCICLETELOR, Total, Olt, Anul 2018, Milioane lei RON, 4994
G  COMERT CU RIDICATA SI CU AMANUNTUL; REPARAREA AUTOVEHICULELOR SI MOTOCICLETELOR, Total, Olt, Anul 2019, Milioane lei RON, 5694
G  COMERT CU RIDICATA SI CU AMANUNTUL; REPARAREA AUTOVEHICULELOR SI MOTOCICLETELOR, Total, Olt, Anul 2020, Milioane lei RON, 5867
G  COMERT CU RIDICATA SI CU AMANUNTUL; REPARAREA AUTOVEHICULELOR SI MOTOCICLETELOR, Total, Olt, Anul 2021, Milioane lei RON, 6426
G  COMERT CU RIDICATA SI CU AMANUNTUL; REPARAREA AUTOVEHICULELOR SI MOTOCICLETELOR, Total, Olt, Anul 2022, Milioane lei RON, 8036
G  COMERT CU RIDICATA SI CU AMANUNTUL; REPARAREA AUTOVEHICULELOR SI MOTOCICLETELOR, Total, Olt, Anul 2023, Milioane lei RON, 8550
G  COMERT CU RIDICATA SI CU AMANUNTUL; REPARAREA AUTOVEHICULELOR SI MOTOCICLETELOR, Total, Olt, Anul 2024, Milioane lei RON, 8091
G  COMERT CU RIDICATA SI CU AMANUNTUL; REPARAREA AUTOVEHICULELOR SI MOTOCICLETELOR, Total, Valcea, Anul 2008, Milioane lei RON, 3988
G  COMERT CU RIDICATA SI CU AMANUNTUL; REPARAREA AUTOVEHICULELOR SI MOTOCICLETELOR, Total, Valcea, Anul 2009, Milioane lei RON, 3147
G  COMERT CU RIDICATA SI CU AMANUNTUL; REPARAREA AUTOVEHICULELOR SI MOTOCICLETELOR, Total, Valcea, Anul 2010, Milioane lei RON, 3275
G  COMERT CU RIDICATA SI CU AMANUNTUL; REPARAREA AUTOVEHICULELOR SI MOTOCICLETELOR, Total, Valcea, Anul 2011, Milioane lei RON, 3578
G  COMERT CU RIDICATA SI CU AMANUNTUL; REPARAREA AUTOVEHICULELOR SI MOTOCICLETELOR, Total, Valcea, Anul 2012, Milioane lei RON, 3688
G  COMERT CU RIDICATA SI CU AMANUNTUL; REPARAREA AUTOVEHICULELOR SI MOTOCICLETELOR, Total, Valcea, Anul 2013, Milioane lei RON, 3600
G  COMERT CU RIDICATA SI CU AMANUNTUL; REPARAREA AUTOVEHICULELOR SI MOTOCICLETELOR, Total, Valcea, Anul 2014, Milioane lei RON, 4047
G  COMERT CU RIDICATA SI CU AMANUNTUL; REPARAREA AUTOVEHICULELOR SI MOTOCICLETELOR, Total, Valcea, Anul 2015, Milioane lei RON, 4746
G  COMERT CU RIDICATA SI CU AMANUNTUL; REPARAREA AUTOVEHICULELOR SI MOTOCICLETELOR, Total, Valcea, Anul 2016, Milioane lei RON, 5282
G  COMERT CU RIDICATA SI CU AMANUNTUL; REPARAREA AUTOVEHICULELOR SI MOTOCICLETELOR, Total, Valcea, Anul 2017, Milioane lei RON, 5812
G  COMERT CU RIDICATA SI CU AMANUNTUL; REPARAREA AUTOVEHICULELOR SI MOTOCICLETELOR, Total, Valcea, Anul 2018, Milioane lei RON, 6355
G  COMERT CU RIDICATA SI CU AMANUNTUL; REPARAREA AUTOVEHICULELOR SI MOTOCICLETELOR, Total, Valcea, Anul 2019, Milioane lei RON, 6325
G  COMERT CU RIDICATA SI CU AMANUNTUL; REPARAREA AUTOVEHICULELOR SI MOTOCICLETELOR, Total, Valcea, Anul 2020, Milioane lei RON, 6390
G  COMERT CU RIDICATA SI CU AMANUNTUL; REPARAREA AUTOVEHICULELOR SI MOTOCICLETELOR, Total, Valcea, Anul 2021, Milioane lei RON, 6906
G  COMERT CU RIDICATA SI CU AMANUNTUL; REPARAREA AUTOVEHICULELOR SI MOTOCICLETELOR, Total, Valcea, Anul 2022, Milioane lei RON, 8378
G  COMERT CU RIDICATA SI CU AMANUNTUL; REPARAREA AUTOVEHICULELOR SI MOTOCICLETELOR, Total, Valcea, Anul 2023, Milioane lei RON, 8666
G  COMERT CU RIDICATA SI CU AMANUNTUL; REPARAREA AUTOVEHICULELOR SI MOTOCICLETELOR, Total, Valcea, Anul 2024, Milioane lei RON, 9735
G  COMERT CU RIDICATA SI CU AMANUNTUL; REPARAREA AUTOVEHICULELOR SI MOTOCICLETELOR, Total, Arad, Anul 2008, Milioane lei RON, 7411
G  COMERT CU RIDICATA SI CU AMANUNTUL; REPARAREA AUTOVEHICULELOR SI MOTOCICLETELOR, Total, Arad, Anul 2009, Milioane lei RON, 5822
G  COMERT CU RIDICATA SI CU AMANUNTUL; REPARAREA AUTOVEHICULELOR SI MOTOCICLETELOR, Total, Arad, Anul 2010, Milioane lei RON, 6464
G  COMERT CU RIDICATA SI CU AMANUNTUL; REPARAREA AUTOVEHICULELOR SI MOTOCICLETELOR, Total, Arad, Anul 2011, Milioane lei RON, 7666
G  COMERT CU RIDICATA SI CU AMANUNTUL; REPARAREA AUTOVEHICULELOR SI MOTOCICLETELOR, Total, Arad, Anul 2012, Milioane lei RON, 8158
G  COMERT CU RIDICATA SI CU AMANUNTUL; REPARAREA AUTOVEHICULELOR SI MOTOCICLETELOR, Total, Arad, Anul 2013, Milioane lei RON, 8514
G  COMERT CU RIDICATA SI CU AMANUNTUL; REPARAREA AUTOVEHICULELOR SI MOTOCICLETELOR, Total, Arad, Anul 2014, Milioane lei RON, 8926
G  COMERT CU RIDICATA SI CU AMANUNTUL; REPARAREA AUTOVEHICULELOR SI MOTOCICLETELOR, Total, Arad, Anul 2015, Milioane lei RON, 8928
G  COMERT CU RIDICATA SI CU AMANUNTUL; REPARAREA AUTOVEHICULELOR SI MOTOCICLETELOR, Total, Arad, Anul 2016, Milioane lei RON, 9419
G  COMERT CU RIDICATA SI CU AMANUNTUL; REPARAREA AUTOVEHICULELOR SI MOTOCICLETELOR, Total, Arad, Anul 2017, Milioane lei RON, 10628
G  COMERT CU RIDICATA SI CU AMANUNTUL; REPARAREA AUTOVEHICULELOR SI MOTOCICLETELOR, Total, Arad, Anul 2018, Milioane lei RON, 13125
G  COMERT CU RIDICATA SI CU AMANUNTUL; REPARAREA AUTOVEHICULELOR SI MOTOCICLETELOR, Total, Arad, Anul 2019, Milioane lei RON, 13920
G  COMERT CU RIDICATA SI CU AMANUNTUL; REPARAREA AUTOVEHICULELOR SI MOTOCICLETELOR, Total, Arad, Anul 2020, Milioane lei RON, 13263
G  COMERT CU RIDICATA SI CU AMANUNTUL; REPARAREA AUTOVEHICULELOR SI MOTOCICLETELOR, Total, Arad, Anul 2021, Milioane lei RON, 17162
G  COMERT CU RIDICATA SI CU AMANUNTUL; REPARAREA AUTOVEHICULELOR SI MOTOCICLETELOR, Total, Arad, Anul 2022, Milioane lei RON, 22881
G  COMERT CU RIDICATA SI CU AMANUNTUL; REPARAREA AUTOVEHICULELOR SI MOTOCICLETELOR, Total, Arad, Anul 2023, Milioane lei RON, 22090
G  COMERT CU RIDICATA SI CU AMANUNTUL; REPARAREA AUTOVEHICULELOR SI MOTOCICLETELOR, Total, Arad, Anul 2024, Milioane lei RON, 22744
G  COMERT CU RIDICATA SI CU AMANUNTUL; REPARAREA AUTOVEHICULELOR SI MOTOCICLETELOR, Total, Caras-Severin, Anul 2008, Milioane lei RON, 1926
G  COMERT CU RIDICATA SI CU AMANUNTUL; REPARAREA AUTOVEHICULELOR SI MOTOCICLETELOR, Total, Caras-Severin, Anul 2009, Milioane lei RON, 1802
G  COMERT CU RIDICATA SI CU AMANUNTUL; REPARAREA AUTOVEHICULELOR SI MOTOCICLETELOR, Total, Caras-Severin, Anul 2010, Milioane lei RON, 1702
G  COMERT CU RIDICATA SI CU AMANUNTUL; REPARAREA AUTOVEHICULELOR SI MOTOCICLETELOR, Total, Caras-Severin, Anul 2011, Milioane lei RON, 1936
G  COMERT CU RIDICATA SI CU AMANUNTUL; REPARAREA AUTOVEHICULELOR SI MOTOCICLETELOR, Total, Caras-Severin, Anul 2012, Milioane lei RON, 1984
G  COMERT CU RIDICATA SI CU AMANUNTUL; REPARAREA AUTOVEHICULELOR SI MOTOCICLETELOR, Total, Caras-Severin, Anul 2013, Milioane lei RON, 2038
G  COMERT CU RIDICATA SI CU AMANUNTUL; REPARAREA AUTOVEHICULELOR SI MOTOCICLETELOR, Total, Caras-Severin, Anul 2014, Milioane lei RON, 2283
G  COMERT CU RIDICATA SI CU AMANUNTUL; REPARAREA AUTOVEHICULELOR SI MOTOCICLETELOR, Total, Caras-Severin, Anul 2015, Milioane lei RON, 2758
G  COMERT CU RIDICATA SI CU AMANUNTUL; REPARAREA AUTOVEHICULELOR SI MOTOCICLETELOR, Total, Caras-Severin, Anul 2016, Milioane lei RON, 2926
G  COMERT CU RIDICATA SI CU AMANUNTUL; REPARAREA AUTOVEHICULELOR SI MOTOCICLETELOR, Total, Caras-Severin, Anul 2017, Milioane lei RON, 3541
G  COMERT CU RIDICATA SI CU AMANUNTUL; REPARAREA AUTOVEHICULELOR SI MOTOCICLETELOR, Total, Caras-Severin, Anul 2018, Milioane lei RON, 3711
G  COMERT CU RIDICATA SI CU AMANUNTUL; REPARAREA AUTOVEHICULELOR SI MOTOCICLETELOR, Total, Caras-Severin, Anul 2019, Milioane lei RON, 3550
G  COMERT CU RIDICATA SI CU AMANUNTUL; REPARAREA AUTOVEHICULELOR SI MOTOCICLETELOR, Total, Caras-Severin, Anul 2020, Milioane lei RON, 3413
G  COMERT CU RIDICATA SI CU AMANUNTUL; REPARAREA AUTOVEHICULELOR SI MOTOCICLETELOR, Total, Caras-Severin, Anul 2021, Milioane lei RON, 4294
G  COMERT CU RIDICATA SI CU AMANUNTUL; REPARAREA AUTOVEHICULELOR SI MOTOCICLETELOR, Total, Caras-Severin, Anul 2022, Milioane lei RON, 4781
G  COMERT CU RIDICATA SI CU AMANUNTUL; REPARAREA AUTOVEHICULELOR SI MOTOCICLETELOR, Total, Caras-Severin, Anul 2023, Milioane lei RON, 4901
G  COMERT CU RIDICATA SI CU AMANUNTUL; REPARAREA AUTOVEHICULELOR SI MOTOCICLETELOR, Total, Caras-Severin, Anul 2024, Milioane lei RON, 5081
G  COMERT CU RIDICATA SI CU AMANUNTUL; REPARAREA AUTOVEHICULELOR SI MOTOCICLETELOR, Total, Hunedoara, Anul 2008, Milioane lei RON, 5231
G  COMERT CU RIDICATA SI CU AMANUNTUL; REPARAREA AUTOVEHICULELOR SI MOTOCICLETELOR, Total, Hunedoara, Anul 2009, Milioane lei RON, 4283
G  COMERT CU RIDICATA SI CU AMANUNTUL; REPARAREA AUTOVEHICULELOR SI MOTOCICLETELOR, Total, Hunedoara, Anul 2010, Milioane lei RON, 4036
G  COMERT CU RIDICATA SI CU AMANUNTUL; REPARAREA AUTOVEHICULELOR SI MOTOCICLETELOR, Total, Hunedoara, Anul 2011, Milioane lei RON, 4572
G  COMERT CU RIDICATA SI CU AMANUNTUL; REPARAREA AUTOVEHICULELOR SI MOTOCICLETELOR, Total, Hunedoara, Anul 2012, Milioane lei RON, 4425
G  COMERT CU RIDICATA SI CU AMANUNTUL; REPARAREA AUTOVEHICULELOR SI MOTOCICLETELOR, Total, Hunedoara, Anul 2013, Milioane lei RON, 4487
G  COMERT CU RIDICATA SI CU AMANUNTUL; REPARAREA AUTOVEHICULELOR SI MOTOCICLETELOR, Total, Hunedoara, Anul 2014, Milioane lei RON, 4917
G  COMERT CU RIDICATA SI CU AMANUNTUL; REPARAREA AUTOVEHICULELOR SI MOTOCICLETELOR, Total, Hunedoara, Anul 2015, Milioane lei RON, 5438
G  COMERT CU RIDICATA SI CU AMANUNTUL; REPARAREA AUTOVEHICULELOR SI MOTOCICLETELOR, Total, Hunedoara, Anul 2016, Milioane lei RON, 5505
G  COMERT CU RIDICATA SI CU AMANUNTUL; REPARAREA AUTOVEHICULELOR SI MOTOCICLETELOR, Total, Hunedoara, Anul 2017, Milioane lei RON, 5909
G  COMERT CU RIDICATA SI CU AMANUNTUL; REPARAREA AUTOVEHICULELOR SI MOTOCICLETELOR, Total, Hunedoara, Anul 2018, Milioane lei RON, 6946
G  COMERT CU RIDICATA SI CU AMANUNTUL; REPARAREA AUTOVEHICULELOR SI MOTOCICLETELOR, Total, Hunedoara, Anul 2019, Milioane lei RON, 7271
G  COMERT CU RIDICATA SI CU AMANUNTUL; REPARAREA AUTOVEHICULELOR SI MOTOCICLETELOR, Total, Hunedoara, Anul 2020, Milioane lei RON, 7523
G  COMERT CU RIDICATA SI CU AMANUNTUL; REPARAREA AUTOVEHICULELOR SI MOTOCICLETELOR, Total, Hunedoara, Anul 2021, Milioane lei RON, 9388
G  COMERT CU RIDICATA SI CU AMANUNTUL; REPARAREA AUTOVEHICULELOR SI MOTOCICLETELOR, Total, Hunedoara, Anul 2022, Milioane lei RON, 10456
G  COMERT CU RIDICATA SI CU AMANUNTUL; REPARAREA AUTOVEHICULELOR SI MOTOCICLETELOR, Total, Hunedoara, Anul 2023, Milioane lei RON, 9660
G  COMERT CU RIDICATA SI CU AMANUNTUL; REPARAREA AUTOVEHICULELOR SI MOTOCICLETELOR, Total, Hunedoara, Anul 2024, Milioane lei RON, 10285
G  COMERT CU RIDICATA SI CU AMANUNTUL; REPARAREA AUTOVEHICULELOR SI MOTOCICLETELOR, Total, Timis, Anul 2008, Milioane lei RON, 13524
G  COMERT CU RIDICATA SI CU AMANUNTUL; REPARAREA AUTOVEHICULELOR SI MOTOCICLETELOR, Total, Timis, Anul 2009, Milioane lei RON, 11661
G  COMERT CU RIDICATA SI CU AMANUNTUL; REPARAREA AUTOVEHICULELOR SI MOTOCICLETELOR, Total, Timis, Anul 2010, Milioane lei RON, 11668
G  COMERT CU RIDICATA SI CU AMANUNTUL; REPARAREA AUTOVEHICULELOR SI MOTOCICLETELOR, Total, Timis, Anul 2011, Milioane lei RON, 12576
G  COMERT CU RIDICATA SI CU AMANUNTUL; REPARAREA AUTOVEHICULELOR SI MOTOCICLETELOR, Total, Timis, Anul 2012, Milioane lei RON, 13605
G  COMERT CU RIDICATA SI CU AMANUNTUL; REPARAREA AUTOVEHICULELOR SI MOTOCICLETELOR, Total, Timis, Anul 2013, Milioane lei RON, 14184
G  COMERT CU RIDICATA SI CU AMANUNTUL; REPARAREA AUTOVEHICULELOR SI MOTOCICLETELOR, Total, Timis, Anul 2014, Milioane lei RON, 14537
G  COMERT CU RIDICATA SI CU AMANUNTUL; REPARAREA AUTOVEHICULELOR SI MOTOCICLETELOR, Total, Timis, Anul 2015, Milioane lei RON, 15629
G  COMERT CU RIDICATA SI CU AMANUNTUL; REPARAREA AUTOVEHICULELOR SI MOTOCICLETELOR, Total, Timis, Anul 2016, Milioane lei RON, 19041
G  COMERT CU RIDICATA SI CU AMANUNTUL; REPARAREA AUTOVEHICULELOR SI MOTOCICLETELOR, Total, Timis, Anul 2017, Milioane lei RON, 20116
G  COMERT CU RIDICATA SI CU AMANUNTUL; REPARAREA AUTOVEHICULELOR SI MOTOCICLETELOR, Total, Timis, Anul 2018, Milioane lei RON, 23649
G  COMERT CU RIDICATA SI CU AMANUNTUL; REPARAREA AUTOVEHICULELOR SI MOTOCICLETELOR, Total, Timis, Anul 2019, Milioane lei RON, 25298
G  COMERT CU RIDICATA SI CU AMANUNTUL; REPARAREA AUTOVEHICULELOR SI MOTOCICLETELOR, Total, Timis, Anul 2020, Milioane lei RON, 25706
G  COMERT CU RIDICATA SI CU AMANUNTUL; REPARAREA AUTOVEHICULELOR SI MOTOCICLETELOR, Total, Timis, Anul 2021, Milioane lei RON, 30242
G  COMERT CU RIDICATA SI CU AMANUNTUL; REPARAREA AUTOVEHICULELOR SI MOTOCICLETELOR, Total, Timis, Anul 2022, Milioane lei RON, 36794
G  COMERT CU RIDICATA SI CU AMANUNTUL; REPARAREA AUTOVEHICULELOR SI MOTOCICLETELOR, Total, Timis, Anul 2023, Milioane lei RON, 37794
G  COMERT CU RIDICATA SI CU AMANUNTUL; REPARAREA AUTOVEHICULELOR SI MOTOCICLETELOR, Total, Timis, Anul 2024, Milioane lei RON, 36373
H  TRANSPORT SI DEPOZITARE, Total, Bihor, Anul 2008, Milioane lei RON, 1635
H  TRANSPORT SI DEPOZITARE, Total, Bihor, Anul 2009, Milioane lei RON, 1655
H  TRANSPORT SI DEPOZITARE, Total, Bihor, Anul 2010, Milioane lei RON, 1609
H  TRANSPORT SI DEPOZITARE, Total, Bihor, Anul 2011, Milioane lei RON, 1817
H  TRANSPORT SI DEPOZITARE, Total, Bihor, Anul 2012, Milioane lei RON, 2275
H  TRANSPORT SI DEPOZITARE, Total, Bihor, Anul 2013, Milioane lei RON, 2648
H  TRANSPORT SI DEPOZITARE, Total, Bihor, Anul 2014, Milioane lei RON, 2753
H  TRANSPORT SI DEPOZITARE, Total, Bihor, Anul 2015, Milioane lei RON, 3107
H  TRANSPORT SI DEPOZITARE, Total, Bihor, Anul 2016, Milioane lei RON, 3275
H  TRANSPORT SI DEPOZITARE, Total, Bihor, Anul 2017, Milioane lei RON, 3754
H  TRANSPORT SI DEPOZITARE, Total, Bihor, Anul 2018, Milioane lei RON, 4428
H  TRANSPORT SI DEPOZITARE, Total, Bihor, Anul 2019, Milioane lei RON, 4850
H  TRANSPORT SI DEPOZITARE, Total, Bihor, Anul 2020, Milioane lei RON, 4727
H  TRANSPORT SI DEPOZITARE, Total, Bihor, Anul 2021, Milioane lei RON, 5605
H  TRANSPORT SI DEPOZITARE, Total, Bihor, Anul 2022, Milioane lei RON, 6940
H  TRANSPORT SI DEPOZITARE, Total, Bihor, Anul 2023, Milioane lei RON, 6922
H  TRANSPORT SI DEPOZITARE, Total, Bihor, Anul 2024, Milioane lei RON, 7538
H  TRANSPORT SI DEPOZITARE, Total, Bistrita-Nasaud, Anul 2008, Milioane lei RON, 343
H  TRANSPORT SI DEPOZITARE, Total, Bistrita-Nasaud, Anul 2009, Milioane lei RON, 295
H  TRANSPORT SI DEPOZITARE, Total, Bistrita-Nasaud, Anul 2010, Milioane lei RON, 306
H  TRANSPORT SI DEPOZITARE, Total, Bistrita-Nasaud, Anul 2011, Milioane lei RON, 348
H  TRANSPORT SI DEPOZITARE, Total, Bistrita-Nasaud, Anul 2012, Milioane lei RON, 398
H  TRANSPORT SI DEPOZITARE, Total, Bistrita-Nasaud, Anul 2013, Milioane lei RON, 462
H  TRANSPORT SI DEPOZITARE, Total, Bistrita-Nasaud, Anul 2014, Milioane lei RON, 577
H  TRANSPORT SI DEPOZITARE, Total, Bistrita-Nasaud, Anul 2015, Milioane lei RON, 767
H  TRANSPORT SI DEPOZITARE, Total, Bistrita-Nasaud, Anul 2016, Milioane lei RON, 892
H  TRANSPORT SI DEPOZITARE, Total, Bistrita-Nasaud, Anul 2017, Milioane lei RON, 1005
H  TRANSPORT SI DEPOZITARE, Total, Bistrita-Nasaud, Anul 2018, Milioane lei RON, 1139
H  TRANSPORT SI DEPOZITARE, Total, Bistrita-Nasaud, Anul 2019, Milioane lei RON, 1198
H  TRANSPORT SI DEPOZITARE, Total, Bistrita-Nasaud, Anul 2020, Milioane lei RON, 1159
H  TRANSPORT SI DEPOZITARE, Total, Bistrita-Nasaud, Anul 2021, Milioane lei RON, 1432
H  TRANSPORT SI DEPOZITARE, Total, Bistrita-Nasaud, Anul 2022, Milioane lei RON, 1705
H  TRANSPORT SI DEPOZITARE, Total, Bistrita-Nasaud, Anul 2023, Milioane lei RON, 1641
H  TRANSPORT SI DEPOZITARE, Total, Bistrita-Nasaud, Anul 2024, Milioane lei RON, 1841
H  TRANSPORT SI DEPOZITARE, Total, Cluj, Anul 2008, Milioane lei RON, 1660
H  TRANSPORT SI DEPOZITARE, Total, Cluj, Anul 2009, Milioane lei RON, 1515
H  TRANSPORT SI DEPOZITARE, Total, Cluj, Anul 2010, Milioane lei RON, 1639
H  TRANSPORT SI DEPOZITARE, Total, Cluj, Anul 2011, Milioane lei RON, 2182
H  TRANSPORT SI DEPOZITARE, Total, Cluj, Anul 2012, Milioane lei RON, 2324
H  TRANSPORT SI DEPOZITARE, Total, Cluj, Anul 2013, Milioane lei RON, 2829
H  TRANSPORT SI DEPOZITARE, Total, Cluj, Anul 2014, Milioane lei RON, 3438
H  TRANSPORT SI DEPOZITARE, Total, Cluj, Anul 2015, Milioane lei RON, 4110
H  TRANSPORT SI DEPOZITARE, Total, Cluj, Anul 2016, Milioane lei RON, 4475
H  TRANSPORT SI DEPOZITARE, Total, Cluj, Anul 2017, Milioane lei RON, 5345
H  TRANSPORT SI DEPOZITARE, Total, Cluj, Anul 2018, Milioane lei RON, 6175
H  TRANSPORT SI DEPOZITARE, Total, Cluj, Anul 2019, Milioane lei RON, 6234
H  TRANSPORT SI DEPOZITARE, Total, Cluj, Anul 2020, Milioane lei RON, 5388
H  TRANSPORT SI DEPOZITARE, Total, Cluj, Anul 2021, Milioane lei RON, 5836
H  TRANSPORT SI DEPOZITARE, Total, Cluj, Anul 2022, Milioane lei RON, 7081
H  TRANSPORT SI DEPOZITARE, Total, Cluj, Anul 2023, Milioane lei RON, 7183
H  TRANSPORT SI DEPOZITARE, Total, Cluj, Anul 2024, Milioane lei RON, 7479
H  TRANSPORT SI DEPOZITARE, Total, Maramures, Anul 2008, Milioane lei RON, 703
H  TRANSPORT SI DEPOZITARE, Total, Maramures, Anul 2009, Milioane lei RON, 584
H  TRANSPORT SI DEPOZITARE, Total, Maramures, Anul 2010, Milioane lei RON, 638
H  TRANSPORT SI DEPOZITARE, Total, Maramures, Anul 2011, Milioane lei RON, 689
H  TRANSPORT SI DEPOZITARE, Total, Maramures, Anul 2012, Milioane lei RON, 811
H  TRANSPORT SI DEPOZITARE, Total, Maramures, Anul 2013, Milioane lei RON, 894
H  TRANSPORT SI DEPOZITARE, Total, Maramures, Anul 2014, Milioane lei RON, 1067
H  TRANSPORT SI DEPOZITARE, Total, Maramures, Anul 2015, Milioane lei RON, 1252
H  TRANSPORT SI DEPOZITARE, Total, Maramures, Anul 2016, Milioane lei RON, 1323
H  TRANSPORT SI DEPOZITARE, Total, Maramures, Anul 2017, Milioane lei RON, 1402
H  TRANSPORT SI DEPOZITARE, Total, Maramures, Anul 2018, Milioane lei RON, 1502
H  TRANSPORT SI DEPOZITARE, Total, Maramures, Anul 2019, Milioane lei RON, 1597
H  TRANSPORT SI DEPOZITARE, Total, Maramures, Anul 2020, Milioane lei RON, 1472
H  TRANSPORT SI DEPOZITARE, Total, Maramures, Anul 2021, Milioane lei RON, 1825
H  TRANSPORT SI DEPOZITARE, Total, Maramures, Anul 2022, Milioane lei RON, 2242
H  TRANSPORT SI DEPOZITARE, Total, Maramures, Anul 2023, Milioane lei RON, 2212
H  TRANSPORT SI DEPOZITARE, Total, Maramures, Anul 2024, Milioane lei RON, 2422
H  TRANSPORT SI DEPOZITARE, Total, Satu Mare, Anul 2008, Milioane lei RON, 485
H  TRANSPORT SI DEPOZITARE, Total, Satu Mare, Anul 2009, Milioane lei RON, 388
H  TRANSPORT SI DEPOZITARE, Total, Satu Mare, Anul 2010, Milioane lei RON, 393
H  TRANSPORT SI DEPOZITARE, Total, Satu Mare, Anul 2011, Milioane lei RON, 451
H  TRANSPORT SI DEPOZITARE, Total, Satu Mare, Anul 2012, Milioane lei RON, 522
H  TRANSPORT SI DEPOZITARE, Total, Satu Mare, Anul 2013, Milioane lei RON, 597
H  TRANSPORT SI DEPOZITARE, Total, Satu Mare, Anul 2014, Milioane lei RON, 668
H  TRANSPORT SI DEPOZITARE, Total, Satu Mare, Anul 2015, Milioane lei RON, 719
H  TRANSPORT SI DEPOZITARE, Total, Satu Mare, Anul 2016, Milioane lei RON, 766
H  TRANSPORT SI DEPOZITARE, Total, Satu Mare, Anul 2017, Milioane lei RON, 845
H  TRANSPORT SI DEPOZITARE, Total, Satu Mare, Anul 2018, Milioane lei RON, 914
H  TRANSPORT SI DEPOZITARE, Total, Satu Mare, Anul 2019, Milioane lei RON, 848
H  TRANSPORT SI DEPOZITARE, Total, Satu Mare, Anul 2020, Milioane lei RON, 788
H  TRANSPORT SI DEPOZITARE, Total, Satu Mare, Anul 2021, Milioane lei RON, 915
H  TRANSPORT SI DEPOZITARE, Total, Satu Mare, Anul 2022, Milioane lei RON, 1079
H  TRANSPORT SI DEPOZITARE, Total, Satu Mare, Anul 2023, Milioane lei RON, 1035
H  TRANSPORT SI DEPOZITARE, Total, Satu Mare, Anul 2024, Milioane lei RON, 1136
H  TRANSPORT SI DEPOZITARE, Total, Salaj, Anul 2008, Milioane lei RON, 837
H  TRANSPORT SI DEPOZITARE, Total, Salaj, Anul 2009, Milioane lei RON, 528
H  TRANSPORT SI DEPOZITARE, Total, Salaj, Anul 2010, Milioane lei RON, 587
H  TRANSPORT SI DEPOZITARE, Total, Salaj, Anul 2011, Milioane lei RON, 708
H  TRANSPORT SI DEPOZITARE, Total, Salaj, Anul 2012, Milioane lei RON, 515
H  TRANSPORT SI DEPOZITARE, Total, Salaj, Anul 2013, Milioane lei RON, 471
H  TRANSPORT SI DEPOZITARE, Total, Salaj, Anul 2014, Milioane lei RON, 510
H  TRANSPORT SI DEPOZITARE, Total, Salaj, Anul 2015, Milioane lei RON, 586
H  TRANSPORT SI DEPOZITARE, Total, Salaj, Anul 2016, Milioane lei RON, 589
H  TRANSPORT SI DEPOZITARE, Total, Salaj, Anul 2017, Milioane lei RON, 613
H  TRANSPORT SI DEPOZITARE, Total, Salaj, Anul 2018, Milioane lei RON, 690
H  TRANSPORT SI DEPOZITARE, Total, Salaj, Anul 2019, Milioane lei RON, 701
H  TRANSPORT SI DEPOZITARE, Total, Salaj, Anul 2020, Milioane lei RON, 660
H  TRANSPORT SI DEPOZITARE, Total, Salaj, Anul 2021, Milioane lei RON, 797
H  TRANSPORT SI DEPOZITARE, Total, Salaj, Anul 2022, Milioane lei RON, 991
H  TRANSPORT SI DEPOZITARE, Total, Salaj, Anul 2023, Milioane lei RON, 1105
H  TRANSPORT SI DEPOZITARE, Total, Salaj, Anul 2024, Milioane lei RON, 1177
H  TRANSPORT SI DEPOZITARE, Total, Alba, Anul 2008, Milioane lei RON, 601
H  TRANSPORT SI DEPOZITARE, Total, Alba, Anul 2009, Milioane lei RON, 584
H  TRANSPORT SI DEPOZITARE, Total, Alba, Anul 2010, Milioane lei RON, 609
H  TRANSPORT SI DEPOZITARE, Total, Alba, Anul 2011, Milioane lei RON, 642
H  TRANSPORT SI DEPOZITARE, Total, Alba, Anul 2012, Milioane lei RON, 733
H  TRANSPORT SI DEPOZITARE, Total, Alba, Anul 2013, Milioane lei RON, 801
H  TRANSPORT SI DEPOZITARE, Total, Alba, Anul 2014, Milioane lei RON, 929
H  TRANSPORT SI DEPOZITARE, Total, Alba, Anul 2015, Milioane lei RON, 1074
H  TRANSPORT SI DEPOZITARE, Total, Alba, Anul 2016, Milioane lei RON, 1204
H  TRANSPORT SI DEPOZITARE, Total, Alba, Anul 2017, Milioane lei RON, 1445
H  TRANSPORT SI DEPOZITARE, Total, Alba, Anul 2018, Milioane lei RON, 1528
H  TRANSPORT SI DEPOZITARE, Total, Alba, Anul 2019, Milioane lei RON, 1767
H  TRANSPORT SI DEPOZITARE, Total, Alba, Anul 2020, Milioane lei RON, 1645
H  TRANSPORT SI DEPOZITARE, Total, Alba, Anul 2021, Milioane lei RON, 1990
H  TRANSPORT SI DEPOZITARE, Total, Alba, Anul 2022, Milioane lei RON, 2571
H  TRANSPORT SI DEPOZITARE, Total, Alba, Anul 2023, Milioane lei RON, 2552
H  TRANSPORT SI DEPOZITARE, Total, Alba, Anul 2024, Milioane lei RON, 2796
H  TRANSPORT SI DEPOZITARE, Total, Brasov, Anul 2008, Milioane lei RON, 1165
H  TRANSPORT SI DEPOZITARE, Total, Brasov, Anul 2009, Milioane lei RON, 1119
H  TRANSPORT SI DEPOZITARE, Total, Brasov, Anul 2010, Milioane lei RON, 1314
H  TRANSPORT SI DEPOZITARE, Total, Brasov, Anul 2011, Milioane lei RON, 1288
H  TRANSPORT SI DEPOZITARE, Total, Brasov, Anul 2012, Milioane lei RON, 1344
H  TRANSPORT SI DEPOZITARE, Total, Brasov, Anul 2013, Milioane lei RON, 1547
H  TRANSPORT SI DEPOZITARE, Total, Brasov, Anul 2014, Milioane lei RON, 1776
H  TRANSPORT SI DEPOZITARE, Total, Brasov, Anul 2015, Milioane lei RON, 1871
H  TRANSPORT SI DEPOZITARE, Total, Brasov, Anul 2016, Milioane lei RON, 1988
H  TRANSPORT SI DEPOZITARE, Total, Brasov, Anul 2017, Milioane lei RON, 2211
H  TRANSPORT SI DEPOZITARE, Total, Brasov, Anul 2018, Milioane lei RON, 2466
H  TRANSPORT SI DEPOZITARE, Total, Brasov, Anul 2019, Milioane lei RON, 2596
H  TRANSPORT SI DEPOZITARE, Total, Brasov, Anul 2020, Milioane lei RON, 2368
H  TRANSPORT SI DEPOZITARE, Total, Brasov, Anul 2021, Milioane lei RON, 2792
H  TRANSPORT SI DEPOZITARE, Total, Brasov, Anul 2022, Milioane lei RON, 3323
H  TRANSPORT SI DEPOZITARE, Total, Brasov, Anul 2023, Milioane lei RON, 3372
H  TRANSPORT SI DEPOZITARE, Total, Brasov, Anul 2024, Milioane lei RON, 3638
H  TRANSPORT SI DEPOZITARE, Total, Covasna, Anul 2008, Milioane lei RON, 376
H  TRANSPORT SI DEPOZITARE, Total, Covasna, Anul 2009, Milioane lei RON, 325
H  TRANSPORT SI DEPOZITARE, Total, Covasna, Anul 2010, Milioane lei RON, 343
H  TRANSPORT SI DEPOZITARE, Total, Covasna, Anul 2011, Milioane lei RON, 396
H  TRANSPORT SI DEPOZITARE, Total, Covasna, Anul 2012, Milioane lei RON, 404
H  TRANSPORT SI DEPOZITARE, Total, Covasna, Anul 2013, Milioane lei RON, 382
H  TRANSPORT SI DEPOZITARE, Total, Covasna, Anul 2014, Milioane lei RON, 468
H  TRANSPORT SI DEPOZITARE, Total, Covasna, Anul 2015, Milioane lei RON, 469
H  TRANSPORT SI DEPOZITARE, Total, Covasna, Anul 2016, Milioane lei RON, 513
H  TRANSPORT SI DEPOZITARE, Total, Covasna, Anul 2017, Milioane lei RON, 569
H  TRANSPORT SI DEPOZITARE, Total, Covasna, Anul 2018, Milioane lei RON, 661
H  TRANSPORT SI DEPOZITARE, Total, Covasna, Anul 2019, Milioane lei RON, 718
H  TRANSPORT SI DEPOZITARE, Total, Covasna, Anul 2020, Milioane lei RON, 667
H  TRANSPORT SI DEPOZITARE, Total, Covasna, Anul 2021, Milioane lei RON, 735
H  TRANSPORT SI DEPOZITARE, Total, Covasna, Anul 2022, Milioane lei RON, 900
H  TRANSPORT SI DEPOZITARE, Total, Covasna, Anul 2023, Milioane lei RON, 900
H  TRANSPORT SI DEPOZITARE, Total, Covasna, Anul 2024, Milioane lei RON, 973
H  TRANSPORT SI DEPOZITARE, Total, Harghita, Anul 2008, Milioane lei RON, 542
H  TRANSPORT SI DEPOZITARE, Total, Harghita, Anul 2009, Milioane lei RON, 490
H  TRANSPORT SI DEPOZITARE, Total, Harghita, Anul 2010, Milioane lei RON, 521
H  TRANSPORT SI DEPOZITARE, Total, Harghita, Anul 2011, Milioane lei RON, 535
H  TRANSPORT SI DEPOZITARE, Total, Harghita, Anul 2012, Milioane lei RON, 599
H  TRANSPORT SI DEPOZITARE, Total, Harghita, Anul 2013, Milioane lei RON, 613
H  TRANSPORT SI DEPOZITARE, Total, Harghita, Anul 2014, Milioane lei RON, 522
H  TRANSPORT SI DEPOZITARE, Total, Harghita, Anul 2015, Milioane lei RON, 550
H  TRANSPORT SI DEPOZITARE, Total, Harghita, Anul 2016, Milioane lei RON, 579
H  TRANSPORT SI DEPOZITARE, Total, Harghita, Anul 2017, Milioane lei RON, 598
H  TRANSPORT SI DEPOZITARE, Total, Harghita, Anul 2018, Milioane lei RON, 648
H  TRANSPORT SI DEPOZITARE, Total, Harghita, Anul 2019, Milioane lei RON, 642
H  TRANSPORT SI DEPOZITARE, Total, Harghita, Anul 2020, Milioane lei RON, 571
H  TRANSPORT SI DEPOZITARE, Total, Harghita, Anul 2021, Milioane lei RON, 698
H  TRANSPORT SI DEPOZITARE, Total, Harghita, Anul 2022, Milioane lei RON, 840
H  TRANSPORT SI DEPOZITARE, Total, Harghita, Anul 2023, Milioane lei RON, 851
H  TRANSPORT SI DEPOZITARE, Total, Harghita, Anul 2024, Milioane lei RON, 919
H  TRANSPORT SI DEPOZITARE, Total, Mures, Anul 2008, Milioane lei RON, 692
H  TRANSPORT SI DEPOZITARE, Total, Mures, Anul 2009, Milioane lei RON, 636
H  TRANSPORT SI DEPOZITARE, Total, Mures, Anul 2010, Milioane lei RON, 685
H  TRANSPORT SI DEPOZITARE, Total, Mures, Anul 2011, Milioane lei RON, 688
H  TRANSPORT SI DEPOZITARE, Total, Mures, Anul 2012, Milioane lei RON, 783
H  TRANSPORT SI DEPOZITARE, Total, Mures, Anul 2013, Milioane lei RON, 879
H  TRANSPORT SI DEPOZITARE, Total, Mures, Anul 2014, Milioane lei RON, 956
H  TRANSPORT SI DEPOZITARE, Total, Mures, Anul 2015, Milioane lei RON, 1123
H  TRANSPORT SI DEPOZITARE, Total, Mures, Anul 2016, Milioane lei RON, 1115
H  TRANSPORT SI DEPOZITARE, Total, Mures, Anul 2017, Milioane lei RON, 1214
H  TRANSPORT SI DEPOZITARE, Total, Mures, Anul 2018, Milioane lei RON, 1525
H  TRANSPORT SI DEPOZITARE, Total, Mures, Anul 2019, Milioane lei RON, 1580
H  TRANSPORT SI DEPOZITARE, Total, Mures, Anul 2020, Milioane lei RON, 1511
H  TRANSPORT SI DEPOZITARE, Total, Mures, Anul 2021, Milioane lei RON, 1801
H  TRANSPORT SI DEPOZITARE, Total, Mures, Anul 2022, Milioane lei RON, 2435
H  TRANSPORT SI DEPOZITARE, Total, Mures, Anul 2023, Milioane lei RON, 2486
H  TRANSPORT SI DEPOZITARE, Total, Mures, Anul 2024, Milioane lei RON, 2352
H  TRANSPORT SI DEPOZITARE, Total, Sibiu, Anul 2008, Milioane lei RON, 1567
H  TRANSPORT SI DEPOZITARE, Total, Sibiu, Anul 2009, Milioane lei RON, 1505
H  TRANSPORT SI DEPOZITARE, Total, Sibiu, Anul 2010, Milioane lei RON, 1745
H  TRANSPORT SI DEPOZITARE, Total, Sibiu, Anul 2011, Milioane lei RON, 2750
H  TRANSPORT SI DEPOZITARE, Total, Sibiu, Anul 2012, Milioane lei RON, 2888
H  TRANSPORT SI DEPOZITARE, Total, Sibiu, Anul 2013, Milioane lei RON, 3173
H  TRANSPORT SI DEPOZITARE, Total, Sibiu, Anul 2014, Milioane lei RON, 3528
H  TRANSPORT SI DEPOZITARE, Total, Sibiu, Anul 2015, Milioane lei RON, 3737
H  TRANSPORT SI DEPOZITARE, Total, Sibiu, Anul 2016, Milioane lei RON, 3911
H  TRANSPORT SI DEPOZITARE, Total, Sibiu, Anul 2017, Milioane lei RON, 4099
H  TRANSPORT SI DEPOZITARE, Total, Sibiu, Anul 2018, Milioane lei RON, 4457
H  TRANSPORT SI DEPOZITARE, Total, Sibiu, Anul 2019, Milioane lei RON, 4675
H  TRANSPORT SI DEPOZITARE, Total, Sibiu, Anul 2020, Milioane lei RON, 4217
H  TRANSPORT SI DEPOZITARE, Total, Sibiu, Anul 2021, Milioane lei RON, 4867
H  TRANSPORT SI DEPOZITARE, Total, Sibiu, Anul 2022, Milioane lei RON, 6143
H  TRANSPORT SI DEPOZITARE, Total, Sibiu, Anul 2023, Milioane lei RON, 5783
H  TRANSPORT SI DEPOZITARE, Total, Sibiu, Anul 2024, Milioane lei RON, 6301
H  TRANSPORT SI DEPOZITARE, Total, Bacau, Anul 2008, Milioane lei RON, 727
H  TRANSPORT SI DEPOZITARE, Total, Bacau, Anul 2009, Milioane lei RON, 721
H  TRANSPORT SI DEPOZITARE, Total, Bacau, Anul 2010, Milioane lei RON, 640
H  TRANSPORT SI DEPOZITARE, Total, Bacau, Anul 2011, Milioane lei RON, 437
H  TRANSPORT SI DEPOZITARE, Total, Bacau, Anul 2012, Milioane lei RON, 462
H  TRANSPORT SI DEPOZITARE, Total, Bacau, Anul 2013, Milioane lei RON, 510
H  TRANSPORT SI DEPOZITARE, Total, Bacau, Anul 2014, Milioane lei RON, 607
H  TRANSPORT SI DEPOZITARE, Total, Bacau, Anul 2015, Milioane lei RON, 632
H  TRANSPORT SI DEPOZITARE, Total, Bacau, Anul 2016, Milioane lei RON, 717
H  TRANSPORT SI DEPOZITARE, Total, Bacau, Anul 2017, Milioane lei RON, 790
H  TRANSPORT SI DEPOZITARE, Total, Bacau, Anul 2018, Milioane lei RON, 962
H  TRANSPORT SI DEPOZITARE, Total, Bacau, Anul 2019, Milioane lei RON, 1003
H  TRANSPORT SI DEPOZITARE, Total, Bacau, Anul 2020, Milioane lei RON, 1018
H  TRANSPORT SI DEPOZITARE, Total, Bacau, Anul 2021, Milioane lei RON, 1299
H  TRANSPORT SI DEPOZITARE, Total, Bacau, Anul 2022, Milioane lei RON, 1655
H  TRANSPORT SI DEPOZITARE, Total, Bacau, Anul 2023, Milioane lei RON, 1661
H  TRANSPORT SI DEPOZITARE, Total, Bacau, Anul 2024, Milioane lei RON, 1879
H  TRANSPORT SI DEPOZITARE, Total, Botosani, Anul 2008, Milioane lei RON, 256
H  TRANSPORT SI DEPOZITARE, Total, Botosani, Anul 2009, Milioane lei RON, 218
H  TRANSPORT SI DEPOZITARE, Total, Botosani, Anul 2010, Milioane lei RON, 222
H  TRANSPORT SI DEPOZITARE, Total, Botosani, Anul 2011, Milioane lei RON, 181
H  TRANSPORT SI DEPOZITARE, Total, Botosani, Anul 2012, Milioane lei RON, 194
H  TRANSPORT SI DEPOZITARE, Total, Botosani, Anul 2013, Milioane lei RON, 201
H  TRANSPORT SI DEPOZITARE, Total, Botosani, Anul 2014, Milioane lei RON, 194
H  TRANSPORT SI DEPOZITARE, Total, Botosani, Anul 2015, Milioane lei RON, 229
H  TRANSPORT SI DEPOZITARE, Total, Botosani, Anul 2016, Milioane lei RON, 230
H  TRANSPORT SI DEPOZITARE, Total, Botosani, Anul 2017, Milioane lei RON, 249
H  TRANSPORT SI DEPOZITARE, Total, Botosani, Anul 2018, Milioane lei RON, 271
H  TRANSPORT SI DEPOZITARE, Total, Botosani, Anul 2019, Milioane lei RON, 288
H  TRANSPORT SI DEPOZITARE, Total, Botosani, Anul 2020, Milioane lei RON, 277
H  TRANSPORT SI DEPOZITARE, Total, Botosani, Anul 2021, Milioane lei RON, 337
H  TRANSPORT SI DEPOZITARE, Total, Botosani, Anul 2022, Milioane lei RON, 442
H  TRANSPORT SI DEPOZITARE, Total, Botosani, Anul 2023, Milioane lei RON, 444
H  TRANSPORT SI DEPOZITARE, Total, Botosani, Anul 2024, Milioane lei RON, 531
H  TRANSPORT SI DEPOZITARE, Total, Iasi, Anul 2008, Milioane lei RON, 670
H  TRANSPORT SI DEPOZITARE, Total, Iasi, Anul 2009, Milioane lei RON, 525
H  TRANSPORT SI DEPOZITARE, Total, Iasi, Anul 2010, Milioane lei RON, 515
H  TRANSPORT SI DEPOZITARE, Total, Iasi, Anul 2011, Milioane lei RON, 619
H  TRANSPORT SI DEPOZITARE, Total, Iasi, Anul 2012, Milioane lei RON, 709
H  TRANSPORT SI DEPOZITARE, Total, Iasi, Anul 2013, Milioane lei RON, 840
H  TRANSPORT SI DEPOZITARE, Total, Iasi, Anul 2014, Milioane lei RON, 945
H  TRANSPORT SI DEPOZITARE, Total, Iasi, Anul 2015, Milioane lei RON, 1069
H  TRANSPORT SI DEPOZITARE, Total, Iasi, Anul 2016, Milioane lei RON, 1141
H  TRANSPORT SI DEPOZITARE, Total, Iasi, Anul 2017, Milioane lei RON, 1349
H  TRANSPORT SI DEPOZITARE, Total, Iasi, Anul 2018, Milioane lei RON, 1755
H  TRANSPORT SI DEPOZITARE, Total, Iasi, Anul 2019, Milioane lei RON, 1941
H  TRANSPORT SI DEPOZITARE, Total, Iasi, Anul 2020, Milioane lei RON, 1952
H  TRANSPORT SI DEPOZITARE, Total, Iasi, Anul 2021, Milioane lei RON, 2390
H  TRANSPORT SI DEPOZITARE, Total, Iasi, Anul 2022, Milioane lei RON, 2976
H  TRANSPORT SI DEPOZITARE, Total, Iasi, Anul 2023, Milioane lei RON, 3028
H  TRANSPORT SI DEPOZITARE, Total, Iasi, Anul 2024, Milioane lei RON, 3307
H  TRANSPORT SI DEPOZITARE, Total, Neamt, Anul 2008, Milioane lei RON, 398
H  TRANSPORT SI DEPOZITARE, Total, Neamt, Anul 2009, Milioane lei RON, 356
H  TRANSPORT SI DEPOZITARE, Total, Neamt, Anul 2010, Milioane lei RON, 367
H  TRANSPORT SI DEPOZITARE, Total, Neamt, Anul 2011, Milioane lei RON, 367
H  TRANSPORT SI DEPOZITARE, Total, Neamt, Anul 2012, Milioane lei RON, 415
H  TRANSPORT SI DEPOZITARE, Total, Neamt, Anul 2013, Milioane lei RON, 437
H  TRANSPORT SI DEPOZITARE, Total, Neamt, Anul 2014, Milioane lei RON, 439
H  TRANSPORT SI DEPOZITARE, Total, Neamt, Anul 2015, Milioane lei RON, 507
H  TRANSPORT SI DEPOZITARE, Total, Neamt, Anul 2016, Milioane lei RON, 638
H  TRANSPORT SI DEPOZITARE, Total, Neamt, Anul 2017, Milioane lei RON, 727
H  TRANSPORT SI DEPOZITARE, Total, Neamt, Anul 2018, Milioane lei RON, 840
H  TRANSPORT SI DEPOZITARE, Total, Neamt, Anul 2019, Milioane lei RON, 948
H  TRANSPORT SI DEPOZITARE, Total, Neamt, Anul 2020, Milioane lei RON, 858
H  TRANSPORT SI DEPOZITARE, Total, Neamt, Anul 2021, Milioane lei RON, 1119
H  TRANSPORT SI DEPOZITARE, Total, Neamt, Anul 2022, Milioane lei RON, 1490
H  TRANSPORT SI DEPOZITARE, Total, Neamt, Anul 2023, Milioane lei RON, 1361
H  TRANSPORT SI DEPOZITARE, Total, Neamt, Anul 2024, Milioane lei RON, 1365
H  TRANSPORT SI DEPOZITARE, Total, Suceava, Anul 2008, Milioane lei RON, 734
H  TRANSPORT SI DEPOZITARE, Total, Suceava, Anul 2009, Milioane lei RON, 595
H  TRANSPORT SI DEPOZITARE, Total, Suceava, Anul 2010, Milioane lei RON, 690
H  TRANSPORT SI DEPOZITARE, Total, Suceava, Anul 2011, Milioane lei RON, 838
H  TRANSPORT SI DEPOZITARE, Total, Suceava, Anul 2012, Milioane lei RON, 1056
H  TRANSPORT SI DEPOZITARE, Total, Suceava, Anul 2013, Milioane lei RON, 1364
H  TRANSPORT SI DEPOZITARE, Total, Suceava, Anul 2014, Milioane lei RON, 1724
H  TRANSPORT SI DEPOZITARE, Total, Suceava, Anul 2015, Milioane lei RON, 1978
H  TRANSPORT SI DEPOZITARE, Total, Suceava, Anul 2016, Milioane lei RON, 2219
H  TRANSPORT SI DEPOZITARE, Total, Suceava, Anul 2017, Milioane lei RON, 2573
H  TRANSPORT SI DEPOZITARE, Total, Suceava, Anul 2018, Milioane lei RON, 2797
H  TRANSPORT SI DEPOZITARE, Total, Suceava, Anul 2019, Milioane lei RON, 3014
H  TRANSPORT SI DEPOZITARE, Total, Suceava, Anul 2020, Milioane lei RON, 3038
H  TRANSPORT SI DEPOZITARE, Total, Suceava, Anul 2021, Milioane lei RON, 3765
H  TRANSPORT SI DEPOZITARE, Total, Suceava, Anul 2022, Milioane lei RON, 4576
H  TRANSPORT SI DEPOZITARE, Total, Suceava, Anul 2023, Milioane lei RON, 4515
H  TRANSPORT SI DEPOZITARE, Total, Suceava, Anul 2024, Milioane lei RON, 5091
H  TRANSPORT SI DEPOZITARE, Total, Vaslui, Anul 2008, Milioane lei RON, 184
H  TRANSPORT SI DEPOZITARE, Total, Vaslui, Anul 2009, Milioane lei RON, 149
H  TRANSPORT SI DEPOZITARE, Total, Vaslui, Anul 2010, Milioane lei RON, 123
H  TRANSPORT SI DEPOZITARE, Total, Vaslui, Anul 2011, Milioane lei RON, 116
H  TRANSPORT SI DEPOZITARE, Total, Vaslui, Anul 2012, Milioane lei RON, 122
H  TRANSPORT SI DEPOZITARE, Total, Vaslui, Anul 2013, Milioane lei RON, 149
H  TRANSPORT SI DEPOZITARE, Total, Vaslui, Anul 2014, Milioane lei RON, 186
H  TRANSPORT SI DEPOZITARE, Total, Vaslui, Anul 2015, Milioane lei RON, 217
H  TRANSPORT SI DEPOZITARE, Total, Vaslui, Anul 2016, Milioane lei RON, 253
H  TRANSPORT SI DEPOZITARE, Total, Vaslui, Anul 2017, Milioane lei RON, 291
H  TRANSPORT SI DEPOZITARE, Total, Vaslui, Anul 2018, Milioane lei RON, 342
H  TRANSPORT SI DEPOZITARE, Total, Vaslui, Anul 2019, Milioane lei RON, 402
H  TRANSPORT SI DEPOZITARE, Total, Vaslui, Anul 2020, Milioane lei RON, 502
H  TRANSPORT SI DEPOZITARE, Total, Vaslui, Anul 2021, Milioane lei RON, 575
H  TRANSPORT SI DEPOZITARE, Total, Vaslui, Anul 2022, Milioane lei RON, 702
H  TRANSPORT SI DEPOZITARE, Total, Vaslui, Anul 2023, Milioane lei RON, 783
H  TRANSPORT SI DEPOZITARE, Total, Vaslui, Anul 2024, Milioane lei RON, 828
H  TRANSPORT SI DEPOZITARE, Total, Braila, Anul 2008, Milioane lei RON, 411
H  TRANSPORT SI DEPOZITARE, Total, Braila, Anul 2009, Milioane lei RON, 424
H  TRANSPORT SI DEPOZITARE, Total, Braila, Anul 2010, Milioane lei RON, 424
H  TRANSPORT SI DEPOZITARE, Total, Braila, Anul 2011, Milioane lei RON, 377
H  TRANSPORT SI DEPOZITARE, Total, Braila, Anul 2012, Milioane lei RON, 407
H  TRANSPORT SI DEPOZITARE, Total, Braila, Anul 2013, Milioane lei RON, 412
H  TRANSPORT SI DEPOZITARE, Total, Braila, Anul 2014, Milioane lei RON, 358
H  TRANSPORT SI DEPOZITARE, Total, Braila, Anul 2015, Milioane lei RON, 404
H  TRANSPORT SI DEPOZITARE, Total, Braila, Anul 2016, Milioane lei RON, 419
H  TRANSPORT SI DEPOZITARE, Total, Braila, Anul 2017, Milioane lei RON, 516
H  TRANSPORT SI DEPOZITARE, Total, Braila, Anul 2018, Milioane lei RON, 570
H  TRANSPORT SI DEPOZITARE, Total, Braila, Anul 2019, Milioane lei RON, 683
H  TRANSPORT SI DEPOZITARE, Total, Braila, Anul 2020, Milioane lei RON, 608
H  TRANSPORT SI DEPOZITARE, Total, Braila, Anul 2021, Milioane lei RON, 833
H  TRANSPORT SI DEPOZITARE, Total, Braila, Anul 2022, Milioane lei RON, 2006
H  TRANSPORT SI DEPOZITARE, Total, Braila, Anul 2023, Milioane lei RON, 1094
H  TRANSPORT SI DEPOZITARE, Total, Braila, Anul 2024, Milioane lei RON, 1280
H  TRANSPORT SI DEPOZITARE, Total, Buzau, Anul 2008, Milioane lei RON, 393
H  TRANSPORT SI DEPOZITARE, Total, Buzau, Anul 2009, Milioane lei RON, 329
H  TRANSPORT SI DEPOZITARE, Total, Buzau, Anul 2010, Milioane lei RON, 330
H  TRANSPORT SI DEPOZITARE, Total, Buzau, Anul 2011, Milioane lei RON, 377
H  TRANSPORT SI DEPOZITARE, Total, Buzau, Anul 2012, Milioane lei RON, 433
H  TRANSPORT SI DEPOZITARE, Total, Buzau, Anul 2013, Milioane lei RON, 471
H  TRANSPORT SI DEPOZITARE, Total, Buzau, Anul 2014, Milioane lei RON, 492
H  TRANSPORT SI DEPOZITARE, Total, Buzau, Anul 2015, Milioane lei RON, 470
H  TRANSPORT SI DEPOZITARE, Total, Buzau, Anul 2016, Milioane lei RON, 505
H  TRANSPORT SI DEPOZITARE, Total, Buzau, Anul 2017, Milioane lei RON, 546
H  TRANSPORT SI DEPOZITARE, Total, Buzau, Anul 2018, Milioane lei RON, 660
H  TRANSPORT SI DEPOZITARE, Total, Buzau, Anul 2019, Milioane lei RON, 727
H  TRANSPORT SI DEPOZITARE, Total, Buzau, Anul 2020, Milioane lei RON, 754
H  TRANSPORT SI DEPOZITARE, Total, Buzau, Anul 2021, Milioane lei RON, 939
H  TRANSPORT SI DEPOZITARE, Total, Buzau, Anul 2022, Milioane lei RON, 1166
H  TRANSPORT SI DEPOZITARE, Total, Buzau, Anul 2023, Milioane lei RON, 1380
H  TRANSPORT SI DEPOZITARE, Total, Buzau, Anul 2024, Milioane lei RON, 1504
H  TRANSPORT SI DEPOZITARE, Total, Constanta, Anul 2008, Milioane lei RON, 4009
H  TRANSPORT SI DEPOZITARE, Total, Constanta, Anul 2009, Milioane lei RON, 3442
H  TRANSPORT SI DEPOZITARE, Total, Constanta, Anul 2010, Milioane lei RON, 3632
H  TRANSPORT SI DEPOZITARE, Total, Constanta, Anul 2011, Milioane lei RON, 3556
H  TRANSPORT SI DEPOZITARE, Total, Constanta, Anul 2012, Milioane lei RON, 3741
H  TRANSPORT SI DEPOZITARE, Total, Constanta, Anul 2013, Milioane lei RON, 4303
H  TRANSPORT SI DEPOZITARE, Total, Constanta, Anul 2014, Milioane lei RON, 4616
H  TRANSPORT SI DEPOZITARE, Total, Constanta, Anul 2015, Milioane lei RON, 4355
H  TRANSPORT SI DEPOZITARE, Total, Constanta, Anul 2016, Milioane lei RON, 4264
H  TRANSPORT SI DEPOZITARE, Total, Constanta, Anul 2017, Milioane lei RON, 4738
H  TRANSPORT SI DEPOZITARE, Total, Constanta, Anul 2018, Milioane lei RON, 5015
H  TRANSPORT SI DEPOZITARE, Total, Constanta, Anul 2019, Milioane lei RON, 5797
H  TRANSPORT SI DEPOZITARE, Total, Constanta, Anul 2020, Milioane lei RON, 5450
H  TRANSPORT SI DEPOZITARE, Total, Constanta, Anul 2021, Milioane lei RON, 7175
H  TRANSPORT SI DEPOZITARE, Total, Constanta, Anul 2022, Milioane lei RON, 10287
H  TRANSPORT SI DEPOZITARE, Total, Constanta, Anul 2023, Milioane lei RON, 10716
H  TRANSPORT SI DEPOZITARE, Total, Constanta, Anul 2024, Milioane lei RON, 11155
H  TRANSPORT SI DEPOZITARE, Total, Galati, Anul 2008, Milioane lei RON, 901
H  TRANSPORT SI DEPOZITARE, Total, Galati, Anul 2009, Milioane lei RON, 634
H  TRANSPORT SI DEPOZITARE, Total, Galati, Anul 2010, Milioane lei RON, 724
H  TRANSPORT SI DEPOZITARE, Total, Galati, Anul 2011, Milioane lei RON, 737
H  TRANSPORT SI DEPOZITARE, Total, Galati, Anul 2012, Milioane lei RON, 830
H  TRANSPORT SI DEPOZITARE, Total, Galati, Anul 2013, Milioane lei RON, 902
H  TRANSPORT SI DEPOZITARE, Total, Galati, Anul 2014, Milioane lei RON, 921
H  TRANSPORT SI DEPOZITARE, Total, Galati, Anul 2015, Milioane lei RON, 949
H  TRANSPORT SI DEPOZITARE, Total, Galati, Anul 2016, Milioane lei RON, 987
H  TRANSPORT SI DEPOZITARE, Total, Galati, Anul 2017, Milioane lei RON, 1155
H  TRANSPORT SI DEPOZITARE, Total, Galati, Anul 2018, Milioane lei RON, 1211
H  TRANSPORT SI DEPOZITARE, Total, Galati, Anul 2019, Milioane lei RON, 1321
H  TRANSPORT SI DEPOZITARE, Total, Galati, Anul 2020, Milioane lei RON, 1528
H  TRANSPORT SI DEPOZITARE, Total, Galati, Anul 2021, Milioane lei RON, 1817
H  TRANSPORT SI DEPOZITARE, Total, Galati, Anul 2022, Milioane lei RON, 2708
H  TRANSPORT SI DEPOZITARE, Total, Galati, Anul 2023, Milioane lei RON, 2789
H  TRANSPORT SI DEPOZITARE, Total, Galati, Anul 2024, Milioane lei RON, 2376
H  TRANSPORT SI DEPOZITARE, Total, Tulcea, Anul 2008, Milioane lei RON, 267
H  TRANSPORT SI DEPOZITARE, Total, Tulcea, Anul 2009, Milioane lei RON, 224
H  TRANSPORT SI DEPOZITARE, Total, Tulcea, Anul 2010, Milioane lei RON, 224
H  TRANSPORT SI DEPOZITARE, Total, Tulcea, Anul 2011, Milioane lei RON, 256
H  TRANSPORT SI DEPOZITARE, Total, Tulcea, Anul 2012, Milioane lei RON, 261
H  TRANSPORT SI DEPOZITARE, Total, Tulcea, Anul 2013, Milioane lei RON, 196
H  TRANSPORT SI DEPOZITARE, Total, Tulcea, Anul 2014, Milioane lei RON, 221
H  TRANSPORT SI DEPOZITARE, Total, Tulcea, Anul 2015, Milioane lei RON, 303
H  TRANSPORT SI DEPOZITARE, Total, Tulcea, Anul 2016, Milioane lei RON, 357
H  TRANSPORT SI DEPOZITARE, Total, Tulcea, Anul 2017, Milioane lei RON, 352
H  TRANSPORT SI DEPOZITARE, Total, Tulcea, Anul 2018, Milioane lei RON, 462
H  TRANSPORT SI DEPOZITARE, Total, Tulcea, Anul 2019, Milioane lei RON, 484
H  TRANSPORT SI DEPOZITARE, Total, Tulcea, Anul 2020, Milioane lei RON, 471
H  TRANSPORT SI DEPOZITARE, Total, Tulcea, Anul 2021, Milioane lei RON, 524
H  TRANSPORT SI DEPOZITARE, Total, Tulcea, Anul 2022, Milioane lei RON, 618
H  TRANSPORT SI DEPOZITARE, Total, Tulcea, Anul 2023, Milioane lei RON, 689
H  TRANSPORT SI DEPOZITARE, Total, Tulcea, Anul 2024, Milioane lei RON, 608
H  TRANSPORT SI DEPOZITARE, Total, Vrancea, Anul 2008, Milioane lei RON, 188
H  TRANSPORT SI DEPOZITARE, Total, Vrancea, Anul 2009, Milioane lei RON, 149
H  TRANSPORT SI DEPOZITARE, Total, Vrancea, Anul 2010, Milioane lei RON, 155
H  TRANSPORT SI DEPOZITARE, Total, Vrancea, Anul 2011, Milioane lei RON, 147
H  TRANSPORT SI DEPOZITARE, Total, Vrancea, Anul 2012, Milioane lei RON, 166
H  TRANSPORT SI DEPOZITARE, Total, Vrancea, Anul 2013, Milioane lei RON, 215
H  TRANSPORT SI DEPOZITARE, Total, Vrancea, Anul 2014, Milioane lei RON, 215
H  TRANSPORT SI DEPOZITARE, Total, Vrancea, Anul 2015, Milioane lei RON, 211
H  TRANSPORT SI DEPOZITARE, Total, Vrancea, Anul 2016, Milioane lei RON, 240
H  TRANSPORT SI DEPOZITARE, Total, Vrancea, Anul 2017, Milioane lei RON, 282
H  TRANSPORT SI DEPOZITARE, Total, Vrancea, Anul 2018, Milioane lei RON, 364
H  TRANSPORT SI DEPOZITARE, Total, Vrancea, Anul 2019, Milioane lei RON, 435
H  TRANSPORT SI DEPOZITARE, Total, Vrancea, Anul 2020, Milioane lei RON, 439
H  TRANSPORT SI DEPOZITARE, Total, Vrancea, Anul 2021, Milioane lei RON, 500
H  TRANSPORT SI DEPOZITARE, Total, Vrancea, Anul 2022, Milioane lei RON, 606
H  TRANSPORT SI DEPOZITARE, Total, Vrancea, Anul 2023, Milioane lei RON, 633
H  TRANSPORT SI DEPOZITARE, Total, Vrancea, Anul 2024, Milioane lei RON, 708
H  TRANSPORT SI DEPOZITARE, Total, Arges, Anul 2008, Milioane lei RON, 1394
H  TRANSPORT SI DEPOZITARE, Total, Arges, Anul 2009, Milioane lei RON, 1284
H  TRANSPORT SI DEPOZITARE, Total, Arges, Anul 2010, Milioane lei RON, 1540
H  TRANSPORT SI DEPOZITARE, Total, Arges, Anul 2011, Milioane lei RON, 1934
H  TRANSPORT SI DEPOZITARE, Total, Arges, Anul 2012, Milioane lei RON, 2047
H  TRANSPORT SI DEPOZITARE, Total, Arges, Anul 2013, Milioane lei RON, 2287
H  TRANSPORT SI DEPOZITARE, Total, Arges, Anul 2014, Milioane lei RON, 2968
H  TRANSPORT SI DEPOZITARE, Total, Arges, Anul 2015, Milioane lei RON, 2824
H  TRANSPORT SI DEPOZITARE, Total, Arges, Anul 2016, Milioane lei RON, 3284
H  TRANSPORT SI DEPOZITARE, Total, Arges, Anul 2017, Milioane lei RON, 3757
H  TRANSPORT SI DEPOZITARE, Total, Arges, Anul 2018, Milioane lei RON, 4330
H  TRANSPORT SI DEPOZITARE, Total, Arges, Anul 2019, Milioane lei RON, 4611
H  TRANSPORT SI DEPOZITARE, Total, Arges, Anul 2020, Milioane lei RON, 4521
H  TRANSPORT SI DEPOZITARE, Total, Arges, Anul 2021, Milioane lei RON, 5287
H  TRANSPORT SI DEPOZITARE, Total, Arges, Anul 2022, Milioane lei RON, 6906
H  TRANSPORT SI DEPOZITARE, Total, Arges, Anul 2023, Milioane lei RON, 7193
H  TRANSPORT SI DEPOZITARE, Total, Arges, Anul 2024, Milioane lei RON, 7512
H  TRANSPORT SI DEPOZITARE, Total, Calarasi, Anul 2008, Milioane lei RON, 501
H  TRANSPORT SI DEPOZITARE, Total, Calarasi, Anul 2009, Milioane lei RON, 409
H  TRANSPORT SI DEPOZITARE, Total, Calarasi, Anul 2010, Milioane lei RON, 483
H  TRANSPORT SI DEPOZITARE, Total, Calarasi, Anul 2011, Milioane lei RON, 402
H  TRANSPORT SI DEPOZITARE, Total, Calarasi, Anul 2012, Milioane lei RON, 571
H  TRANSPORT SI DEPOZITARE, Total, Calarasi, Anul 2013, Milioane lei RON, 471
H  TRANSPORT SI DEPOZITARE, Total, Calarasi, Anul 2014, Milioane lei RON, 434
H  TRANSPORT SI DEPOZITARE, Total, Calarasi, Anul 2015, Milioane lei RON, 385
H  TRANSPORT SI DEPOZITARE, Total, Calarasi, Anul 2016, Milioane lei RON, 467
H  TRANSPORT SI DEPOZITARE, Total, Calarasi, Anul 2017, Milioane lei RON, 463
H  TRANSPORT SI DEPOZITARE, Total, Calarasi, Anul 2018, Milioane lei RON, 530
H  TRANSPORT SI DEPOZITARE, Total, Calarasi, Anul 2019, Milioane lei RON, 709
H  TRANSPORT SI DEPOZITARE, Total, Calarasi, Anul 2020, Milioane lei RON, 603
H  TRANSPORT SI DEPOZITARE, Total, Calarasi, Anul 2021, Milioane lei RON, 736
H  TRANSPORT SI DEPOZITARE, Total, Calarasi, Anul 2022, Milioane lei RON, 886
H  TRANSPORT SI DEPOZITARE, Total, Calarasi, Anul 2023, Milioane lei RON, 870
H  TRANSPORT SI DEPOZITARE, Total, Calarasi, Anul 2024, Milioane lei RON, 900
H  TRANSPORT SI DEPOZITARE, Total, Dambovita, Anul 2008, Milioane lei RON, 510
H  TRANSPORT SI DEPOZITARE, Total, Dambovita, Anul 2009, Milioane lei RON, 416
H  TRANSPORT SI DEPOZITARE, Total, Dambovita, Anul 2010, Milioane lei RON, 457
H  TRANSPORT SI DEPOZITARE, Total, Dambovita, Anul 2011, Milioane lei RON, 473
H  TRANSPORT SI DEPOZITARE, Total, Dambovita, Anul 2012, Milioane lei RON, 579
H  TRANSPORT SI DEPOZITARE, Total, Dambovita, Anul 2013, Milioane lei RON, 700
H  TRANSPORT SI DEPOZITARE, Total, Dambovita, Anul 2014, Milioane lei RON, 853
H  TRANSPORT SI DEPOZITARE, Total, Dambovita, Anul 2015, Milioane lei RON, 1134
H  TRANSPORT SI DEPOZITARE, Total, Dambovita, Anul 2016, Milioane lei RON, 1153
H  TRANSPORT SI DEPOZITARE, Total, Dambovita, Anul 2017, Milioane lei RON, 1263
H  TRANSPORT SI DEPOZITARE, Total, Dambovita, Anul 2018, Milioane lei RON, 1385
H  TRANSPORT SI DEPOZITARE, Total, Dambovita, Anul 2019, Milioane lei RON, 1573
H  TRANSPORT SI DEPOZITARE, Total, Dambovita, Anul 2020, Milioane lei RON, 1708
H  TRANSPORT SI DEPOZITARE, Total, Dambovita, Anul 2021, Milioane lei RON, 2019
H  TRANSPORT SI DEPOZITARE, Total, Dambovita, Anul 2022, Milioane lei RON, 2149
H  TRANSPORT SI DEPOZITARE, Total, Dambovita, Anul 2023, Milioane lei RON, 2514
H  TRANSPORT SI DEPOZITARE, Total, Dambovita, Anul 2024, Milioane lei RON, 2568
H  TRANSPORT SI DEPOZITARE, Total, Giurgiu, Anul 2008, Milioane lei RON, 394
H  TRANSPORT SI DEPOZITARE, Total, Giurgiu, Anul 2009, Milioane lei RON, 356
H  TRANSPORT SI DEPOZITARE, Total, Giurgiu, Anul 2010, Milioane lei RON, 1131
H  TRANSPORT SI DEPOZITARE, Total, Giurgiu, Anul 2011, Milioane lei RON, 1249
H  TRANSPORT SI DEPOZITARE, Total, Giurgiu, Anul 2012, Milioane lei RON, 787
H  TRANSPORT SI DEPOZITARE, Total, Giurgiu, Anul 2013, Milioane lei RON, 1084
H  TRANSPORT SI DEPOZITARE, Total, Giurgiu, Anul 2014, Milioane lei RON, 666
H  TRANSPORT SI DEPOZITARE, Total, Giurgiu, Anul 2015, Milioane lei RON, 717
H  TRANSPORT SI DEPOZITARE, Total, Giurgiu, Anul 2016, Milioane lei RON, 744
H  TRANSPORT SI DEPOZITARE, Total, Giurgiu, Anul 2017, Milioane lei RON, 851
H  TRANSPORT SI DEPOZITARE, Total, Giurgiu, Anul 2018, Milioane lei RON, 911
H  TRANSPORT SI DEPOZITARE, Total, Giurgiu, Anul 2019, Milioane lei RON, 969
H  TRANSPORT SI DEPOZITARE, Total, Giurgiu, Anul 2020, Milioane lei RON, 1164
H  TRANSPORT SI DEPOZITARE, Total, Giurgiu, Anul 2021, Milioane lei RON, 1463
H  TRANSPORT SI DEPOZITARE, Total, Giurgiu, Anul 2022, Milioane lei RON, 1717
H  TRANSPORT SI DEPOZITARE, Total, Giurgiu, Anul 2023, Milioane lei RON, 1527
H  TRANSPORT SI DEPOZITARE, Total, Giurgiu, Anul 2024, Milioane lei RON, 1865
H  TRANSPORT SI DEPOZITARE, Total, Ialomita, Anul 2008, Milioane lei RON, 320
H  TRANSPORT SI DEPOZITARE, Total, Ialomita, Anul 2009, Milioane lei RON, 315
H  TRANSPORT SI DEPOZITARE, Total, Ialomita, Anul 2010, Milioane lei RON, 278
H  TRANSPORT SI DEPOZITARE, Total, Ialomita, Anul 2011, Milioane lei RON, 331
H  TRANSPORT SI DEPOZITARE, Total, Ialomita, Anul 2012, Milioane lei RON, 375
H  TRANSPORT SI DEPOZITARE, Total, Ialomita, Anul 2013, Milioane lei RON, 417
H  TRANSPORT SI DEPOZITARE, Total, Ialomita, Anul 2014, Milioane lei RON, 430
H  TRANSPORT SI DEPOZITARE, Total, Ialomita, Anul 2015, Milioane lei RON, 370
H  TRANSPORT SI DEPOZITARE, Total, Ialomita, Anul 2016, Milioane lei RON, 323
H  TRANSPORT SI DEPOZITARE, Total, Ialomita, Anul 2017, Milioane lei RON, 285
H  TRANSPORT SI DEPOZITARE, Total, Ialomita, Anul 2018, Milioane lei RON, 312
H  TRANSPORT SI DEPOZITARE, Total, Ialomita, Anul 2019, Milioane lei RON, 347
H  TRANSPORT SI DEPOZITARE, Total, Ialomita, Anul 2020, Milioane lei RON, 396
H  TRANSPORT SI DEPOZITARE, Total, Ialomita, Anul 2021, Milioane lei RON, 479
H  TRANSPORT SI DEPOZITARE, Total, Ialomita, Anul 2022, Milioane lei RON, 579
H  TRANSPORT SI DEPOZITARE, Total, Ialomita, Anul 2023, Milioane lei RON, 671
H  TRANSPORT SI DEPOZITARE, Total, Ialomita, Anul 2024, Milioane lei RON, 723
H  TRANSPORT SI DEPOZITARE, Total, Prahova, Anul 2008, Milioane lei RON, 1599
H  TRANSPORT SI DEPOZITARE, Total, Prahova, Anul 2009, Milioane lei RON, 1495
H  TRANSPORT SI DEPOZITARE, Total, Prahova, Anul 2010, Milioane lei RON, 1575
H  TRANSPORT SI DEPOZITARE, Total, Prahova, Anul 2011, Milioane lei RON, 1634
H  TRANSPORT SI DEPOZITARE, Total, Prahova, Anul 2012, Milioane lei RON, 1659
H  TRANSPORT SI DEPOZITARE, Total, Prahova, Anul 2013, Milioane lei RON, 2243
H  TRANSPORT SI DEPOZITARE, Total, Prahova, Anul 2014, Milioane lei RON, 2395
H  TRANSPORT SI DEPOZITARE, Total, Prahova, Anul 2015, Milioane lei RON, 2348
H  TRANSPORT SI DEPOZITARE, Total, Prahova, Anul 2016, Milioane lei RON, 2454
H  TRANSPORT SI DEPOZITARE, Total, Prahova, Anul 2017, Milioane lei RON, 2915
H  TRANSPORT SI DEPOZITARE, Total, Prahova, Anul 2018, Milioane lei RON, 2955
H  TRANSPORT SI DEPOZITARE, Total, Prahova, Anul 2019, Milioane lei RON, 2877
H  TRANSPORT SI DEPOZITARE, Total, Prahova, Anul 2020, Milioane lei RON, 2621
H  TRANSPORT SI DEPOZITARE, Total, Prahova, Anul 2021, Milioane lei RON, 3219
H  TRANSPORT SI DEPOZITARE, Total, Prahova, Anul 2022, Milioane lei RON, 3735
H  TRANSPORT SI DEPOZITARE, Total, Prahova, Anul 2023, Milioane lei RON, 4097
H  TRANSPORT SI DEPOZITARE, Total, Prahova, Anul 2024, Milioane lei RON, 4368
H  TRANSPORT SI DEPOZITARE, Total, Teleorman, Anul 2008, Milioane lei RON, 248
H  TRANSPORT SI DEPOZITARE, Total, Teleorman, Anul 2009, Milioane lei RON, 220
H  TRANSPORT SI DEPOZITARE, Total, Teleorman, Anul 2010, Milioane lei RON, 184
H  TRANSPORT SI DEPOZITARE, Total, Teleorman, Anul 2011, Milioane lei RON, 205
H  TRANSPORT SI DEPOZITARE, Total, Teleorman, Anul 2012, Milioane lei RON, 173
H  TRANSPORT SI DEPOZITARE, Total, Teleorman, Anul 2013, Milioane lei RON, 235
H  TRANSPORT SI DEPOZITARE, Total, Teleorman, Anul 2014, Milioane lei RON, 213
H  TRANSPORT SI DEPOZITARE, Total, Teleorman, Anul 2015, Milioane lei RON, 235
H  TRANSPORT SI DEPOZITARE, Total, Teleorman, Anul 2016, Milioane lei RON, 254
H  TRANSPORT SI DEPOZITARE, Total, Teleorman, Anul 2017, Milioane lei RON, 393
H  TRANSPORT SI DEPOZITARE, Total, Teleorman, Anul 2018, Milioane lei RON, 396
H  TRANSPORT SI DEPOZITARE, Total, Teleorman, Anul 2019, Milioane lei RON, 380
H  TRANSPORT SI DEPOZITARE, Total, Teleorman, Anul 2020, Milioane lei RON, 361
H  TRANSPORT SI DEPOZITARE, Total, Teleorman, Anul 2021, Milioane lei RON, 467
H  TRANSPORT SI DEPOZITARE, Total, Teleorman, Anul 2022, Milioane lei RON, 574
H  TRANSPORT SI DEPOZITARE, Total, Teleorman, Anul 2023, Milioane lei RON, 638
H  TRANSPORT SI DEPOZITARE, Total, Teleorman, Anul 2024, Milioane lei RON, 638
H  TRANSPORT SI DEPOZITARE, Total, Ilfov, Anul 2008, Milioane lei RON, 2983
H  TRANSPORT SI DEPOZITARE, Total, Ilfov, Anul 2009, Milioane lei RON, 2715
H  TRANSPORT SI DEPOZITARE, Total, Ilfov, Anul 2010, Milioane lei RON, 3047
H  TRANSPORT SI DEPOZITARE, Total, Ilfov, Anul 2011, Milioane lei RON, 3439
H  TRANSPORT SI DEPOZITARE, Total, Ilfov, Anul 2012, Milioane lei RON, 4098
H  TRANSPORT SI DEPOZITARE, Total, Ilfov, Anul 2013, Milioane lei RON, 4314
H  TRANSPORT SI DEPOZITARE, Total, Ilfov, Anul 2014, Milioane lei RON, 4428
H  TRANSPORT SI DEPOZITARE, Total, Ilfov, Anul 2015, Milioane lei RON, 4581
H  TRANSPORT SI DEPOZITARE, Total, Ilfov, Anul 2016, Milioane lei RON, 5720
H  TRANSPORT SI DEPOZITARE, Total, Ilfov, Anul 2017, Milioane lei RON, 6011
H  TRANSPORT SI DEPOZITARE, Total, Ilfov, Anul 2018, Milioane lei RON, 6546
H  TRANSPORT SI DEPOZITARE, Total, Ilfov, Anul 2019, Milioane lei RON, 7292
H  TRANSPORT SI DEPOZITARE, Total, Ilfov, Anul 2020, Milioane lei RON, 6634
H  TRANSPORT SI DEPOZITARE, Total, Ilfov, Anul 2021, Milioane lei RON, 8867
H  TRANSPORT SI DEPOZITARE, Total, Ilfov, Anul 2022, Milioane lei RON, 10544
H  TRANSPORT SI DEPOZITARE, Total, Ilfov, Anul 2023, Milioane lei RON, 9911
H  TRANSPORT SI DEPOZITARE, Total, Ilfov, Anul 2024, Milioane lei RON, 12476
H  TRANSPORT SI DEPOZITARE, Total, Municipiul Bucuresti, Anul 2008, Milioane lei RON, 10626
H  TRANSPORT SI DEPOZITARE, Total, Municipiul Bucuresti, Anul 2009, Milioane lei RON, 10434
H  TRANSPORT SI DEPOZITARE, Total, Municipiul Bucuresti, Anul 2010, Milioane lei RON, 10980
H  TRANSPORT SI DEPOZITARE, Total, Municipiul Bucuresti, Anul 2011, Milioane lei RON, 12492
H  TRANSPORT SI DEPOZITARE, Total, Municipiul Bucuresti, Anul 2012, Milioane lei RON, 13155
H  TRANSPORT SI DEPOZITARE, Total, Municipiul Bucuresti, Anul 2013, Milioane lei RON, 12390
H  TRANSPORT SI DEPOZITARE, Total, Municipiul Bucuresti, Anul 2014, Milioane lei RON, 14445
H  TRANSPORT SI DEPOZITARE, Total, Municipiul Bucuresti, Anul 2015, Milioane lei RON, 15391
H  TRANSPORT SI DEPOZITARE, Total, Municipiul Bucuresti, Anul 2016, Milioane lei RON, 15315
H  TRANSPORT SI DEPOZITARE, Total, Municipiul Bucuresti, Anul 2017, Milioane lei RON, 17449
H  TRANSPORT SI DEPOZITARE, Total, Municipiul Bucuresti, Anul 2018, Milioane lei RON, 19234
H  TRANSPORT SI DEPOZITARE, Total, Municipiul Bucuresti, Anul 2019, Milioane lei RON, 22393
H  TRANSPORT SI DEPOZITARE, Total, Municipiul Bucuresti, Anul 2020, Milioane lei RON, 18341
H  TRANSPORT SI DEPOZITARE, Total, Municipiul Bucuresti, Anul 2021, Milioane lei RON, 21181
H  TRANSPORT SI DEPOZITARE, Total, Municipiul Bucuresti, Anul 2022, Milioane lei RON, 28164
H  TRANSPORT SI DEPOZITARE, Total, Municipiul Bucuresti, Anul 2023, Milioane lei RON, 30827
H  TRANSPORT SI DEPOZITARE, Total, Municipiul Bucuresti, Anul 2024, Milioane lei RON, 31379
H  TRANSPORT SI DEPOZITARE, Total, Dolj, Anul 2008, Milioane lei RON, 710
H  TRANSPORT SI DEPOZITARE, Total, Dolj, Anul 2009, Milioane lei RON, 643
H  TRANSPORT SI DEPOZITARE, Total, Dolj, Anul 2010, Milioane lei RON, 694
H  TRANSPORT SI DEPOZITARE, Total, Dolj, Anul 2011, Milioane lei RON, 1007
H  TRANSPORT SI DEPOZITARE, Total, Dolj, Anul 2012, Milioane lei RON, 1065
H  TRANSPORT SI DEPOZITARE, Total, Dolj, Anul 2013, Milioane lei RON, 1002
H  TRANSPORT SI DEPOZITARE, Total, Dolj, Anul 2014, Milioane lei RON, 1029
H  TRANSPORT SI DEPOZITARE, Total, Dolj, Anul 2015, Milioane lei RON, 981
H  TRANSPORT SI DEPOZITARE, Total, Dolj, Anul 2016, Milioane lei RON, 940
H  TRANSPORT SI DEPOZITARE, Total, Dolj, Anul 2017, Milioane lei RON, 1079
H  TRANSPORT SI DEPOZITARE, Total, Dolj, Anul 2018, Milioane lei RON, 1291
H  TRANSPORT SI DEPOZITARE, Total, Dolj, Anul 2019, Milioane lei RON, 1335
H  TRANSPORT SI DEPOZITARE, Total, Dolj, Anul 2020, Milioane lei RON, 1335
H  TRANSPORT SI DEPOZITARE, Total, Dolj, Anul 2021, Milioane lei RON, 1584
H  TRANSPORT SI DEPOZITARE, Total, Dolj, Anul 2022, Milioane lei RON, 2032
H  TRANSPORT SI DEPOZITARE, Total, Dolj, Anul 2023, Milioane lei RON, 2183
H  TRANSPORT SI DEPOZITARE, Total, Dolj, Anul 2024, Milioane lei RON, 2149
H  TRANSPORT SI DEPOZITARE, Total, Gorj, Anul 2008, Milioane lei RON, 330
H  TRANSPORT SI DEPOZITARE, Total, Gorj, Anul 2009, Milioane lei RON, 313
H  TRANSPORT SI DEPOZITARE, Total, Gorj, Anul 2010, Milioane lei RON, 326
H  TRANSPORT SI DEPOZITARE, Total, Gorj, Anul 2011, Milioane lei RON, 365
H  TRANSPORT SI DEPOZITARE, Total, Gorj, Anul 2012, Milioane lei RON, 399
H  TRANSPORT SI DEPOZITARE, Total, Gorj, Anul 2013, Milioane lei RON, 453
H  TRANSPORT SI DEPOZITARE, Total, Gorj, Anul 2014, Milioane lei RON, 501
H  TRANSPORT SI DEPOZITARE, Total, Gorj, Anul 2015, Milioane lei RON, 381
H  TRANSPORT SI DEPOZITARE, Total, Gorj, Anul 2016, Milioane lei RON, 406
H  TRANSPORT SI DEPOZITARE, Total, Gorj, Anul 2017, Milioane lei RON, 449
H  TRANSPORT SI DEPOZITARE, Total, Gorj, Anul 2018, Milioane lei RON, 523
H  TRANSPORT SI DEPOZITARE, Total, Gorj, Anul 2019, Milioane lei RON, 632
H  TRANSPORT SI DEPOZITARE, Total, Gorj, Anul 2020, Milioane lei RON, 711
H  TRANSPORT SI DEPOZITARE, Total, Gorj, Anul 2021, Milioane lei RON, 900
H  TRANSPORT SI DEPOZITARE, Total, Gorj, Anul 2022, Milioane lei RON, 1145
H  TRANSPORT SI DEPOZITARE, Total, Gorj, Anul 2023, Milioane lei RON, 1219
H  TRANSPORT SI DEPOZITARE, Total, Gorj, Anul 2024, Milioane lei RON, 1412
H  TRANSPORT SI DEPOZITARE, Total, Mehedinti, Anul 2008, Milioane lei RON, 446
H  TRANSPORT SI DEPOZITARE, Total, Mehedinti, Anul 2009, Milioane lei RON, 364
H  TRANSPORT SI DEPOZITARE, Total, Mehedinti, Anul 2010, Milioane lei RON, 311
H  TRANSPORT SI DEPOZITARE, Total, Mehedinti, Anul 2011, Milioane lei RON, 455
H  TRANSPORT SI DEPOZITARE, Total, Mehedinti, Anul 2012, Milioane lei RON, 349
H  TRANSPORT SI DEPOZITARE, Total, Mehedinti, Anul 2013, Milioane lei RON, 302
H  TRANSPORT SI DEPOZITARE, Total, Mehedinti, Anul 2014, Milioane lei RON, 208
H  TRANSPORT SI DEPOZITARE, Total, Mehedinti, Anul 2015, Milioane lei RON, 232
H  TRANSPORT SI DEPOZITARE, Total, Mehedinti, Anul 2016, Milioane lei RON, 260
H  TRANSPORT SI DEPOZITARE, Total, Mehedinti, Anul 2017, Milioane lei RON, 281
H  TRANSPORT SI DEPOZITARE, Total, Mehedinti, Anul 2018, Milioane lei RON, 377
H  TRANSPORT SI DEPOZITARE, Total, Mehedinti, Anul 2019, Milioane lei RON, 454
H  TRANSPORT SI DEPOZITARE, Total, Mehedinti, Anul 2020, Milioane lei RON, 475
H  TRANSPORT SI DEPOZITARE, Total, Mehedinti, Anul 2021, Milioane lei RON, 584
H  TRANSPORT SI DEPOZITARE, Total, Mehedinti, Anul 2022, Milioane lei RON, 833
H  TRANSPORT SI DEPOZITARE, Total, Mehedinti, Anul 2023, Milioane lei RON, 850
H  TRANSPORT SI DEPOZITARE, Total, Mehedinti, Anul 2024, Milioane lei RON, 914
H  TRANSPORT SI DEPOZITARE, Total, Olt, Anul 2008, Milioane lei RON, 265
H  TRANSPORT SI DEPOZITARE, Total, Olt, Anul 2009, Milioane lei RON, 233
H  TRANSPORT SI DEPOZITARE, Total, Olt, Anul 2010, Milioane lei RON, 214
H  TRANSPORT SI DEPOZITARE, Total, Olt, Anul 2011, Milioane lei RON, 168
H  TRANSPORT SI DEPOZITARE, Total, Olt, Anul 2012, Milioane lei RON, 252
H  TRANSPORT SI DEPOZITARE, Total, Olt, Anul 2013, Milioane lei RON, 188
H  TRANSPORT SI DEPOZITARE, Total, Olt, Anul 2014, Milioane lei RON, 237
H  TRANSPORT SI DEPOZITARE, Total, Olt, Anul 2015, Milioane lei RON, 268
H  TRANSPORT SI DEPOZITARE, Total, Olt, Anul 2016, Milioane lei RON, 288
H  TRANSPORT SI DEPOZITARE, Total, Olt, Anul 2017, Milioane lei RON, 391
H  TRANSPORT SI DEPOZITARE, Total, Olt, Anul 2018, Milioane lei RON, 518
H  TRANSPORT SI DEPOZITARE, Total, Olt, Anul 2019, Milioane lei RON, 561
H  TRANSPORT SI DEPOZITARE, Total, Olt, Anul 2020, Milioane lei RON, 547
H  TRANSPORT SI DEPOZITARE, Total, Olt, Anul 2021, Milioane lei RON, 696
H  TRANSPORT SI DEPOZITARE, Total, Olt, Anul 2022, Milioane lei RON, 828
H  TRANSPORT SI DEPOZITARE, Total, Olt, Anul 2023, Milioane lei RON, 841
H  TRANSPORT SI DEPOZITARE, Total, Olt, Anul 2024, Milioane lei RON, 864
H  TRANSPORT SI DEPOZITARE, Total, Valcea, Anul 2008, Milioane lei RON, 491
H  TRANSPORT SI DEPOZITARE, Total, Valcea, Anul 2009, Milioane lei RON, 444
H  TRANSPORT SI DEPOZITARE, Total, Valcea, Anul 2010, Milioane lei RON, 462
H  TRANSPORT SI DEPOZITARE, Total, Valcea, Anul 2011, Milioane lei RON, 529
H  TRANSPORT SI DEPOZITARE, Total, Valcea, Anul 2012, Milioane lei RON, 542
H  TRANSPORT SI DEPOZITARE, Total, Valcea, Anul 2013, Milioane lei RON, 562
H  TRANSPORT SI DEPOZITARE, Total, Valcea, Anul 2014, Milioane lei RON, 656
H  TRANSPORT SI DEPOZITARE, Total, Valcea, Anul 2015, Milioane lei RON, 724
H  TRANSPORT SI DEPOZITARE, Total, Valcea, Anul 2016, Milioane lei RON, 766
H  TRANSPORT SI DEPOZITARE, Total, Valcea, Anul 2017, Milioane lei RON, 868
H  TRANSPORT SI DEPOZITARE, Total, Valcea, Anul 2018, Milioane lei RON, 985
H  TRANSPORT SI DEPOZITARE, Total, Valcea, Anul 2019, Milioane lei RON, 1066
H  TRANSPORT SI DEPOZITARE, Total, Valcea, Anul 2020, Milioane lei RON, 1018
H  TRANSPORT SI DEPOZITARE, Total, Valcea, Anul 2021, Milioane lei RON, 1257
H  TRANSPORT SI DEPOZITARE, Total, Valcea, Anul 2022, Milioane lei RON, 1599
H  TRANSPORT SI DEPOZITARE, Total, Valcea, Anul 2023, Milioane lei RON, 1705
H  TRANSPORT SI DEPOZITARE, Total, Valcea, Anul 2024, Milioane lei RON, 1764
H  TRANSPORT SI DEPOZITARE, Total, Arad, Anul 2008, Milioane lei RON, 1277
H  TRANSPORT SI DEPOZITARE, Total, Arad, Anul 2009, Milioane lei RON, 1232
H  TRANSPORT SI DEPOZITARE, Total, Arad, Anul 2010, Milioane lei RON, 1469
H  TRANSPORT SI DEPOZITARE, Total, Arad, Anul 2011, Milioane lei RON, 1573
H  TRANSPORT SI DEPOZITARE, Total, Arad, Anul 2012, Milioane lei RON, 1951
H  TRANSPORT SI DEPOZITARE, Total, Arad, Anul 2013, Milioane lei RON, 1987
H  TRANSPORT SI DEPOZITARE, Total, Arad, Anul 2014, Milioane lei RON, 2403
H  TRANSPORT SI DEPOZITARE, Total, Arad, Anul 2015, Milioane lei RON, 2730
H  TRANSPORT SI DEPOZITARE, Total, Arad, Anul 2016, Milioane lei RON, 2877
H  TRANSPORT SI DEPOZITARE, Total, Arad, Anul 2017, Milioane lei RON, 3178
H  TRANSPORT SI DEPOZITARE, Total, Arad, Anul 2018, Milioane lei RON, 3534
H  TRANSPORT SI DEPOZITARE, Total, Arad, Anul 2019, Milioane lei RON, 3584
H  TRANSPORT SI DEPOZITARE, Total, Arad, Anul 2020, Milioane lei RON, 3544
H  TRANSPORT SI DEPOZITARE, Total, Arad, Anul 2021, Milioane lei RON, 4151
H  TRANSPORT SI DEPOZITARE, Total, Arad, Anul 2022, Milioane lei RON, 5203
H  TRANSPORT SI DEPOZITARE, Total, Arad, Anul 2023, Milioane lei RON, 5360
H  TRANSPORT SI DEPOZITARE, Total, Arad, Anul 2024, Milioane lei RON, 5561
H  TRANSPORT SI DEPOZITARE, Total, Caras-Severin, Anul 2008, Milioane lei RON, 278
H  TRANSPORT SI DEPOZITARE, Total, Caras-Severin, Anul 2009, Milioane lei RON, 250
H  TRANSPORT SI DEPOZITARE, Total, Caras-Severin, Anul 2010, Milioane lei RON, 248
H  TRANSPORT SI DEPOZITARE, Total, Caras-Severin, Anul 2011, Milioane lei RON, 233
H  TRANSPORT SI DEPOZITARE, Total, Caras-Severin, Anul 2012, Milioane lei RON, 248
H  TRANSPORT SI DEPOZITARE, Total, Caras-Severin, Anul 2013, Milioane lei RON, 265
H  TRANSPORT SI DEPOZITARE, Total, Caras-Severin, Anul 2014, Milioane lei RON, 324
H  TRANSPORT SI DEPOZITARE, Total, Caras-Severin, Anul 2015, Milioane lei RON, 344
H  TRANSPORT SI DEPOZITARE, Total, Caras-Severin, Anul 2016, Milioane lei RON, 366
H  TRANSPORT SI DEPOZITARE, Total, Caras-Severin, Anul 2017, Milioane lei RON, 405
H  TRANSPORT SI DEPOZITARE, Total, Caras-Severin, Anul 2018, Milioane lei RON, 451
H  TRANSPORT SI DEPOZITARE, Total, Caras-Severin, Anul 2019, Milioane lei RON, 455
H  TRANSPORT SI DEPOZITARE, Total, Caras-Severin, Anul 2020, Milioane lei RON, 443
H  TRANSPORT SI DEPOZITARE, Total, Caras-Severin, Anul 2021, Milioane lei RON, 481
H  TRANSPORT SI DEPOZITARE, Total, Caras-Severin, Anul 2022, Milioane lei RON, 626
H  TRANSPORT SI DEPOZITARE, Total, Caras-Severin, Anul 2023, Milioane lei RON, 594
H  TRANSPORT SI DEPOZITARE, Total, Caras-Severin, Anul 2024, Milioane lei RON, 638
H  TRANSPORT SI DEPOZITARE, Total, Hunedoara, Anul 2008, Milioane lei RON, 823
H  TRANSPORT SI DEPOZITARE, Total, Hunedoara, Anul 2009, Milioane lei RON, 621
H  TRANSPORT SI DEPOZITARE, Total, Hunedoara, Anul 2010, Milioane lei RON, 664
H  TRANSPORT SI DEPOZITARE, Total, Hunedoara, Anul 2011, Milioane lei RON, 653
H  TRANSPORT SI DEPOZITARE, Total, Hunedoara, Anul 2012, Milioane lei RON, 574
H  TRANSPORT SI DEPOZITARE, Total, Hunedoara, Anul 2013, Milioane lei RON, 459
H  TRANSPORT SI DEPOZITARE, Total, Hunedoara, Anul 2014, Milioane lei RON, 553
H  TRANSPORT SI DEPOZITARE, Total, Hunedoara, Anul 2015, Milioane lei RON, 571
H  TRANSPORT SI DEPOZITARE, Total, Hunedoara, Anul 2016, Milioane lei RON, 642
H  TRANSPORT SI DEPOZITARE, Total, Hunedoara, Anul 2017, Milioane lei RON, 678
H  TRANSPORT SI DEPOZITARE, Total, Hunedoara, Anul 2018, Milioane lei RON, 816
H  TRANSPORT SI DEPOZITARE, Total, Hunedoara, Anul 2019, Milioane lei RON, 896
H  TRANSPORT SI DEPOZITARE, Total, Hunedoara, Anul 2020, Milioane lei RON, 775
H  TRANSPORT SI DEPOZITARE, Total, Hunedoara, Anul 2021, Milioane lei RON, 980
H  TRANSPORT SI DEPOZITARE, Total, Hunedoara, Anul 2022, Milioane lei RON, 1112
H  TRANSPORT SI DEPOZITARE, Total, Hunedoara, Anul 2023, Milioane lei RON, 1118
H  TRANSPORT SI DEPOZITARE, Total, Hunedoara, Anul 2024, Milioane lei RON, 1260
H  TRANSPORT SI DEPOZITARE, Total, Timis, Anul 2008, Milioane lei RON, 1787
H  TRANSPORT SI DEPOZITARE, Total, Timis, Anul 2009, Milioane lei RON, 1677
H  TRANSPORT SI DEPOZITARE, Total, Timis, Anul 2010, Milioane lei RON, 2039
H  TRANSPORT SI DEPOZITARE, Total, Timis, Anul 2011, Milioane lei RON, 2284
H  TRANSPORT SI DEPOZITARE, Total, Timis, Anul 2012, Milioane lei RON, 2556
H  TRANSPORT SI DEPOZITARE, Total, Timis, Anul 2013, Milioane lei RON, 2790
H  TRANSPORT SI DEPOZITARE, Total, Timis, Anul 2014, Milioane lei RON, 3099
H  TRANSPORT SI DEPOZITARE, Total, Timis, Anul 2015, Milioane lei RON, 3567
H  TRANSPORT SI DEPOZITARE, Total, Timis, Anul 2016, Milioane lei RON, 4188
H  TRANSPORT SI DEPOZITARE, Total, Timis, Anul 2017, Milioane lei RON, 4666
H  TRANSPORT SI DEPOZITARE, Total, Timis, Anul 2018, Milioane lei RON, 4794
H  TRANSPORT SI DEPOZITARE, Total, Timis, Anul 2019, Milioane lei RON, 5051
H  TRANSPORT SI DEPOZITARE, Total, Timis, Anul 2020, Milioane lei RON, 4878
H  TRANSPORT SI DEPOZITARE, Total, Timis, Anul 2021, Milioane lei RON, 5734
H  TRANSPORT SI DEPOZITARE, Total, Timis, Anul 2022, Milioane lei RON, 6839
H  TRANSPORT SI DEPOZITARE, Total, Timis, Anul 2023, Milioane lei RON, 6663
H  TRANSPORT SI DEPOZITARE, Total, Timis, Anul 2024, Milioane lei RON, 7297
I  HOTELURI SI RESTAURANTE, Total, Bihor, Anul 2008, Milioane lei RON, 334
I  HOTELURI SI RESTAURANTE, Total, Bihor, Anul 2009, Milioane lei RON, 315
I  HOTELURI SI RESTAURANTE, Total, Bihor, Anul 2010, Milioane lei RON, 298
I  HOTELURI SI RESTAURANTE, Total, Bihor, Anul 2011, Milioane lei RON, 336
I  HOTELURI SI RESTAURANTE, Total, Bihor, Anul 2012, Milioane lei RON, 357
I  HOTELURI SI RESTAURANTE, Total, Bihor, Anul 2013, Milioane lei RON, 339
I  HOTELURI SI RESTAURANTE, Total, Bihor, Anul 2014, Milioane lei RON, 364
I  HOTELURI SI RESTAURANTE, Total, Bihor, Anul 2015, Milioane lei RON, 450
I  HOTELURI SI RESTAURANTE, Total, Bihor, Anul 2016, Milioane lei RON, 525
I  HOTELURI SI RESTAURANTE, Total, Bihor, Anul 2017, Milioane lei RON, 598
I  HOTELURI SI RESTAURANTE, Total, Bihor, Anul 2018, Milioane lei RON, 701
I  HOTELURI SI RESTAURANTE, Total, Bihor, Anul 2019, Milioane lei RON, 818
I  HOTELURI SI RESTAURANTE, Total, Bihor, Anul 2020, Milioane lei RON, 534
I  HOTELURI SI RESTAURANTE, Total, Bihor, Anul 2021, Milioane lei RON, 756
I  HOTELURI SI RESTAURANTE, Total, Bihor, Anul 2022, Milioane lei RON, 1077
I  HOTELURI SI RESTAURANTE, Total, Bihor, Anul 2023, Milioane lei RON, 1220
I  HOTELURI SI RESTAURANTE, Total, Bihor, Anul 2024, Milioane lei RON, 1349
I  HOTELURI SI RESTAURANTE, Total, Bistrita-Nasaud, Anul 2008, Milioane lei RON, 171
I  HOTELURI SI RESTAURANTE, Total, Bistrita-Nasaud, Anul 2009, Milioane lei RON, 104
I  HOTELURI SI RESTAURANTE, Total, Bistrita-Nasaud, Anul 2010, Milioane lei RON, 84
I  HOTELURI SI RESTAURANTE, Total, Bistrita-Nasaud, Anul 2011, Milioane lei RON, 88
I  HOTELURI SI RESTAURANTE, Total, Bistrita-Nasaud, Anul 2012, Milioane lei RON, 99
I  HOTELURI SI RESTAURANTE, Total, Bistrita-Nasaud, Anul 2013, Milioane lei RON, 91
I  HOTELURI SI RESTAURANTE, Total, Bistrita-Nasaud, Anul 2014, Milioane lei RON, 103
I  HOTELURI SI RESTAURANTE, Total, Bistrita-Nasaud, Anul 2015, Milioane lei RON, 126
I  HOTELURI SI RESTAURANTE, Total, Bistrita-Nasaud, Anul 2016, Milioane lei RON, 163
I  HOTELURI SI RESTAURANTE, Total, Bistrita-Nasaud, Anul 2017, Milioane lei RON, 179
I  HOTELURI SI RESTAURANTE, Total, Bistrita-Nasaud, Anul 2018, Milioane lei RON, 205
I  HOTELURI SI RESTAURANTE, Total, Bistrita-Nasaud, Anul 2019, Milioane lei RON, 233
I  HOTELURI SI RESTAURANTE, Total, Bistrita-Nasaud, Anul 2020, Milioane lei RON, 160
I  HOTELURI SI RESTAURANTE, Total, Bistrita-Nasaud, Anul 2021, Milioane lei RON, 231
I  HOTELURI SI RESTAURANTE, Total, Bistrita-Nasaud, Anul 2022, Milioane lei RON, 327
I  HOTELURI SI RESTAURANTE, Total, Bistrita-Nasaud, Anul 2023, Milioane lei RON, 367
I  HOTELURI SI RESTAURANTE, Total, Bistrita-Nasaud, Anul 2024, Milioane lei RON, 378
I  HOTELURI SI RESTAURANTE, Total, Cluj, Anul 2008, Milioane lei RON, 487
I  HOTELURI SI RESTAURANTE, Total, Cluj, Anul 2009, Milioane lei RON, 454
I  HOTELURI SI RESTAURANTE, Total, Cluj, Anul 2010, Milioane lei RON, 467
I  HOTELURI SI RESTAURANTE, Total, Cluj, Anul 2011, Milioane lei RON, 516
I  HOTELURI SI RESTAURANTE, Total, Cluj, Anul 2012, Milioane lei RON, 572
I  HOTELURI SI RESTAURANTE, Total, Cluj, Anul 2013, Milioane lei RON, 618
I  HOTELURI SI RESTAURANTE, Total, Cluj, Anul 2014, Milioane lei RON, 673
I  HOTELURI SI RESTAURANTE, Total, Cluj, Anul 2015, Milioane lei RON, 875
I  HOTELURI SI RESTAURANTE, Total, Cluj, Anul 2016, Milioane lei RON, 991
I  HOTELURI SI RESTAURANTE, Total, Cluj, Anul 2017, Milioane lei RON, 1235
I  HOTELURI SI RESTAURANTE, Total, Cluj, Anul 2018, Milioane lei RON, 1363
I  HOTELURI SI RESTAURANTE, Total, Cluj, Anul 2019, Milioane lei RON, 1612
I  HOTELURI SI RESTAURANTE, Total, Cluj, Anul 2020, Milioane lei RON, 990
I  HOTELURI SI RESTAURANTE, Total, Cluj, Anul 2021, Milioane lei RON, 1422
I  HOTELURI SI RESTAURANTE, Total, Cluj, Anul 2022, Milioane lei RON, 2163
I  HOTELURI SI RESTAURANTE, Total, Cluj, Anul 2023, Milioane lei RON, 2445
I  HOTELURI SI RESTAURANTE, Total, Cluj, Anul 2024, Milioane lei RON, 2640
I  HOTELURI SI RESTAURANTE, Total, Maramures, Anul 2008, Milioane lei RON, 142
I  HOTELURI SI RESTAURANTE, Total, Maramures, Anul 2009, Milioane lei RON, 138
I  HOTELURI SI RESTAURANTE, Total, Maramures, Anul 2010, Milioane lei RON, 136
I  HOTELURI SI RESTAURANTE, Total, Maramures, Anul 2011, Milioane lei RON, 133
I  HOTELURI SI RESTAURANTE, Total, Maramures, Anul 2012, Milioane lei RON, 148
I  HOTELURI SI RESTAURANTE, Total, Maramures, Anul 2013, Milioane lei RON, 139
I  HOTELURI SI RESTAURANTE, Total, Maramures, Anul 2014, Milioane lei RON, 170
I  HOTELURI SI RESTAURANTE, Total, Maramures, Anul 2015, Milioane lei RON, 214
I  HOTELURI SI RESTAURANTE, Total, Maramures, Anul 2016, Milioane lei RON, 234
I  HOTELURI SI RESTAURANTE, Total, Maramures, Anul 2017, Milioane lei RON, 278
I  HOTELURI SI RESTAURANTE, Total, Maramures, Anul 2018, Milioane lei RON, 328
I  HOTELURI SI RESTAURANTE, Total, Maramures, Anul 2019, Milioane lei RON, 410
I  HOTELURI SI RESTAURANTE, Total, Maramures, Anul 2020, Milioane lei RON, 305
I  HOTELURI SI RESTAURANTE, Total, Maramures, Anul 2021, Milioane lei RON, 419
I  HOTELURI SI RESTAURANTE, Total, Maramures, Anul 2022, Milioane lei RON, 553
I  HOTELURI SI RESTAURANTE, Total, Maramures, Anul 2023, Milioane lei RON, 644
I  HOTELURI SI RESTAURANTE, Total, Maramures, Anul 2024, Milioane lei RON, 720
I  HOTELURI SI RESTAURANTE, Total, Satu Mare, Anul 2008, Milioane lei RON, 110
I  HOTELURI SI RESTAURANTE, Total, Satu Mare, Anul 2009, Milioane lei RON, 102
I  HOTELURI SI RESTAURANTE, Total, Satu Mare, Anul 2010, Milioane lei RON, 73
I  HOTELURI SI RESTAURANTE, Total, Satu Mare, Anul 2011, Milioane lei RON, 82
I  HOTELURI SI RESTAURANTE, Total, Satu Mare, Anul 2012, Milioane lei RON, 96
I  HOTELURI SI RESTAURANTE, Total, Satu Mare, Anul 2013, Milioane lei RON, 94
I  HOTELURI SI RESTAURANTE, Total, Satu Mare, Anul 2014, Milioane lei RON, 111
I  HOTELURI SI RESTAURANTE, Total, Satu Mare, Anul 2015, Milioane lei RON, 131
I  HOTELURI SI RESTAURANTE, Total, Satu Mare, Anul 2016, Milioane lei RON, 157
I  HOTELURI SI RESTAURANTE, Total, Satu Mare, Anul 2017, Milioane lei RON, 172
I  HOTELURI SI RESTAURANTE, Total, Satu Mare, Anul 2018, Milioane lei RON, 187
I  HOTELURI SI RESTAURANTE, Total, Satu Mare, Anul 2019, Milioane lei RON, 206
I  HOTELURI SI RESTAURANTE, Total, Satu Mare, Anul 2020, Milioane lei RON, 139
I  HOTELURI SI RESTAURANTE, Total, Satu Mare, Anul 2021, Milioane lei RON, 230
I  HOTELURI SI RESTAURANTE, Total, Satu Mare, Anul 2022, Milioane lei RON, 334
I  HOTELURI SI RESTAURANTE, Total, Satu Mare, Anul 2023, Milioane lei RON, 386
I  HOTELURI SI RESTAURANTE, Total, Satu Mare, Anul 2024, Milioane lei RON, 408
I  HOTELURI SI RESTAURANTE, Total, Salaj, Anul 2008, Milioane lei RON, 59
I  HOTELURI SI RESTAURANTE, Total, Salaj, Anul 2009, Milioane lei RON, 57
I  HOTELURI SI RESTAURANTE, Total, Salaj, Anul 2010, Milioane lei RON, 58
I  HOTELURI SI RESTAURANTE, Total, Salaj, Anul 2011, Milioane lei RON, 63
I  HOTELURI SI RESTAURANTE, Total, Salaj, Anul 2012, Milioane lei RON, 64
I  HOTELURI SI RESTAURANTE, Total, Salaj, Anul 2013, Milioane lei RON, 61
I  HOTELURI SI RESTAURANTE, Total, Salaj, Anul 2014, Milioane lei RON, 63
I  HOTELURI SI RESTAURANTE, Total, Salaj, Anul 2015, Milioane lei RON, 79
I  HOTELURI SI RESTAURANTE, Total, Salaj, Anul 2016, Milioane lei RON, 109
I  HOTELURI SI RESTAURANTE, Total, Salaj, Anul 2017, Milioane lei RON, 120
I  HOTELURI SI RESTAURANTE, Total, Salaj, Anul 2018, Milioane lei RON, 130
I  HOTELURI SI RESTAURANTE, Total, Salaj, Anul 2019, Milioane lei RON, 126
I  HOTELURI SI RESTAURANTE, Total, Salaj, Anul 2020, Milioane lei RON, 70
I  HOTELURI SI RESTAURANTE, Total, Salaj, Anul 2021, Milioane lei RON, 106
I  HOTELURI SI RESTAURANTE, Total, Salaj, Anul 2022, Milioane lei RON, 159
I  HOTELURI SI RESTAURANTE, Total, Salaj, Anul 2023, Milioane lei RON, 183
I  HOTELURI SI RESTAURANTE, Total, Salaj, Anul 2024, Milioane lei RON, 204
I  HOTELURI SI RESTAURANTE, Total, Alba, Anul 2008, Milioane lei RON, 113
I  HOTELURI SI RESTAURANTE, Total, Alba, Anul 2009, Milioane lei RON, 116
I  HOTELURI SI RESTAURANTE, Total, Alba, Anul 2010, Milioane lei RON, 115
I  HOTELURI SI RESTAURANTE, Total, Alba, Anul 2011, Milioane lei RON, 123
I  HOTELURI SI RESTAURANTE, Total, Alba, Anul 2012, Milioane lei RON, 120
I  HOTELURI SI RESTAURANTE, Total, Alba, Anul 2013, Milioane lei RON, 119
I  HOTELURI SI RESTAURANTE, Total, Alba, Anul 2014, Milioane lei RON, 151
I  HOTELURI SI RESTAURANTE, Total, Alba, Anul 2015, Milioane lei RON, 180
I  HOTELURI SI RESTAURANTE, Total, Alba, Anul 2016, Milioane lei RON, 202
I  HOTELURI SI RESTAURANTE, Total, Alba, Anul 2017, Milioane lei RON, 221
I  HOTELURI SI RESTAURANTE, Total, Alba, Anul 2018, Milioane lei RON, 253
I  HOTELURI SI RESTAURANTE, Total, Alba, Anul 2019, Milioane lei RON, 297
I  HOTELURI SI RESTAURANTE, Total, Alba, Anul 2020, Milioane lei RON, 216
I  HOTELURI SI RESTAURANTE, Total, Alba, Anul 2021, Milioane lei RON, 315
I  HOTELURI SI RESTAURANTE, Total, Alba, Anul 2022, Milioane lei RON, 419
I  HOTELURI SI RESTAURANTE, Total, Alba, Anul 2023, Milioane lei RON, 474
I  HOTELURI SI RESTAURANTE, Total, Alba, Anul 2024, Milioane lei RON, 501
I  HOTELURI SI RESTAURANTE, Total, Brasov, Anul 2008, Milioane lei RON, 485
I  HOTELURI SI RESTAURANTE, Total, Brasov, Anul 2009, Milioane lei RON, 424
I  HOTELURI SI RESTAURANTE, Total, Brasov, Anul 2010, Milioane lei RON, 469
I  HOTELURI SI RESTAURANTE, Total, Brasov, Anul 2011, Milioane lei RON, 500
I  HOTELURI SI RESTAURANTE, Total, Brasov, Anul 2012, Milioane lei RON, 523
I  HOTELURI SI RESTAURANTE, Total, Brasov, Anul 2013, Milioane lei RON, 582
I  HOTELURI SI RESTAURANTE, Total, Brasov, Anul 2014, Milioane lei RON, 625
I  HOTELURI SI RESTAURANTE, Total, Brasov, Anul 2015, Milioane lei RON, 814
I  HOTELURI SI RESTAURANTE, Total, Brasov, Anul 2016, Milioane lei RON, 871
I  HOTELURI SI RESTAURANTE, Total, Brasov, Anul 2017, Milioane lei RON, 1008
I  HOTELURI SI RESTAURANTE, Total, Brasov, Anul 2018, Milioane lei RON, 1239
I  HOTELURI SI RESTAURANTE, Total, Brasov, Anul 2019, Milioane lei RON, 1487
I  HOTELURI SI RESTAURANTE, Total, Brasov, Anul 2020, Milioane lei RON, 999
I  HOTELURI SI RESTAURANTE, Total, Brasov, Anul 2021, Milioane lei RON, 1480
I  HOTELURI SI RESTAURANTE, Total, Brasov, Anul 2022, Milioane lei RON, 2040
I  HOTELURI SI RESTAURANTE, Total, Brasov, Anul 2023, Milioane lei RON, 2336
I  HOTELURI SI RESTAURANTE, Total, Brasov, Anul 2024, Milioane lei RON, 2610
I  HOTELURI SI RESTAURANTE, Total, Covasna, Anul 2008, Milioane lei RON, 112
I  HOTELURI SI RESTAURANTE, Total, Covasna, Anul 2009, Milioane lei RON, 103
I  HOTELURI SI RESTAURANTE, Total, Covasna, Anul 2010, Milioane lei RON, 97
I  HOTELURI SI RESTAURANTE, Total, Covasna, Anul 2011, Milioane lei RON, 111
I  HOTELURI SI RESTAURANTE, Total, Covasna, Anul 2012, Milioane lei RON, 112
I  HOTELURI SI RESTAURANTE, Total, Covasna, Anul 2013, Milioane lei RON, 107
I  HOTELURI SI RESTAURANTE, Total, Covasna, Anul 2014, Milioane lei RON, 106
I  HOTELURI SI RESTAURANTE, Total, Covasna, Anul 2015, Milioane lei RON, 121
I  HOTELURI SI RESTAURANTE, Total, Covasna, Anul 2016, Milioane lei RON, 136
I  HOTELURI SI RESTAURANTE, Total, Covasna, Anul 2017, Milioane lei RON, 155
I  HOTELURI SI RESTAURANTE, Total, Covasna, Anul 2018, Milioane lei RON, 179
I  HOTELURI SI RESTAURANTE, Total, Covasna, Anul 2019, Milioane lei RON, 221
I  HOTELURI SI RESTAURANTE, Total, Covasna, Anul 2020, Milioane lei RON, 141
I  HOTELURI SI RESTAURANTE, Total, Covasna, Anul 2021, Milioane lei RON, 227
I  HOTELURI SI RESTAURANTE, Total, Covasna, Anul 2022, Milioane lei RON, 298
I  HOTELURI SI RESTAURANTE, Total, Covasna, Anul 2023, Milioane lei RON, 339
I  HOTELURI SI RESTAURANTE, Total, Covasna, Anul 2024, Milioane lei RON, 373
I  HOTELURI SI RESTAURANTE, Total, Harghita, Anul 2008, Milioane lei RON, 131
I  HOTELURI SI RESTAURANTE, Total, Harghita, Anul 2009, Milioane lei RON, 131
I  HOTELURI SI RESTAURANTE, Total, Harghita, Anul 2010, Milioane lei RON, 128
I  HOTELURI SI RESTAURANTE, Total, Harghita, Anul 2011, Milioane lei RON, 135
I  HOTELURI SI RESTAURANTE, Total, Harghita, Anul 2012, Milioane lei RON, 147
I  HOTELURI SI RESTAURANTE, Total, Harghita, Anul 2013, Milioane lei RON, 142
I  HOTELURI SI RESTAURANTE, Total, Harghita, Anul 2014, Milioane lei RON, 162
I  HOTELURI SI RESTAURANTE, Total, Harghita, Anul 2015, Milioane lei RON, 188
I  HOTELURI SI RESTAURANTE, Total, Harghita, Anul 2016, Milioane lei RON, 204
I  HOTELURI SI RESTAURANTE, Total, Harghita, Anul 2017, Milioane lei RON, 231
I  HOTELURI SI RESTAURANTE, Total, Harghita, Anul 2018, Milioane lei RON, 259
I  HOTELURI SI RESTAURANTE, Total, Harghita, Anul 2019, Milioane lei RON, 327
I  HOTELURI SI RESTAURANTE, Total, Harghita, Anul 2020, Milioane lei RON, 232
I  HOTELURI SI RESTAURANTE, Total, Harghita, Anul 2021, Milioane lei RON, 327
I  HOTELURI SI RESTAURANTE, Total, Harghita, Anul 2022, Milioane lei RON, 426
I  HOTELURI SI RESTAURANTE, Total, Harghita, Anul 2023, Milioane lei RON, 497
I  HOTELURI SI RESTAURANTE, Total, Harghita, Anul 2024, Milioane lei RON, 543
I  HOTELURI SI RESTAURANTE, Total, Mures, Anul 2008, Milioane lei RON, 242
I  HOTELURI SI RESTAURANTE, Total, Mures, Anul 2009, Milioane lei RON, 242
I  HOTELURI SI RESTAURANTE, Total, Mures, Anul 2010, Milioane lei RON, 302
I  HOTELURI SI RESTAURANTE, Total, Mures, Anul 2011, Milioane lei RON, 226
I  HOTELURI SI RESTAURANTE, Total, Mures, Anul 2012, Milioane lei RON, 256
I  HOTELURI SI RESTAURANTE, Total, Mures, Anul 2013, Milioane lei RON, 260
I  HOTELURI SI RESTAURANTE, Total, Mures, Anul 2014, Milioane lei RON, 292
I  HOTELURI SI RESTAURANTE, Total, Mures, Anul 2015, Milioane lei RON, 378
I  HOTELURI SI RESTAURANTE, Total, Mures, Anul 2016, Milioane lei RON, 427
I  HOTELURI SI RESTAURANTE, Total, Mures, Anul 2017, Milioane lei RON, 494
I  HOTELURI SI RESTAURANTE, Total, Mures, Anul 2018, Milioane lei RON, 571
I  HOTELURI SI RESTAURANTE, Total, Mures, Anul 2019, Milioane lei RON, 691
I  HOTELURI SI RESTAURANTE, Total, Mures, Anul 2020, Milioane lei RON, 448
I  HOTELURI SI RESTAURANTE, Total, Mures, Anul 2021, Milioane lei RON, 672
I  HOTELURI SI RESTAURANTE, Total, Mures, Anul 2022, Milioane lei RON, 912
I  HOTELURI SI RESTAURANTE, Total, Mures, Anul 2023, Milioane lei RON, 1037
I  HOTELURI SI RESTAURANTE, Total, Mures, Anul 2024, Milioane lei RON, 1124
I  HOTELURI SI RESTAURANTE, Total, Sibiu, Anul 2008, Milioane lei RON, 265
I  HOTELURI SI RESTAURANTE, Total, Sibiu, Anul 2009, Milioane lei RON, 286
I  HOTELURI SI RESTAURANTE, Total, Sibiu, Anul 2010, Milioane lei RON, 291
I  HOTELURI SI RESTAURANTE, Total, Sibiu, Anul 2011, Milioane lei RON, 294
I  HOTELURI SI RESTAURANTE, Total, Sibiu, Anul 2012, Milioane lei RON, 310
I  HOTELURI SI RESTAURANTE, Total, Sibiu, Anul 2013, Milioane lei RON, 293
I  HOTELURI SI RESTAURANTE, Total, Sibiu, Anul 2014, Milioane lei RON, 325
I  HOTELURI SI RESTAURANTE, Total, Sibiu, Anul 2015, Milioane lei RON, 393
I  HOTELURI SI RESTAURANTE, Total, Sibiu, Anul 2016, Milioane lei RON, 454
I  HOTELURI SI RESTAURANTE, Total, Sibiu, Anul 2017, Milioane lei RON, 558
I  HOTELURI SI RESTAURANTE, Total, Sibiu, Anul 2018, Milioane lei RON, 699
I  HOTELURI SI RESTAURANTE, Total, Sibiu, Anul 2019, Milioane lei RON, 792
I  HOTELURI SI RESTAURANTE, Total, Sibiu, Anul 2020, Milioane lei RON, 525
I  HOTELURI SI RESTAURANTE, Total, Sibiu, Anul 2021, Milioane lei RON, 739
I  HOTELURI SI RESTAURANTE, Total, Sibiu, Anul 2022, Milioane lei RON, 950
I  HOTELURI SI RESTAURANTE, Total, Sibiu, Anul 2023, Milioane lei RON, 1068
I  HOTELURI SI RESTAURANTE, Total, Sibiu, Anul 2024, Milioane lei RON, 1171
I  HOTELURI SI RESTAURANTE, Total, Bacau, Anul 2008, Milioane lei RON, 165
I  HOTELURI SI RESTAURANTE, Total, Bacau, Anul 2009, Milioane lei RON, 160
I  HOTELURI SI RESTAURANTE, Total, Bacau, Anul 2010, Milioane lei RON, 209
I  HOTELURI SI RESTAURANTE, Total, Bacau, Anul 2011, Milioane lei RON, 171
I  HOTELURI SI RESTAURANTE, Total, Bacau, Anul 2012, Milioane lei RON, 151
I  HOTELURI SI RESTAURANTE, Total, Bacau, Anul 2013, Milioane lei RON, 152
I  HOTELURI SI RESTAURANTE, Total, Bacau, Anul 2014, Milioane lei RON, 159
I  HOTELURI SI RESTAURANTE, Total, Bacau, Anul 2015, Milioane lei RON, 189
I  HOTELURI SI RESTAURANTE, Total, Bacau, Anul 2016, Milioane lei RON, 204
I  HOTELURI SI RESTAURANTE, Total, Bacau, Anul 2017, Milioane lei RON, 245
I  HOTELURI SI RESTAURANTE, Total, Bacau, Anul 2018, Milioane lei RON, 293
I  HOTELURI SI RESTAURANTE, Total, Bacau, Anul 2019, Milioane lei RON, 352
I  HOTELURI SI RESTAURANTE, Total, Bacau, Anul 2020, Milioane lei RON, 277
I  HOTELURI SI RESTAURANTE, Total, Bacau, Anul 2021, Milioane lei RON, 415
I  HOTELURI SI RESTAURANTE, Total, Bacau, Anul 2022, Milioane lei RON, 528
I  HOTELURI SI RESTAURANTE, Total, Bacau, Anul 2023, Milioane lei RON, 623
I  HOTELURI SI RESTAURANTE, Total, Bacau, Anul 2024, Milioane lei RON, 672
I  HOTELURI SI RESTAURANTE, Total, Botosani, Anul 2008, Milioane lei RON, 75
I  HOTELURI SI RESTAURANTE, Total, Botosani, Anul 2009, Milioane lei RON, 67
I  HOTELURI SI RESTAURANTE, Total, Botosani, Anul 2010, Milioane lei RON, 63
I  HOTELURI SI RESTAURANTE, Total, Botosani, Anul 2011, Milioane lei RON, 55
I  HOTELURI SI RESTAURANTE, Total, Botosani, Anul 2012, Milioane lei RON, 63
I  HOTELURI SI RESTAURANTE, Total, Botosani, Anul 2013, Milioane lei RON, 62
I  HOTELURI SI RESTAURANTE, Total, Botosani, Anul 2014, Milioane lei RON, 69
I  HOTELURI SI RESTAURANTE, Total, Botosani, Anul 2015, Milioane lei RON, 91
I  HOTELURI SI RESTAURANTE, Total, Botosani, Anul 2016, Milioane lei RON, 110
I  HOTELURI SI RESTAURANTE, Total, Botosani, Anul 2017, Milioane lei RON, 129
I  HOTELURI SI RESTAURANTE, Total, Botosani, Anul 2018, Milioane lei RON, 161
I  HOTELURI SI RESTAURANTE, Total, Botosani, Anul 2019, Milioane lei RON, 188
I  HOTELURI SI RESTAURANTE, Total, Botosani, Anul 2020, Milioane lei RON, 142
I  HOTELURI SI RESTAURANTE, Total, Botosani, Anul 2021, Milioane lei RON, 199
I  HOTELURI SI RESTAURANTE, Total, Botosani, Anul 2022, Milioane lei RON, 260
I  HOTELURI SI RESTAURANTE, Total, Botosani, Anul 2023, Milioane lei RON, 302
I  HOTELURI SI RESTAURANTE, Total, Botosani, Anul 2024, Milioane lei RON, 326
I  HOTELURI SI RESTAURANTE, Total, Iasi, Anul 2008, Milioane lei RON, 322
I  HOTELURI SI RESTAURANTE, Total, Iasi, Anul 2009, Milioane lei RON, 271
I  HOTELURI SI RESTAURANTE, Total, Iasi, Anul 2010, Milioane lei RON, 262
I  HOTELURI SI RESTAURANTE, Total, Iasi, Anul 2011, Milioane lei RON, 303
I  HOTELURI SI RESTAURANTE, Total, Iasi, Anul 2012, Milioane lei RON, 323
I  HOTELURI SI RESTAURANTE, Total, Iasi, Anul 2013, Milioane lei RON, 325
I  HOTELURI SI RESTAURANTE, Total, Iasi, Anul 2014, Milioane lei RON, 330
I  HOTELURI SI RESTAURANTE, Total, Iasi, Anul 2015, Milioane lei RON, 485
I  HOTELURI SI RESTAURANTE, Total, Iasi, Anul 2016, Milioane lei RON, 554
I  HOTELURI SI RESTAURANTE, Total, Iasi, Anul 2017, Milioane lei RON, 673
I  HOTELURI SI RESTAURANTE, Total, Iasi, Anul 2018, Milioane lei RON, 775
I  HOTELURI SI RESTAURANTE, Total, Iasi, Anul 2019, Milioane lei RON, 893
I  HOTELURI SI RESTAURANTE, Total, Iasi, Anul 2020, Milioane lei RON, 581
I  HOTELURI SI RESTAURANTE, Total, Iasi, Anul 2021, Milioane lei RON, 884
I  HOTELURI SI RESTAURANTE, Total, Iasi, Anul 2022, Milioane lei RON, 1214
I  HOTELURI SI RESTAURANTE, Total, Iasi, Anul 2023, Milioane lei RON, 1356
I  HOTELURI SI RESTAURANTE, Total, Iasi, Anul 2024, Milioane lei RON, 1429
I  HOTELURI SI RESTAURANTE, Total, Neamt, Anul 2008, Milioane lei RON, 158
I  HOTELURI SI RESTAURANTE, Total, Neamt, Anul 2009, Milioane lei RON, 144
I  HOTELURI SI RESTAURANTE, Total, Neamt, Anul 2010, Milioane lei RON, 146
I  HOTELURI SI RESTAURANTE, Total, Neamt, Anul 2011, Milioane lei RON, 155
I  HOTELURI SI RESTAURANTE, Total, Neamt, Anul 2012, Milioane lei RON, 171
I  HOTELURI SI RESTAURANTE, Total, Neamt, Anul 2013, Milioane lei RON, 128
I  HOTELURI SI RESTAURANTE, Total, Neamt, Anul 2014, Milioane lei RON, 137
I  HOTELURI SI RESTAURANTE, Total, Neamt, Anul 2015, Milioane lei RON, 185
I  HOTELURI SI RESTAURANTE, Total, Neamt, Anul 2016, Milioane lei RON, 200
I  HOTELURI SI RESTAURANTE, Total, Neamt, Anul 2017, Milioane lei RON, 225
I  HOTELURI SI RESTAURANTE, Total, Neamt, Anul 2018, Milioane lei RON, 241
I  HOTELURI SI RESTAURANTE, Total, Neamt, Anul 2019, Milioane lei RON, 320
I  HOTELURI SI RESTAURANTE, Total, Neamt, Anul 2020, Milioane lei RON, 238
I  HOTELURI SI RESTAURANTE, Total, Neamt, Anul 2021, Milioane lei RON, 346
I  HOTELURI SI RESTAURANTE, Total, Neamt, Anul 2022, Milioane lei RON, 469
I  HOTELURI SI RESTAURANTE, Total, Neamt, Anul 2023, Milioane lei RON, 497
I  HOTELURI SI RESTAURANTE, Total, Neamt, Anul 2024, Milioane lei RON, 550
I  HOTELURI SI RESTAURANTE, Total, Suceava, Anul 2008, Milioane lei RON, 212
I  HOTELURI SI RESTAURANTE, Total, Suceava, Anul 2009, Milioane lei RON, 203
I  HOTELURI SI RESTAURANTE, Total, Suceava, Anul 2010, Milioane lei RON, 194
I  HOTELURI SI RESTAURANTE, Total, Suceava, Anul 2011, Milioane lei RON, 203
I  HOTELURI SI RESTAURANTE, Total, Suceava, Anul 2012, Milioane lei RON, 206
I  HOTELURI SI RESTAURANTE, Total, Suceava, Anul 2013, Milioane lei RON, 204
I  HOTELURI SI RESTAURANTE, Total, Suceava, Anul 2014, Milioane lei RON, 239
I  HOTELURI SI RESTAURANTE, Total, Suceava, Anul 2015, Milioane lei RON, 311
I  HOTELURI SI RESTAURANTE, Total, Suceava, Anul 2016, Milioane lei RON, 333
I  HOTELURI SI RESTAURANTE, Total, Suceava, Anul 2017, Milioane lei RON, 395
I  HOTELURI SI RESTAURANTE, Total, Suceava, Anul 2018, Milioane lei RON, 465
I  HOTELURI SI RESTAURANTE, Total, Suceava, Anul 2019, Milioane lei RON, 575
I  HOTELURI SI RESTAURANTE, Total, Suceava, Anul 2020, Milioane lei RON, 430
I  HOTELURI SI RESTAURANTE, Total, Suceava, Anul 2021, Milioane lei RON, 677
I  HOTELURI SI RESTAURANTE, Total, Suceava, Anul 2022, Milioane lei RON, 929
I  HOTELURI SI RESTAURANTE, Total, Suceava, Anul 2023, Milioane lei RON, 1072
I  HOTELURI SI RESTAURANTE, Total, Suceava, Anul 2024, Milioane lei RON, 1143
I  HOTELURI SI RESTAURANTE, Total, Vaslui, Anul 2008, Milioane lei RON, 71
I  HOTELURI SI RESTAURANTE, Total, Vaslui, Anul 2009, Milioane lei RON, 65
I  HOTELURI SI RESTAURANTE, Total, Vaslui, Anul 2010, Milioane lei RON, 80
I  HOTELURI SI RESTAURANTE, Total, Vaslui, Anul 2011, Milioane lei RON, 60
I  HOTELURI SI RESTAURANTE, Total, Vaslui, Anul 2012, Milioane lei RON, 63
I  HOTELURI SI RESTAURANTE, Total, Vaslui, Anul 2013, Milioane lei RON, 54
I  HOTELURI SI RESTAURANTE, Total, Vaslui, Anul 2014, Milioane lei RON, 53
I  HOTELURI SI RESTAURANTE, Total, Vaslui, Anul 2015, Milioane lei RON, 68
I  HOTELURI SI RESTAURANTE, Total, Vaslui, Anul 2016, Milioane lei RON, 83
I  HOTELURI SI RESTAURANTE, Total, Vaslui, Anul 2017, Milioane lei RON, 96
I  HOTELURI SI RESTAURANTE, Total, Vaslui, Anul 2018, Milioane lei RON, 113
I  HOTELURI SI RESTAURANTE, Total, Vaslui, Anul 2019, Milioane lei RON, 151
I  HOTELURI SI RESTAURANTE, Total, Vaslui, Anul 2020, Milioane lei RON, 123
I  HOTELURI SI RESTAURANTE, Total, Vaslui, Anul 2021, Milioane lei RON, 191
I  HOTELURI SI RESTAURANTE, Total, Vaslui, Anul 2022, Milioane lei RON, 233
I  HOTELURI SI RESTAURANTE, Total, Vaslui, Anul 2023, Milioane lei RON, 279
I  HOTELURI SI RESTAURANTE, Total, Vaslui, Anul 2024, Milioane lei RON, 308
I  HOTELURI SI RESTAURANTE, Total, Braila, Anul 2008, Milioane lei RON, 93
I  HOTELURI SI RESTAURANTE, Total, Braila, Anul 2009, Milioane lei RON, 93
I  HOTELURI SI RESTAURANTE, Total, Braila, Anul 2010, Milioane lei RON, 85
I  HOTELURI SI RESTAURANTE, Total, Braila, Anul 2011, Milioane lei RON, 87
I  HOTELURI SI RESTAURANTE, Total, Braila, Anul 2012, Milioane lei RON, 82
I  HOTELURI SI RESTAURANTE, Total, Braila, Anul 2013, Milioane lei RON, 81
I  HOTELURI SI RESTAURANTE, Total, Braila, Anul 2014, Milioane lei RON, 91
I  HOTELURI SI RESTAURANTE, Total, Braila, Anul 2015, Milioane lei RON, 117
I  HOTELURI SI RESTAURANTE, Total, Braila, Anul 2016, Milioane lei RON, 134
I  HOTELURI SI RESTAURANTE, Total, Braila, Anul 2017, Milioane lei RON, 151
I  HOTELURI SI RESTAURANTE, Total, Braila, Anul 2018, Milioane lei RON, 176
I  HOTELURI SI RESTAURANTE, Total, Braila, Anul 2019, Milioane lei RON, 209
I  HOTELURI SI RESTAURANTE, Total, Braila, Anul 2020, Milioane lei RON, 154
I  HOTELURI SI RESTAURANTE, Total, Braila, Anul 2021, Milioane lei RON, 208
I  HOTELURI SI RESTAURANTE, Total, Braila, Anul 2022, Milioane lei RON, 259
I  HOTELURI SI RESTAURANTE, Total, Braila, Anul 2023, Milioane lei RON, 289
I  HOTELURI SI RESTAURANTE, Total, Braila, Anul 2024, Milioane lei RON, 332
I  HOTELURI SI RESTAURANTE, Total, Buzau, Anul 2008, Milioane lei RON, 208
I  HOTELURI SI RESTAURANTE, Total, Buzau, Anul 2009, Milioane lei RON, 240
I  HOTELURI SI RESTAURANTE, Total, Buzau, Anul 2010, Milioane lei RON, 262
I  HOTELURI SI RESTAURANTE, Total, Buzau, Anul 2011, Milioane lei RON, 323
I  HOTELURI SI RESTAURANTE, Total, Buzau, Anul 2012, Milioane lei RON, 597
I  HOTELURI SI RESTAURANTE, Total, Buzau, Anul 2013, Milioane lei RON, 101
I  HOTELURI SI RESTAURANTE, Total, Buzau, Anul 2014, Milioane lei RON, 102
I  HOTELURI SI RESTAURANTE, Total, Buzau, Anul 2015, Milioane lei RON, 156
I  HOTELURI SI RESTAURANTE, Total, Buzau, Anul 2016, Milioane lei RON, 134
I  HOTELURI SI RESTAURANTE, Total, Buzau, Anul 2017, Milioane lei RON, 167
I  HOTELURI SI RESTAURANTE, Total, Buzau, Anul 2018, Milioane lei RON, 203
I  HOTELURI SI RESTAURANTE, Total, Buzau, Anul 2019, Milioane lei RON, 233
I  HOTELURI SI RESTAURANTE, Total, Buzau, Anul 2020, Milioane lei RON, 167
I  HOTELURI SI RESTAURANTE, Total, Buzau, Anul 2021, Milioane lei RON, 241
I  HOTELURI SI RESTAURANTE, Total, Buzau, Anul 2022, Milioane lei RON, 346
I  HOTELURI SI RESTAURANTE, Total, Buzau, Anul 2023, Milioane lei RON, 381
I  HOTELURI SI RESTAURANTE, Total, Buzau, Anul 2024, Milioane lei RON, 444
I  HOTELURI SI RESTAURANTE, Total, Constanta, Anul 2008, Milioane lei RON, 923
I  HOTELURI SI RESTAURANTE, Total, Constanta, Anul 2009, Milioane lei RON, 894
I  HOTELURI SI RESTAURANTE, Total, Constanta, Anul 2010, Milioane lei RON, 767
I  HOTELURI SI RESTAURANTE, Total, Constanta, Anul 2011, Milioane lei RON, 786
I  HOTELURI SI RESTAURANTE, Total, Constanta, Anul 2012, Milioane lei RON, 927
I  HOTELURI SI RESTAURANTE, Total, Constanta, Anul 2013, Milioane lei RON, 971
I  HOTELURI SI RESTAURANTE, Total, Constanta, Anul 2014, Milioane lei RON, 1041
I  HOTELURI SI RESTAURANTE, Total, Constanta, Anul 2015, Milioane lei RON, 1339
I  HOTELURI SI RESTAURANTE, Total, Constanta, Anul 2016, Milioane lei RON, 1450
I  HOTELURI SI RESTAURANTE, Total, Constanta, Anul 2017, Milioane lei RON, 1570
I  HOTELURI SI RESTAURANTE, Total, Constanta, Anul 2018, Milioane lei RON, 1851
I  HOTELURI SI RESTAURANTE, Total, Constanta, Anul 2019, Milioane lei RON, 2344
I  HOTELURI SI RESTAURANTE, Total, Constanta, Anul 2020, Milioane lei RON, 1807
I  HOTELURI SI RESTAURANTE, Total, Constanta, Anul 2021, Milioane lei RON, 2550
I  HOTELURI SI RESTAURANTE, Total, Constanta, Anul 2022, Milioane lei RON, 3196
I  HOTELURI SI RESTAURANTE, Total, Constanta, Anul 2023, Milioane lei RON, 3356
I  HOTELURI SI RESTAURANTE, Total, Constanta, Anul 2024, Milioane lei RON, 3726
I  HOTELURI SI RESTAURANTE, Total, Galati, Anul 2008, Milioane lei RON, 217
I  HOTELURI SI RESTAURANTE, Total, Galati, Anul 2009, Milioane lei RON, 171
I  HOTELURI SI RESTAURANTE, Total, Galati, Anul 2010, Milioane lei RON, 136
I  HOTELURI SI RESTAURANTE, Total, Galati, Anul 2011, Milioane lei RON, 138
I  HOTELURI SI RESTAURANTE, Total, Galati, Anul 2012, Milioane lei RON, 153
I  HOTELURI SI RESTAURANTE, Total, Galati, Anul 2013, Milioane lei RON, 165
I  HOTELURI SI RESTAURANTE, Total, Galati, Anul 2014, Milioane lei RON, 189
I  HOTELURI SI RESTAURANTE, Total, Galati, Anul 2015, Milioane lei RON, 243
I  HOTELURI SI RESTAURANTE, Total, Galati, Anul 2016, Milioane lei RON, 243
I  HOTELURI SI RESTAURANTE, Total, Galati, Anul 2017, Milioane lei RON, 274
I  HOTELURI SI RESTAURANTE, Total, Galati, Anul 2018, Milioane lei RON, 327
I  HOTELURI SI RESTAURANTE, Total, Galati, Anul 2019, Milioane lei RON, 382
I  HOTELURI SI RESTAURANTE, Total, Galati, Anul 2020, Milioane lei RON, 301
I  HOTELURI SI RESTAURANTE, Total, Galati, Anul 2021, Milioane lei RON, 408
I  HOTELURI SI RESTAURANTE, Total, Galati, Anul 2022, Milioane lei RON, 529
I  HOTELURI SI RESTAURANTE, Total, Galati, Anul 2023, Milioane lei RON, 584
I  HOTELURI SI RESTAURANTE, Total, Galati, Anul 2024, Milioane lei RON, 615
I  HOTELURI SI RESTAURANTE, Total, Tulcea, Anul 2008, Milioane lei RON, 90
I  HOTELURI SI RESTAURANTE, Total, Tulcea, Anul 2009, Milioane lei RON, 88
I  HOTELURI SI RESTAURANTE, Total, Tulcea, Anul 2010, Milioane lei RON, 88
I  HOTELURI SI RESTAURANTE, Total, Tulcea, Anul 2011, Milioane lei RON, 98
I  HOTELURI SI RESTAURANTE, Total, Tulcea, Anul 2012, Milioane lei RON, 103
I  HOTELURI SI RESTAURANTE, Total, Tulcea, Anul 2013, Milioane lei RON, 118
I  HOTELURI SI RESTAURANTE, Total, Tulcea, Anul 2014, Milioane lei RON, 117
I  HOTELURI SI RESTAURANTE, Total, Tulcea, Anul 2015, Milioane lei RON, 153
I  HOTELURI SI RESTAURANTE, Total, Tulcea, Anul 2016, Milioane lei RON, 165
I  HOTELURI SI RESTAURANTE, Total, Tulcea, Anul 2017, Milioane lei RON, 174
I  HOTELURI SI RESTAURANTE, Total, Tulcea, Anul 2018, Milioane lei RON, 210
I  HOTELURI SI RESTAURANTE, Total, Tulcea, Anul 2019, Milioane lei RON, 245
I  HOTELURI SI RESTAURANTE, Total, Tulcea, Anul 2020, Milioane lei RON, 238
I  HOTELURI SI RESTAURANTE, Total, Tulcea, Anul 2021, Milioane lei RON, 340
I  HOTELURI SI RESTAURANTE, Total, Tulcea, Anul 2022, Milioane lei RON, 413
I  HOTELURI SI RESTAURANTE, Total, Tulcea, Anul 2023, Milioane lei RON, 491
I  HOTELURI SI RESTAURANTE, Total, Tulcea, Anul 2024, Milioane lei RON, 470
I  HOTELURI SI RESTAURANTE, Total, Vrancea, Anul 2008, Milioane lei RON, 53
I  HOTELURI SI RESTAURANTE, Total, Vrancea, Anul 2009, Milioane lei RON, 53
I  HOTELURI SI RESTAURANTE, Total, Vrancea, Anul 2010, Milioane lei RON, 47
I  HOTELURI SI RESTAURANTE, Total, Vrancea, Anul 2011, Milioane lei RON, 49
I  HOTELURI SI RESTAURANTE, Total, Vrancea, Anul 2012, Milioane lei RON, 51
I  HOTELURI SI RESTAURANTE, Total, Vrancea, Anul 2013, Milioane lei RON, 53
I  HOTELURI SI RESTAURANTE, Total, Vrancea, Anul 2014, Milioane lei RON, 51
I  HOTELURI SI RESTAURANTE, Total, Vrancea, Anul 2015, Milioane lei RON, 82
I  HOTELURI SI RESTAURANTE, Total, Vrancea, Anul 2016, Milioane lei RON, 89
I  HOTELURI SI RESTAURANTE, Total, Vrancea, Anul 2017, Milioane lei RON, 96
I  HOTELURI SI RESTAURANTE, Total, Vrancea, Anul 2018, Milioane lei RON, 122
I  HOTELURI SI RESTAURANTE, Total, Vrancea, Anul 2019, Milioane lei RON, 163
I  HOTELURI SI RESTAURANTE, Total, Vrancea, Anul 2020, Milioane lei RON, 119
I  HOTELURI SI RESTAURANTE, Total, Vrancea, Anul 2021, Milioane lei RON, 188
I  HOTELURI SI RESTAURANTE, Total, Vrancea, Anul 2022, Milioane lei RON, 212
I  HOTELURI SI RESTAURANTE, Total, Vrancea, Anul 2023, Milioane lei RON, 255
I  HOTELURI SI RESTAURANTE, Total, Vrancea, Anul 2024, Milioane lei RON, 274
I  HOTELURI SI RESTAURANTE, Total, Arges, Anul 2008, Milioane lei RON, 254
I  HOTELURI SI RESTAURANTE, Total, Arges, Anul 2009, Milioane lei RON, 295
I  HOTELURI SI RESTAURANTE, Total, Arges, Anul 2010, Milioane lei RON, 222
I  HOTELURI SI RESTAURANTE, Total, Arges, Anul 2011, Milioane lei RON, 245
I  HOTELURI SI RESTAURANTE, Total, Arges, Anul 2012, Milioane lei RON, 269
I  HOTELURI SI RESTAURANTE, Total, Arges, Anul 2013, Milioane lei RON, 266
I  HOTELURI SI RESTAURANTE, Total, Arges, Anul 2014, Milioane lei RON, 273
I  HOTELURI SI RESTAURANTE, Total, Arges, Anul 2015, Milioane lei RON, 301
I  HOTELURI SI RESTAURANTE, Total, Arges, Anul 2016, Milioane lei RON, 340
I  HOTELURI SI RESTAURANTE, Total, Arges, Anul 2017, Milioane lei RON, 424
I  HOTELURI SI RESTAURANTE, Total, Arges, Anul 2018, Milioane lei RON, 452
I  HOTELURI SI RESTAURANTE, Total, Arges, Anul 2019, Milioane lei RON, 567
I  HOTELURI SI RESTAURANTE, Total, Arges, Anul 2020, Milioane lei RON, 379
I  HOTELURI SI RESTAURANTE, Total, Arges, Anul 2021, Milioane lei RON, 517
I  HOTELURI SI RESTAURANTE, Total, Arges, Anul 2022, Milioane lei RON, 748
I  HOTELURI SI RESTAURANTE, Total, Arges, Anul 2023, Milioane lei RON, 920
I  HOTELURI SI RESTAURANTE, Total, Arges, Anul 2024, Milioane lei RON, 1002
I  HOTELURI SI RESTAURANTE, Total, Calarasi, Anul 2008, Milioane lei RON, 51
I  HOTELURI SI RESTAURANTE, Total, Calarasi, Anul 2009, Milioane lei RON, 34
I  HOTELURI SI RESTAURANTE, Total, Calarasi, Anul 2010, Milioane lei RON, 39
I  HOTELURI SI RESTAURANTE, Total, Calarasi, Anul 2011, Milioane lei RON, 38
I  HOTELURI SI RESTAURANTE, Total, Calarasi, Anul 2012, Milioane lei RON, 44
I  HOTELURI SI RESTAURANTE, Total, Calarasi, Anul 2013, Milioane lei RON, 53
I  HOTELURI SI RESTAURANTE, Total, Calarasi, Anul 2014, Milioane lei RON, 55
I  HOTELURI SI RESTAURANTE, Total, Calarasi, Anul 2015, Milioane lei RON, 64
I  HOTELURI SI RESTAURANTE, Total, Calarasi, Anul 2016, Milioane lei RON, 76
I  HOTELURI SI RESTAURANTE, Total, Calarasi, Anul 2017, Milioane lei RON, 64
I  HOTELURI SI RESTAURANTE, Total, Calarasi, Anul 2018, Milioane lei RON, 73
I  HOTELURI SI RESTAURANTE, Total, Calarasi, Anul 2019, Milioane lei RON, 92
I  HOTELURI SI RESTAURANTE, Total, Calarasi, Anul 2020, Milioane lei RON, 68
I  HOTELURI SI RESTAURANTE, Total, Calarasi, Anul 2021, Milioane lei RON, 102
I  HOTELURI SI RESTAURANTE, Total, Calarasi, Anul 2022, Milioane lei RON, 144
I  HOTELURI SI RESTAURANTE, Total, Calarasi, Anul 2023, Milioane lei RON, 149
I  HOTELURI SI RESTAURANTE, Total, Calarasi, Anul 2024, Milioane lei RON, 160
I  HOTELURI SI RESTAURANTE, Total, Dambovita, Anul 2008, Milioane lei RON, 91
I  HOTELURI SI RESTAURANTE, Total, Dambovita, Anul 2009, Milioane lei RON, 64
I  HOTELURI SI RESTAURANTE, Total, Dambovita, Anul 2010, Milioane lei RON, 66
I  HOTELURI SI RESTAURANTE, Total, Dambovita, Anul 2011, Milioane lei RON, 95
I  HOTELURI SI RESTAURANTE, Total, Dambovita, Anul 2012, Milioane lei RON, 76
I  HOTELURI SI RESTAURANTE, Total, Dambovita, Anul 2013, Milioane lei RON, 86
I  HOTELURI SI RESTAURANTE, Total, Dambovita, Anul 2014, Milioane lei RON, 95
I  HOTELURI SI RESTAURANTE, Total, Dambovita, Anul 2015, Milioane lei RON, 130
I  HOTELURI SI RESTAURANTE, Total, Dambovita, Anul 2016, Milioane lei RON, 159
I  HOTELURI SI RESTAURANTE, Total, Dambovita, Anul 2017, Milioane lei RON, 166
I  HOTELURI SI RESTAURANTE, Total, Dambovita, Anul 2018, Milioane lei RON, 182
I  HOTELURI SI RESTAURANTE, Total, Dambovita, Anul 2019, Milioane lei RON, 219
I  HOTELURI SI RESTAURANTE, Total, Dambovita, Anul 2020, Milioane lei RON, 171
I  HOTELURI SI RESTAURANTE, Total, Dambovita, Anul 2021, Milioane lei RON, 257
I  HOTELURI SI RESTAURANTE, Total, Dambovita, Anul 2022, Milioane lei RON, 351
I  HOTELURI SI RESTAURANTE, Total, Dambovita, Anul 2023, Milioane lei RON, 390
I  HOTELURI SI RESTAURANTE, Total, Dambovita, Anul 2024, Milioane lei RON, 455
I  HOTELURI SI RESTAURANTE, Total, Giurgiu, Anul 2008, Milioane lei RON, 31
I  HOTELURI SI RESTAURANTE, Total, Giurgiu, Anul 2009, Milioane lei RON, 45
I  HOTELURI SI RESTAURANTE, Total, Giurgiu, Anul 2010, Milioane lei RON, 35
I  HOTELURI SI RESTAURANTE, Total, Giurgiu, Anul 2011, Milioane lei RON, 37
I  HOTELURI SI RESTAURANTE, Total, Giurgiu, Anul 2012, Milioane lei RON, 53
I  HOTELURI SI RESTAURANTE, Total, Giurgiu, Anul 2013, Milioane lei RON, 38
I  HOTELURI SI RESTAURANTE, Total, Giurgiu, Anul 2014, Milioane lei RON, 39
I  HOTELURI SI RESTAURANTE, Total, Giurgiu, Anul 2015, Milioane lei RON, 51
I  HOTELURI SI RESTAURANTE, Total, Giurgiu, Anul 2016, Milioane lei RON, 67
I  HOTELURI SI RESTAURANTE, Total, Giurgiu, Anul 2017, Milioane lei RON, 70
I  HOTELURI SI RESTAURANTE, Total, Giurgiu, Anul 2018, Milioane lei RON, 74
I  HOTELURI SI RESTAURANTE, Total, Giurgiu, Anul 2019, Milioane lei RON, 91
I  HOTELURI SI RESTAURANTE, Total, Giurgiu, Anul 2020, Milioane lei RON, 86
I  HOTELURI SI RESTAURANTE, Total, Giurgiu, Anul 2021, Milioane lei RON, 133
I  HOTELURI SI RESTAURANTE, Total, Giurgiu, Anul 2022, Milioane lei RON, 203
I  HOTELURI SI RESTAURANTE, Total, Giurgiu, Anul 2023, Milioane lei RON, 190
I  HOTELURI SI RESTAURANTE, Total, Giurgiu, Anul 2024, Milioane lei RON, 207
I  HOTELURI SI RESTAURANTE, Total, Ialomita, Anul 2008, Milioane lei RON, 153
I  HOTELURI SI RESTAURANTE, Total, Ialomita, Anul 2009, Milioane lei RON, 63
I  HOTELURI SI RESTAURANTE, Total, Ialomita, Anul 2010, Milioane lei RON, 48
I  HOTELURI SI RESTAURANTE, Total, Ialomita, Anul 2011, Milioane lei RON, 54
I  HOTELURI SI RESTAURANTE, Total, Ialomita, Anul 2012, Milioane lei RON, 53
I  HOTELURI SI RESTAURANTE, Total, Ialomita, Anul 2013, Milioane lei RON, 53
I  HOTELURI SI RESTAURANTE, Total, Ialomita, Anul 2014, Milioane lei RON, 57
I  HOTELURI SI RESTAURANTE, Total, Ialomita, Anul 2015, Milioane lei RON, 71
I  HOTELURI SI RESTAURANTE, Total, Ialomita, Anul 2016, Milioane lei RON, 76
I  HOTELURI SI RESTAURANTE, Total, Ialomita, Anul 2017, Milioane lei RON, 91
I  HOTELURI SI RESTAURANTE, Total, Ialomita, Anul 2018, Milioane lei RON, 102
I  HOTELURI SI RESTAURANTE, Total, Ialomita, Anul 2019, Milioane lei RON, 122
I  HOTELURI SI RESTAURANTE, Total, Ialomita, Anul 2020, Milioane lei RON, 77
I  HOTELURI SI RESTAURANTE, Total, Ialomita, Anul 2021, Milioane lei RON, 117
I  HOTELURI SI RESTAURANTE, Total, Ialomita, Anul 2022, Milioane lei RON, 162
I  HOTELURI SI RESTAURANTE, Total, Ialomita, Anul 2023, Milioane lei RON, 182
I  HOTELURI SI RESTAURANTE, Total, Ialomita, Anul 2024, Milioane lei RON, 192
I  HOTELURI SI RESTAURANTE, Total, Prahova, Anul 2008, Milioane lei RON, 400
I  HOTELURI SI RESTAURANTE, Total, Prahova, Anul 2009, Milioane lei RON, 354
I  HOTELURI SI RESTAURANTE, Total, Prahova, Anul 2010, Milioane lei RON, 374
I  HOTELURI SI RESTAURANTE, Total, Prahova, Anul 2011, Milioane lei RON, 355
I  HOTELURI SI RESTAURANTE, Total, Prahova, Anul 2012, Milioane lei RON, 385
I  HOTELURI SI RESTAURANTE, Total, Prahova, Anul 2013, Milioane lei RON, 364
I  HOTELURI SI RESTAURANTE, Total, Prahova, Anul 2014, Milioane lei RON, 365
I  HOTELURI SI RESTAURANTE, Total, Prahova, Anul 2015, Milioane lei RON, 433
I  HOTELURI SI RESTAURANTE, Total, Prahova, Anul 2016, Milioane lei RON, 486
I  HOTELURI SI RESTAURANTE, Total, Prahova, Anul 2017, Milioane lei RON, 583
I  HOTELURI SI RESTAURANTE, Total, Prahova, Anul 2018, Milioane lei RON, 692
I  HOTELURI SI RESTAURANTE, Total, Prahova, Anul 2019, Milioane lei RON, 823
I  HOTELURI SI RESTAURANTE, Total, Prahova, Anul 2020, Milioane lei RON, 579
I  HOTELURI SI RESTAURANTE, Total, Prahova, Anul 2021, Milioane lei RON, 802
I  HOTELURI SI RESTAURANTE, Total, Prahova, Anul 2022, Milioane lei RON, 1051
I  HOTELURI SI RESTAURANTE, Total, Prahova, Anul 2023, Milioane lei RON, 1232
I  HOTELURI SI RESTAURANTE, Total, Prahova, Anul 2024, Milioane lei RON, 1256
I  HOTELURI SI RESTAURANTE, Total, Teleorman, Anul 2008, Milioane lei RON, 55
I  HOTELURI SI RESTAURANTE, Total, Teleorman, Anul 2009, Milioane lei RON, 70
I  HOTELURI SI RESTAURANTE, Total, Teleorman, Anul 2010, Milioane lei RON, 72
I  HOTELURI SI RESTAURANTE, Total, Teleorman, Anul 2011, Milioane lei RON, 80
I  HOTELURI SI RESTAURANTE, Total, Teleorman, Anul 2012, Milioane lei RON, 52
I  HOTELURI SI RESTAURANTE, Total, Teleorman, Anul 2013, Milioane lei RON, 45
I  HOTELURI SI RESTAURANTE, Total, Teleorman, Anul 2014, Milioane lei RON, 69
I  HOTELURI SI RESTAURANTE, Total, Teleorman, Anul 2015, Milioane lei RON, 63
I  HOTELURI SI RESTAURANTE, Total, Teleorman, Anul 2016, Milioane lei RON, 82
I  HOTELURI SI RESTAURANTE, Total, Teleorman, Anul 2017, Milioane lei RON, 90
I  HOTELURI SI RESTAURANTE, Total, Teleorman, Anul 2018, Milioane lei RON, 93
I  HOTELURI SI RESTAURANTE, Total, Teleorman, Anul 2019, Milioane lei RON, 108
I  HOTELURI SI RESTAURANTE, Total, Teleorman, Anul 2020, Milioane lei RON, 77
I  HOTELURI SI RESTAURANTE, Total, Teleorman, Anul 2021, Milioane lei RON, 113
I  HOTELURI SI RESTAURANTE, Total, Teleorman, Anul 2022, Milioane lei RON, 150
I  HOTELURI SI RESTAURANTE, Total, Teleorman, Anul 2023, Milioane lei RON, 175
I  HOTELURI SI RESTAURANTE, Total, Teleorman, Anul 2024, Milioane lei RON, 208
I  HOTELURI SI RESTAURANTE, Total, Ilfov, Anul 2008, Milioane lei RON, 345
I  HOTELURI SI RESTAURANTE, Total, Ilfov, Anul 2009, Milioane lei RON, 335
I  HOTELURI SI RESTAURANTE, Total, Ilfov, Anul 2010, Milioane lei RON, 341
I  HOTELURI SI RESTAURANTE, Total, Ilfov, Anul 2011, Milioane lei RON, 288
I  HOTELURI SI RESTAURANTE, Total, Ilfov, Anul 2012, Milioane lei RON, 259
I  HOTELURI SI RESTAURANTE, Total, Ilfov, Anul 2013, Milioane lei RON, 255
I  HOTELURI SI RESTAURANTE, Total, Ilfov, Anul 2014, Milioane lei RON, 332
I  HOTELURI SI RESTAURANTE, Total, Ilfov, Anul 2015, Milioane lei RON, 433
I  HOTELURI SI RESTAURANTE, Total, Ilfov, Anul 2016, Milioane lei RON, 544
I  HOTELURI SI RESTAURANTE, Total, Ilfov, Anul 2017, Milioane lei RON, 727
I  HOTELURI SI RESTAURANTE, Total, Ilfov, Anul 2018, Milioane lei RON, 782
I  HOTELURI SI RESTAURANTE, Total, Ilfov, Anul 2019, Milioane lei RON, 1047
I  HOTELURI SI RESTAURANTE, Total, Ilfov, Anul 2020, Milioane lei RON, 689
I  HOTELURI SI RESTAURANTE, Total, Ilfov, Anul 2021, Milioane lei RON, 999
I  HOTELURI SI RESTAURANTE, Total, Ilfov, Anul 2022, Milioane lei RON, 1523
I  HOTELURI SI RESTAURANTE, Total, Ilfov, Anul 2023, Milioane lei RON, 1690
I  HOTELURI SI RESTAURANTE, Total, Ilfov, Anul 2024, Milioane lei RON, 2081
I  HOTELURI SI RESTAURANTE, Total, Municipiul Bucuresti, Anul 2008, Milioane lei RON, 2963
I  HOTELURI SI RESTAURANTE, Total, Municipiul Bucuresti, Anul 2009, Milioane lei RON, 2847
I  HOTELURI SI RESTAURANTE, Total, Municipiul Bucuresti, Anul 2010, Milioane lei RON, 2721
I  HOTELURI SI RESTAURANTE, Total, Municipiul Bucuresti, Anul 2011, Milioane lei RON, 2878
I  HOTELURI SI RESTAURANTE, Total, Municipiul Bucuresti, Anul 2012, Milioane lei RON, 3074
I  HOTELURI SI RESTAURANTE, Total, Municipiul Bucuresti, Anul 2013, Milioane lei RON, 3264
I  HOTELURI SI RESTAURANTE, Total, Municipiul Bucuresti, Anul 2014, Milioane lei RON, 3712
I  HOTELURI SI RESTAURANTE, Total, Municipiul Bucuresti, Anul 2015, Milioane lei RON, 4517
I  HOTELURI SI RESTAURANTE, Total, Municipiul Bucuresti, Anul 2016, Milioane lei RON, 5624
I  HOTELURI SI RESTAURANTE, Total, Municipiul Bucuresti, Anul 2017, Milioane lei RON, 5758
I  HOTELURI SI RESTAURANTE, Total, Municipiul Bucuresti, Anul 2018, Milioane lei RON, 6779
I  HOTELURI SI RESTAURANTE, Total, Municipiul Bucuresti, Anul 2019, Milioane lei RON, 7865
I  HOTELURI SI RESTAURANTE, Total, Municipiul Bucuresti, Anul 2020, Milioane lei RON, 5076
I  HOTELURI SI RESTAURANTE, Total, Municipiul Bucuresti, Anul 2021, Milioane lei RON, 7143
I  HOTELURI SI RESTAURANTE, Total, Municipiul Bucuresti, Anul 2022, Milioane lei RON, 10079
I  HOTELURI SI RESTAURANTE, Total, Municipiul Bucuresti, Anul 2023, Milioane lei RON, 12044
I  HOTELURI SI RESTAURANTE, Total, Municipiul Bucuresti, Anul 2024, Milioane lei RON, 13331
I  HOTELURI SI RESTAURANTE, Total, Dolj, Anul 2008, Milioane lei RON, 185
I  HOTELURI SI RESTAURANTE, Total, Dolj, Anul 2009, Milioane lei RON, 167
I  HOTELURI SI RESTAURANTE, Total, Dolj, Anul 2010, Milioane lei RON, 170
I  HOTELURI SI RESTAURANTE, Total, Dolj, Anul 2011, Milioane lei RON, 185
I  HOTELURI SI RESTAURANTE, Total, Dolj, Anul 2012, Milioane lei RON, 195
I  HOTELURI SI RESTAURANTE, Total, Dolj, Anul 2013, Milioane lei RON, 188
I  HOTELURI SI RESTAURANTE, Total, Dolj, Anul 2014, Milioane lei RON, 194
I  HOTELURI SI RESTAURANTE, Total, Dolj, Anul 2015, Milioane lei RON, 240
I  HOTELURI SI RESTAURANTE, Total, Dolj, Anul 2016, Milioane lei RON, 285
I  HOTELURI SI RESTAURANTE, Total, Dolj, Anul 2017, Milioane lei RON, 368
I  HOTELURI SI RESTAURANTE, Total, Dolj, Anul 2018, Milioane lei RON, 435
I  HOTELURI SI RESTAURANTE, Total, Dolj, Anul 2019, Milioane lei RON, 518
I  HOTELURI SI RESTAURANTE, Total, Dolj, Anul 2020, Milioane lei RON, 376
I  HOTELURI SI RESTAURANTE, Total, Dolj, Anul 2021, Milioane lei RON, 506
I  HOTELURI SI RESTAURANTE, Total, Dolj, Anul 2022, Milioane lei RON, 699
I  HOTELURI SI RESTAURANTE, Total, Dolj, Anul 2023, Milioane lei RON, 804
I  HOTELURI SI RESTAURANTE, Total, Dolj, Anul 2024, Milioane lei RON, 926
I  HOTELURI SI RESTAURANTE, Total, Gorj, Anul 2008, Milioane lei RON, 125
I  HOTELURI SI RESTAURANTE, Total, Gorj, Anul 2009, Milioane lei RON, 102
I  HOTELURI SI RESTAURANTE, Total, Gorj, Anul 2010, Milioane lei RON, 107
I  HOTELURI SI RESTAURANTE, Total, Gorj, Anul 2011, Milioane lei RON, 128
I  HOTELURI SI RESTAURANTE, Total, Gorj, Anul 2012, Milioane lei RON, 135
I  HOTELURI SI RESTAURANTE, Total, Gorj, Anul 2013, Milioane lei RON, 108
I  HOTELURI SI RESTAURANTE, Total, Gorj, Anul 2014, Milioane lei RON, 101
I  HOTELURI SI RESTAURANTE, Total, Gorj, Anul 2015, Milioane lei RON, 115
I  HOTELURI SI RESTAURANTE, Total, Gorj, Anul 2016, Milioane lei RON, 130
I  HOTELURI SI RESTAURANTE, Total, Gorj, Anul 2017, Milioane lei RON, 135
I  HOTELURI SI RESTAURANTE, Total, Gorj, Anul 2018, Milioane lei RON, 162
I  HOTELURI SI RESTAURANTE, Total, Gorj, Anul 2019, Milioane lei RON, 183
I  HOTELURI SI RESTAURANTE, Total, Gorj, Anul 2020, Milioane lei RON, 147
I  HOTELURI SI RESTAURANTE, Total, Gorj, Anul 2021, Milioane lei RON, 199
I  HOTELURI SI RESTAURANTE, Total, Gorj, Anul 2022, Milioane lei RON, 312
I  HOTELURI SI RESTAURANTE, Total, Gorj, Anul 2023, Milioane lei RON, 352
I  HOTELURI SI RESTAURANTE, Total, Gorj, Anul 2024, Milioane lei RON, 369
I  HOTELURI SI RESTAURANTE, Total, Mehedinti, Anul 2008, Milioane lei RON, 60
I  HOTELURI SI RESTAURANTE, Total, Mehedinti, Anul 2009, Milioane lei RON, 51
I  HOTELURI SI RESTAURANTE, Total, Mehedinti, Anul 2010, Milioane lei RON, 46
I  HOTELURI SI RESTAURANTE, Total, Mehedinti, Anul 2011, Milioane lei RON, 50
I  HOTELURI SI RESTAURANTE, Total, Mehedinti, Anul 2012, Milioane lei RON, 51
I  HOTELURI SI RESTAURANTE, Total, Mehedinti, Anul 2013, Milioane lei RON, 50
I  HOTELURI SI RESTAURANTE, Total, Mehedinti, Anul 2014, Milioane lei RON, 51
I  HOTELURI SI RESTAURANTE, Total, Mehedinti, Anul 2015, Milioane lei RON, 62
I  HOTELURI SI RESTAURANTE, Total, Mehedinti, Anul 2016, Milioane lei RON, 70
I  HOTELURI SI RESTAURANTE, Total, Mehedinti, Anul 2017, Milioane lei RON, 81
I  HOTELURI SI RESTAURANTE, Total, Mehedinti, Anul 2018, Milioane lei RON, 105
I  HOTELURI SI RESTAURANTE, Total, Mehedinti, Anul 2019, Milioane lei RON, 129
I  HOTELURI SI RESTAURANTE, Total, Mehedinti, Anul 2020, Milioane lei RON, 98
I  HOTELURI SI RESTAURANTE, Total, Mehedinti, Anul 2021, Milioane lei RON, 136
I  HOTELURI SI RESTAURANTE, Total, Mehedinti, Anul 2022, Milioane lei RON, 182
I  HOTELURI SI RESTAURANTE, Total, Mehedinti, Anul 2023, Milioane lei RON, 207
I  HOTELURI SI RESTAURANTE, Total, Mehedinti, Anul 2024, Milioane lei RON, 231
I  HOTELURI SI RESTAURANTE, Total, Olt, Anul 2008, Milioane lei RON, 61
I  HOTELURI SI RESTAURANTE, Total, Olt, Anul 2009, Milioane lei RON, 57
I  HOTELURI SI RESTAURANTE, Total, Olt, Anul 2010, Milioane lei RON, 47
I  HOTELURI SI RESTAURANTE, Total, Olt, Anul 2011, Milioane lei RON, 52
I  HOTELURI SI RESTAURANTE, Total, Olt, Anul 2012, Milioane lei RON, 53
I  HOTELURI SI RESTAURANTE, Total, Olt, Anul 2013, Milioane lei RON, 53
I  HOTELURI SI RESTAURANTE, Total, Olt, Anul 2014, Milioane lei RON, 67
I  HOTELURI SI RESTAURANTE, Total, Olt, Anul 2015, Milioane lei RON, 87
I  HOTELURI SI RESTAURANTE, Total, Olt, Anul 2016, Milioane lei RON, 104
I  HOTELURI SI RESTAURANTE, Total, Olt, Anul 2017, Milioane lei RON, 110
I  HOTELURI SI RESTAURANTE, Total, Olt, Anul 2018, Milioane lei RON, 136
I  HOTELURI SI RESTAURANTE, Total, Olt, Anul 2019, Milioane lei RON, 167
I  HOTELURI SI RESTAURANTE, Total, Olt, Anul 2020, Milioane lei RON, 120
I  HOTELURI SI RESTAURANTE, Total, Olt, Anul 2021, Milioane lei RON, 185
I  HOTELURI SI RESTAURANTE, Total, Olt, Anul 2022, Milioane lei RON, 237
I  HOTELURI SI RESTAURANTE, Total, Olt, Anul 2023, Milioane lei RON, 238
I  HOTELURI SI RESTAURANTE, Total, Olt, Anul 2024, Milioane lei RON, 246
I  HOTELURI SI RESTAURANTE, Total, Valcea, Anul 2008, Milioane lei RON, 274
I  HOTELURI SI RESTAURANTE, Total, Valcea, Anul 2009, Milioane lei RON, 238
I  HOTELURI SI RESTAURANTE, Total, Valcea, Anul 2010, Milioane lei RON, 183
I  HOTELURI SI RESTAURANTE, Total, Valcea, Anul 2011, Milioane lei RON, 233
I  HOTELURI SI RESTAURANTE, Total, Valcea, Anul 2012, Milioane lei RON, 247
I  HOTELURI SI RESTAURANTE, Total, Valcea, Anul 2013, Milioane lei RON, 234
I  HOTELURI SI RESTAURANTE, Total, Valcea, Anul 2014, Milioane lei RON, 252
I  HOTELURI SI RESTAURANTE, Total, Valcea, Anul 2015, Milioane lei RON, 292
I  HOTELURI SI RESTAURANTE, Total, Valcea, Anul 2016, Milioane lei RON, 334
I  HOTELURI SI RESTAURANTE, Total, Valcea, Anul 2017, Milioane lei RON, 381
I  HOTELURI SI RESTAURANTE, Total, Valcea, Anul 2018, Milioane lei RON, 437
I  HOTELURI SI RESTAURANTE, Total, Valcea, Anul 2019, Milioane lei RON, 514
I  HOTELURI SI RESTAURANTE, Total, Valcea, Anul 2020, Milioane lei RON, 356
I  HOTELURI SI RESTAURANTE, Total, Valcea, Anul 2021, Milioane lei RON, 495
I  HOTELURI SI RESTAURANTE, Total, Valcea, Anul 2022, Milioane lei RON, 675
I  HOTELURI SI RESTAURANTE, Total, Valcea, Anul 2023, Milioane lei RON, 733
I  HOTELURI SI RESTAURANTE, Total, Valcea, Anul 2024, Milioane lei RON, 830
I  HOTELURI SI RESTAURANTE, Total, Arad, Anul 2008, Milioane lei RON, 197
I  HOTELURI SI RESTAURANTE, Total, Arad, Anul 2009, Milioane lei RON, 200
I  HOTELURI SI RESTAURANTE, Total, Arad, Anul 2010, Milioane lei RON, 178
I  HOTELURI SI RESTAURANTE, Total, Arad, Anul 2011, Milioane lei RON, 170
I  HOTELURI SI RESTAURANTE, Total, Arad, Anul 2012, Milioane lei RON, 175
I  HOTELURI SI RESTAURANTE, Total, Arad, Anul 2013, Milioane lei RON, 167
I  HOTELURI SI RESTAURANTE, Total, Arad, Anul 2014, Milioane lei RON, 187
I  HOTELURI SI RESTAURANTE, Total, Arad, Anul 2015, Milioane lei RON, 235
I  HOTELURI SI RESTAURANTE, Total, Arad, Anul 2016, Milioane lei RON, 282
I  HOTELURI SI RESTAURANTE, Total, Arad, Anul 2017, Milioane lei RON, 310
I  HOTELURI SI RESTAURANTE, Total, Arad, Anul 2018, Milioane lei RON, 338
I  HOTELURI SI RESTAURANTE, Total, Arad, Anul 2019, Milioane lei RON, 387
I  HOTELURI SI RESTAURANTE, Total, Arad, Anul 2020, Milioane lei RON, 268
I  HOTELURI SI RESTAURANTE, Total, Arad, Anul 2021, Milioane lei RON, 379
I  HOTELURI SI RESTAURANTE, Total, Arad, Anul 2022, Milioane lei RON, 513
I  HOTELURI SI RESTAURANTE, Total, Arad, Anul 2023, Milioane lei RON, 583
I  HOTELURI SI RESTAURANTE, Total, Arad, Anul 2024, Milioane lei RON, 604
I  HOTELURI SI RESTAURANTE, Total, Caras-Severin, Anul 2008, Milioane lei RON, 107
I  HOTELURI SI RESTAURANTE, Total, Caras-Severin, Anul 2009, Milioane lei RON, 96
I  HOTELURI SI RESTAURANTE, Total, Caras-Severin, Anul 2010, Milioane lei RON, 82
I  HOTELURI SI RESTAURANTE, Total, Caras-Severin, Anul 2011, Milioane lei RON, 72
I  HOTELURI SI RESTAURANTE, Total, Caras-Severin, Anul 2012, Milioane lei RON, 76
I  HOTELURI SI RESTAURANTE, Total, Caras-Severin, Anul 2013, Milioane lei RON, 76
I  HOTELURI SI RESTAURANTE, Total, Caras-Severin, Anul 2014, Milioane lei RON, 100
I  HOTELURI SI RESTAURANTE, Total, Caras-Severin, Anul 2015, Milioane lei RON, 124
I  HOTELURI SI RESTAURANTE, Total, Caras-Severin, Anul 2016, Milioane lei RON, 135
I  HOTELURI SI RESTAURANTE, Total, Caras-Severin, Anul 2017, Milioane lei RON, 169
I  HOTELURI SI RESTAURANTE, Total, Caras-Severin, Anul 2018, Milioane lei RON, 200
I  HOTELURI SI RESTAURANTE, Total, Caras-Severin, Anul 2019, Milioane lei RON, 245
I  HOTELURI SI RESTAURANTE, Total, Caras-Severin, Anul 2020, Milioane lei RON, 183
I  HOTELURI SI RESTAURANTE, Total, Caras-Severin, Anul 2021, Milioane lei RON, 265
I  HOTELURI SI RESTAURANTE, Total, Caras-Severin, Anul 2022, Milioane lei RON, 329
I  HOTELURI SI RESTAURANTE, Total, Caras-Severin, Anul 2023, Milioane lei RON, 361
I  HOTELURI SI RESTAURANTE, Total, Caras-Severin, Anul 2024, Milioane lei RON, 393
I  HOTELURI SI RESTAURANTE, Total, Hunedoara, Anul 2008, Milioane lei RON, 227
I  HOTELURI SI RESTAURANTE, Total, Hunedoara, Anul 2009, Milioane lei RON, 187
I  HOTELURI SI RESTAURANTE, Total, Hunedoara, Anul 2010, Milioane lei RON, 166
I  HOTELURI SI RESTAURANTE, Total, Hunedoara, Anul 2011, Milioane lei RON, 175
I  HOTELURI SI RESTAURANTE, Total, Hunedoara, Anul 2012, Milioane lei RON, 173
I  HOTELURI SI RESTAURANTE, Total, Hunedoara, Anul 2013, Milioane lei RON, 181
I  HOTELURI SI RESTAURANTE, Total, Hunedoara, Anul 2014, Milioane lei RON, 208
I  HOTELURI SI RESTAURANTE, Total, Hunedoara, Anul 2015, Milioane lei RON, 285
I  HOTELURI SI RESTAURANTE, Total, Hunedoara, Anul 2016, Milioane lei RON, 267
I  HOTELURI SI RESTAURANTE, Total, Hunedoara, Anul 2017, Milioane lei RON, 286
I  HOTELURI SI RESTAURANTE, Total, Hunedoara, Anul 2018, Milioane lei RON, 321
I  HOTELURI SI RESTAURANTE, Total, Hunedoara, Anul 2019, Milioane lei RON, 412
I  HOTELURI SI RESTAURANTE, Total, Hunedoara, Anul 2020, Milioane lei RON, 279
I  HOTELURI SI RESTAURANTE, Total, Hunedoara, Anul 2021, Milioane lei RON, 389
I  HOTELURI SI RESTAURANTE, Total, Hunedoara, Anul 2022, Milioane lei RON, 503
I  HOTELURI SI RESTAURANTE, Total, Hunedoara, Anul 2023, Milioane lei RON, 577
I  HOTELURI SI RESTAURANTE, Total, Hunedoara, Anul 2024, Milioane lei RON, 624
I  HOTELURI SI RESTAURANTE, Total, Timis, Anul 2008, Milioane lei RON, 396
I  HOTELURI SI RESTAURANTE, Total, Timis, Anul 2009, Milioane lei RON, 363
I  HOTELURI SI RESTAURANTE, Total, Timis, Anul 2010, Milioane lei RON, 343
I  HOTELURI SI RESTAURANTE, Total, Timis, Anul 2011, Milioane lei RON, 392
I  HOTELURI SI RESTAURANTE, Total, Timis, Anul 2012, Milioane lei RON, 433
I  HOTELURI SI RESTAURANTE, Total, Timis, Anul 2013, Milioane lei RON, 452
I  HOTELURI SI RESTAURANTE, Total, Timis, Anul 2014, Milioane lei RON, 474
I  HOTELURI SI RESTAURANTE, Total, Timis, Anul 2015, Milioane lei RON, 637
I  HOTELURI SI RESTAURANTE, Total, Timis, Anul 2016, Milioane lei RON, 755
I  HOTELURI SI RESTAURANTE, Total, Timis, Anul 2017, Milioane lei RON, 885
I  HOTELURI SI RESTAURANTE, Total, Timis, Anul 2018, Milioane lei RON, 997
I  HOTELURI SI RESTAURANTE, Total, Timis, Anul 2019, Milioane lei RON, 1181
I  HOTELURI SI RESTAURANTE, Total, Timis, Anul 2020, Milioane lei RON, 792
I  HOTELURI SI RESTAURANTE, Total, Timis, Anul 2021, Milioane lei RON, 1048
I  HOTELURI SI RESTAURANTE, Total, Timis, Anul 2022, Milioane lei RON, 1548
I  HOTELURI SI RESTAURANTE, Total, Timis, Anul 2023, Milioane lei RON, 1830
I  HOTELURI SI RESTAURANTE, Total, Timis, Anul 2024, Milioane lei RON, 1935
J  INFORMATII SI COMUNICATII, Total, Bihor, Anul 2008, Milioane lei RON, 229
J  INFORMATII SI COMUNICATII, Total, Bihor, Anul 2009, Milioane lei RON, 216
J  INFORMATII SI COMUNICATII, Total, Bihor, Anul 2010, Milioane lei RON, 232
J  INFORMATII SI COMUNICATII, Total, Bihor, Anul 2011, Milioane lei RON, 284
J  INFORMATII SI COMUNICATII, Total, Bihor, Anul 2012, Milioane lei RON, 426
J  INFORMATII SI COMUNICATII, Total, Bihor, Anul 2013, Milioane lei RON, 402
J  INFORMATII SI COMUNICATII, Total, Bihor, Anul 2014, Milioane lei RON, 428
J  INFORMATII SI COMUNICATII, Total, Bihor, Anul 2015, Milioane lei RON, 436
J  INFORMATII SI COMUNICATII, Total, Bihor, Anul 2016, Milioane lei RON, 479
J  INFORMATII SI COMUNICATII, Total, Bihor, Anul 2017, Milioane lei RON, 526
J  INFORMATII SI COMUNICATII, Total, Bihor, Anul 2018, Milioane lei RON, 575
J  INFORMATII SI COMUNICATII, Total, Bihor, Anul 2019, Milioane lei RON, 996
J  INFORMATII SI COMUNICATII, Total, Bihor, Anul 2020, Milioane lei RON, 1237
J  INFORMATII SI COMUNICATII, Total, Bihor, Anul 2021, Milioane lei RON, 1348
J  INFORMATII SI COMUNICATII, Total, Bihor, Anul 2022, Milioane lei RON, 1202
J  INFORMATII SI COMUNICATII, Total, Bihor, Anul 2023, Milioane lei RON, 1068
J  INFORMATII SI COMUNICATII, Total, Bihor, Anul 2024, Milioane lei RON, 1246
J  INFORMATII SI COMUNICATII, Total, Bistrita-Nasaud, Anul 2008, Milioane lei RON, 50
J  INFORMATII SI COMUNICATII, Total, Bistrita-Nasaud, Anul 2009, Milioane lei RON, 55
J  INFORMATII SI COMUNICATII, Total, Bistrita-Nasaud, Anul 2010, Milioane lei RON, 50
J  INFORMATII SI COMUNICATII, Total, Bistrita-Nasaud, Anul 2011, Milioane lei RON, 53
J  INFORMATII SI COMUNICATII, Total, Bistrita-Nasaud, Anul 2012, Milioane lei RON, 103
J  INFORMATII SI COMUNICATII, Total, Bistrita-Nasaud, Anul 2013, Milioane lei RON, 102
J  INFORMATII SI COMUNICATII, Total, Bistrita-Nasaud, Anul 2014, Milioane lei RON, 89
J  INFORMATII SI COMUNICATII, Total, Bistrita-Nasaud, Anul 2015, Milioane lei RON, 76
J  INFORMATII SI COMUNICATII, Total, Bistrita-Nasaud, Anul 2016, Milioane lei RON, 77
J  INFORMATII SI COMUNICATII, Total, Bistrita-Nasaud, Anul 2017, Milioane lei RON, 87
J  INFORMATII SI COMUNICATII, Total, Bistrita-Nasaud, Anul 2018, Milioane lei RON, 101
J  INFORMATII SI COMUNICATII, Total, Bistrita-Nasaud, Anul 2019, Milioane lei RON, 115
J  INFORMATII SI COMUNICATII, Total, Bistrita-Nasaud, Anul 2020, Milioane lei RON, 108
J  INFORMATII SI COMUNICATII, Total, Bistrita-Nasaud, Anul 2021, Milioane lei RON, 130
J  INFORMATII SI COMUNICATII, Total, Bistrita-Nasaud, Anul 2022, Milioane lei RON, 128
J  INFORMATII SI COMUNICATII, Total, Bistrita-Nasaud, Anul 2023, Milioane lei RON, 154
J  INFORMATII SI COMUNICATII, Total, Bistrita-Nasaud, Anul 2024, Milioane lei RON, 175
J  INFORMATII SI COMUNICATII, Total, Cluj, Anul 2008, Milioane lei RON, 1234
J  INFORMATII SI COMUNICATII, Total, Cluj, Anul 2009, Milioane lei RON, 1141
J  INFORMATII SI COMUNICATII, Total, Cluj, Anul 2010, Milioane lei RON, 1204
J  INFORMATII SI COMUNICATII, Total, Cluj, Anul 2011, Milioane lei RON, 1309
J  INFORMATII SI COMUNICATII, Total, Cluj, Anul 2012, Milioane lei RON, 1739
J  INFORMATII SI COMUNICATII, Total, Cluj, Anul 2013, Milioane lei RON, 1976
J  INFORMATII SI COMUNICATII, Total, Cluj, Anul 2014, Milioane lei RON, 2664
J  INFORMATII SI COMUNICATII, Total, Cluj, Anul 2015, Milioane lei RON, 3113
J  INFORMATII SI COMUNICATII, Total, Cluj, Anul 2016, Milioane lei RON, 3678
J  INFORMATII SI COMUNICATII, Total, Cluj, Anul 2017, Milioane lei RON, 4410
J  INFORMATII SI COMUNICATII, Total, Cluj, Anul 2018, Milioane lei RON, 5597
J  INFORMATII SI COMUNICATII, Total, Cluj, Anul 2019, Milioane lei RON, 6325
J  INFORMATII SI COMUNICATII, Total, Cluj, Anul 2020, Milioane lei RON, 7055
J  INFORMATII SI COMUNICATII, Total, Cluj, Anul 2021, Milioane lei RON, 8922
J  INFORMATII SI COMUNICATII, Total, Cluj, Anul 2022, Milioane lei RON, 11862
J  INFORMATII SI COMUNICATII, Total, Cluj, Anul 2023, Milioane lei RON, 13461
J  INFORMATII SI COMUNICATII, Total, Cluj, Anul 2024, Milioane lei RON, 13140
J  INFORMATII SI COMUNICATII, Total, Maramures, Anul 2008, Milioane lei RON, 157
J  INFORMATII SI COMUNICATII, Total, Maramures, Anul 2009, Milioane lei RON, 141
J  INFORMATII SI COMUNICATII, Total, Maramures, Anul 2010, Milioane lei RON, 126
J  INFORMATII SI COMUNICATII, Total, Maramures, Anul 2011, Milioane lei RON, 223
J  INFORMATII SI COMUNICATII, Total, Maramures, Anul 2012, Milioane lei RON, 246
J  INFORMATII SI COMUNICATII, Total, Maramures, Anul 2013, Milioane lei RON, 172
J  INFORMATII SI COMUNICATII, Total, Maramures, Anul 2014, Milioane lei RON, 199
J  INFORMATII SI COMUNICATII, Total, Maramures, Anul 2015, Milioane lei RON, 224
J  INFORMATII SI COMUNICATII, Total, Maramures, Anul 2016, Milioane lei RON, 211
J  INFORMATII SI COMUNICATII, Total, Maramures, Anul 2017, Milioane lei RON, 245
J  INFORMATII SI COMUNICATII, Total, Maramures, Anul 2018, Milioane lei RON, 326
J  INFORMATII SI COMUNICATII, Total, Maramures, Anul 2019, Milioane lei RON, 354
J  INFORMATII SI COMUNICATII, Total, Maramures, Anul 2020, Milioane lei RON, 340
J  INFORMATII SI COMUNICATII, Total, Maramures, Anul 2021, Milioane lei RON, 376
J  INFORMATII SI COMUNICATII, Total, Maramures, Anul 2022, Milioane lei RON, 356
J  INFORMATII SI COMUNICATII, Total, Maramures, Anul 2023, Milioane lei RON, 443
J  INFORMATII SI COMUNICATII, Total, Maramures, Anul 2024, Milioane lei RON, 491
J  INFORMATII SI COMUNICATII, Total, Satu Mare, Anul 2008, Milioane lei RON, 87
J  INFORMATII SI COMUNICATII, Total, Satu Mare, Anul 2009, Milioane lei RON, 76
J  INFORMATII SI COMUNICATII, Total, Satu Mare, Anul 2010, Milioane lei RON, 78
J  INFORMATII SI COMUNICATII, Total, Satu Mare, Anul 2011, Milioane lei RON, 91
J  INFORMATII SI COMUNICATII, Total, Satu Mare, Anul 2012, Milioane lei RON, 178
J  INFORMATII SI COMUNICATII, Total, Satu Mare, Anul 2013, Milioane lei RON, 124
J  INFORMATII SI COMUNICATII, Total, Satu Mare, Anul 2014, Milioane lei RON, 142
J  INFORMATII SI COMUNICATII, Total, Satu Mare, Anul 2015, Milioane lei RON, 138
J  INFORMATII SI COMUNICATII, Total, Satu Mare, Anul 2016, Milioane lei RON, 146
J  INFORMATII SI COMUNICATII, Total, Satu Mare, Anul 2017, Milioane lei RON, 145
J  INFORMATII SI COMUNICATII, Total, Satu Mare, Anul 2018, Milioane lei RON, 162
J  INFORMATII SI COMUNICATII, Total, Satu Mare, Anul 2019, Milioane lei RON, 176
J  INFORMATII SI COMUNICATII, Total, Satu Mare, Anul 2020, Milioane lei RON, 173
J  INFORMATII SI COMUNICATII, Total, Satu Mare, Anul 2021, Milioane lei RON, 161
J  INFORMATII SI COMUNICATII, Total, Satu Mare, Anul 2022, Milioane lei RON, 206
J  INFORMATII SI COMUNICATII, Total, Satu Mare, Anul 2023, Milioane lei RON, 216
J  INFORMATII SI COMUNICATII, Total, Satu Mare, Anul 2024, Milioane lei RON, 264
J  INFORMATII SI COMUNICATII, Total, Salaj, Anul 2008, Milioane lei RON, 41
J  INFORMATII SI COMUNICATII, Total, Salaj, Anul 2009, Milioane lei RON, 45
J  INFORMATII SI COMUNICATII, Total, Salaj, Anul 2010, Milioane lei RON, 41
J  INFORMATII SI COMUNICATII, Total, Salaj, Anul 2011, Milioane lei RON, 41
J  INFORMATII SI COMUNICATII, Total, Salaj, Anul 2012, Milioane lei RON, 64
J  INFORMATII SI COMUNICATII, Total, Salaj, Anul 2013, Milioane lei RON, 52
J  INFORMATII SI COMUNICATII, Total, Salaj, Anul 2014, Milioane lei RON, 90
J  INFORMATII SI COMUNICATII, Total, Salaj, Anul 2015, Milioane lei RON, 52
J  INFORMATII SI COMUNICATII, Total, Salaj, Anul 2016, Milioane lei RON, 65
J  INFORMATII SI COMUNICATII, Total, Salaj, Anul 2017, Milioane lei RON, 80
J  INFORMATII SI COMUNICATII, Total, Salaj, Anul 2018, Milioane lei RON, 91
J  INFORMATII SI COMUNICATII, Total, Salaj, Anul 2019, Milioane lei RON, 90
J  INFORMATII SI COMUNICATII, Total, Salaj, Anul 2020, Milioane lei RON, 83
J  INFORMATII SI COMUNICATII, Total, Salaj, Anul 2021, Milioane lei RON, 78
J  INFORMATII SI COMUNICATII, Total, Salaj, Anul 2022, Milioane lei RON, 108
J  INFORMATII SI COMUNICATII, Total, Salaj, Anul 2023, Milioane lei RON, 254
J  INFORMATII SI COMUNICATII, Total, Salaj, Anul 2024, Milioane lei RON, 291
J  INFORMATII SI COMUNICATII, Total, Alba, Anul 2008, Milioane lei RON, 90
J  INFORMATII SI COMUNICATII, Total, Alba, Anul 2009, Milioane lei RON, 96
J  INFORMATII SI COMUNICATII, Total, Alba, Anul 2010, Milioane lei RON, 194
J  INFORMATII SI COMUNICATII, Total, Alba, Anul 2011, Milioane lei RON, 83
J  INFORMATII SI COMUNICATII, Total, Alba, Anul 2012, Milioane lei RON, 151
J  INFORMATII SI COMUNICATII, Total, Alba, Anul 2013, Milioane lei RON, 135
J  INFORMATII SI COMUNICATII, Total, Alba, Anul 2014, Milioane lei RON, 195
J  INFORMATII SI COMUNICATII, Total, Alba, Anul 2015, Milioane lei RON, 109
J  INFORMATII SI COMUNICATII, Total, Alba, Anul 2016, Milioane lei RON, 108
J  INFORMATII SI COMUNICATII, Total, Alba, Anul 2017, Milioane lei RON, 118
J  INFORMATII SI COMUNICATII, Total, Alba, Anul 2018, Milioane lei RON, 139
J  INFORMATII SI COMUNICATII, Total, Alba, Anul 2019, Milioane lei RON, 145
J  INFORMATII SI COMUNICATII, Total, Alba, Anul 2020, Milioane lei RON, 149
J  INFORMATII SI COMUNICATII, Total, Alba, Anul 2021, Milioane lei RON, 172
J  INFORMATII SI COMUNICATII, Total, Alba, Anul 2022, Milioane lei RON, 180
J  INFORMATII SI COMUNICATII, Total, Alba, Anul 2023, Milioane lei RON, 218
J  INFORMATII SI COMUNICATII, Total, Alba, Anul 2024, Milioane lei RON, 267
J  INFORMATII SI COMUNICATII, Total, Brasov, Anul 2008, Milioane lei RON, 533
J  INFORMATII SI COMUNICATII, Total, Brasov, Anul 2009, Milioane lei RON, 616
J  INFORMATII SI COMUNICATII, Total, Brasov, Anul 2010, Milioane lei RON, 599
J  INFORMATII SI COMUNICATII, Total, Brasov, Anul 2011, Milioane lei RON, 610
J  INFORMATII SI COMUNICATII, Total, Brasov, Anul 2012, Milioane lei RON, 942
J  INFORMATII SI COMUNICATII, Total, Brasov, Anul 2013, Milioane lei RON, 917
J  INFORMATII SI COMUNICATII, Total, Brasov, Anul 2014, Milioane lei RON, 984
J  INFORMATII SI COMUNICATII, Total, Brasov, Anul 2015, Milioane lei RON, 1135
J  INFORMATII SI COMUNICATII, Total, Brasov, Anul 2016, Milioane lei RON, 1158
J  INFORMATII SI COMUNICATII, Total, Brasov, Anul 2017, Milioane lei RON, 1367
J  INFORMATII SI COMUNICATII, Total, Brasov, Anul 2018, Milioane lei RON, 1893
J  INFORMATII SI COMUNICATII, Total, Brasov, Anul 2019, Milioane lei RON, 1933
J  INFORMATII SI COMUNICATII, Total, Brasov, Anul 2020, Milioane lei RON, 2026
J  INFORMATII SI COMUNICATII, Total, Brasov, Anul 2021, Milioane lei RON, 2258
J  INFORMATII SI COMUNICATII, Total, Brasov, Anul 2022, Milioane lei RON, 2542
J  INFORMATII SI COMUNICATII, Total, Brasov, Anul 2023, Milioane lei RON, 2530
J  INFORMATII SI COMUNICATII, Total, Brasov, Anul 2024, Milioane lei RON, 2681
J  INFORMATII SI COMUNICATII, Total, Covasna, Anul 2008, Milioane lei RON, 127
J  INFORMATII SI COMUNICATII, Total, Covasna, Anul 2009, Milioane lei RON, 135
J  INFORMATII SI COMUNICATII, Total, Covasna, Anul 2010, Milioane lei RON, 121
J  INFORMATII SI COMUNICATII, Total, Covasna, Anul 2011, Milioane lei RON, 125
J  INFORMATII SI COMUNICATII, Total, Covasna, Anul 2012, Milioane lei RON, 161
J  INFORMATII SI COMUNICATII, Total, Covasna, Anul 2013, Milioane lei RON, 155
J  INFORMATII SI COMUNICATII, Total, Covasna, Anul 2014, Milioane lei RON, 141
J  INFORMATII SI COMUNICATII, Total, Covasna, Anul 2015, Milioane lei RON, 151
J  INFORMATII SI COMUNICATII, Total, Covasna, Anul 2016, Milioane lei RON, 134
J  INFORMATII SI COMUNICATII, Total, Covasna, Anul 2017, Milioane lei RON, 135
J  INFORMATII SI COMUNICATII, Total, Covasna, Anul 2018, Milioane lei RON, 165
J  INFORMATII SI COMUNICATII, Total, Covasna, Anul 2019, Milioane lei RON, 170
J  INFORMATII SI COMUNICATII, Total, Covasna, Anul 2020, Milioane lei RON, 182
J  INFORMATII SI COMUNICATII, Total, Covasna, Anul 2021, Milioane lei RON, 192
J  INFORMATII SI COMUNICATII, Total, Covasna, Anul 2022, Milioane lei RON, 224
J  INFORMATII SI COMUNICATII, Total, Covasna, Anul 2023, Milioane lei RON, 277
J  INFORMATII SI COMUNICATII, Total, Covasna, Anul 2024, Milioane lei RON, 301
J  INFORMATII SI COMUNICATII, Total, Harghita, Anul 2008, Milioane lei RON, 103
J  INFORMATII SI COMUNICATII, Total, Harghita, Anul 2009, Milioane lei RON, 93
J  INFORMATII SI COMUNICATII, Total, Harghita, Anul 2010, Milioane lei RON, 85
J  INFORMATII SI COMUNICATII, Total, Harghita, Anul 2011, Milioane lei RON, 85
J  INFORMATII SI COMUNICATII, Total, Harghita, Anul 2012, Milioane lei RON, 118
J  INFORMATII SI COMUNICATII, Total, Harghita, Anul 2013, Milioane lei RON, 112
J  INFORMATII SI COMUNICATII, Total, Harghita, Anul 2014, Milioane lei RON, 115
J  INFORMATII SI COMUNICATII, Total, Harghita, Anul 2015, Milioane lei RON, 111
J  INFORMATII SI COMUNICATII, Total, Harghita, Anul 2016, Milioane lei RON, 109
J  INFORMATII SI COMUNICATII, Total, Harghita, Anul 2017, Milioane lei RON, 124
J  INFORMATII SI COMUNICATII, Total, Harghita, Anul 2018, Milioane lei RON, 159
J  INFORMATII SI COMUNICATII, Total, Harghita, Anul 2019, Milioane lei RON, 143
J  INFORMATII SI COMUNICATII, Total, Harghita, Anul 2020, Milioane lei RON, 142
J  INFORMATII SI COMUNICATII, Total, Harghita, Anul 2021, Milioane lei RON, 166
J  INFORMATII SI COMUNICATII, Total, Harghita, Anul 2022, Milioane lei RON, 205
J  INFORMATII SI COMUNICATII, Total, Harghita, Anul 2023, Milioane lei RON, 229
J  INFORMATII SI COMUNICATII, Total, Harghita, Anul 2024, Milioane lei RON, 256
J  INFORMATII SI COMUNICATII, Total, Mures, Anul 2008, Milioane lei RON, 231
J  INFORMATII SI COMUNICATII, Total, Mures, Anul 2009, Milioane lei RON, 227
J  INFORMATII SI COMUNICATII, Total, Mures, Anul 2010, Milioane lei RON, 232
J  INFORMATII SI COMUNICATII, Total, Mures, Anul 2011, Milioane lei RON, 242
J  INFORMATII SI COMUNICATII, Total, Mures, Anul 2012, Milioane lei RON, 343
J  INFORMATII SI COMUNICATII, Total, Mures, Anul 2013, Milioane lei RON, 339
J  INFORMATII SI COMUNICATII, Total, Mures, Anul 2014, Milioane lei RON, 331
J  INFORMATII SI COMUNICATII, Total, Mures, Anul 2015, Milioane lei RON, 376
J  INFORMATII SI COMUNICATII, Total, Mures, Anul 2016, Milioane lei RON, 374
J  INFORMATII SI COMUNICATII, Total, Mures, Anul 2017, Milioane lei RON, 421
J  INFORMATII SI COMUNICATII, Total, Mures, Anul 2018, Milioane lei RON, 529
J  INFORMATII SI COMUNICATII, Total, Mures, Anul 2019, Milioane lei RON, 535
J  INFORMATII SI COMUNICATII, Total, Mures, Anul 2020, Milioane lei RON, 545
J  INFORMATII SI COMUNICATII, Total, Mures, Anul 2021, Milioane lei RON, 653
J  INFORMATII SI COMUNICATII, Total, Mures, Anul 2022, Milioane lei RON, 854
J  INFORMATII SI COMUNICATII, Total, Mures, Anul 2023, Milioane lei RON, 938
J  INFORMATII SI COMUNICATII, Total, Mures, Anul 2024, Milioane lei RON, 1019
J  INFORMATII SI COMUNICATII, Total, Sibiu, Anul 2008, Milioane lei RON, 239
J  INFORMATII SI COMUNICATII, Total, Sibiu, Anul 2009, Milioane lei RON, 244
J  INFORMATII SI COMUNICATII, Total, Sibiu, Anul 2010, Milioane lei RON, 289
J  INFORMATII SI COMUNICATII, Total, Sibiu, Anul 2011, Milioane lei RON, 298
J  INFORMATII SI COMUNICATII, Total, Sibiu, Anul 2012, Milioane lei RON, 429
J  INFORMATII SI COMUNICATII, Total, Sibiu, Anul 2013, Milioane lei RON, 425
J  INFORMATII SI COMUNICATII, Total, Sibiu, Anul 2014, Milioane lei RON, 502
J  INFORMATII SI COMUNICATII, Total, Sibiu, Anul 2015, Milioane lei RON, 482
J  INFORMATII SI COMUNICATII, Total, Sibiu, Anul 2016, Milioane lei RON, 467
J  INFORMATII SI COMUNICATII, Total, Sibiu, Anul 2017, Milioane lei RON, 547
J  INFORMATII SI COMUNICATII, Total, Sibiu, Anul 2018, Milioane lei RON, 626
J  INFORMATII SI COMUNICATII, Total, Sibiu, Anul 2019, Milioane lei RON, 788
J  INFORMATII SI COMUNICATII, Total, Sibiu, Anul 2020, Milioane lei RON, 782
J  INFORMATII SI COMUNICATII, Total, Sibiu, Anul 2021, Milioane lei RON, 924
J  INFORMATII SI COMUNICATII, Total, Sibiu, Anul 2022, Milioane lei RON, 1229
J  INFORMATII SI COMUNICATII, Total, Sibiu, Anul 2023, Milioane lei RON, 1465
J  INFORMATII SI COMUNICATII, Total, Sibiu, Anul 2024, Milioane lei RON, 1612
J  INFORMATII SI COMUNICATII, Total, Bacau, Anul 2008, Milioane lei RON, 189
J  INFORMATII SI COMUNICATII, Total, Bacau, Anul 2009, Milioane lei RON, 241
J  INFORMATII SI COMUNICATII, Total, Bacau, Anul 2010, Milioane lei RON, 228
J  INFORMATII SI COMUNICATII, Total, Bacau, Anul 2011, Milioane lei RON, 221
J  INFORMATII SI COMUNICATII, Total, Bacau, Anul 2012, Milioane lei RON, 331
J  INFORMATII SI COMUNICATII, Total, Bacau, Anul 2013, Milioane lei RON, 296
J  INFORMATII SI COMUNICATII, Total, Bacau, Anul 2014, Milioane lei RON, 275
J  INFORMATII SI COMUNICATII, Total, Bacau, Anul 2015, Milioane lei RON, 341
J  INFORMATII SI COMUNICATII, Total, Bacau, Anul 2016, Milioane lei RON, 364
J  INFORMATII SI COMUNICATII, Total, Bacau, Anul 2017, Milioane lei RON, 317
J  INFORMATII SI COMUNICATII, Total, Bacau, Anul 2018, Milioane lei RON, 396
J  INFORMATII SI COMUNICATII, Total, Bacau, Anul 2019, Milioane lei RON, 390
J  INFORMATII SI COMUNICATII, Total, Bacau, Anul 2020, Milioane lei RON, 404
J  INFORMATII SI COMUNICATII, Total, Bacau, Anul 2021, Milioane lei RON, 391
J  INFORMATII SI COMUNICATII, Total, Bacau, Anul 2022, Milioane lei RON, 452
J  INFORMATII SI COMUNICATII, Total, Bacau, Anul 2023, Milioane lei RON, 526
J  INFORMATII SI COMUNICATII, Total, Bacau, Anul 2024, Milioane lei RON, 508
J  INFORMATII SI COMUNICATII, Total, Botosani, Anul 2008, Milioane lei RON, 65
J  INFORMATII SI COMUNICATII, Total, Botosani, Anul 2009, Milioane lei RON, 75
J  INFORMATII SI COMUNICATII, Total, Botosani, Anul 2010, Milioane lei RON, 75
J  INFORMATII SI COMUNICATII, Total, Botosani, Anul 2011, Milioane lei RON, 75
J  INFORMATII SI COMUNICATII, Total, Botosani, Anul 2012, Milioane lei RON, 90
J  INFORMATII SI COMUNICATII, Total, Botosani, Anul 2013, Milioane lei RON, 86
J  INFORMATII SI COMUNICATII, Total, Botosani, Anul 2014, Milioane lei RON, 92
J  INFORMATII SI COMUNICATII, Total, Botosani, Anul 2015, Milioane lei RON, 103
J  INFORMATII SI COMUNICATII, Total, Botosani, Anul 2016, Milioane lei RON, 101
J  INFORMATII SI COMUNICATII, Total, Botosani, Anul 2017, Milioane lei RON, 106
J  INFORMATII SI COMUNICATII, Total, Botosani, Anul 2018, Milioane lei RON, 133
J  INFORMATII SI COMUNICATII, Total, Botosani, Anul 2019, Milioane lei RON, 142
J  INFORMATII SI COMUNICATII, Total, Botosani, Anul 2020, Milioane lei RON, 166
J  INFORMATII SI COMUNICATII, Total, Botosani, Anul 2021, Milioane lei RON, 179
J  INFORMATII SI COMUNICATII, Total, Botosani, Anul 2022, Milioane lei RON, 272
J  INFORMATII SI COMUNICATII, Total, Botosani, Anul 2023, Milioane lei RON, 337
J  INFORMATII SI COMUNICATII, Total, Botosani, Anul 2024, Milioane lei RON, 314
J  INFORMATII SI COMUNICATII, Total, Iasi, Anul 2008, Milioane lei RON, 626
J  INFORMATII SI COMUNICATII, Total, Iasi, Anul 2009, Milioane lei RON, 529
J  INFORMATII SI COMUNICATII, Total, Iasi, Anul 2010, Milioane lei RON, 624
J  INFORMATII SI COMUNICATII, Total, Iasi, Anul 2011, Milioane lei RON, 633
J  INFORMATII SI COMUNICATII, Total, Iasi, Anul 2012, Milioane lei RON, 774
J  INFORMATII SI COMUNICATII, Total, Iasi, Anul 2013, Milioane lei RON, 883
J  INFORMATII SI COMUNICATII, Total, Iasi, Anul 2014, Milioane lei RON, 1278
J  INFORMATII SI COMUNICATII, Total, Iasi, Anul 2015, Milioane lei RON, 1297
J  INFORMATII SI COMUNICATII, Total, Iasi, Anul 2016, Milioane lei RON, 1369
J  INFORMATII SI COMUNICATII, Total, Iasi, Anul 2017, Milioane lei RON, 1645
J  INFORMATII SI COMUNICATII, Total, Iasi, Anul 2018, Milioane lei RON, 2089
J  INFORMATII SI COMUNICATII, Total, Iasi, Anul 2019, Milioane lei RON, 2467
J  INFORMATII SI COMUNICATII, Total, Iasi, Anul 2020, Milioane lei RON, 2859
J  INFORMATII SI COMUNICATII, Total, Iasi, Anul 2021, Milioane lei RON, 3004
J  INFORMATII SI COMUNICATII, Total, Iasi, Anul 2022, Milioane lei RON, 4015
J  INFORMATII SI COMUNICATII, Total, Iasi, Anul 2023, Milioane lei RON, 4425
J  INFORMATII SI COMUNICATII, Total, Iasi, Anul 2024, Milioane lei RON, 4634
J  INFORMATII SI COMUNICATII, Total, Neamt, Anul 2008, Milioane lei RON, 159
J  INFORMATII SI COMUNICATII, Total, Neamt, Anul 2009, Milioane lei RON, 141
J  INFORMATII SI COMUNICATII, Total, Neamt, Anul 2010, Milioane lei RON, 129
J  INFORMATII SI COMUNICATII, Total, Neamt, Anul 2011, Milioane lei RON, 131
J  INFORMATII SI COMUNICATII, Total, Neamt, Anul 2012, Milioane lei RON, 160
J  INFORMATII SI COMUNICATII, Total, Neamt, Anul 2013, Milioane lei RON, 132
J  INFORMATII SI COMUNICATII, Total, Neamt, Anul 2014, Milioane lei RON, 148
J  INFORMATII SI COMUNICATII, Total, Neamt, Anul 2015, Milioane lei RON, 149
J  INFORMATII SI COMUNICATII, Total, Neamt, Anul 2016, Milioane lei RON, 155
J  INFORMATII SI COMUNICATII, Total, Neamt, Anul 2017, Milioane lei RON, 167
J  INFORMATII SI COMUNICATII, Total, Neamt, Anul 2018, Milioane lei RON, 177
J  INFORMATII SI COMUNICATII, Total, Neamt, Anul 2019, Milioane lei RON, 190
J  INFORMATII SI COMUNICATII, Total, Neamt, Anul 2020, Milioane lei RON, 201
J  INFORMATII SI COMUNICATII, Total, Neamt, Anul 2021, Milioane lei RON, 204
J  INFORMATII SI COMUNICATII, Total, Neamt, Anul 2022, Milioane lei RON, 223
J  INFORMATII SI COMUNICATII, Total, Neamt, Anul 2023, Milioane lei RON, 257
J  INFORMATII SI COMUNICATII, Total, Neamt, Anul 2024, Milioane lei RON, 286
J  INFORMATII SI COMUNICATII, Total, Suceava, Anul 2008, Milioane lei RON, 120
J  INFORMATII SI COMUNICATII, Total, Suceava, Anul 2009, Milioane lei RON, 143
J  INFORMATII SI COMUNICATII, Total, Suceava, Anul 2010, Milioane lei RON, 137
J  INFORMATII SI COMUNICATII, Total, Suceava, Anul 2011, Milioane lei RON, 140
J  INFORMATII SI COMUNICATII, Total, Suceava, Anul 2012, Milioane lei RON, 189
J  INFORMATII SI COMUNICATII, Total, Suceava, Anul 2013, Milioane lei RON, 193
J  INFORMATII SI COMUNICATII, Total, Suceava, Anul 2014, Milioane lei RON, 180
J  INFORMATII SI COMUNICATII, Total, Suceava, Anul 2015, Milioane lei RON, 183
J  INFORMATII SI COMUNICATII, Total, Suceava, Anul 2016, Milioane lei RON, 181
J  INFORMATII SI COMUNICATII, Total, Suceava, Anul 2017, Milioane lei RON, 203
J  INFORMATII SI COMUNICATII, Total, Suceava, Anul 2018, Milioane lei RON, 275
J  INFORMATII SI COMUNICATII, Total, Suceava, Anul 2019, Milioane lei RON, 234
J  INFORMATII SI COMUNICATII, Total, Suceava, Anul 2020, Milioane lei RON, 226
J  INFORMATII SI COMUNICATII, Total, Suceava, Anul 2021, Milioane lei RON, 257
J  INFORMATII SI COMUNICATII, Total, Suceava, Anul 2022, Milioane lei RON, 316
J  INFORMATII SI COMUNICATII, Total, Suceava, Anul 2023, Milioane lei RON, 425
J  INFORMATII SI COMUNICATII, Total, Suceava, Anul 2024, Milioane lei RON, 462
J  INFORMATII SI COMUNICATII, Total, Vaslui, Anul 2008, Milioane lei RON, 51
J  INFORMATII SI COMUNICATII, Total, Vaslui, Anul 2009, Milioane lei RON, 52
J  INFORMATII SI COMUNICATII, Total, Vaslui, Anul 2010, Milioane lei RON, 43
J  INFORMATII SI COMUNICATII, Total, Vaslui, Anul 2011, Milioane lei RON, 45
J  INFORMATII SI COMUNICATII, Total, Vaslui, Anul 2012, Milioane lei RON, 109
J  INFORMATII SI COMUNICATII, Total, Vaslui, Anul 2013, Milioane lei RON, 105
J  INFORMATII SI COMUNICATII, Total, Vaslui, Anul 2014, Milioane lei RON, 88
J  INFORMATII SI COMUNICATII, Total, Vaslui, Anul 2015, Milioane lei RON, 95
J  INFORMATII SI COMUNICATII, Total, Vaslui, Anul 2016, Milioane lei RON, 103
J  INFORMATII SI COMUNICATII, Total, Vaslui, Anul 2017, Milioane lei RON, 120
J  INFORMATII SI COMUNICATII, Total, Vaslui, Anul 2018, Milioane lei RON, 137
J  INFORMATII SI COMUNICATII, Total, Vaslui, Anul 2019, Milioane lei RON, 149
J  INFORMATII SI COMUNICATII, Total, Vaslui, Anul 2020, Milioane lei RON, 157
J  INFORMATII SI COMUNICATII, Total, Vaslui, Anul 2021, Milioane lei RON, 158
J  INFORMATII SI COMUNICATII, Total, Vaslui, Anul 2022, Milioane lei RON, 173
J  INFORMATII SI COMUNICATII, Total, Vaslui, Anul 2023, Milioane lei RON, 166
J  INFORMATII SI COMUNICATII, Total, Vaslui, Anul 2024, Milioane lei RON, 175
J  INFORMATII SI COMUNICATII, Total, Braila, Anul 2008, Milioane lei RON, 80
J  INFORMATII SI COMUNICATII, Total, Braila, Anul 2009, Milioane lei RON, 76
J  INFORMATII SI COMUNICATII, Total, Braila, Anul 2010, Milioane lei RON, 74
J  INFORMATII SI COMUNICATII, Total, Braila, Anul 2011, Milioane lei RON, 85
J  INFORMATII SI COMUNICATII, Total, Braila, Anul 2012, Milioane lei RON, 120
J  INFORMATII SI COMUNICATII, Total, Braila, Anul 2013, Milioane lei RON, 128
J  INFORMATII SI COMUNICATII, Total, Braila, Anul 2014, Milioane lei RON, 87
J  INFORMATII SI COMUNICATII, Total, Braila, Anul 2015, Milioane lei RON, 94
J  INFORMATII SI COMUNICATII, Total, Braila, Anul 2016, Milioane lei RON, 158
J  INFORMATII SI COMUNICATII, Total, Braila, Anul 2017, Milioane lei RON, 214
J  INFORMATII SI COMUNICATII, Total, Braila, Anul 2018, Milioane lei RON, 168
J  INFORMATII SI COMUNICATII, Total, Braila, Anul 2019, Milioane lei RON, 161
J  INFORMATII SI COMUNICATII, Total, Braila, Anul 2020, Milioane lei RON, 255
J  INFORMATII SI COMUNICATII, Total, Braila, Anul 2021, Milioane lei RON, 192
J  INFORMATII SI COMUNICATII, Total, Braila, Anul 2022, Milioane lei RON, 218
J  INFORMATII SI COMUNICATII, Total, Braila, Anul 2023, Milioane lei RON, 215
J  INFORMATII SI COMUNICATII, Total, Braila, Anul 2024, Milioane lei RON, 222
J  INFORMATII SI COMUNICATII, Total, Buzau, Anul 2008, Milioane lei RON, 93
J  INFORMATII SI COMUNICATII, Total, Buzau, Anul 2009, Milioane lei RON, 111
J  INFORMATII SI COMUNICATII, Total, Buzau, Anul 2010, Milioane lei RON, 102
J  INFORMATII SI COMUNICATII, Total, Buzau, Anul 2011, Milioane lei RON, 101
J  INFORMATII SI COMUNICATII, Total, Buzau, Anul 2012, Milioane lei RON, 174
J  INFORMATII SI COMUNICATII, Total, Buzau, Anul 2013, Milioane lei RON, 135
J  INFORMATII SI COMUNICATII, Total, Buzau, Anul 2014, Milioane lei RON, 129
J  INFORMATII SI COMUNICATII, Total, Buzau, Anul 2015, Milioane lei RON, 132
J  INFORMATII SI COMUNICATII, Total, Buzau, Anul 2016, Milioane lei RON, 143
J  INFORMATII SI COMUNICATII, Total, Buzau, Anul 2017, Milioane lei RON, 154
J  INFORMATII SI COMUNICATII, Total, Buzau, Anul 2018, Milioane lei RON, 171
J  INFORMATII SI COMUNICATII, Total, Buzau, Anul 2019, Milioane lei RON, 175
J  INFORMATII SI COMUNICATII, Total, Buzau, Anul 2020, Milioane lei RON, 169
J  INFORMATII SI COMUNICATII, Total, Buzau, Anul 2021, Milioane lei RON, 176
J  INFORMATII SI COMUNICATII, Total, Buzau, Anul 2022, Milioane lei RON, 193
J  INFORMATII SI COMUNICATII, Total, Buzau, Anul 2023, Milioane lei RON, 212
J  INFORMATII SI COMUNICATII, Total, Buzau, Anul 2024, Milioane lei RON, 293
J  INFORMATII SI COMUNICATII, Total, Constanta, Anul 2008, Milioane lei RON, 357
J  INFORMATII SI COMUNICATII, Total, Constanta, Anul 2009, Milioane lei RON, 337
J  INFORMATII SI COMUNICATII, Total, Constanta, Anul 2010, Milioane lei RON, 332
J  INFORMATII SI COMUNICATII, Total, Constanta, Anul 2011, Milioane lei RON, 285
J  INFORMATII SI COMUNICATII, Total, Constanta, Anul 2012, Milioane lei RON, 452
J  INFORMATII SI COMUNICATII, Total, Constanta, Anul 2013, Milioane lei RON, 454
J  INFORMATII SI COMUNICATII, Total, Constanta, Anul 2014, Milioane lei RON, 494
J  INFORMATII SI COMUNICATII, Total, Constanta, Anul 2015, Milioane lei RON, 478
J  INFORMATII SI COMUNICATII, Total, Constanta, Anul 2016, Milioane lei RON, 470
J  INFORMATII SI COMUNICATII, Total, Constanta, Anul 2017, Milioane lei RON, 541
J  INFORMATII SI COMUNICATII, Total, Constanta, Anul 2018, Milioane lei RON, 668
J  INFORMATII SI COMUNICATII, Total, Constanta, Anul 2019, Milioane lei RON, 537
J  INFORMATII SI COMUNICATII, Total, Constanta, Anul 2020, Milioane lei RON, 533
J  INFORMATII SI COMUNICATII, Total, Constanta, Anul 2021, Milioane lei RON, 511
J  INFORMATII SI COMUNICATII, Total, Constanta, Anul 2022, Milioane lei RON, 577
J  INFORMATII SI COMUNICATII, Total, Constanta, Anul 2023, Milioane lei RON, 724
J  INFORMATII SI COMUNICATII, Total, Constanta, Anul 2024, Milioane lei RON, 798
J  INFORMATII SI COMUNICATII, Total, Galati, Anul 2008, Milioane lei RON, 192
J  INFORMATII SI COMUNICATII, Total, Galati, Anul 2009, Milioane lei RON, 221
J  INFORMATII SI COMUNICATII, Total, Galati, Anul 2010, Milioane lei RON, 198
J  INFORMATII SI COMUNICATII, Total, Galati, Anul 2011, Milioane lei RON, 197
J  INFORMATII SI COMUNICATII, Total, Galati, Anul 2012, Milioane lei RON, 213
J  INFORMATII SI COMUNICATII, Total, Galati, Anul 2013, Milioane lei RON, 247
J  INFORMATII SI COMUNICATII, Total, Galati, Anul 2014, Milioane lei RON, 283
J  INFORMATII SI COMUNICATII, Total, Galati, Anul 2015, Milioane lei RON, 299
J  INFORMATII SI COMUNICATII, Total, Galati, Anul 2016, Milioane lei RON, 299
J  INFORMATII SI COMUNICATII, Total, Galati, Anul 2017, Milioane lei RON, 368
J  INFORMATII SI COMUNICATII, Total, Galati, Anul 2018, Milioane lei RON, 390
J  INFORMATII SI COMUNICATII, Total, Galati, Anul 2019, Milioane lei RON, 346
J  INFORMATII SI COMUNICATII, Total, Galati, Anul 2020, Milioane lei RON, 372
J  INFORMATII SI COMUNICATII, Total, Galati, Anul 2021, Milioane lei RON, 414
J  INFORMATII SI COMUNICATII, Total, Galati, Anul 2022, Milioane lei RON, 514
J  INFORMATII SI COMUNICATII, Total, Galati, Anul 2023, Milioane lei RON, 569
J  INFORMATII SI COMUNICATII, Total, Galati, Anul 2024, Milioane lei RON, 537
J  INFORMATII SI COMUNICATII, Total, Tulcea, Anul 2008, Milioane lei RON, 46
J  INFORMATII SI COMUNICATII, Total, Tulcea, Anul 2009, Milioane lei RON, 43
J  INFORMATII SI COMUNICATII, Total, Tulcea, Anul 2010, Milioane lei RON, 37
J  INFORMATII SI COMUNICATII, Total, Tulcea, Anul 2011, Milioane lei RON, 43
J  INFORMATII SI COMUNICATII, Total, Tulcea, Anul 2012, Milioane lei RON, 57
J  INFORMATII SI COMUNICATII, Total, Tulcea, Anul 2013, Milioane lei RON, 98
J  INFORMATII SI COMUNICATII, Total, Tulcea, Anul 2014, Milioane lei RON, 61
J  INFORMATII SI COMUNICATII, Total, Tulcea, Anul 2015, Milioane lei RON, 57
J  INFORMATII SI COMUNICATII, Total, Tulcea, Anul 2016, Milioane lei RON, 60
J  INFORMATII SI COMUNICATII, Total, Tulcea, Anul 2017, Milioane lei RON, 65
J  INFORMATII SI COMUNICATII, Total, Tulcea, Anul 2018, Milioane lei RON, 72
J  INFORMATII SI COMUNICATII, Total, Tulcea, Anul 2019, Milioane lei RON, 77
J  INFORMATII SI COMUNICATII, Total, Tulcea, Anul 2020, Milioane lei RON, 90
J  INFORMATII SI COMUNICATII, Total, Tulcea, Anul 2021, Milioane lei RON, 95
J  INFORMATII SI COMUNICATII, Total, Tulcea, Anul 2022, Milioane lei RON, 102
J  INFORMATII SI COMUNICATII, Total, Tulcea, Anul 2023, Milioane lei RON, 121
J  INFORMATII SI COMUNICATII, Total, Tulcea, Anul 2024, Milioane lei RON, 111
J  INFORMATII SI COMUNICATII, Total, Vrancea, Anul 2008, Milioane lei RON, 72
J  INFORMATII SI COMUNICATII, Total, Vrancea, Anul 2009, Milioane lei RON, 81
J  INFORMATII SI COMUNICATII, Total, Vrancea, Anul 2010, Milioane lei RON, 76
J  INFORMATII SI COMUNICATII, Total, Vrancea, Anul 2011, Milioane lei RON, 62
J  INFORMATII SI COMUNICATII, Total, Vrancea, Anul 2012, Milioane lei RON, 78
J  INFORMATII SI COMUNICATII, Total, Vrancea, Anul 2013, Milioane lei RON, 70
J  INFORMATII SI COMUNICATII, Total, Vrancea, Anul 2014, Milioane lei RON, 81
J  INFORMATII SI COMUNICATII, Total, Vrancea, Anul 2015, Milioane lei RON, 78
J  INFORMATII SI COMUNICATII, Total, Vrancea, Anul 2016, Milioane lei RON, 82
J  INFORMATII SI COMUNICATII, Total, Vrancea, Anul 2017, Milioane lei RON, 80
J  INFORMATII SI COMUNICATII, Total, Vrancea, Anul 2018, Milioane lei RON, 114
J  INFORMATII SI COMUNICATII, Total, Vrancea, Anul 2019, Milioane lei RON, 116
J  INFORMATII SI COMUNICATII, Total, Vrancea, Anul 2020, Milioane lei RON, 125
J  INFORMATII SI COMUNICATII, Total, Vrancea, Anul 2021, Milioane lei RON, 125
J  INFORMATII SI COMUNICATII, Total, Vrancea, Anul 2022, Milioane lei RON, 130
J  INFORMATII SI COMUNICATII, Total, Vrancea, Anul 2023, Milioane lei RON, 149
J  INFORMATII SI COMUNICATII, Total, Vrancea, Anul 2024, Milioane lei RON, 177
J  INFORMATII SI COMUNICATII, Total, Arges, Anul 2008, Milioane lei RON, 202
J  INFORMATII SI COMUNICATII, Total, Arges, Anul 2009, Milioane lei RON, 182
J  INFORMATII SI COMUNICATII, Total, Arges, Anul 2010, Milioane lei RON, 171
J  INFORMATII SI COMUNICATII, Total, Arges, Anul 2011, Milioane lei RON, 162
J  INFORMATII SI COMUNICATII, Total, Arges, Anul 2012, Milioane lei RON, 366
J  INFORMATII SI COMUNICATII, Total, Arges, Anul 2013, Milioane lei RON, 261
J  INFORMATII SI COMUNICATII, Total, Arges, Anul 2014, Milioane lei RON, 268
J  INFORMATII SI COMUNICATII, Total, Arges, Anul 2015, Milioane lei RON, 270
J  INFORMATII SI COMUNICATII, Total, Arges, Anul 2016, Milioane lei RON, 285
J  INFORMATII SI COMUNICATII, Total, Arges, Anul 2017, Milioane lei RON, 309
J  INFORMATII SI COMUNICATII, Total, Arges, Anul 2018, Milioane lei RON, 357
J  INFORMATII SI COMUNICATII, Total, Arges, Anul 2019, Milioane lei RON, 359
J  INFORMATII SI COMUNICATII, Total, Arges, Anul 2020, Milioane lei RON, 348
J  INFORMATII SI COMUNICATII, Total, Arges, Anul 2021, Milioane lei RON, 376
J  INFORMATII SI COMUNICATII, Total, Arges, Anul 2022, Milioane lei RON, 456
J  INFORMATII SI COMUNICATII, Total, Arges, Anul 2023, Milioane lei RON, 788
J  INFORMATII SI COMUNICATII, Total, Arges, Anul 2024, Milioane lei RON, 845
J  INFORMATII SI COMUNICATII, Total, Calarasi, Anul 2008, Milioane lei RON, 51
J  INFORMATII SI COMUNICATII, Total, Calarasi, Anul 2009, Milioane lei RON, 60
J  INFORMATII SI COMUNICATII, Total, Calarasi, Anul 2010, Milioane lei RON, 53
J  INFORMATII SI COMUNICATII, Total, Calarasi, Anul 2011, Milioane lei RON, 51
J  INFORMATII SI COMUNICATII, Total, Calarasi, Anul 2012, Milioane lei RON, 55
J  INFORMATII SI COMUNICATII, Total, Calarasi, Anul 2013, Milioane lei RON, 51
J  INFORMATII SI COMUNICATII, Total, Calarasi, Anul 2014, Milioane lei RON, 60
J  INFORMATII SI COMUNICATII, Total, Calarasi, Anul 2015, Milioane lei RON, 70
J  INFORMATII SI COMUNICATII, Total, Calarasi, Anul 2016, Milioane lei RON, 67
J  INFORMATII SI COMUNICATII, Total, Calarasi, Anul 2017, Milioane lei RON, 77
J  INFORMATII SI COMUNICATII, Total, Calarasi, Anul 2018, Milioane lei RON, 91
J  INFORMATII SI COMUNICATII, Total, Calarasi, Anul 2019, Milioane lei RON, 111
J  INFORMATII SI COMUNICATII, Total, Calarasi, Anul 2020, Milioane lei RON, 92
J  INFORMATII SI COMUNICATII, Total, Calarasi, Anul 2021, Milioane lei RON, 98
J  INFORMATII SI COMUNICATII, Total, Calarasi, Anul 2022, Milioane lei RON, 85
J  INFORMATII SI COMUNICATII, Total, Calarasi, Anul 2023, Milioane lei RON, 113
J  INFORMATII SI COMUNICATII, Total, Calarasi, Anul 2024, Milioane lei RON, 117
J  INFORMATII SI COMUNICATII, Total, Dambovita, Anul 2008, Milioane lei RON, 81
J  INFORMATII SI COMUNICATII, Total, Dambovita, Anul 2009, Milioane lei RON, 80
J  INFORMATII SI COMUNICATII, Total, Dambovita, Anul 2010, Milioane lei RON, 77
J  INFORMATII SI COMUNICATII, Total, Dambovita, Anul 2011, Milioane lei RON, 80
J  INFORMATII SI COMUNICATII, Total, Dambovita, Anul 2012, Milioane lei RON, 116
J  INFORMATII SI COMUNICATII, Total, Dambovita, Anul 2013, Milioane lei RON, 96
J  INFORMATII SI COMUNICATII, Total, Dambovita, Anul 2014, Milioane lei RON, 96
J  INFORMATII SI COMUNICATII, Total, Dambovita, Anul 2015, Milioane lei RON, 113
J  INFORMATII SI COMUNICATII, Total, Dambovita, Anul 2016, Milioane lei RON, 107
J  INFORMATII SI COMUNICATII, Total, Dambovita, Anul 2017, Milioane lei RON, 115
J  INFORMATII SI COMUNICATII, Total, Dambovita, Anul 2018, Milioane lei RON, 139
J  INFORMATII SI COMUNICATII, Total, Dambovita, Anul 2019, Milioane lei RON, 158
J  INFORMATII SI COMUNICATII, Total, Dambovita, Anul 2020, Milioane lei RON, 157
J  INFORMATII SI COMUNICATII, Total, Dambovita, Anul 2021, Milioane lei RON, 213
J  INFORMATII SI COMUNICATII, Total, Dambovita, Anul 2022, Milioane lei RON, 298
J  INFORMATII SI COMUNICATII, Total, Dambovita, Anul 2023, Milioane lei RON, 595
J  INFORMATII SI COMUNICATII, Total, Dambovita, Anul 2024, Milioane lei RON, 330
J  INFORMATII SI COMUNICATII, Total, Giurgiu, Anul 2008, Milioane lei RON, 38
J  INFORMATII SI COMUNICATII, Total, Giurgiu, Anul 2009, Milioane lei RON, 43
J  INFORMATII SI COMUNICATII, Total, Giurgiu, Anul 2010, Milioane lei RON, 35
J  INFORMATII SI COMUNICATII, Total, Giurgiu, Anul 2011, Milioane lei RON, 41
J  INFORMATII SI COMUNICATII, Total, Giurgiu, Anul 2012, Milioane lei RON, 68
J  INFORMATII SI COMUNICATII, Total, Giurgiu, Anul 2013, Milioane lei RON, 88
J  INFORMATII SI COMUNICATII, Total, Giurgiu, Anul 2014, Milioane lei RON, 59
J  INFORMATII SI COMUNICATII, Total, Giurgiu, Anul 2015, Milioane lei RON, 67
J  INFORMATII SI COMUNICATII, Total, Giurgiu, Anul 2016, Milioane lei RON, 139
J  INFORMATII SI COMUNICATII, Total, Giurgiu, Anul 2017, Milioane lei RON, 59
J  INFORMATII SI COMUNICATII, Total, Giurgiu, Anul 2018, Milioane lei RON, 72
J  INFORMATII SI COMUNICATII, Total, Giurgiu, Anul 2019, Milioane lei RON, 81
J  INFORMATII SI COMUNICATII, Total, Giurgiu, Anul 2020, Milioane lei RON, 79
J  INFORMATII SI COMUNICATII, Total, Giurgiu, Anul 2021, Milioane lei RON, 80
J  INFORMATII SI COMUNICATII, Total, Giurgiu, Anul 2022, Milioane lei RON, 96
J  INFORMATII SI COMUNICATII, Total, Giurgiu, Anul 2023, Milioane lei RON, 121
J  INFORMATII SI COMUNICATII, Total, Giurgiu, Anul 2024, Milioane lei RON, 133
J  INFORMATII SI COMUNICATII, Total, Ialomita, Anul 2008, Milioane lei RON, 73
J  INFORMATII SI COMUNICATII, Total, Ialomita, Anul 2009, Milioane lei RON, 91
J  INFORMATII SI COMUNICATII, Total, Ialomita, Anul 2010, Milioane lei RON, 69
J  INFORMATII SI COMUNICATII, Total, Ialomita, Anul 2011, Milioane lei RON, 51
J  INFORMATII SI COMUNICATII, Total, Ialomita, Anul 2012, Milioane lei RON, 66
J  INFORMATII SI COMUNICATII, Total, Ialomita, Anul 2013, Milioane lei RON, 131
J  INFORMATII SI COMUNICATII, Total, Ialomita, Anul 2014, Milioane lei RON, 62
J  INFORMATII SI COMUNICATII, Total, Ialomita, Anul 2015, Milioane lei RON, 64
J  INFORMATII SI COMUNICATII, Total, Ialomita, Anul 2016, Milioane lei RON, 70
J  INFORMATII SI COMUNICATII, Total, Ialomita, Anul 2017, Milioane lei RON, 83
J  INFORMATII SI COMUNICATII, Total, Ialomita, Anul 2018, Milioane lei RON, 72
J  INFORMATII SI COMUNICATII, Total, Ialomita, Anul 2019, Milioane lei RON, 78
J  INFORMATII SI COMUNICATII, Total, Ialomita, Anul 2020, Milioane lei RON, 112
J  INFORMATII SI COMUNICATII, Total, Ialomita, Anul 2021, Milioane lei RON, 107
J  INFORMATII SI COMUNICATII, Total, Ialomita, Anul 2022, Milioane lei RON, 127
J  INFORMATII SI COMUNICATII, Total, Ialomita, Anul 2023, Milioane lei RON, 138
J  INFORMATII SI COMUNICATII, Total, Ialomita, Anul 2024, Milioane lei RON, 156
J  INFORMATII SI COMUNICATII, Total, Prahova, Anul 2008, Milioane lei RON, 1162
J  INFORMATII SI COMUNICATII, Total, Prahova, Anul 2009, Milioane lei RON, 1086
J  INFORMATII SI COMUNICATII, Total, Prahova, Anul 2010, Milioane lei RON, 860
J  INFORMATII SI COMUNICATII, Total, Prahova, Anul 2011, Milioane lei RON, 1030
J  INFORMATII SI COMUNICATII, Total, Prahova, Anul 2012, Milioane lei RON, 1209
J  INFORMATII SI COMUNICATII, Total, Prahova, Anul 2013, Milioane lei RON, 1321
J  INFORMATII SI COMUNICATII, Total, Prahova, Anul 2014, Milioane lei RON, 1297
J  INFORMATII SI COMUNICATII, Total, Prahova, Anul 2015, Milioane lei RON, 1129
J  INFORMATII SI COMUNICATII, Total, Prahova, Anul 2016, Milioane lei RON, 1098
J  INFORMATII SI COMUNICATII, Total, Prahova, Anul 2017, Milioane lei RON, 514
J  INFORMATII SI COMUNICATII, Total, Prahova, Anul 2018, Milioane lei RON, 523
J  INFORMATII SI COMUNICATII, Total, Prahova, Anul 2019, Milioane lei RON, 545
J  INFORMATII SI COMUNICATII, Total, Prahova, Anul 2020, Milioane lei RON, 552
J  INFORMATII SI COMUNICATII, Total, Prahova, Anul 2021, Milioane lei RON, 615
J  INFORMATII SI COMUNICATII, Total, Prahova, Anul 2022, Milioane lei RON, 713
J  INFORMATII SI COMUNICATII, Total, Prahova, Anul 2023, Milioane lei RON, 898
J  INFORMATII SI COMUNICATII, Total, Prahova, Anul 2024, Milioane lei RON, 1100
J  INFORMATII SI COMUNICATII, Total, Teleorman, Anul 2008, Milioane lei RON, 65
J  INFORMATII SI COMUNICATII, Total, Teleorman, Anul 2009, Milioane lei RON, 46
J  INFORMATII SI COMUNICATII, Total, Teleorman, Anul 2010, Milioane lei RON, 65
J  INFORMATII SI COMUNICATII, Total, Teleorman, Anul 2011, Milioane lei RON, 51
J  INFORMATII SI COMUNICATII, Total, Teleorman, Anul 2012, Milioane lei RON, 86
J  INFORMATII SI COMUNICATII, Total, Teleorman, Anul 2013, Milioane lei RON, 87
J  INFORMATII SI COMUNICATII, Total, Teleorman, Anul 2014, Milioane lei RON, 119
J  INFORMATII SI COMUNICATII, Total, Teleorman, Anul 2015, Milioane lei RON, 75
J  INFORMATII SI COMUNICATII, Total, Teleorman, Anul 2016, Milioane lei RON, 73
J  INFORMATII SI COMUNICATII, Total, Teleorman, Anul 2017, Milioane lei RON, 75
J  INFORMATII SI COMUNICATII, Total, Teleorman, Anul 2018, Milioane lei RON, 98
J  INFORMATII SI COMUNICATII, Total, Teleorman, Anul 2019, Milioane lei RON, 111
J  INFORMATII SI COMUNICATII, Total, Teleorman, Anul 2020, Milioane lei RON, 117
J  INFORMATII SI COMUNICATII, Total, Teleorman, Anul 2021, Milioane lei RON, 123
J  INFORMATII SI COMUNICATII, Total, Teleorman, Anul 2022, Milioane lei RON, 129
J  INFORMATII SI COMUNICATII, Total, Teleorman, Anul 2023, Milioane lei RON, 143
J  INFORMATII SI COMUNICATII, Total, Teleorman, Anul 2024, Milioane lei RON, 178
J  INFORMATII SI COMUNICATII, Total, Ilfov, Anul 2008, Milioane lei RON, 1271
J  INFORMATII SI COMUNICATII, Total, Ilfov, Anul 2009, Milioane lei RON, 1295
J  INFORMATII SI COMUNICATII, Total, Ilfov, Anul 2010, Milioane lei RON, 1840
J  INFORMATII SI COMUNICATII, Total, Ilfov, Anul 2011, Milioane lei RON, 1355
J  INFORMATII SI COMUNICATII, Total, Ilfov, Anul 2012, Milioane lei RON, 1535
J  INFORMATII SI COMUNICATII, Total, Ilfov, Anul 2013, Milioane lei RON, 1755
J  INFORMATII SI COMUNICATII, Total, Ilfov, Anul 2014, Milioane lei RON, 1877
J  INFORMATII SI COMUNICATII, Total, Ilfov, Anul 2015, Milioane lei RON, 1570
J  INFORMATII SI COMUNICATII, Total, Ilfov, Anul 2016, Milioane lei RON, 1382
J  INFORMATII SI COMUNICATII, Total, Ilfov, Anul 2017, Milioane lei RON, 894
J  INFORMATII SI COMUNICATII, Total, Ilfov, Anul 2018, Milioane lei RON, 1316
J  INFORMATII SI COMUNICATII, Total, Ilfov, Anul 2019, Milioane lei RON, 1535
J  INFORMATII SI COMUNICATII, Total, Ilfov, Anul 2020, Milioane lei RON, 1832
J  INFORMATII SI COMUNICATII, Total, Ilfov, Anul 2021, Milioane lei RON, 1893
J  INFORMATII SI COMUNICATII, Total, Ilfov, Anul 2022, Milioane lei RON, 2393
J  INFORMATII SI COMUNICATII, Total, Ilfov, Anul 2023, Milioane lei RON, 2525
J  INFORMATII SI COMUNICATII, Total, Ilfov, Anul 2024, Milioane lei RON, 3245
J  INFORMATII SI COMUNICATII, Total, Municipiul Bucuresti, Anul 2008, Milioane lei RON, 24277
J  INFORMATII SI COMUNICATII, Total, Municipiul Bucuresti, Anul 2009, Milioane lei RON, 22035
J  INFORMATII SI COMUNICATII, Total, Municipiul Bucuresti, Anul 2010, Milioane lei RON, 22025
J  INFORMATII SI COMUNICATII, Total, Municipiul Bucuresti, Anul 2011, Milioane lei RON, 22555
J  INFORMATII SI COMUNICATII, Total, Municipiul Bucuresti, Anul 2012, Milioane lei RON, 22143
J  INFORMATII SI COMUNICATII, Total, Municipiul Bucuresti, Anul 2013, Milioane lei RON, 23430
J  INFORMATII SI COMUNICATII, Total, Municipiul Bucuresti, Anul 2014, Milioane lei RON, 25836
J  INFORMATII SI COMUNICATII, Total, Municipiul Bucuresti, Anul 2015, Milioane lei RON, 29089
J  INFORMATII SI COMUNICATII, Total, Municipiul Bucuresti, Anul 2016, Milioane lei RON, 31921
J  INFORMATII SI COMUNICATII, Total, Municipiul Bucuresti, Anul 2017, Milioane lei RON, 33803
J  INFORMATII SI COMUNICATII, Total, Municipiul Bucuresti, Anul 2018, Milioane lei RON, 35297
J  INFORMATII SI COMUNICATII, Total, Municipiul Bucuresti, Anul 2019, Milioane lei RON, 40960
J  INFORMATII SI COMUNICATII, Total, Municipiul Bucuresti, Anul 2020, Milioane lei RON, 44855
J  INFORMATII SI COMUNICATII, Total, Municipiul Bucuresti, Anul 2021, Milioane lei RON, 52848
J  INFORMATII SI COMUNICATII, Total, Municipiul Bucuresti, Anul 2022, Milioane lei RON, 63258
J  INFORMATII SI COMUNICATII, Total, Municipiul Bucuresti, Anul 2023, Milioane lei RON, 69996
J  INFORMATII SI COMUNICATII, Total, Municipiul Bucuresti, Anul 2024, Milioane lei RON, 75488
J  INFORMATII SI COMUNICATII, Total, Dolj, Anul 2008, Milioane lei RON, 278
J  INFORMATII SI COMUNICATII, Total, Dolj, Anul 2009, Milioane lei RON, 320
J  INFORMATII SI COMUNICATII, Total, Dolj, Anul 2010, Milioane lei RON, 322
J  INFORMATII SI COMUNICATII, Total, Dolj, Anul 2011, Milioane lei RON, 285
J  INFORMATII SI COMUNICATII, Total, Dolj, Anul 2012, Milioane lei RON, 337
J  INFORMATII SI COMUNICATII, Total, Dolj, Anul 2013, Milioane lei RON, 346
J  INFORMATII SI COMUNICATII, Total, Dolj, Anul 2014, Milioane lei RON, 396
J  INFORMATII SI COMUNICATII, Total, Dolj, Anul 2015, Milioane lei RON, 509
J  INFORMATII SI COMUNICATII, Total, Dolj, Anul 2016, Milioane lei RON, 571
J  INFORMATII SI COMUNICATII, Total, Dolj, Anul 2017, Milioane lei RON, 594
J  INFORMATII SI COMUNICATII, Total, Dolj, Anul 2018, Milioane lei RON, 934
J  INFORMATII SI COMUNICATII, Total, Dolj, Anul 2019, Milioane lei RON, 969
J  INFORMATII SI COMUNICATII, Total, Dolj, Anul 2020, Milioane lei RON, 1019
J  INFORMATII SI COMUNICATII, Total, Dolj, Anul 2021, Milioane lei RON, 1042
J  INFORMATII SI COMUNICATII, Total, Dolj, Anul 2022, Milioane lei RON, 1252
J  INFORMATII SI COMUNICATII, Total, Dolj, Anul 2023, Milioane lei RON, 1260
J  INFORMATII SI COMUNICATII, Total, Dolj, Anul 2024, Milioane lei RON, 1335
J  INFORMATII SI COMUNICATII, Total, Gorj, Anul 2008, Milioane lei RON, 75
J  INFORMATII SI COMUNICATII, Total, Gorj, Anul 2009, Milioane lei RON, 73
J  INFORMATII SI COMUNICATII, Total, Gorj, Anul 2010, Milioane lei RON, 65
J  INFORMATII SI COMUNICATII, Total, Gorj, Anul 2011, Milioane lei RON, 60
J  INFORMATII SI COMUNICATII, Total, Gorj, Anul 2012, Milioane lei RON, 80
J  INFORMATII SI COMUNICATII, Total, Gorj, Anul 2013, Milioane lei RON, 74
J  INFORMATII SI COMUNICATII, Total, Gorj, Anul 2014, Milioane lei RON, 99
J  INFORMATII SI COMUNICATII, Total, Gorj, Anul 2015, Milioane lei RON, 107
J  INFORMATII SI COMUNICATII, Total, Gorj, Anul 2016, Milioane lei RON, 105
J  INFORMATII SI COMUNICATII, Total, Gorj, Anul 2017, Milioane lei RON, 115
J  INFORMATII SI COMUNICATII, Total, Gorj, Anul 2018, Milioane lei RON, 144
J  INFORMATII SI COMUNICATII, Total, Gorj, Anul 2019, Milioane lei RON, 137
J  INFORMATII SI COMUNICATII, Total, Gorj, Anul 2020, Milioane lei RON, 140
J  INFORMATII SI COMUNICATII, Total, Gorj, Anul 2021, Milioane lei RON, 141
J  INFORMATII SI COMUNICATII, Total, Gorj, Anul 2022, Milioane lei RON, 159
J  INFORMATII SI COMUNICATII, Total, Gorj, Anul 2023, Milioane lei RON, 182
J  INFORMATII SI COMUNICATII, Total, Gorj, Anul 2024, Milioane lei RON, 257
J  INFORMATII SI COMUNICATII, Total, Mehedinti, Anul 2008, Milioane lei RON, 46
J  INFORMATII SI COMUNICATII, Total, Mehedinti, Anul 2009, Milioane lei RON, 47
J  INFORMATII SI COMUNICATII, Total, Mehedinti, Anul 2010, Milioane lei RON, 43
J  INFORMATII SI COMUNICATII, Total, Mehedinti, Anul 2011, Milioane lei RON, 46
J  INFORMATII SI COMUNICATII, Total, Mehedinti, Anul 2012, Milioane lei RON, 98
J  INFORMATII SI COMUNICATII, Total, Mehedinti, Anul 2013, Milioane lei RON, 48
J  INFORMATII SI COMUNICATII, Total, Mehedinti, Anul 2014, Milioane lei RON, 57
J  INFORMATII SI COMUNICATII, Total, Mehedinti, Anul 2015, Milioane lei RON, 65
J  INFORMATII SI COMUNICATII, Total, Mehedinti, Anul 2016, Milioane lei RON, 66
J  INFORMATII SI COMUNICATII, Total, Mehedinti, Anul 2017, Milioane lei RON, 68
J  INFORMATII SI COMUNICATII, Total, Mehedinti, Anul 2018, Milioane lei RON, 73
J  INFORMATII SI COMUNICATII, Total, Mehedinti, Anul 2019, Milioane lei RON, 79
J  INFORMATII SI COMUNICATII, Total, Mehedinti, Anul 2020, Milioane lei RON, 84
J  INFORMATII SI COMUNICATII, Total, Mehedinti, Anul 2021, Milioane lei RON, 70
J  INFORMATII SI COMUNICATII, Total, Mehedinti, Anul 2022, Milioane lei RON, 75
J  INFORMATII SI COMUNICATII, Total, Mehedinti, Anul 2023, Milioane lei RON, 77
J  INFORMATII SI COMUNICATII, Total, Mehedinti, Anul 2024, Milioane lei RON, 79
J  INFORMATII SI COMUNICATII, Total, Olt, Anul 2008, Milioane lei RON, 78
J  INFORMATII SI COMUNICATII, Total, Olt, Anul 2009, Milioane lei RON, 56
J  INFORMATII SI COMUNICATII, Total, Olt, Anul 2010, Milioane lei RON, 47
J  INFORMATII SI COMUNICATII, Total, Olt, Anul 2011, Milioane lei RON, 44
J  INFORMATII SI COMUNICATII, Total, Olt, Anul 2012, Milioane lei RON, 105
J  INFORMATII SI COMUNICATII, Total, Olt, Anul 2013, Milioane lei RON, 92
J  INFORMATII SI COMUNICATII, Total, Olt, Anul 2014, Milioane lei RON, 130
J  INFORMATII SI COMUNICATII, Total, Olt, Anul 2015, Milioane lei RON, 93
J  INFORMATII SI COMUNICATII, Total, Olt, Anul 2016, Milioane lei RON, 103
J  INFORMATII SI COMUNICATII, Total, Olt, Anul 2017, Milioane lei RON, 115
J  INFORMATII SI COMUNICATII, Total, Olt, Anul 2018, Milioane lei RON, 134
J  INFORMATII SI COMUNICATII, Total, Olt, Anul 2019, Milioane lei RON, 156
J  INFORMATII SI COMUNICATII, Total, Olt, Anul 2020, Milioane lei RON, 166
J  INFORMATII SI COMUNICATII, Total, Olt, Anul 2021, Milioane lei RON, 147
J  INFORMATII SI COMUNICATII, Total, Olt, Anul 2022, Milioane lei RON, 159
J  INFORMATII SI COMUNICATII, Total, Olt, Anul 2023, Milioane lei RON, 187
J  INFORMATII SI COMUNICATII, Total, Olt, Anul 2024, Milioane lei RON, 219
J  INFORMATII SI COMUNICATII, Total, Valcea, Anul 2008, Milioane lei RON, 116
J  INFORMATII SI COMUNICATII, Total, Valcea, Anul 2009, Milioane lei RON, 127
J  INFORMATII SI COMUNICATII, Total, Valcea, Anul 2010, Milioane lei RON, 121
J  INFORMATII SI COMUNICATII, Total, Valcea, Anul 2011, Milioane lei RON, 142
J  INFORMATII SI COMUNICATII, Total, Valcea, Anul 2012, Milioane lei RON, 205
J  INFORMATII SI COMUNICATII, Total, Valcea, Anul 2013, Milioane lei RON, 128
J  INFORMATII SI COMUNICATII, Total, Valcea, Anul 2014, Milioane lei RON, 123
J  INFORMATII SI COMUNICATII, Total, Valcea, Anul 2015, Milioane lei RON, 140
J  INFORMATII SI COMUNICATII, Total, Valcea, Anul 2016, Milioane lei RON, 143
J  INFORMATII SI COMUNICATII, Total, Valcea, Anul 2017, Milioane lei RON, 151
J  INFORMATII SI COMUNICATII, Total, Valcea, Anul 2018, Milioane lei RON, 158
J  INFORMATII SI COMUNICATII, Total, Valcea, Anul 2019, Milioane lei RON, 163
J  INFORMATII SI COMUNICATII, Total, Valcea, Anul 2020, Milioane lei RON, 173
J  INFORMATII SI COMUNICATII, Total, Valcea, Anul 2021, Milioane lei RON, 165
J  INFORMATII SI COMUNICATII, Total, Valcea, Anul 2022, Milioane lei RON, 196
J  INFORMATII SI COMUNICATII, Total, Valcea, Anul 2023, Milioane lei RON, 229
J  INFORMATII SI COMUNICATII, Total, Valcea, Anul 2024, Milioane lei RON, 253
J  INFORMATII SI COMUNICATII, Total, Arad, Anul 2008, Milioane lei RON, 128
J  INFORMATII SI COMUNICATII, Total, Arad, Anul 2009, Milioane lei RON, 146
J  INFORMATII SI COMUNICATII, Total, Arad, Anul 2010, Milioane lei RON, 130
J  INFORMATII SI COMUNICATII, Total, Arad, Anul 2011, Milioane lei RON, 125
J  INFORMATII SI COMUNICATII, Total, Arad, Anul 2012, Milioane lei RON, 319
J  INFORMATII SI COMUNICATII, Total, Arad, Anul 2013, Milioane lei RON, 314
J  INFORMATII SI COMUNICATII, Total, Arad, Anul 2014, Milioane lei RON, 169
J  INFORMATII SI COMUNICATII, Total, Arad, Anul 2015, Milioane lei RON, 189
J  INFORMATII SI COMUNICATII, Total, Arad, Anul 2016, Milioane lei RON, 207
J  INFORMATII SI COMUNICATII, Total, Arad, Anul 2017, Milioane lei RON, 227
J  INFORMATII SI COMUNICATII, Total, Arad, Anul 2018, Milioane lei RON, 258
J  INFORMATII SI COMUNICATII, Total, Arad, Anul 2019, Milioane lei RON, 271
J  INFORMATII SI COMUNICATII, Total, Arad, Anul 2020, Milioane lei RON, 283
J  INFORMATII SI COMUNICATII, Total, Arad, Anul 2021, Milioane lei RON, 261
J  INFORMATII SI COMUNICATII, Total, Arad, Anul 2022, Milioane lei RON, 350
J  INFORMATII SI COMUNICATII, Total, Arad, Anul 2023, Milioane lei RON, 392
J  INFORMATII SI COMUNICATII, Total, Arad, Anul 2024, Milioane lei RON, 433
J  INFORMATII SI COMUNICATII, Total, Caras-Severin, Anul 2008, Milioane lei RON, 61
J  INFORMATII SI COMUNICATII, Total, Caras-Severin, Anul 2009, Milioane lei RON, 61
J  INFORMATII SI COMUNICATII, Total, Caras-Severin, Anul 2010, Milioane lei RON, 54
J  INFORMATII SI COMUNICATII, Total, Caras-Severin, Anul 2011, Milioane lei RON, 53
J  INFORMATII SI COMUNICATII, Total, Caras-Severin, Anul 2012, Milioane lei RON, 97
J  INFORMATII SI COMUNICATII, Total, Caras-Severin, Anul 2013, Milioane lei RON, 82
J  INFORMATII SI COMUNICATII, Total, Caras-Severin, Anul 2014, Milioane lei RON, 98
J  INFORMATII SI COMUNICATII, Total, Caras-Severin, Anul 2015, Milioane lei RON, 90
J  INFORMATII SI COMUNICATII, Total, Caras-Severin, Anul 2016, Milioane lei RON, 98
J  INFORMATII SI COMUNICATII, Total, Caras-Severin, Anul 2017, Milioane lei RON, 111
J  INFORMATII SI COMUNICATII, Total, Caras-Severin, Anul 2018, Milioane lei RON, 162
J  INFORMATII SI COMUNICATII, Total, Caras-Severin, Anul 2019, Milioane lei RON, 131
J  INFORMATII SI COMUNICATII, Total, Caras-Severin, Anul 2020, Milioane lei RON, 99
J  INFORMATII SI COMUNICATII, Total, Caras-Severin, Anul 2021, Milioane lei RON, 83
J  INFORMATII SI COMUNICATII, Total, Caras-Severin, Anul 2022, Milioane lei RON, 88
J  INFORMATII SI COMUNICATII, Total, Caras-Severin, Anul 2023, Milioane lei RON, 98
J  INFORMATII SI COMUNICATII, Total, Caras-Severin, Anul 2024, Milioane lei RON, 116
J  INFORMATII SI COMUNICATII, Total, Hunedoara, Anul 2008, Milioane lei RON, 105
J  INFORMATII SI COMUNICATII, Total, Hunedoara, Anul 2009, Milioane lei RON, 98
J  INFORMATII SI COMUNICATII, Total, Hunedoara, Anul 2010, Milioane lei RON, 95
J  INFORMATII SI COMUNICATII, Total, Hunedoara, Anul 2011, Milioane lei RON, 85
J  INFORMATII SI COMUNICATII, Total, Hunedoara, Anul 2012, Milioane lei RON, 185
J  INFORMATII SI COMUNICATII, Total, Hunedoara, Anul 2013, Milioane lei RON, 182
J  INFORMATII SI COMUNICATII, Total, Hunedoara, Anul 2014, Milioane lei RON, 167
J  INFORMATII SI COMUNICATII, Total, Hunedoara, Anul 2015, Milioane lei RON, 156
J  INFORMATII SI COMUNICATII, Total, Hunedoara, Anul 2016, Milioane lei RON, 161
J  INFORMATII SI COMUNICATII, Total, Hunedoara, Anul 2017, Milioane lei RON, 179
J  INFORMATII SI COMUNICATII, Total, Hunedoara, Anul 2018, Milioane lei RON, 233
J  INFORMATII SI COMUNICATII, Total, Hunedoara, Anul 2019, Milioane lei RON, 249
J  INFORMATII SI COMUNICATII, Total, Hunedoara, Anul 2020, Milioane lei RON, 220
J  INFORMATII SI COMUNICATII, Total, Hunedoara, Anul 2021, Milioane lei RON, 231
J  INFORMATII SI COMUNICATII, Total, Hunedoara, Anul 2022, Milioane lei RON, 229
J  INFORMATII SI COMUNICATII, Total, Hunedoara, Anul 2023, Milioane lei RON, 268
J  INFORMATII SI COMUNICATII, Total, Hunedoara, Anul 2024, Milioane lei RON, 307
J  INFORMATII SI COMUNICATII, Total, Timis, Anul 2008, Milioane lei RON, 1681
J  INFORMATII SI COMUNICATII, Total, Timis, Anul 2009, Milioane lei RON, 1325
J  INFORMATII SI COMUNICATII, Total, Timis, Anul 2010, Milioane lei RON, 1115
J  INFORMATII SI COMUNICATII, Total, Timis, Anul 2011, Milioane lei RON, 1078
J  INFORMATII SI COMUNICATII, Total, Timis, Anul 2012, Milioane lei RON, 1285
J  INFORMATII SI COMUNICATII, Total, Timis, Anul 2013, Milioane lei RON, 1360
J  INFORMATII SI COMUNICATII, Total, Timis, Anul 2014, Milioane lei RON, 1817
J  INFORMATII SI COMUNICATII, Total, Timis, Anul 2015, Milioane lei RON, 1926
J  INFORMATII SI COMUNICATII, Total, Timis, Anul 2016, Milioane lei RON, 2150
J  INFORMATII SI COMUNICATII, Total, Timis, Anul 2017, Milioane lei RON, 2611
J  INFORMATII SI COMUNICATII, Total, Timis, Anul 2018, Milioane lei RON, 3138
J  INFORMATII SI COMUNICATII, Total, Timis, Anul 2019, Milioane lei RON, 4209
J  INFORMATII SI COMUNICATII, Total, Timis, Anul 2020, Milioane lei RON, 4460
J  INFORMATII SI COMUNICATII, Total, Timis, Anul 2021, Milioane lei RON, 4884
J  INFORMATII SI COMUNICATII, Total, Timis, Anul 2022, Milioane lei RON, 5518
J  INFORMATII SI COMUNICATII, Total, Timis, Anul 2023, Milioane lei RON, 9398
J  INFORMATII SI COMUNICATII, Total, Timis, Anul 2024, Milioane lei RON, 9783
TRANZACTII IMOBILIARE  INCHIRIERI SI ACTIVITATI DE SERVICII PRESTATE IN PRINCIPAL INTREPRINDERILOR  (activitati profesionale  stiintifice si tehnice  activitati de servicii administrative si activitati de servicii suport ), Total, Bihor, Anul 2008, Milioane lei RON, 995
TRANZACTII IMOBILIARE  INCHIRIERI SI ACTIVITATI DE SERVICII PRESTATE IN PRINCIPAL INTREPRINDERILOR  (activitati profesionale  stiintifice si tehnice  activitati de servicii administrative si activitati de servicii suport ), Total, Bihor, Anul 2009, Milioane lei RON, 738
TRANZACTII IMOBILIARE  INCHIRIERI SI ACTIVITATI DE SERVICII PRESTATE IN PRINCIPAL INTREPRINDERILOR  (activitati profesionale  stiintifice si tehnice  activitati de servicii administrative si activitati de servicii suport ), Total, Bihor, Anul 2010, Milioane lei RON, 817
TRANZACTII IMOBILIARE  INCHIRIERI SI ACTIVITATI DE SERVICII PRESTATE IN PRINCIPAL INTREPRINDERILOR  (activitati profesionale  stiintifice si tehnice  activitati de servicii administrative si activitati de servicii suport ), Total, Bihor, Anul 2011, Milioane lei RON, 846
TRANZACTII IMOBILIARE  INCHIRIERI SI ACTIVITATI DE SERVICII PRESTATE IN PRINCIPAL INTREPRINDERILOR  (activitati profesionale  stiintifice si tehnice  activitati de servicii administrative si activitati de servicii suport ), Total, Bihor, Anul 2012, Milioane lei RON, 998
TRANZACTII IMOBILIARE  INCHIRIERI SI ACTIVITATI DE SERVICII PRESTATE IN PRINCIPAL INTREPRINDERILOR  (activitati profesionale  stiintifice si tehnice  activitati de servicii administrative si activitati de servicii suport ), Total, Bihor, Anul 2013, Milioane lei RON, 903
TRANZACTII IMOBILIARE  INCHIRIERI SI ACTIVITATI DE SERVICII PRESTATE IN PRINCIPAL INTREPRINDERILOR  (activitati profesionale  stiintifice si tehnice  activitati de servicii administrative si activitati de servicii suport ), Total, Bihor, Anul 2014, Milioane lei RON, 954
TRANZACTII IMOBILIARE  INCHIRIERI SI ACTIVITATI DE SERVICII PRESTATE IN PRINCIPAL INTREPRINDERILOR  (activitati profesionale  stiintifice si tehnice  activitati de servicii administrative si activitati de servicii suport ), Total, Bihor, Anul 2015, Milioane lei RON, 990
TRANZACTII IMOBILIARE  INCHIRIERI SI ACTIVITATI DE SERVICII PRESTATE IN PRINCIPAL INTREPRINDERILOR  (activitati profesionale  stiintifice si tehnice  activitati de servicii administrative si activitati de servicii suport ), Total, Bihor, Anul 2016, Milioane lei RON, 1050
TRANZACTII IMOBILIARE  INCHIRIERI SI ACTIVITATI DE SERVICII PRESTATE IN PRINCIPAL INTREPRINDERILOR  (activitati profesionale  stiintifice si tehnice  activitati de servicii administrative si activitati de servicii suport ), Total, Bihor, Anul 2017, Milioane lei RON, 1210
TRANZACTII IMOBILIARE  INCHIRIERI SI ACTIVITATI DE SERVICII PRESTATE IN PRINCIPAL INTREPRINDERILOR  (activitati profesionale  stiintifice si tehnice  activitati de servicii administrative si activitati de servicii suport ), Total, Bihor, Anul 2018, Milioane lei RON, 1533
TRANZACTII IMOBILIARE  INCHIRIERI SI ACTIVITATI DE SERVICII PRESTATE IN PRINCIPAL INTREPRINDERILOR  (activitati profesionale  stiintifice si tehnice  activitati de servicii administrative si activitati de servicii suport ), Total, Bihor, Anul 2019, Milioane lei RON, 1513
TRANZACTII IMOBILIARE  INCHIRIERI SI ACTIVITATI DE SERVICII PRESTATE IN PRINCIPAL INTREPRINDERILOR  (activitati profesionale  stiintifice si tehnice  activitati de servicii administrative si activitati de servicii suport ), Total, Bihor, Anul 2020, Milioane lei RON, 1717
TRANZACTII IMOBILIARE  INCHIRIERI SI ACTIVITATI DE SERVICII PRESTATE IN PRINCIPAL INTREPRINDERILOR  (activitati profesionale  stiintifice si tehnice  activitati de servicii administrative si activitati de servicii suport ), Total, Bihor, Anul 2021, Milioane lei RON, 1906
TRANZACTII IMOBILIARE  INCHIRIERI SI ACTIVITATI DE SERVICII PRESTATE IN PRINCIPAL INTREPRINDERILOR  (activitati profesionale  stiintifice si tehnice  activitati de servicii administrative si activitati de servicii suport ), Total, Bihor, Anul 2022, Milioane lei RON, 2415
TRANZACTII IMOBILIARE  INCHIRIERI SI ACTIVITATI DE SERVICII PRESTATE IN PRINCIPAL INTREPRINDERILOR  (activitati profesionale  stiintifice si tehnice  activitati de servicii administrative si activitati de servicii suport ), Total, Bihor, Anul 2023, Milioane lei RON, 2916
TRANZACTII IMOBILIARE  INCHIRIERI SI ACTIVITATI DE SERVICII PRESTATE IN PRINCIPAL INTREPRINDERILOR  (activitati profesionale  stiintifice si tehnice  activitati de servicii administrative si activitati de servicii suport ), Total, Bihor, Anul 2024, Milioane lei RON, 3058
TRANZACTII IMOBILIARE  INCHIRIERI SI ACTIVITATI DE SERVICII PRESTATE IN PRINCIPAL INTREPRINDERILOR  (activitati profesionale  stiintifice si tehnice  activitati de servicii administrative si activitati de servicii suport ), Total, Bistrita-Nasaud, Anul 2008, Milioane lei RON, 187
TRANZACTII IMOBILIARE  INCHIRIERI SI ACTIVITATI DE SERVICII PRESTATE IN PRINCIPAL INTREPRINDERILOR  (activitati profesionale  stiintifice si tehnice  activitati de servicii administrative si activitati de servicii suport ), Total, Bistrita-Nasaud, Anul 2009, Milioane lei RON, 220
TRANZACTII IMOBILIARE  INCHIRIERI SI ACTIVITATI DE SERVICII PRESTATE IN PRINCIPAL INTREPRINDERILOR  (activitati profesionale  stiintifice si tehnice  activitati de servicii administrative si activitati de servicii suport ), Total, Bistrita-Nasaud, Anul 2010, Milioane lei RON, 222
TRANZACTII IMOBILIARE  INCHIRIERI SI ACTIVITATI DE SERVICII PRESTATE IN PRINCIPAL INTREPRINDERILOR  (activitati profesionale  stiintifice si tehnice  activitati de servicii administrative si activitati de servicii suport ), Total, Bistrita-Nasaud, Anul 2011, Milioane lei RON, 238
TRANZACTII IMOBILIARE  INCHIRIERI SI ACTIVITATI DE SERVICII PRESTATE IN PRINCIPAL INTREPRINDERILOR  (activitati profesionale  stiintifice si tehnice  activitati de servicii administrative si activitati de servicii suport ), Total, Bistrita-Nasaud, Anul 2012, Milioane lei RON, 149
TRANZACTII IMOBILIARE  INCHIRIERI SI ACTIVITATI DE SERVICII PRESTATE IN PRINCIPAL INTREPRINDERILOR  (activitati profesionale  stiintifice si tehnice  activitati de servicii administrative si activitati de servicii suport ), Total, Bistrita-Nasaud, Anul 2013, Milioane lei RON, 167
TRANZACTII IMOBILIARE  INCHIRIERI SI ACTIVITATI DE SERVICII PRESTATE IN PRINCIPAL INTREPRINDERILOR  (activitati profesionale  stiintifice si tehnice  activitati de servicii administrative si activitati de servicii suport ), Total, Bistrita-Nasaud, Anul 2014, Milioane lei RON, 158
TRANZACTII IMOBILIARE  INCHIRIERI SI ACTIVITATI DE SERVICII PRESTATE IN PRINCIPAL INTREPRINDERILOR  (activitati profesionale  stiintifice si tehnice  activitati de servicii administrative si activitati de servicii suport ), Total, Bistrita-Nasaud, Anul 2015, Milioane lei RON, 211
TRANZACTII IMOBILIARE  INCHIRIERI SI ACTIVITATI DE SERVICII PRESTATE IN PRINCIPAL INTREPRINDERILOR  (activitati profesionale  stiintifice si tehnice  activitati de servicii administrative si activitati de servicii suport ), Total, Bistrita-Nasaud, Anul 2016, Milioane lei RON, 264
TRANZACTII IMOBILIARE  INCHIRIERI SI ACTIVITATI DE SERVICII PRESTATE IN PRINCIPAL INTREPRINDERILOR  (activitati profesionale  stiintifice si tehnice  activitati de servicii administrative si activitati de servicii suport ), Total, Bistrita-Nasaud, Anul 2017, Milioane lei RON, 293
TRANZACTII IMOBILIARE  INCHIRIERI SI ACTIVITATI DE SERVICII PRESTATE IN PRINCIPAL INTREPRINDERILOR  (activitati profesionale  stiintifice si tehnice  activitati de servicii administrative si activitati de servicii suport ), Total, Bistrita-Nasaud, Anul 2018, Milioane lei RON, 351
TRANZACTII IMOBILIARE  INCHIRIERI SI ACTIVITATI DE SERVICII PRESTATE IN PRINCIPAL INTREPRINDERILOR  (activitati profesionale  stiintifice si tehnice  activitati de servicii administrative si activitati de servicii suport ), Total, Bistrita-Nasaud, Anul 2019, Milioane lei RON, 377
TRANZACTII IMOBILIARE  INCHIRIERI SI ACTIVITATI DE SERVICII PRESTATE IN PRINCIPAL INTREPRINDERILOR  (activitati profesionale  stiintifice si tehnice  activitati de servicii administrative si activitati de servicii suport ), Total, Bistrita-Nasaud, Anul 2020, Milioane lei RON, 326
TRANZACTII IMOBILIARE  INCHIRIERI SI ACTIVITATI DE SERVICII PRESTATE IN PRINCIPAL INTREPRINDERILOR  (activitati profesionale  stiintifice si tehnice  activitati de servicii administrative si activitati de servicii suport ), Total, Bistrita-Nasaud, Anul 2021, Milioane lei RON, 406
TRANZACTII IMOBILIARE  INCHIRIERI SI ACTIVITATI DE SERVICII PRESTATE IN PRINCIPAL INTREPRINDERILOR  (activitati profesionale  stiintifice si tehnice  activitati de servicii administrative si activitati de servicii suport ), Total, Bistrita-Nasaud, Anul 2022, Milioane lei RON, 447
TRANZACTII IMOBILIARE  INCHIRIERI SI ACTIVITATI DE SERVICII PRESTATE IN PRINCIPAL INTREPRINDERILOR  (activitati profesionale  stiintifice si tehnice  activitati de servicii administrative si activitati de servicii suport ), Total, Bistrita-Nasaud, Anul 2023, Milioane lei RON, 606
TRANZACTII IMOBILIARE  INCHIRIERI SI ACTIVITATI DE SERVICII PRESTATE IN PRINCIPAL INTREPRINDERILOR  (activitati profesionale  stiintifice si tehnice  activitati de servicii administrative si activitati de servicii suport ), Total, Bistrita-Nasaud, Anul 2024, Milioane lei RON, 675
TRANZACTII IMOBILIARE  INCHIRIERI SI ACTIVITATI DE SERVICII PRESTATE IN PRINCIPAL INTREPRINDERILOR  (activitati profesionale  stiintifice si tehnice  activitati de servicii administrative si activitati de servicii suport ), Total, Cluj, Anul 2008, Milioane lei RON, 2015
TRANZACTII IMOBILIARE  INCHIRIERI SI ACTIVITATI DE SERVICII PRESTATE IN PRINCIPAL INTREPRINDERILOR  (activitati profesionale  stiintifice si tehnice  activitati de servicii administrative si activitati de servicii suport ), Total, Cluj, Anul 2009, Milioane lei RON, 2104
TRANZACTII IMOBILIARE  INCHIRIERI SI ACTIVITATI DE SERVICII PRESTATE IN PRINCIPAL INTREPRINDERILOR  (activitati profesionale  stiintifice si tehnice  activitati de servicii administrative si activitati de servicii suport ), Total, Cluj, Anul 2010, Milioane lei RON, 1823
TRANZACTII IMOBILIARE  INCHIRIERI SI ACTIVITATI DE SERVICII PRESTATE IN PRINCIPAL INTREPRINDERILOR  (activitati profesionale  stiintifice si tehnice  activitati de servicii administrative si activitati de servicii suport ), Total, Cluj, Anul 2011, Milioane lei RON, 1875
TRANZACTII IMOBILIARE  INCHIRIERI SI ACTIVITATI DE SERVICII PRESTATE IN PRINCIPAL INTREPRINDERILOR  (activitati profesionale  stiintifice si tehnice  activitati de servicii administrative si activitati de servicii suport ), Total, Cluj, Anul 2012, Milioane lei RON, 2266
TRANZACTII IMOBILIARE  INCHIRIERI SI ACTIVITATI DE SERVICII PRESTATE IN PRINCIPAL INTREPRINDERILOR  (activitati profesionale  stiintifice si tehnice  activitati de servicii administrative si activitati de servicii suport ), Total, Cluj, Anul 2013, Milioane lei RON, 2315
TRANZACTII IMOBILIARE  INCHIRIERI SI ACTIVITATI DE SERVICII PRESTATE IN PRINCIPAL INTREPRINDERILOR  (activitati profesionale  stiintifice si tehnice  activitati de servicii administrative si activitati de servicii suport ), Total, Cluj, Anul 2014, Milioane lei RON, 2803
TRANZACTII IMOBILIARE  INCHIRIERI SI ACTIVITATI DE SERVICII PRESTATE IN PRINCIPAL INTREPRINDERILOR  (activitati profesionale  stiintifice si tehnice  activitati de servicii administrative si activitati de servicii suport ), Total, Cluj, Anul 2015, Milioane lei RON, 2887
TRANZACTII IMOBILIARE  INCHIRIERI SI ACTIVITATI DE SERVICII PRESTATE IN PRINCIPAL INTREPRINDERILOR  (activitati profesionale  stiintifice si tehnice  activitati de servicii administrative si activitati de servicii suport ), Total, Cluj, Anul 2016, Milioane lei RON, 3344
TRANZACTII IMOBILIARE  INCHIRIERI SI ACTIVITATI DE SERVICII PRESTATE IN PRINCIPAL INTREPRINDERILOR  (activitati profesionale  stiintifice si tehnice  activitati de servicii administrative si activitati de servicii suport ), Total, Cluj, Anul 2017, Milioane lei RON, 3680
TRANZACTII IMOBILIARE  INCHIRIERI SI ACTIVITATI DE SERVICII PRESTATE IN PRINCIPAL INTREPRINDERILOR  (activitati profesionale  stiintifice si tehnice  activitati de servicii administrative si activitati de servicii suport ), Total, Cluj, Anul 2018, Milioane lei RON, 4273
TRANZACTII IMOBILIARE  INCHIRIERI SI ACTIVITATI DE SERVICII PRESTATE IN PRINCIPAL INTREPRINDERILOR  (activitati profesionale  stiintifice si tehnice  activitati de servicii administrative si activitati de servicii suport ), Total, Cluj, Anul 2019, Milioane lei RON, 4929
TRANZACTII IMOBILIARE  INCHIRIERI SI ACTIVITATI DE SERVICII PRESTATE IN PRINCIPAL INTREPRINDERILOR  (activitati profesionale  stiintifice si tehnice  activitati de servicii administrative si activitati de servicii suport ), Total, Cluj, Anul 2020, Milioane lei RON, 4800
TRANZACTII IMOBILIARE  INCHIRIERI SI ACTIVITATI DE SERVICII PRESTATE IN PRINCIPAL INTREPRINDERILOR  (activitati profesionale  stiintifice si tehnice  activitati de servicii administrative si activitati de servicii suport ), Total, Cluj, Anul 2021, Milioane lei RON, 5539
TRANZACTII IMOBILIARE  INCHIRIERI SI ACTIVITATI DE SERVICII PRESTATE IN PRINCIPAL INTREPRINDERILOR  (activitati profesionale  stiintifice si tehnice  activitati de servicii administrative si activitati de servicii suport ), Total, Cluj, Anul 2022, Milioane lei RON, 6878
TRANZACTII IMOBILIARE  INCHIRIERI SI ACTIVITATI DE SERVICII PRESTATE IN PRINCIPAL INTREPRINDERILOR  (activitati profesionale  stiintifice si tehnice  activitati de servicii administrative si activitati de servicii suport ), Total, Cluj, Anul 2023, Milioane lei RON, 7853
TRANZACTII IMOBILIARE  INCHIRIERI SI ACTIVITATI DE SERVICII PRESTATE IN PRINCIPAL INTREPRINDERILOR  (activitati profesionale  stiintifice si tehnice  activitati de servicii administrative si activitati de servicii suport ), Total, Cluj, Anul 2024, Milioane lei RON, 8687
TRANZACTII IMOBILIARE  INCHIRIERI SI ACTIVITATI DE SERVICII PRESTATE IN PRINCIPAL INTREPRINDERILOR  (activitati profesionale  stiintifice si tehnice  activitati de servicii administrative si activitati de servicii suport ), Total, Maramures, Anul 2008, Milioane lei RON, 391
TRANZACTII IMOBILIARE  INCHIRIERI SI ACTIVITATI DE SERVICII PRESTATE IN PRINCIPAL INTREPRINDERILOR  (activitati profesionale  stiintifice si tehnice  activitati de servicii administrative si activitati de servicii suport ), Total, Maramures, Anul 2009, Milioane lei RON, 313
TRANZACTII IMOBILIARE  INCHIRIERI SI ACTIVITATI DE SERVICII PRESTATE IN PRINCIPAL INTREPRINDERILOR  (activitati profesionale  stiintifice si tehnice  activitati de servicii administrative si activitati de servicii suport ), Total, Maramures, Anul 2010, Milioane lei RON, 271
TRANZACTII IMOBILIARE  INCHIRIERI SI ACTIVITATI DE SERVICII PRESTATE IN PRINCIPAL INTREPRINDERILOR  (activitati profesionale  stiintifice si tehnice  activitati de servicii administrative si activitati de servicii suport ), Total, Maramures, Anul 2011, Milioane lei RON, 319
TRANZACTII IMOBILIARE  INCHIRIERI SI ACTIVITATI DE SERVICII PRESTATE IN PRINCIPAL INTREPRINDERILOR  (activitati profesionale  stiintifice si tehnice  activitati de servicii administrative si activitati de servicii suport ), Total, Maramures, Anul 2012, Milioane lei RON, 361
TRANZACTII IMOBILIARE  INCHIRIERI SI ACTIVITATI DE SERVICII PRESTATE IN PRINCIPAL INTREPRINDERILOR  (activitati profesionale  stiintifice si tehnice  activitati de servicii administrative si activitati de servicii suport ), Total, Maramures, Anul 2013, Milioane lei RON, 381
TRANZACTII IMOBILIARE  INCHIRIERI SI ACTIVITATI DE SERVICII PRESTATE IN PRINCIPAL INTREPRINDERILOR  (activitati profesionale  stiintifice si tehnice  activitati de servicii administrative si activitati de servicii suport ), Total, Maramures, Anul 2014, Milioane lei RON, 374
TRANZACTII IMOBILIARE  INCHIRIERI SI ACTIVITATI DE SERVICII PRESTATE IN PRINCIPAL INTREPRINDERILOR  (activitati profesionale  stiintifice si tehnice  activitati de servicii administrative si activitati de servicii suport ), Total, Maramures, Anul 2015, Milioane lei RON, 412
TRANZACTII IMOBILIARE  INCHIRIERI SI ACTIVITATI DE SERVICII PRESTATE IN PRINCIPAL INTREPRINDERILOR  (activitati profesionale  stiintifice si tehnice  activitati de servicii administrative si activitati de servicii suport ), Total, Maramures, Anul 2016, Milioane lei RON, 399
TRANZACTII IMOBILIARE  INCHIRIERI SI ACTIVITATI DE SERVICII PRESTATE IN PRINCIPAL INTREPRINDERILOR  (activitati profesionale  stiintifice si tehnice  activitati de servicii administrative si activitati de servicii suport ), Total, Maramures, Anul 2017, Milioane lei RON, 501
TRANZACTII IMOBILIARE  INCHIRIERI SI ACTIVITATI DE SERVICII PRESTATE IN PRINCIPAL INTREPRINDERILOR  (activitati profesionale  stiintifice si tehnice  activitati de servicii administrative si activitati de servicii suport ), Total, Maramures, Anul 2018, Milioane lei RON, 607
TRANZACTII IMOBILIARE  INCHIRIERI SI ACTIVITATI DE SERVICII PRESTATE IN PRINCIPAL INTREPRINDERILOR  (activitati profesionale  stiintifice si tehnice  activitati de servicii administrative si activitati de servicii suport ), Total, Maramures, Anul 2019, Milioane lei RON, 671
TRANZACTII IMOBILIARE  INCHIRIERI SI ACTIVITATI DE SERVICII PRESTATE IN PRINCIPAL INTREPRINDERILOR  (activitati profesionale  stiintifice si tehnice  activitati de servicii administrative si activitati de servicii suport ), Total, Maramures, Anul 2020, Milioane lei RON, 777
TRANZACTII IMOBILIARE  INCHIRIERI SI ACTIVITATI DE SERVICII PRESTATE IN PRINCIPAL INTREPRINDERILOR  (activitati profesionale  stiintifice si tehnice  activitati de servicii administrative si activitati de servicii suport ), Total, Maramures, Anul 2021, Milioane lei RON, 754
TRANZACTII IMOBILIARE  INCHIRIERI SI ACTIVITATI DE SERVICII PRESTATE IN PRINCIPAL INTREPRINDERILOR  (activitati profesionale  stiintifice si tehnice  activitati de servicii administrative si activitati de servicii suport ), Total, Maramures, Anul 2022, Milioane lei RON, 905
TRANZACTII IMOBILIARE  INCHIRIERI SI ACTIVITATI DE SERVICII PRESTATE IN PRINCIPAL INTREPRINDERILOR  (activitati profesionale  stiintifice si tehnice  activitati de servicii administrative si activitati de servicii suport ), Total, Maramures, Anul 2023, Milioane lei RON, 1046
TRANZACTII IMOBILIARE  INCHIRIERI SI ACTIVITATI DE SERVICII PRESTATE IN PRINCIPAL INTREPRINDERILOR  (activitati profesionale  stiintifice si tehnice  activitati de servicii administrative si activitati de servicii suport ), Total, Maramures, Anul 2024, Milioane lei RON, 1169
TRANZACTII IMOBILIARE  INCHIRIERI SI ACTIVITATI DE SERVICII PRESTATE IN PRINCIPAL INTREPRINDERILOR  (activitati profesionale  stiintifice si tehnice  activitati de servicii administrative si activitati de servicii suport ), Total, Satu Mare, Anul 2008, Milioane lei RON, 231
TRANZACTII IMOBILIARE  INCHIRIERI SI ACTIVITATI DE SERVICII PRESTATE IN PRINCIPAL INTREPRINDERILOR  (activitati profesionale  stiintifice si tehnice  activitati de servicii administrative si activitati de servicii suport ), Total, Satu Mare, Anul 2009, Milioane lei RON, 252
TRANZACTII IMOBILIARE  INCHIRIERI SI ACTIVITATI DE SERVICII PRESTATE IN PRINCIPAL INTREPRINDERILOR  (activitati profesionale  stiintifice si tehnice  activitati de servicii administrative si activitati de servicii suport ), Total, Satu Mare, Anul 2010, Milioane lei RON, 210
TRANZACTII IMOBILIARE  INCHIRIERI SI ACTIVITATI DE SERVICII PRESTATE IN PRINCIPAL INTREPRINDERILOR  (activitati profesionale  stiintifice si tehnice  activitati de servicii administrative si activitati de servicii suport ), Total, Satu Mare, Anul 2011, Milioane lei RON, 255
TRANZACTII IMOBILIARE  INCHIRIERI SI ACTIVITATI DE SERVICII PRESTATE IN PRINCIPAL INTREPRINDERILOR  (activitati profesionale  stiintifice si tehnice  activitati de servicii administrative si activitati de servicii suport ), Total, Satu Mare, Anul 2012, Milioane lei RON, 278
TRANZACTII IMOBILIARE  INCHIRIERI SI ACTIVITATI DE SERVICII PRESTATE IN PRINCIPAL INTREPRINDERILOR  (activitati profesionale  stiintifice si tehnice  activitati de servicii administrative si activitati de servicii suport ), Total, Satu Mare, Anul 2013, Milioane lei RON, 250
TRANZACTII IMOBILIARE  INCHIRIERI SI ACTIVITATI DE SERVICII PRESTATE IN PRINCIPAL INTREPRINDERILOR  (activitati profesionale  stiintifice si tehnice  activitati de servicii administrative si activitati de servicii suport ), Total, Satu Mare, Anul 2014, Milioane lei RON, 263
TRANZACTII IMOBILIARE  INCHIRIERI SI ACTIVITATI DE SERVICII PRESTATE IN PRINCIPAL INTREPRINDERILOR  (activitati profesionale  stiintifice si tehnice  activitati de servicii administrative si activitati de servicii suport ), Total, Satu Mare, Anul 2015, Milioane lei RON, 302
TRANZACTII IMOBILIARE  INCHIRIERI SI ACTIVITATI DE SERVICII PRESTATE IN PRINCIPAL INTREPRINDERILOR  (activitati profesionale  stiintifice si tehnice  activitati de servicii administrative si activitati de servicii suport ), Total, Satu Mare, Anul 2016, Milioane lei RON, 327
TRANZACTII IMOBILIARE  INCHIRIERI SI ACTIVITATI DE SERVICII PRESTATE IN PRINCIPAL INTREPRINDERILOR  (activitati profesionale  stiintifice si tehnice  activitati de servicii administrative si activitati de servicii suport ), Total, Satu Mare, Anul 2017, Milioane lei RON, 363
TRANZACTII IMOBILIARE  INCHIRIERI SI ACTIVITATI DE SERVICII PRESTATE IN PRINCIPAL INTREPRINDERILOR  (activitati profesionale  stiintifice si tehnice  activitati de servicii administrative si activitati de servicii suport ), Total, Satu Mare, Anul 2018, Milioane lei RON, 401
TRANZACTII IMOBILIARE  INCHIRIERI SI ACTIVITATI DE SERVICII PRESTATE IN PRINCIPAL INTREPRINDERILOR  (activitati profesionale  stiintifice si tehnice  activitati de servicii administrative si activitati de servicii suport ), Total, Satu Mare, Anul 2019, Milioane lei RON, 475
TRANZACTII IMOBILIARE  INCHIRIERI SI ACTIVITATI DE SERVICII PRESTATE IN PRINCIPAL INTREPRINDERILOR  (activitati profesionale  stiintifice si tehnice  activitati de servicii administrative si activitati de servicii suport ), Total, Satu Mare, Anul 2020, Milioane lei RON, 469
TRANZACTII IMOBILIARE  INCHIRIERI SI ACTIVITATI DE SERVICII PRESTATE IN PRINCIPAL INTREPRINDERILOR  (activitati profesionale  stiintifice si tehnice  activitati de servicii administrative si activitati de servicii suport ), Total, Satu Mare, Anul 2021, Milioane lei RON, 598
TRANZACTII IMOBILIARE  INCHIRIERI SI ACTIVITATI DE SERVICII PRESTATE IN PRINCIPAL INTREPRINDERILOR  (activitati profesionale  stiintifice si tehnice  activitati de servicii administrative si activitati de servicii suport ), Total, Satu Mare, Anul 2022, Milioane lei RON, 676
TRANZACTII IMOBILIARE  INCHIRIERI SI ACTIVITATI DE SERVICII PRESTATE IN PRINCIPAL INTREPRINDERILOR  (activitati profesionale  stiintifice si tehnice  activitati de servicii administrative si activitati de servicii suport ), Total, Satu Mare, Anul 2023, Milioane lei RON, 743
TRANZACTII IMOBILIARE  INCHIRIERI SI ACTIVITATI DE SERVICII PRESTATE IN PRINCIPAL INTREPRINDERILOR  (activitati profesionale  stiintifice si tehnice  activitati de servicii administrative si activitati de servicii suport ), Total, Satu Mare, Anul 2024, Milioane lei RON, 776
TRANZACTII IMOBILIARE  INCHIRIERI SI ACTIVITATI DE SERVICII PRESTATE IN PRINCIPAL INTREPRINDERILOR  (activitati profesionale  stiintifice si tehnice  activitati de servicii administrative si activitati de servicii suport ), Total, Salaj, Anul 2008, Milioane lei RON, 170
TRANZACTII IMOBILIARE  INCHIRIERI SI ACTIVITATI DE SERVICII PRESTATE IN PRINCIPAL INTREPRINDERILOR  (activitati profesionale  stiintifice si tehnice  activitati de servicii administrative si activitati de servicii suport ), Total, Salaj, Anul 2009, Milioane lei RON, 147
TRANZACTII IMOBILIARE  INCHIRIERI SI ACTIVITATI DE SERVICII PRESTATE IN PRINCIPAL INTREPRINDERILOR  (activitati profesionale  stiintifice si tehnice  activitati de servicii administrative si activitati de servicii suport ), Total, Salaj, Anul 2010, Milioane lei RON, 150
TRANZACTII IMOBILIARE  INCHIRIERI SI ACTIVITATI DE SERVICII PRESTATE IN PRINCIPAL INTREPRINDERILOR  (activitati profesionale  stiintifice si tehnice  activitati de servicii administrative si activitati de servicii suport ), Total, Salaj, Anul 2011, Milioane lei RON, 178
TRANZACTII IMOBILIARE  INCHIRIERI SI ACTIVITATI DE SERVICII PRESTATE IN PRINCIPAL INTREPRINDERILOR  (activitati profesionale  stiintifice si tehnice  activitati de servicii administrative si activitati de servicii suport ), Total, Salaj, Anul 2012, Milioane lei RON, 201
TRANZACTII IMOBILIARE  INCHIRIERI SI ACTIVITATI DE SERVICII PRESTATE IN PRINCIPAL INTREPRINDERILOR  (activitati profesionale  stiintifice si tehnice  activitati de servicii administrative si activitati de servicii suport ), Total, Salaj, Anul 2013, Milioane lei RON, 167
TRANZACTII IMOBILIARE  INCHIRIERI SI ACTIVITATI DE SERVICII PRESTATE IN PRINCIPAL INTREPRINDERILOR  (activitati profesionale  stiintifice si tehnice  activitati de servicii administrative si activitati de servicii suport ), Total, Salaj, Anul 2014, Milioane lei RON, 189
TRANZACTII IMOBILIARE  INCHIRIERI SI ACTIVITATI DE SERVICII PRESTATE IN PRINCIPAL INTREPRINDERILOR  (activitati profesionale  stiintifice si tehnice  activitati de servicii administrative si activitati de servicii suport ), Total, Salaj, Anul 2015, Milioane lei RON, 194
TRANZACTII IMOBILIARE  INCHIRIERI SI ACTIVITATI DE SERVICII PRESTATE IN PRINCIPAL INTREPRINDERILOR  (activitati profesionale  stiintifice si tehnice  activitati de servicii administrative si activitati de servicii suport ), Total, Salaj, Anul 2016, Milioane lei RON, 215
TRANZACTII IMOBILIARE  INCHIRIERI SI ACTIVITATI DE SERVICII PRESTATE IN PRINCIPAL INTREPRINDERILOR  (activitati profesionale  stiintifice si tehnice  activitati de servicii administrative si activitati de servicii suport ), Total, Salaj, Anul 2017, Milioane lei RON, 247
TRANZACTII IMOBILIARE  INCHIRIERI SI ACTIVITATI DE SERVICII PRESTATE IN PRINCIPAL INTREPRINDERILOR  (activitati profesionale  stiintifice si tehnice  activitati de servicii administrative si activitati de servicii suport ), Total, Salaj, Anul 2018, Milioane lei RON, 278
TRANZACTII IMOBILIARE  INCHIRIERI SI ACTIVITATI DE SERVICII PRESTATE IN PRINCIPAL INTREPRINDERILOR  (activitati profesionale  stiintifice si tehnice  activitati de servicii administrative si activitati de servicii suport ), Total, Salaj, Anul 2019, Milioane lei RON, 324
TRANZACTII IMOBILIARE  INCHIRIERI SI ACTIVITATI DE SERVICII PRESTATE IN PRINCIPAL INTREPRINDERILOR  (activitati profesionale  stiintifice si tehnice  activitati de servicii administrative si activitati de servicii suport ), Total, Salaj, Anul 2020, Milioane lei RON, 302
TRANZACTII IMOBILIARE  INCHIRIERI SI ACTIVITATI DE SERVICII PRESTATE IN PRINCIPAL INTREPRINDERILOR  (activitati profesionale  stiintifice si tehnice  activitati de servicii administrative si activitati de servicii suport ), Total, Salaj, Anul 2021, Milioane lei RON, 362
TRANZACTII IMOBILIARE  INCHIRIERI SI ACTIVITATI DE SERVICII PRESTATE IN PRINCIPAL INTREPRINDERILOR  (activitati profesionale  stiintifice si tehnice  activitati de servicii administrative si activitati de servicii suport ), Total, Salaj, Anul 2022, Milioane lei RON, 429
TRANZACTII IMOBILIARE  INCHIRIERI SI ACTIVITATI DE SERVICII PRESTATE IN PRINCIPAL INTREPRINDERILOR  (activitati profesionale  stiintifice si tehnice  activitati de servicii administrative si activitati de servicii suport ), Total, Salaj, Anul 2023, Milioane lei RON, 462
TRANZACTII IMOBILIARE  INCHIRIERI SI ACTIVITATI DE SERVICII PRESTATE IN PRINCIPAL INTREPRINDERILOR  (activitati profesionale  stiintifice si tehnice  activitati de servicii administrative si activitati de servicii suport ), Total, Salaj, Anul 2024, Milioane lei RON, 507
TRANZACTII IMOBILIARE  INCHIRIERI SI ACTIVITATI DE SERVICII PRESTATE IN PRINCIPAL INTREPRINDERILOR  (activitati profesionale  stiintifice si tehnice  activitati de servicii administrative si activitati de servicii suport ), Total, Alba, Anul 2008, Milioane lei RON, 261
TRANZACTII IMOBILIARE  INCHIRIERI SI ACTIVITATI DE SERVICII PRESTATE IN PRINCIPAL INTREPRINDERILOR  (activitati profesionale  stiintifice si tehnice  activitati de servicii administrative si activitati de servicii suport ), Total, Alba, Anul 2009, Milioane lei RON, 266
TRANZACTII IMOBILIARE  INCHIRIERI SI ACTIVITATI DE SERVICII PRESTATE IN PRINCIPAL INTREPRINDERILOR  (activitati profesionale  stiintifice si tehnice  activitati de servicii administrative si activitati de servicii suport ), Total, Alba, Anul 2010, Milioane lei RON, 280
TRANZACTII IMOBILIARE  INCHIRIERI SI ACTIVITATI DE SERVICII PRESTATE IN PRINCIPAL INTREPRINDERILOR  (activitati profesionale  stiintifice si tehnice  activitati de servicii administrative si activitati de servicii suport ), Total, Alba, Anul 2011, Milioane lei RON, 278
TRANZACTII IMOBILIARE  INCHIRIERI SI ACTIVITATI DE SERVICII PRESTATE IN PRINCIPAL INTREPRINDERILOR  (activitati profesionale  stiintifice si tehnice  activitati de servicii administrative si activitati de servicii suport ), Total, Alba, Anul 2012, Milioane lei RON, 294
TRANZACTII IMOBILIARE  INCHIRIERI SI ACTIVITATI DE SERVICII PRESTATE IN PRINCIPAL INTREPRINDERILOR  (activitati profesionale  stiintifice si tehnice  activitati de servicii administrative si activitati de servicii suport ), Total, Alba, Anul 2013, Milioane lei RON, 287
TRANZACTII IMOBILIARE  INCHIRIERI SI ACTIVITATI DE SERVICII PRESTATE IN PRINCIPAL INTREPRINDERILOR  (activitati profesionale  stiintifice si tehnice  activitati de servicii administrative si activitati de servicii suport ), Total, Alba, Anul 2014, Milioane lei RON, 272
TRANZACTII IMOBILIARE  INCHIRIERI SI ACTIVITATI DE SERVICII PRESTATE IN PRINCIPAL INTREPRINDERILOR  (activitati profesionale  stiintifice si tehnice  activitati de servicii administrative si activitati de servicii suport ), Total, Alba, Anul 2015, Milioane lei RON, 304
TRANZACTII IMOBILIARE  INCHIRIERI SI ACTIVITATI DE SERVICII PRESTATE IN PRINCIPAL INTREPRINDERILOR  (activitati profesionale  stiintifice si tehnice  activitati de servicii administrative si activitati de servicii suport ), Total, Alba, Anul 2016, Milioane lei RON, 317
TRANZACTII IMOBILIARE  INCHIRIERI SI ACTIVITATI DE SERVICII PRESTATE IN PRINCIPAL INTREPRINDERILOR  (activitati profesionale  stiintifice si tehnice  activitati de servicii administrative si activitati de servicii suport ), Total, Alba, Anul 2017, Milioane lei RON, 353
TRANZACTII IMOBILIARE  INCHIRIERI SI ACTIVITATI DE SERVICII PRESTATE IN PRINCIPAL INTREPRINDERILOR  (activitati profesionale  stiintifice si tehnice  activitati de servicii administrative si activitati de servicii suport ), Total, Alba, Anul 2018, Milioane lei RON, 405
TRANZACTII IMOBILIARE  INCHIRIERI SI ACTIVITATI DE SERVICII PRESTATE IN PRINCIPAL INTREPRINDERILOR  (activitati profesionale  stiintifice si tehnice  activitati de servicii administrative si activitati de servicii suport ), Total, Alba, Anul 2019, Milioane lei RON, 456
TRANZACTII IMOBILIARE  INCHIRIERI SI ACTIVITATI DE SERVICII PRESTATE IN PRINCIPAL INTREPRINDERILOR  (activitati profesionale  stiintifice si tehnice  activitati de servicii administrative si activitati de servicii suport ), Total, Alba, Anul 2020, Milioane lei RON, 453
TRANZACTII IMOBILIARE  INCHIRIERI SI ACTIVITATI DE SERVICII PRESTATE IN PRINCIPAL INTREPRINDERILOR  (activitati profesionale  stiintifice si tehnice  activitati de servicii administrative si activitati de servicii suport ), Total, Alba, Anul 2021, Milioane lei RON, 571
TRANZACTII IMOBILIARE  INCHIRIERI SI ACTIVITATI DE SERVICII PRESTATE IN PRINCIPAL INTREPRINDERILOR  (activitati profesionale  stiintifice si tehnice  activitati de servicii administrative si activitati de servicii suport ), Total, Alba, Anul 2022, Milioane lei RON, 700
TRANZACTII IMOBILIARE  INCHIRIERI SI ACTIVITATI DE SERVICII PRESTATE IN PRINCIPAL INTREPRINDERILOR  (activitati profesionale  stiintifice si tehnice  activitati de servicii administrative si activitati de servicii suport ), Total, Alba, Anul 2023, Milioane lei RON, 859
TRANZACTII IMOBILIARE  INCHIRIERI SI ACTIVITATI DE SERVICII PRESTATE IN PRINCIPAL INTREPRINDERILOR  (activitati profesionale  stiintifice si tehnice  activitati de servicii administrative si activitati de servicii suport ), Total, Alba, Anul 2024, Milioane lei RON, 867
TRANZACTII IMOBILIARE  INCHIRIERI SI ACTIVITATI DE SERVICII PRESTATE IN PRINCIPAL INTREPRINDERILOR  (activitati profesionale  stiintifice si tehnice  activitati de servicii administrative si activitati de servicii suport ), Total, Brasov, Anul 2008, Milioane lei RON, 2148
TRANZACTII IMOBILIARE  INCHIRIERI SI ACTIVITATI DE SERVICII PRESTATE IN PRINCIPAL INTREPRINDERILOR  (activitati profesionale  stiintifice si tehnice  activitati de servicii administrative si activitati de servicii suport ), Total, Brasov, Anul 2009, Milioane lei RON, 1104
TRANZACTII IMOBILIARE  INCHIRIERI SI ACTIVITATI DE SERVICII PRESTATE IN PRINCIPAL INTREPRINDERILOR  (activitati profesionale  stiintifice si tehnice  activitati de servicii administrative si activitati de servicii suport ), Total, Brasov, Anul 2010, Milioane lei RON, 1038
TRANZACTII IMOBILIARE  INCHIRIERI SI ACTIVITATI DE SERVICII PRESTATE IN PRINCIPAL INTREPRINDERILOR  (activitati profesionale  stiintifice si tehnice  activitati de servicii administrative si activitati de servicii suport ), Total, Brasov, Anul 2011, Milioane lei RON, 1293
TRANZACTII IMOBILIARE  INCHIRIERI SI ACTIVITATI DE SERVICII PRESTATE IN PRINCIPAL INTREPRINDERILOR  (activitati profesionale  stiintifice si tehnice  activitati de servicii administrative si activitati de servicii suport ), Total, Brasov, Anul 2012, Milioane lei RON, 1481
TRANZACTII IMOBILIARE  INCHIRIERI SI ACTIVITATI DE SERVICII PRESTATE IN PRINCIPAL INTREPRINDERILOR  (activitati profesionale  stiintifice si tehnice  activitati de servicii administrative si activitati de servicii suport ), Total, Brasov, Anul 2013, Milioane lei RON, 1390
TRANZACTII IMOBILIARE  INCHIRIERI SI ACTIVITATI DE SERVICII PRESTATE IN PRINCIPAL INTREPRINDERILOR  (activitati profesionale  stiintifice si tehnice  activitati de servicii administrative si activitati de servicii suport ), Total, Brasov, Anul 2014, Milioane lei RON, 1564
TRANZACTII IMOBILIARE  INCHIRIERI SI ACTIVITATI DE SERVICII PRESTATE IN PRINCIPAL INTREPRINDERILOR  (activitati profesionale  stiintifice si tehnice  activitati de servicii administrative si activitati de servicii suport ), Total, Brasov, Anul 2015, Milioane lei RON, 1701
TRANZACTII IMOBILIARE  INCHIRIERI SI ACTIVITATI DE SERVICII PRESTATE IN PRINCIPAL INTREPRINDERILOR  (activitati profesionale  stiintifice si tehnice  activitati de servicii administrative si activitati de servicii suport ), Total, Brasov, Anul 2016, Milioane lei RON, 1918
TRANZACTII IMOBILIARE  INCHIRIERI SI ACTIVITATI DE SERVICII PRESTATE IN PRINCIPAL INTREPRINDERILOR  (activitati profesionale  stiintifice si tehnice  activitati de servicii administrative si activitati de servicii suport ), Total, Brasov, Anul 2017, Milioane lei RON, 2107
TRANZACTII IMOBILIARE  INCHIRIERI SI ACTIVITATI DE SERVICII PRESTATE IN PRINCIPAL INTREPRINDERILOR  (activitati profesionale  stiintifice si tehnice  activitati de servicii administrative si activitati de servicii suport ), Total, Brasov, Anul 2018, Milioane lei RON, 2386
TRANZACTII IMOBILIARE  INCHIRIERI SI ACTIVITATI DE SERVICII PRESTATE IN PRINCIPAL INTREPRINDERILOR  (activitati profesionale  stiintifice si tehnice  activitati de servicii administrative si activitati de servicii suport ), Total, Brasov, Anul 2019, Milioane lei RON, 2784
TRANZACTII IMOBILIARE  INCHIRIERI SI ACTIVITATI DE SERVICII PRESTATE IN PRINCIPAL INTREPRINDERILOR  (activitati profesionale  stiintifice si tehnice  activitati de servicii administrative si activitati de servicii suport ), Total, Brasov, Anul 2020, Milioane lei RON, 2887
TRANZACTII IMOBILIARE  INCHIRIERI SI ACTIVITATI DE SERVICII PRESTATE IN PRINCIPAL INTREPRINDERILOR  (activitati profesionale  stiintifice si tehnice  activitati de servicii administrative si activitati de servicii suport ), Total, Brasov, Anul 2021, Milioane lei RON, 3469
TRANZACTII IMOBILIARE  INCHIRIERI SI ACTIVITATI DE SERVICII PRESTATE IN PRINCIPAL INTREPRINDERILOR  (activitati profesionale  stiintifice si tehnice  activitati de servicii administrative si activitati de servicii suport ), Total, Brasov, Anul 2022, Milioane lei RON, 3839
TRANZACTII IMOBILIARE  INCHIRIERI SI ACTIVITATI DE SERVICII PRESTATE IN PRINCIPAL INTREPRINDERILOR  (activitati profesionale  stiintifice si tehnice  activitati de servicii administrative si activitati de servicii suport ), Total, Brasov, Anul 2023, Milioane lei RON, 4518
TRANZACTII IMOBILIARE  INCHIRIERI SI ACTIVITATI DE SERVICII PRESTATE IN PRINCIPAL INTREPRINDERILOR  (activitati profesionale  stiintifice si tehnice  activitati de servicii administrative si activitati de servicii suport ), Total, Brasov, Anul 2024, Milioane lei RON, 4572
TRANZACTII IMOBILIARE  INCHIRIERI SI ACTIVITATI DE SERVICII PRESTATE IN PRINCIPAL INTREPRINDERILOR  (activitati profesionale  stiintifice si tehnice  activitati de servicii administrative si activitati de servicii suport ), Total, Covasna, Anul 2008, Milioane lei RON, 138
TRANZACTII IMOBILIARE  INCHIRIERI SI ACTIVITATI DE SERVICII PRESTATE IN PRINCIPAL INTREPRINDERILOR  (activitati profesionale  stiintifice si tehnice  activitati de servicii administrative si activitati de servicii suport ), Total, Covasna, Anul 2009, Milioane lei RON, 142
TRANZACTII IMOBILIARE  INCHIRIERI SI ACTIVITATI DE SERVICII PRESTATE IN PRINCIPAL INTREPRINDERILOR  (activitati profesionale  stiintifice si tehnice  activitati de servicii administrative si activitati de servicii suport ), Total, Covasna, Anul 2010, Milioane lei RON, 136
TRANZACTII IMOBILIARE  INCHIRIERI SI ACTIVITATI DE SERVICII PRESTATE IN PRINCIPAL INTREPRINDERILOR  (activitati profesionale  stiintifice si tehnice  activitati de servicii administrative si activitati de servicii suport ), Total, Covasna, Anul 2011, Milioane lei RON, 126
TRANZACTII IMOBILIARE  INCHIRIERI SI ACTIVITATI DE SERVICII PRESTATE IN PRINCIPAL INTREPRINDERILOR  (activitati profesionale  stiintifice si tehnice  activitati de servicii administrative si activitati de servicii suport ), Total, Covasna, Anul 2012, Milioane lei RON, 119
TRANZACTII IMOBILIARE  INCHIRIERI SI ACTIVITATI DE SERVICII PRESTATE IN PRINCIPAL INTREPRINDERILOR  (activitati profesionale  stiintifice si tehnice  activitati de servicii administrative si activitati de servicii suport ), Total, Covasna, Anul 2013, Milioane lei RON, 135
TRANZACTII IMOBILIARE  INCHIRIERI SI ACTIVITATI DE SERVICII PRESTATE IN PRINCIPAL INTREPRINDERILOR  (activitati profesionale  stiintifice si tehnice  activitati de servicii administrative si activitati de servicii suport ), Total, Covasna, Anul 2014, Milioane lei RON, 125
TRANZACTII IMOBILIARE  INCHIRIERI SI ACTIVITATI DE SERVICII PRESTATE IN PRINCIPAL INTREPRINDERILOR  (activitati profesionale  stiintifice si tehnice  activitati de servicii administrative si activitati de servicii suport ), Total, Covasna, Anul 2015, Milioane lei RON, 143
TRANZACTII IMOBILIARE  INCHIRIERI SI ACTIVITATI DE SERVICII PRESTATE IN PRINCIPAL INTREPRINDERILOR  (activitati profesionale  stiintifice si tehnice  activitati de servicii administrative si activitati de servicii suport ), Total, Covasna, Anul 2016, Milioane lei RON, 145
TRANZACTII IMOBILIARE  INCHIRIERI SI ACTIVITATI DE SERVICII PRESTATE IN PRINCIPAL INTREPRINDERILOR  (activitati profesionale  stiintifice si tehnice  activitati de servicii administrative si activitati de servicii suport ), Total, Covasna, Anul 2017, Milioane lei RON, 155
TRANZACTII IMOBILIARE  INCHIRIERI SI ACTIVITATI DE SERVICII PRESTATE IN PRINCIPAL INTREPRINDERILOR  (activitati profesionale  stiintifice si tehnice  activitati de servicii administrative si activitati de servicii suport ), Total, Covasna, Anul 2018, Milioane lei RON, 181
TRANZACTII IMOBILIARE  INCHIRIERI SI ACTIVITATI DE SERVICII PRESTATE IN PRINCIPAL INTREPRINDERILOR  (activitati profesionale  stiintifice si tehnice  activitati de servicii administrative si activitati de servicii suport ), Total, Covasna, Anul 2019, Milioane lei RON, 210
TRANZACTII IMOBILIARE  INCHIRIERI SI ACTIVITATI DE SERVICII PRESTATE IN PRINCIPAL INTREPRINDERILOR  (activitati profesionale  stiintifice si tehnice  activitati de servicii administrative si activitati de servicii suport ), Total, Covasna, Anul 2020, Milioane lei RON, 212
TRANZACTII IMOBILIARE  INCHIRIERI SI ACTIVITATI DE SERVICII PRESTATE IN PRINCIPAL INTREPRINDERILOR  (activitati profesionale  stiintifice si tehnice  activitati de servicii administrative si activitati de servicii suport ), Total, Covasna, Anul 2021, Milioane lei RON, 243
TRANZACTII IMOBILIARE  INCHIRIERI SI ACTIVITATI DE SERVICII PRESTATE IN PRINCIPAL INTREPRINDERILOR  (activitati profesionale  stiintifice si tehnice  activitati de servicii administrative si activitati de servicii suport ), Total, Covasna, Anul 2022, Milioane lei RON, 288
TRANZACTII IMOBILIARE  INCHIRIERI SI ACTIVITATI DE SERVICII PRESTATE IN PRINCIPAL INTREPRINDERILOR  (activitati profesionale  stiintifice si tehnice  activitati de servicii administrative si activitati de servicii suport ), Total, Covasna, Anul 2023, Milioane lei RON, 335
TRANZACTII IMOBILIARE  INCHIRIERI SI ACTIVITATI DE SERVICII PRESTATE IN PRINCIPAL INTREPRINDERILOR  (activitati profesionale  stiintifice si tehnice  activitati de servicii administrative si activitati de servicii suport ), Total, Covasna, Anul 2024, Milioane lei RON, 347
TRANZACTII IMOBILIARE  INCHIRIERI SI ACTIVITATI DE SERVICII PRESTATE IN PRINCIPAL INTREPRINDERILOR  (activitati profesionale  stiintifice si tehnice  activitati de servicii administrative si activitati de servicii suport ), Total, Harghita, Anul 2008, Milioane lei RON, 303
TRANZACTII IMOBILIARE  INCHIRIERI SI ACTIVITATI DE SERVICII PRESTATE IN PRINCIPAL INTREPRINDERILOR  (activitati profesionale  stiintifice si tehnice  activitati de servicii administrative si activitati de servicii suport ), Total, Harghita, Anul 2009, Milioane lei RON, 228
TRANZACTII IMOBILIARE  INCHIRIERI SI ACTIVITATI DE SERVICII PRESTATE IN PRINCIPAL INTREPRINDERILOR  (activitati profesionale  stiintifice si tehnice  activitati de servicii administrative si activitati de servicii suport ), Total, Harghita, Anul 2010, Milioane lei RON, 260
TRANZACTII IMOBILIARE  INCHIRIERI SI ACTIVITATI DE SERVICII PRESTATE IN PRINCIPAL INTREPRINDERILOR  (activitati profesionale  stiintifice si tehnice  activitati de servicii administrative si activitati de servicii suport ), Total, Harghita, Anul 2011, Milioane lei RON, 265
TRANZACTII IMOBILIARE  INCHIRIERI SI ACTIVITATI DE SERVICII PRESTATE IN PRINCIPAL INTREPRINDERILOR  (activitati profesionale  stiintifice si tehnice  activitati de servicii administrative si activitati de servicii suport ), Total, Harghita, Anul 2012, Milioane lei RON, 260
TRANZACTII IMOBILIARE  INCHIRIERI SI ACTIVITATI DE SERVICII PRESTATE IN PRINCIPAL INTREPRINDERILOR  (activitati profesionale  stiintifice si tehnice  activitati de servicii administrative si activitati de servicii suport ), Total, Harghita, Anul 2013, Milioane lei RON, 240
TRANZACTII IMOBILIARE  INCHIRIERI SI ACTIVITATI DE SERVICII PRESTATE IN PRINCIPAL INTREPRINDERILOR  (activitati profesionale  stiintifice si tehnice  activitati de servicii administrative si activitati de servicii suport ), Total, Harghita, Anul 2014, Milioane lei RON, 271
TRANZACTII IMOBILIARE  INCHIRIERI SI ACTIVITATI DE SERVICII PRESTATE IN PRINCIPAL INTREPRINDERILOR  (activitati profesionale  stiintifice si tehnice  activitati de servicii administrative si activitati de servicii suport ), Total, Harghita, Anul 2015, Milioane lei RON, 293
TRANZACTII IMOBILIARE  INCHIRIERI SI ACTIVITATI DE SERVICII PRESTATE IN PRINCIPAL INTREPRINDERILOR  (activitati profesionale  stiintifice si tehnice  activitati de servicii administrative si activitati de servicii suport ), Total, Harghita, Anul 2016, Milioane lei RON, 313
TRANZACTII IMOBILIARE  INCHIRIERI SI ACTIVITATI DE SERVICII PRESTATE IN PRINCIPAL INTREPRINDERILOR  (activitati profesionale  stiintifice si tehnice  activitati de servicii administrative si activitati de servicii suport ), Total, Harghita, Anul 2017, Milioane lei RON, 347
TRANZACTII IMOBILIARE  INCHIRIERI SI ACTIVITATI DE SERVICII PRESTATE IN PRINCIPAL INTREPRINDERILOR  (activitati profesionale  stiintifice si tehnice  activitati de servicii administrative si activitati de servicii suport ), Total, Harghita, Anul 2018, Milioane lei RON, 381
TRANZACTII IMOBILIARE  INCHIRIERI SI ACTIVITATI DE SERVICII PRESTATE IN PRINCIPAL INTREPRINDERILOR  (activitati profesionale  stiintifice si tehnice  activitati de servicii administrative si activitati de servicii suport ), Total, Harghita, Anul 2019, Milioane lei RON, 443
TRANZACTII IMOBILIARE  INCHIRIERI SI ACTIVITATI DE SERVICII PRESTATE IN PRINCIPAL INTREPRINDERILOR  (activitati profesionale  stiintifice si tehnice  activitati de servicii administrative si activitati de servicii suport ), Total, Harghita, Anul 2020, Milioane lei RON, 482
TRANZACTII IMOBILIARE  INCHIRIERI SI ACTIVITATI DE SERVICII PRESTATE IN PRINCIPAL INTREPRINDERILOR  (activitati profesionale  stiintifice si tehnice  activitati de servicii administrative si activitati de servicii suport ), Total, Harghita, Anul 2021, Milioane lei RON, 569
TRANZACTII IMOBILIARE  INCHIRIERI SI ACTIVITATI DE SERVICII PRESTATE IN PRINCIPAL INTREPRINDERILOR  (activitati profesionale  stiintifice si tehnice  activitati de servicii administrative si activitati de servicii suport ), Total, Harghita, Anul 2022, Milioane lei RON, 613
TRANZACTII IMOBILIARE  INCHIRIERI SI ACTIVITATI DE SERVICII PRESTATE IN PRINCIPAL INTREPRINDERILOR  (activitati profesionale  stiintifice si tehnice  activitati de servicii administrative si activitati de servicii suport ), Total, Harghita, Anul 2023, Milioane lei RON, 686
TRANZACTII IMOBILIARE  INCHIRIERI SI ACTIVITATI DE SERVICII PRESTATE IN PRINCIPAL INTREPRINDERILOR  (activitati profesionale  stiintifice si tehnice  activitati de servicii administrative si activitati de servicii suport ), Total, Harghita, Anul 2024, Milioane lei RON, 761
TRANZACTII IMOBILIARE  INCHIRIERI SI ACTIVITATI DE SERVICII PRESTATE IN PRINCIPAL INTREPRINDERILOR  (activitati profesionale  stiintifice si tehnice  activitati de servicii administrative si activitati de servicii suport ), Total, Mures, Anul 2008, Milioane lei RON, 562
TRANZACTII IMOBILIARE  INCHIRIERI SI ACTIVITATI DE SERVICII PRESTATE IN PRINCIPAL INTREPRINDERILOR  (activitati profesionale  stiintifice si tehnice  activitati de servicii administrative si activitati de servicii suport ), Total, Mures, Anul 2009, Milioane lei RON, 656
TRANZACTII IMOBILIARE  INCHIRIERI SI ACTIVITATI DE SERVICII PRESTATE IN PRINCIPAL INTREPRINDERILOR  (activitati profesionale  stiintifice si tehnice  activitati de servicii administrative si activitati de servicii suport ), Total, Mures, Anul 2010, Milioane lei RON, 620
TRANZACTII IMOBILIARE  INCHIRIERI SI ACTIVITATI DE SERVICII PRESTATE IN PRINCIPAL INTREPRINDERILOR  (activitati profesionale  stiintifice si tehnice  activitati de servicii administrative si activitati de servicii suport ), Total, Mures, Anul 2011, Milioane lei RON, 644
TRANZACTII IMOBILIARE  INCHIRIERI SI ACTIVITATI DE SERVICII PRESTATE IN PRINCIPAL INTREPRINDERILOR  (activitati profesionale  stiintifice si tehnice  activitati de servicii administrative si activitati de servicii suport ), Total, Mures, Anul 2012, Milioane lei RON, 654
TRANZACTII IMOBILIARE  INCHIRIERI SI ACTIVITATI DE SERVICII PRESTATE IN PRINCIPAL INTREPRINDERILOR  (activitati profesionale  stiintifice si tehnice  activitati de servicii administrative si activitati de servicii suport ), Total, Mures, Anul 2013, Milioane lei RON, 1063
TRANZACTII IMOBILIARE  INCHIRIERI SI ACTIVITATI DE SERVICII PRESTATE IN PRINCIPAL INTREPRINDERILOR  (activitati profesionale  stiintifice si tehnice  activitati de servicii administrative si activitati de servicii suport ), Total, Mures, Anul 2014, Milioane lei RON, 1194
TRANZACTII IMOBILIARE  INCHIRIERI SI ACTIVITATI DE SERVICII PRESTATE IN PRINCIPAL INTREPRINDERILOR  (activitati profesionale  stiintifice si tehnice  activitati de servicii administrative si activitati de servicii suport ), Total, Mures, Anul 2015, Milioane lei RON, 1217
TRANZACTII IMOBILIARE  INCHIRIERI SI ACTIVITATI DE SERVICII PRESTATE IN PRINCIPAL INTREPRINDERILOR  (activitati profesionale  stiintifice si tehnice  activitati de servicii administrative si activitati de servicii suport ), Total, Mures, Anul 2016, Milioane lei RON, 948
TRANZACTII IMOBILIARE  INCHIRIERI SI ACTIVITATI DE SERVICII PRESTATE IN PRINCIPAL INTREPRINDERILOR  (activitati profesionale  stiintifice si tehnice  activitati de servicii administrative si activitati de servicii suport ), Total, Mures, Anul 2017, Milioane lei RON, 1116
TRANZACTII IMOBILIARE  INCHIRIERI SI ACTIVITATI DE SERVICII PRESTATE IN PRINCIPAL INTREPRINDERILOR  (activitati profesionale  stiintifice si tehnice  activitati de servicii administrative si activitati de servicii suport ), Total, Mures, Anul 2018, Milioane lei RON, 1302
TRANZACTII IMOBILIARE  INCHIRIERI SI ACTIVITATI DE SERVICII PRESTATE IN PRINCIPAL INTREPRINDERILOR  (activitati profesionale  stiintifice si tehnice  activitati de servicii administrative si activitati de servicii suport ), Total, Mures, Anul 2019, Milioane lei RON, 1291
TRANZACTII IMOBILIARE  INCHIRIERI SI ACTIVITATI DE SERVICII PRESTATE IN PRINCIPAL INTREPRINDERILOR  (activitati profesionale  stiintifice si tehnice  activitati de servicii administrative si activitati de servicii suport ), Total, Mures, Anul 2020, Milioane lei RON, 1342
TRANZACTII IMOBILIARE  INCHIRIERI SI ACTIVITATI DE SERVICII PRESTATE IN PRINCIPAL INTREPRINDERILOR  (activitati profesionale  stiintifice si tehnice  activitati de servicii administrative si activitati de servicii suport ), Total, Mures, Anul 2021, Milioane lei RON, 1493
TRANZACTII IMOBILIARE  INCHIRIERI SI ACTIVITATI DE SERVICII PRESTATE IN PRINCIPAL INTREPRINDERILOR  (activitati profesionale  stiintifice si tehnice  activitati de servicii administrative si activitati de servicii suport ), Total, Mures, Anul 2022, Milioane lei RON, 1541
TRANZACTII IMOBILIARE  INCHIRIERI SI ACTIVITATI DE SERVICII PRESTATE IN PRINCIPAL INTREPRINDERILOR  (activitati profesionale  stiintifice si tehnice  activitati de servicii administrative si activitati de servicii suport ), Total, Mures, Anul 2023, Milioane lei RON, 1907
TRANZACTII IMOBILIARE  INCHIRIERI SI ACTIVITATI DE SERVICII PRESTATE IN PRINCIPAL INTREPRINDERILOR  (activitati profesionale  stiintifice si tehnice  activitati de servicii administrative si activitati de servicii suport ), Total, Mures, Anul 2024, Milioane lei RON, 1873
TRANZACTII IMOBILIARE  INCHIRIERI SI ACTIVITATI DE SERVICII PRESTATE IN PRINCIPAL INTREPRINDERILOR  (activitati profesionale  stiintifice si tehnice  activitati de servicii administrative si activitati de servicii suport ), Total, Sibiu, Anul 2008, Milioane lei RON, 727
TRANZACTII IMOBILIARE  INCHIRIERI SI ACTIVITATI DE SERVICII PRESTATE IN PRINCIPAL INTREPRINDERILOR  (activitati profesionale  stiintifice si tehnice  activitati de servicii administrative si activitati de servicii suport ), Total, Sibiu, Anul 2009, Milioane lei RON, 726
TRANZACTII IMOBILIARE  INCHIRIERI SI ACTIVITATI DE SERVICII PRESTATE IN PRINCIPAL INTREPRINDERILOR  (activitati profesionale  stiintifice si tehnice  activitati de servicii administrative si activitati de servicii suport ), Total, Sibiu, Anul 2010, Milioane lei RON, 762
TRANZACTII IMOBILIARE  INCHIRIERI SI ACTIVITATI DE SERVICII PRESTATE IN PRINCIPAL INTREPRINDERILOR  (activitati profesionale  stiintifice si tehnice  activitati de servicii administrative si activitati de servicii suport ), Total, Sibiu, Anul 2011, Milioane lei RON, 803
TRANZACTII IMOBILIARE  INCHIRIERI SI ACTIVITATI DE SERVICII PRESTATE IN PRINCIPAL INTREPRINDERILOR  (activitati profesionale  stiintifice si tehnice  activitati de servicii administrative si activitati de servicii suport ), Total, Sibiu, Anul 2012, Milioane lei RON, 883
TRANZACTII IMOBILIARE  INCHIRIERI SI ACTIVITATI DE SERVICII PRESTATE IN PRINCIPAL INTREPRINDERILOR  (activitati profesionale  stiintifice si tehnice  activitati de servicii administrative si activitati de servicii suport ), Total, Sibiu, Anul 2013, Milioane lei RON, 1052
TRANZACTII IMOBILIARE  INCHIRIERI SI ACTIVITATI DE SERVICII PRESTATE IN PRINCIPAL INTREPRINDERILOR  (activitati profesionale  stiintifice si tehnice  activitati de servicii administrative si activitati de servicii suport ), Total, Sibiu, Anul 2014, Milioane lei RON, 1111
TRANZACTII IMOBILIARE  INCHIRIERI SI ACTIVITATI DE SERVICII PRESTATE IN PRINCIPAL INTREPRINDERILOR  (activitati profesionale  stiintifice si tehnice  activitati de servicii administrative si activitati de servicii suport ), Total, Sibiu, Anul 2015, Milioane lei RON, 1095
TRANZACTII IMOBILIARE  INCHIRIERI SI ACTIVITATI DE SERVICII PRESTATE IN PRINCIPAL INTREPRINDERILOR  (activitati profesionale  stiintifice si tehnice  activitati de servicii administrative si activitati de servicii suport ), Total, Sibiu, Anul 2016, Milioane lei RON, 1209
TRANZACTII IMOBILIARE  INCHIRIERI SI ACTIVITATI DE SERVICII PRESTATE IN PRINCIPAL INTREPRINDERILOR  (activitati profesionale  stiintifice si tehnice  activitati de servicii administrative si activitati de servicii suport ), Total, Sibiu, Anul 2017, Milioane lei RON, 1542
TRANZACTII IMOBILIARE  INCHIRIERI SI ACTIVITATI DE SERVICII PRESTATE IN PRINCIPAL INTREPRINDERILOR  (activitati profesionale  stiintifice si tehnice  activitati de servicii administrative si activitati de servicii suport ), Total, Sibiu, Anul 2018, Milioane lei RON, 1839
TRANZACTII IMOBILIARE  INCHIRIERI SI ACTIVITATI DE SERVICII PRESTATE IN PRINCIPAL INTREPRINDERILOR  (activitati profesionale  stiintifice si tehnice  activitati de servicii administrative si activitati de servicii suport ), Total, Sibiu, Anul 2019, Milioane lei RON, 1843
TRANZACTII IMOBILIARE  INCHIRIERI SI ACTIVITATI DE SERVICII PRESTATE IN PRINCIPAL INTREPRINDERILOR  (activitati profesionale  stiintifice si tehnice  activitati de servicii administrative si activitati de servicii suport ), Total, Sibiu, Anul 2020, Milioane lei RON, 1792
TRANZACTII IMOBILIARE  INCHIRIERI SI ACTIVITATI DE SERVICII PRESTATE IN PRINCIPAL INTREPRINDERILOR  (activitati profesionale  stiintifice si tehnice  activitati de servicii administrative si activitati de servicii suport ), Total, Sibiu, Anul 2021, Milioane lei RON, 2147
TRANZACTII IMOBILIARE  INCHIRIERI SI ACTIVITATI DE SERVICII PRESTATE IN PRINCIPAL INTREPRINDERILOR  (activitati profesionale  stiintifice si tehnice  activitati de servicii administrative si activitati de servicii suport ), Total, Sibiu, Anul 2022, Milioane lei RON, 2569
TRANZACTII IMOBILIARE  INCHIRIERI SI ACTIVITATI DE SERVICII PRESTATE IN PRINCIPAL INTREPRINDERILOR  (activitati profesionale  stiintifice si tehnice  activitati de servicii administrative si activitati de servicii suport ), Total, Sibiu, Anul 2023, Milioane lei RON, 3052
TRANZACTII IMOBILIARE  INCHIRIERI SI ACTIVITATI DE SERVICII PRESTATE IN PRINCIPAL INTREPRINDERILOR  (activitati profesionale  stiintifice si tehnice  activitati de servicii administrative si activitati de servicii suport ), Total, Sibiu, Anul 2024, Milioane lei RON, 3055
TRANZACTII IMOBILIARE  INCHIRIERI SI ACTIVITATI DE SERVICII PRESTATE IN PRINCIPAL INTREPRINDERILOR  (activitati profesionale  stiintifice si tehnice  activitati de servicii administrative si activitati de servicii suport ), Total, Bacau, Anul 2008, Milioane lei RON, 409
TRANZACTII IMOBILIARE  INCHIRIERI SI ACTIVITATI DE SERVICII PRESTATE IN PRINCIPAL INTREPRINDERILOR  (activitati profesionale  stiintifice si tehnice  activitati de servicii administrative si activitati de servicii suport ), Total, Bacau, Anul 2009, Milioane lei RON, 463
TRANZACTII IMOBILIARE  INCHIRIERI SI ACTIVITATI DE SERVICII PRESTATE IN PRINCIPAL INTREPRINDERILOR  (activitati profesionale  stiintifice si tehnice  activitati de servicii administrative si activitati de servicii suport ), Total, Bacau, Anul 2010, Milioane lei RON, 360
TRANZACTII IMOBILIARE  INCHIRIERI SI ACTIVITATI DE SERVICII PRESTATE IN PRINCIPAL INTREPRINDERILOR  (activitati profesionale  stiintifice si tehnice  activitati de servicii administrative si activitati de servicii suport ), Total, Bacau, Anul 2011, Milioane lei RON, 394
TRANZACTII IMOBILIARE  INCHIRIERI SI ACTIVITATI DE SERVICII PRESTATE IN PRINCIPAL INTREPRINDERILOR  (activitati profesionale  stiintifice si tehnice  activitati de servicii administrative si activitati de servicii suport ), Total, Bacau, Anul 2012, Milioane lei RON, 433
TRANZACTII IMOBILIARE  INCHIRIERI SI ACTIVITATI DE SERVICII PRESTATE IN PRINCIPAL INTREPRINDERILOR  (activitati profesionale  stiintifice si tehnice  activitati de servicii administrative si activitati de servicii suport ), Total, Bacau, Anul 2013, Milioane lei RON, 425
TRANZACTII IMOBILIARE  INCHIRIERI SI ACTIVITATI DE SERVICII PRESTATE IN PRINCIPAL INTREPRINDERILOR  (activitati profesionale  stiintifice si tehnice  activitati de servicii administrative si activitati de servicii suport ), Total, Bacau, Anul 2014, Milioane lei RON, 478
TRANZACTII IMOBILIARE  INCHIRIERI SI ACTIVITATI DE SERVICII PRESTATE IN PRINCIPAL INTREPRINDERILOR  (activitati profesionale  stiintifice si tehnice  activitati de servicii administrative si activitati de servicii suport ), Total, Bacau, Anul 2015, Milioane lei RON, 516
TRANZACTII IMOBILIARE  INCHIRIERI SI ACTIVITATI DE SERVICII PRESTATE IN PRINCIPAL INTREPRINDERILOR  (activitati profesionale  stiintifice si tehnice  activitati de servicii administrative si activitati de servicii suport ), Total, Bacau, Anul 2016, Milioane lei RON, 537
TRANZACTII IMOBILIARE  INCHIRIERI SI ACTIVITATI DE SERVICII PRESTATE IN PRINCIPAL INTREPRINDERILOR  (activitati profesionale  stiintifice si tehnice  activitati de servicii administrative si activitati de servicii suport ), Total, Bacau, Anul 2017, Milioane lei RON, 569
TRANZACTII IMOBILIARE  INCHIRIERI SI ACTIVITATI DE SERVICII PRESTATE IN PRINCIPAL INTREPRINDERILOR  (activitati profesionale  stiintifice si tehnice  activitati de servicii administrative si activitati de servicii suport ), Total, Bacau, Anul 2018, Milioane lei RON, 706
TRANZACTII IMOBILIARE  INCHIRIERI SI ACTIVITATI DE SERVICII PRESTATE IN PRINCIPAL INTREPRINDERILOR  (activitati profesionale  stiintifice si tehnice  activitati de servicii administrative si activitati de servicii suport ), Total, Bacau, Anul 2019, Milioane lei RON, 870
TRANZACTII IMOBILIARE  INCHIRIERI SI ACTIVITATI DE SERVICII PRESTATE IN PRINCIPAL INTREPRINDERILOR  (activitati profesionale  stiintifice si tehnice  activitati de servicii administrative si activitati de servicii suport ), Total, Bacau, Anul 2020, Milioane lei RON, 879
TRANZACTII IMOBILIARE  INCHIRIERI SI ACTIVITATI DE SERVICII PRESTATE IN PRINCIPAL INTREPRINDERILOR  (activitati profesionale  stiintifice si tehnice  activitati de servicii administrative si activitati de servicii suport ), Total, Bacau, Anul 2021, Milioane lei RON, 1042
TRANZACTII IMOBILIARE  INCHIRIERI SI ACTIVITATI DE SERVICII PRESTATE IN PRINCIPAL INTREPRINDERILOR  (activitati profesionale  stiintifice si tehnice  activitati de servicii administrative si activitati de servicii suport ), Total, Bacau, Anul 2022, Milioane lei RON, 1223
TRANZACTII IMOBILIARE  INCHIRIERI SI ACTIVITATI DE SERVICII PRESTATE IN PRINCIPAL INTREPRINDERILOR  (activitati profesionale  stiintifice si tehnice  activitati de servicii administrative si activitati de servicii suport ), Total, Bacau, Anul 2023, Milioane lei RON, 1449
TRANZACTII IMOBILIARE  INCHIRIERI SI ACTIVITATI DE SERVICII PRESTATE IN PRINCIPAL INTREPRINDERILOR  (activitati profesionale  stiintifice si tehnice  activitati de servicii administrative si activitati de servicii suport ), Total, Bacau, Anul 2024, Milioane lei RON, 1720
TRANZACTII IMOBILIARE  INCHIRIERI SI ACTIVITATI DE SERVICII PRESTATE IN PRINCIPAL INTREPRINDERILOR  (activitati profesionale  stiintifice si tehnice  activitati de servicii administrative si activitati de servicii suport ), Total, Botosani, Anul 2008, Milioane lei RON, 100
TRANZACTII IMOBILIARE  INCHIRIERI SI ACTIVITATI DE SERVICII PRESTATE IN PRINCIPAL INTREPRINDERILOR  (activitati profesionale  stiintifice si tehnice  activitati de servicii administrative si activitati de servicii suport ), Total, Botosani, Anul 2009, Milioane lei RON, 91
TRANZACTII IMOBILIARE  INCHIRIERI SI ACTIVITATI DE SERVICII PRESTATE IN PRINCIPAL INTREPRINDERILOR  (activitati profesionale  stiintifice si tehnice  activitati de servicii administrative si activitati de servicii suport ), Total, Botosani, Anul 2010, Milioane lei RON, 90
TRANZACTII IMOBILIARE  INCHIRIERI SI ACTIVITATI DE SERVICII PRESTATE IN PRINCIPAL INTREPRINDERILOR  (activitati profesionale  stiintifice si tehnice  activitati de servicii administrative si activitati de servicii suport ), Total, Botosani, Anul 2011, Milioane lei RON, 93
TRANZACTII IMOBILIARE  INCHIRIERI SI ACTIVITATI DE SERVICII PRESTATE IN PRINCIPAL INTREPRINDERILOR  (activitati profesionale  stiintifice si tehnice  activitati de servicii administrative si activitati de servicii suport ), Total, Botosani, Anul 2012, Milioane lei RON, 97
TRANZACTII IMOBILIARE  INCHIRIERI SI ACTIVITATI DE SERVICII PRESTATE IN PRINCIPAL INTREPRINDERILOR  (activitati profesionale  stiintifice si tehnice  activitati de servicii administrative si activitati de servicii suport ), Total, Botosani, Anul 2013, Milioane lei RON, 113
TRANZACTII IMOBILIARE  INCHIRIERI SI ACTIVITATI DE SERVICII PRESTATE IN PRINCIPAL INTREPRINDERILOR  (activitati profesionale  stiintifice si tehnice  activitati de servicii administrative si activitati de servicii suport ), Total, Botosani, Anul 2014, Milioane lei RON, 126
TRANZACTII IMOBILIARE  INCHIRIERI SI ACTIVITATI DE SERVICII PRESTATE IN PRINCIPAL INTREPRINDERILOR  (activitati profesionale  stiintifice si tehnice  activitati de servicii administrative si activitati de servicii suport ), Total, Botosani, Anul 2015, Milioane lei RON, 156
TRANZACTII IMOBILIARE  INCHIRIERI SI ACTIVITATI DE SERVICII PRESTATE IN PRINCIPAL INTREPRINDERILOR  (activitati profesionale  stiintifice si tehnice  activitati de servicii administrative si activitati de servicii suport ), Total, Botosani, Anul 2016, Milioane lei RON, 152
TRANZACTII IMOBILIARE  INCHIRIERI SI ACTIVITATI DE SERVICII PRESTATE IN PRINCIPAL INTREPRINDERILOR  (activitati profesionale  stiintifice si tehnice  activitati de servicii administrative si activitati de servicii suport ), Total, Botosani, Anul 2017, Milioane lei RON, 150
TRANZACTII IMOBILIARE  INCHIRIERI SI ACTIVITATI DE SERVICII PRESTATE IN PRINCIPAL INTREPRINDERILOR  (activitati profesionale  stiintifice si tehnice  activitati de servicii administrative si activitati de servicii suport ), Total, Botosani, Anul 2018, Milioane lei RON, 160
TRANZACTII IMOBILIARE  INCHIRIERI SI ACTIVITATI DE SERVICII PRESTATE IN PRINCIPAL INTREPRINDERILOR  (activitati profesionale  stiintifice si tehnice  activitati de servicii administrative si activitati de servicii suport ), Total, Botosani, Anul 2019, Milioane lei RON, 192
TRANZACTII IMOBILIARE  INCHIRIERI SI ACTIVITATI DE SERVICII PRESTATE IN PRINCIPAL INTREPRINDERILOR  (activitati profesionale  stiintifice si tehnice  activitati de servicii administrative si activitati de servicii suport ), Total, Botosani, Anul 2020, Milioane lei RON, 214
TRANZACTII IMOBILIARE  INCHIRIERI SI ACTIVITATI DE SERVICII PRESTATE IN PRINCIPAL INTREPRINDERILOR  (activitati profesionale  stiintifice si tehnice  activitati de servicii administrative si activitati de servicii suport ), Total, Botosani, Anul 2021, Milioane lei RON, 303
TRANZACTII IMOBILIARE  INCHIRIERI SI ACTIVITATI DE SERVICII PRESTATE IN PRINCIPAL INTREPRINDERILOR  (activitati profesionale  stiintifice si tehnice  activitati de servicii administrative si activitati de servicii suport ), Total, Botosani, Anul 2022, Milioane lei RON, 317
TRANZACTII IMOBILIARE  INCHIRIERI SI ACTIVITATI DE SERVICII PRESTATE IN PRINCIPAL INTREPRINDERILOR  (activitati profesionale  stiintifice si tehnice  activitati de servicii administrative si activitati de servicii suport ), Total, Botosani, Anul 2023, Milioane lei RON, 373
TRANZACTII IMOBILIARE  INCHIRIERI SI ACTIVITATI DE SERVICII PRESTATE IN PRINCIPAL INTREPRINDERILOR  (activitati profesionale  stiintifice si tehnice  activitati de servicii administrative si activitati de servicii suport ), Total, Botosani, Anul 2024, Milioane lei RON, 380
TRANZACTII IMOBILIARE  INCHIRIERI SI ACTIVITATI DE SERVICII PRESTATE IN PRINCIPAL INTREPRINDERILOR  (activitati profesionale  stiintifice si tehnice  activitati de servicii administrative si activitati de servicii suport ), Total, Iasi, Anul 2008, Milioane lei RON, 1057
TRANZACTII IMOBILIARE  INCHIRIERI SI ACTIVITATI DE SERVICII PRESTATE IN PRINCIPAL INTREPRINDERILOR  (activitati profesionale  stiintifice si tehnice  activitati de servicii administrative si activitati de servicii suport ), Total, Iasi, Anul 2009, Milioane lei RON, 958
TRANZACTII IMOBILIARE  INCHIRIERI SI ACTIVITATI DE SERVICII PRESTATE IN PRINCIPAL INTREPRINDERILOR  (activitati profesionale  stiintifice si tehnice  activitati de servicii administrative si activitati de servicii suport ), Total, Iasi, Anul 2010, Milioane lei RON, 871
TRANZACTII IMOBILIARE  INCHIRIERI SI ACTIVITATI DE SERVICII PRESTATE IN PRINCIPAL INTREPRINDERILOR  (activitati profesionale  stiintifice si tehnice  activitati de servicii administrative si activitati de servicii suport ), Total, Iasi, Anul 2011, Milioane lei RON, 923
TRANZACTII IMOBILIARE  INCHIRIERI SI ACTIVITATI DE SERVICII PRESTATE IN PRINCIPAL INTREPRINDERILOR  (activitati profesionale  stiintifice si tehnice  activitati de servicii administrative si activitati de servicii suport ), Total, Iasi, Anul 2012, Milioane lei RON, 1172
TRANZACTII IMOBILIARE  INCHIRIERI SI ACTIVITATI DE SERVICII PRESTATE IN PRINCIPAL INTREPRINDERILOR  (activitati profesionale  stiintifice si tehnice  activitati de servicii administrative si activitati de servicii suport ), Total, Iasi, Anul 2013, Milioane lei RON, 1304
TRANZACTII IMOBILIARE  INCHIRIERI SI ACTIVITATI DE SERVICII PRESTATE IN PRINCIPAL INTREPRINDERILOR  (activitati profesionale  stiintifice si tehnice  activitati de servicii administrative si activitati de servicii suport ), Total, Iasi, Anul 2014, Milioane lei RON, 1475
TRANZACTII IMOBILIARE  INCHIRIERI SI ACTIVITATI DE SERVICII PRESTATE IN PRINCIPAL INTREPRINDERILOR  (activitati profesionale  stiintifice si tehnice  activitati de servicii administrative si activitati de servicii suport ), Total, Iasi, Anul 2015, Milioane lei RON, 1567
TRANZACTII IMOBILIARE  INCHIRIERI SI ACTIVITATI DE SERVICII PRESTATE IN PRINCIPAL INTREPRINDERILOR  (activitati profesionale  stiintifice si tehnice  activitati de servicii administrative si activitati de servicii suport ), Total, Iasi, Anul 2016, Milioane lei RON, 1785
TRANZACTII IMOBILIARE  INCHIRIERI SI ACTIVITATI DE SERVICII PRESTATE IN PRINCIPAL INTREPRINDERILOR  (activitati profesionale  stiintifice si tehnice  activitati de servicii administrative si activitati de servicii suport ), Total, Iasi, Anul 2017, Milioane lei RON, 2188
TRANZACTII IMOBILIARE  INCHIRIERI SI ACTIVITATI DE SERVICII PRESTATE IN PRINCIPAL INTREPRINDERILOR  (activitati profesionale  stiintifice si tehnice  activitati de servicii administrative si activitati de servicii suport ), Total, Iasi, Anul 2018, Milioane lei RON, 2499
TRANZACTII IMOBILIARE  INCHIRIERI SI ACTIVITATI DE SERVICII PRESTATE IN PRINCIPAL INTREPRINDERILOR  (activitati profesionale  stiintifice si tehnice  activitati de servicii administrative si activitati de servicii suport ), Total, Iasi, Anul 2019, Milioane lei RON, 2716
TRANZACTII IMOBILIARE  INCHIRIERI SI ACTIVITATI DE SERVICII PRESTATE IN PRINCIPAL INTREPRINDERILOR  (activitati profesionale  stiintifice si tehnice  activitati de servicii administrative si activitati de servicii suport ), Total, Iasi, Anul 2020, Milioane lei RON, 2615
TRANZACTII IMOBILIARE  INCHIRIERI SI ACTIVITATI DE SERVICII PRESTATE IN PRINCIPAL INTREPRINDERILOR  (activitati profesionale  stiintifice si tehnice  activitati de servicii administrative si activitati de servicii suport ), Total, Iasi, Anul 2021, Milioane lei RON, 2959
TRANZACTII IMOBILIARE  INCHIRIERI SI ACTIVITATI DE SERVICII PRESTATE IN PRINCIPAL INTREPRINDERILOR  (activitati profesionale  stiintifice si tehnice  activitati de servicii administrative si activitati de servicii suport ), Total, Iasi, Anul 2022, Milioane lei RON, 3574
TRANZACTII IMOBILIARE  INCHIRIERI SI ACTIVITATI DE SERVICII PRESTATE IN PRINCIPAL INTREPRINDERILOR  (activitati profesionale  stiintifice si tehnice  activitati de servicii administrative si activitati de servicii suport ), Total, Iasi, Anul 2023, Milioane lei RON, 4381
TRANZACTII IMOBILIARE  INCHIRIERI SI ACTIVITATI DE SERVICII PRESTATE IN PRINCIPAL INTREPRINDERILOR  (activitati profesionale  stiintifice si tehnice  activitati de servicii administrative si activitati de servicii suport ), Total, Iasi, Anul 2024, Milioane lei RON, 4839
TRANZACTII IMOBILIARE  INCHIRIERI SI ACTIVITATI DE SERVICII PRESTATE IN PRINCIPAL INTREPRINDERILOR  (activitati profesionale  stiintifice si tehnice  activitati de servicii administrative si activitati de servicii suport ), Total, Neamt, Anul 2008, Milioane lei RON, 309
TRANZACTII IMOBILIARE  INCHIRIERI SI ACTIVITATI DE SERVICII PRESTATE IN PRINCIPAL INTREPRINDERILOR  (activitati profesionale  stiintifice si tehnice  activitati de servicii administrative si activitati de servicii suport ), Total, Neamt, Anul 2009, Milioane lei RON, 274
TRANZACTII IMOBILIARE  INCHIRIERI SI ACTIVITATI DE SERVICII PRESTATE IN PRINCIPAL INTREPRINDERILOR  (activitati profesionale  stiintifice si tehnice  activitati de servicii administrative si activitati de servicii suport ), Total, Neamt, Anul 2010, Milioane lei RON, 305
TRANZACTII IMOBILIARE  INCHIRIERI SI ACTIVITATI DE SERVICII PRESTATE IN PRINCIPAL INTREPRINDERILOR  (activitati profesionale  stiintifice si tehnice  activitati de servicii administrative si activitati de servicii suport ), Total, Neamt, Anul 2011, Milioane lei RON, 314
TRANZACTII IMOBILIARE  INCHIRIERI SI ACTIVITATI DE SERVICII PRESTATE IN PRINCIPAL INTREPRINDERILOR  (activitati profesionale  stiintifice si tehnice  activitati de servicii administrative si activitati de servicii suport ), Total, Neamt, Anul 2012, Milioane lei RON, 342
TRANZACTII IMOBILIARE  INCHIRIERI SI ACTIVITATI DE SERVICII PRESTATE IN PRINCIPAL INTREPRINDERILOR  (activitati profesionale  stiintifice si tehnice  activitati de servicii administrative si activitati de servicii suport ), Total, Neamt, Anul 2013, Milioane lei RON, 338
TRANZACTII IMOBILIARE  INCHIRIERI SI ACTIVITATI DE SERVICII PRESTATE IN PRINCIPAL INTREPRINDERILOR  (activitati profesionale  stiintifice si tehnice  activitati de servicii administrative si activitati de servicii suport ), Total, Neamt, Anul 2014, Milioane lei RON, 379
TRANZACTII IMOBILIARE  INCHIRIERI SI ACTIVITATI DE SERVICII PRESTATE IN PRINCIPAL INTREPRINDERILOR  (activitati profesionale  stiintifice si tehnice  activitati de servicii administrative si activitati de servicii suport ), Total, Neamt, Anul 2015, Milioane lei RON, 433
TRANZACTII IMOBILIARE  INCHIRIERI SI ACTIVITATI DE SERVICII PRESTATE IN PRINCIPAL INTREPRINDERILOR  (activitati profesionale  stiintifice si tehnice  activitati de servicii administrative si activitati de servicii suport ), Total, Neamt, Anul 2016, Milioane lei RON, 454
TRANZACTII IMOBILIARE  INCHIRIERI SI ACTIVITATI DE SERVICII PRESTATE IN PRINCIPAL INTREPRINDERILOR  (activitati profesionale  stiintifice si tehnice  activitati de servicii administrative si activitati de servicii suport ), Total, Neamt, Anul 2017, Milioane lei RON, 452
TRANZACTII IMOBILIARE  INCHIRIERI SI ACTIVITATI DE SERVICII PRESTATE IN PRINCIPAL INTREPRINDERILOR  (activitati profesionale  stiintifice si tehnice  activitati de servicii administrative si activitati de servicii suport ), Total, Neamt, Anul 2018, Milioane lei RON, 544
TRANZACTII IMOBILIARE  INCHIRIERI SI ACTIVITATI DE SERVICII PRESTATE IN PRINCIPAL INTREPRINDERILOR  (activitati profesionale  stiintifice si tehnice  activitati de servicii administrative si activitati de servicii suport ), Total, Neamt, Anul 2019, Milioane lei RON, 677
TRANZACTII IMOBILIARE  INCHIRIERI SI ACTIVITATI DE SERVICII PRESTATE IN PRINCIPAL INTREPRINDERILOR  (activitati profesionale  stiintifice si tehnice  activitati de servicii administrative si activitati de servicii suport ), Total, Neamt, Anul 2020, Milioane lei RON, 696
TRANZACTII IMOBILIARE  INCHIRIERI SI ACTIVITATI DE SERVICII PRESTATE IN PRINCIPAL INTREPRINDERILOR  (activitati profesionale  stiintifice si tehnice  activitati de servicii administrative si activitati de servicii suport ), Total, Neamt, Anul 2021, Milioane lei RON, 915
TRANZACTII IMOBILIARE  INCHIRIERI SI ACTIVITATI DE SERVICII PRESTATE IN PRINCIPAL INTREPRINDERILOR  (activitati profesionale  stiintifice si tehnice  activitati de servicii administrative si activitati de servicii suport ), Total, Neamt, Anul 2022, Milioane lei RON, 1294
TRANZACTII IMOBILIARE  INCHIRIERI SI ACTIVITATI DE SERVICII PRESTATE IN PRINCIPAL INTREPRINDERILOR  (activitati profesionale  stiintifice si tehnice  activitati de servicii administrative si activitati de servicii suport ), Total, Neamt, Anul 2023, Milioane lei RON, 1588
TRANZACTII IMOBILIARE  INCHIRIERI SI ACTIVITATI DE SERVICII PRESTATE IN PRINCIPAL INTREPRINDERILOR  (activitati profesionale  stiintifice si tehnice  activitati de servicii administrative si activitati de servicii suport ), Total, Neamt, Anul 2024, Milioane lei RON, 1721
TRANZACTII IMOBILIARE  INCHIRIERI SI ACTIVITATI DE SERVICII PRESTATE IN PRINCIPAL INTREPRINDERILOR  (activitati profesionale  stiintifice si tehnice  activitati de servicii administrative si activitati de servicii suport ), Total, Suceava, Anul 2008, Milioane lei RON, 247
TRANZACTII IMOBILIARE  INCHIRIERI SI ACTIVITATI DE SERVICII PRESTATE IN PRINCIPAL INTREPRINDERILOR  (activitati profesionale  stiintifice si tehnice  activitati de servicii administrative si activitati de servicii suport ), Total, Suceava, Anul 2009, Milioane lei RON, 271
TRANZACTII IMOBILIARE  INCHIRIERI SI ACTIVITATI DE SERVICII PRESTATE IN PRINCIPAL INTREPRINDERILOR  (activitati profesionale  stiintifice si tehnice  activitati de servicii administrative si activitati de servicii suport ), Total, Suceava, Anul 2010, Milioane lei RON, 337
TRANZACTII IMOBILIARE  INCHIRIERI SI ACTIVITATI DE SERVICII PRESTATE IN PRINCIPAL INTREPRINDERILOR  (activitati profesionale  stiintifice si tehnice  activitati de servicii administrative si activitati de servicii suport ), Total, Suceava, Anul 2011, Milioane lei RON, 333
TRANZACTII IMOBILIARE  INCHIRIERI SI ACTIVITATI DE SERVICII PRESTATE IN PRINCIPAL INTREPRINDERILOR  (activitati profesionale  stiintifice si tehnice  activitati de servicii administrative si activitati de servicii suport ), Total, Suceava, Anul 2012, Milioane lei RON, 355
TRANZACTII IMOBILIARE  INCHIRIERI SI ACTIVITATI DE SERVICII PRESTATE IN PRINCIPAL INTREPRINDERILOR  (activitati profesionale  stiintifice si tehnice  activitati de servicii administrative si activitati de servicii suport ), Total, Suceava, Anul 2013, Milioane lei RON, 401
TRANZACTII IMOBILIARE  INCHIRIERI SI ACTIVITATI DE SERVICII PRESTATE IN PRINCIPAL INTREPRINDERILOR  (activitati profesionale  stiintifice si tehnice  activitati de servicii administrative si activitati de servicii suport ), Total, Suceava, Anul 2014, Milioane lei RON, 432
TRANZACTII IMOBILIARE  INCHIRIERI SI ACTIVITATI DE SERVICII PRESTATE IN PRINCIPAL INTREPRINDERILOR  (activitati profesionale  stiintifice si tehnice  activitati de servicii administrative si activitati de servicii suport ), Total, Suceava, Anul 2015, Milioane lei RON, 443
TRANZACTII IMOBILIARE  INCHIRIERI SI ACTIVITATI DE SERVICII PRESTATE IN PRINCIPAL INTREPRINDERILOR  (activitati profesionale  stiintifice si tehnice  activitati de servicii administrative si activitati de servicii suport ), Total, Suceava, Anul 2016, Milioane lei RON, 482
TRANZACTII IMOBILIARE  INCHIRIERI SI ACTIVITATI DE SERVICII PRESTATE IN PRINCIPAL INTREPRINDERILOR  (activitati profesionale  stiintifice si tehnice  activitati de servicii administrative si activitati de servicii suport ), Total, Suceava, Anul 2017, Milioane lei RON, 539
TRANZACTII IMOBILIARE  INCHIRIERI SI ACTIVITATI DE SERVICII PRESTATE IN PRINCIPAL INTREPRINDERILOR  (activitati profesionale  stiintifice si tehnice  activitati de servicii administrative si activitati de servicii suport ), Total, Suceava, Anul 2018, Milioane lei RON, 617
TRANZACTII IMOBILIARE  INCHIRIERI SI ACTIVITATI DE SERVICII PRESTATE IN PRINCIPAL INTREPRINDERILOR  (activitati profesionale  stiintifice si tehnice  activitati de servicii administrative si activitati de servicii suport ), Total, Suceava, Anul 2019, Milioane lei RON, 773
TRANZACTII IMOBILIARE  INCHIRIERI SI ACTIVITATI DE SERVICII PRESTATE IN PRINCIPAL INTREPRINDERILOR  (activitati profesionale  stiintifice si tehnice  activitati de servicii administrative si activitati de servicii suport ), Total, Suceava, Anul 2020, Milioane lei RON, 812
TRANZACTII IMOBILIARE  INCHIRIERI SI ACTIVITATI DE SERVICII PRESTATE IN PRINCIPAL INTREPRINDERILOR  (activitati profesionale  stiintifice si tehnice  activitati de servicii administrative si activitati de servicii suport ), Total, Suceava, Anul 2021, Milioane lei RON, 983
TRANZACTII IMOBILIARE  INCHIRIERI SI ACTIVITATI DE SERVICII PRESTATE IN PRINCIPAL INTREPRINDERILOR  (activitati profesionale  stiintifice si tehnice  activitati de servicii administrative si activitati de servicii suport ), Total, Suceava, Anul 2022, Milioane lei RON, 1165
TRANZACTII IMOBILIARE  INCHIRIERI SI ACTIVITATI DE SERVICII PRESTATE IN PRINCIPAL INTREPRINDERILOR  (activitati profesionale  stiintifice si tehnice  activitati de servicii administrative si activitati de servicii suport ), Total, Suceava, Anul 2023, Milioane lei RON, 1414
TRANZACTII IMOBILIARE  INCHIRIERI SI ACTIVITATI DE SERVICII PRESTATE IN PRINCIPAL INTREPRINDERILOR  (activitati profesionale  stiintifice si tehnice  activitati de servicii administrative si activitati de servicii suport ), Total, Suceava, Anul 2024, Milioane lei RON, 1590
TRANZACTII IMOBILIARE  INCHIRIERI SI ACTIVITATI DE SERVICII PRESTATE IN PRINCIPAL INTREPRINDERILOR  (activitati profesionale  stiintifice si tehnice  activitati de servicii administrative si activitati de servicii suport ), Total, Vaslui, Anul 2008, Milioane lei RON, 121
TRANZACTII IMOBILIARE  INCHIRIERI SI ACTIVITATI DE SERVICII PRESTATE IN PRINCIPAL INTREPRINDERILOR  (activitati profesionale  stiintifice si tehnice  activitati de servicii administrative si activitati de servicii suport ), Total, Vaslui, Anul 2009, Milioane lei RON, 102
TRANZACTII IMOBILIARE  INCHIRIERI SI ACTIVITATI DE SERVICII PRESTATE IN PRINCIPAL INTREPRINDERILOR  (activitati profesionale  stiintifice si tehnice  activitati de servicii administrative si activitati de servicii suport ), Total, Vaslui, Anul 2010, Milioane lei RON, 95
TRANZACTII IMOBILIARE  INCHIRIERI SI ACTIVITATI DE SERVICII PRESTATE IN PRINCIPAL INTREPRINDERILOR  (activitati profesionale  stiintifice si tehnice  activitati de servicii administrative si activitati de servicii suport ), Total, Vaslui, Anul 2011, Milioane lei RON, 105
TRANZACTII IMOBILIARE  INCHIRIERI SI ACTIVITATI DE SERVICII PRESTATE IN PRINCIPAL INTREPRINDERILOR  (activitati profesionale  stiintifice si tehnice  activitati de servicii administrative si activitati de servicii suport ), Total, Vaslui, Anul 2012, Milioane lei RON, 119
TRANZACTII IMOBILIARE  INCHIRIERI SI ACTIVITATI DE SERVICII PRESTATE IN PRINCIPAL INTREPRINDERILOR  (activitati profesionale  stiintifice si tehnice  activitati de servicii administrative si activitati de servicii suport ), Total, Vaslui, Anul 2013, Milioane lei RON, 108
TRANZACTII IMOBILIARE  INCHIRIERI SI ACTIVITATI DE SERVICII PRESTATE IN PRINCIPAL INTREPRINDERILOR  (activitati profesionale  stiintifice si tehnice  activitati de servicii administrative si activitati de servicii suport ), Total, Vaslui, Anul 2014, Milioane lei RON, 113
TRANZACTII IMOBILIARE  INCHIRIERI SI ACTIVITATI DE SERVICII PRESTATE IN PRINCIPAL INTREPRINDERILOR  (activitati profesionale  stiintifice si tehnice  activitati de servicii administrative si activitati de servicii suport ), Total, Vaslui, Anul 2015, Milioane lei RON, 137
TRANZACTII IMOBILIARE  INCHIRIERI SI ACTIVITATI DE SERVICII PRESTATE IN PRINCIPAL INTREPRINDERILOR  (activitati profesionale  stiintifice si tehnice  activitati de servicii administrative si activitati de servicii suport ), Total, Vaslui, Anul 2016, Milioane lei RON, 170
TRANZACTII IMOBILIARE  INCHIRIERI SI ACTIVITATI DE SERVICII PRESTATE IN PRINCIPAL INTREPRINDERILOR  (activitati profesionale  stiintifice si tehnice  activitati de servicii administrative si activitati de servicii suport ), Total, Vaslui, Anul 2017, Milioane lei RON, 171
TRANZACTII IMOBILIARE  INCHIRIERI SI ACTIVITATI DE SERVICII PRESTATE IN PRINCIPAL INTREPRINDERILOR  (activitati profesionale  stiintifice si tehnice  activitati de servicii administrative si activitati de servicii suport ), Total, Vaslui, Anul 2018, Milioane lei RON, 193
TRANZACTII IMOBILIARE  INCHIRIERI SI ACTIVITATI DE SERVICII PRESTATE IN PRINCIPAL INTREPRINDERILOR  (activitati profesionale  stiintifice si tehnice  activitati de servicii administrative si activitati de servicii suport ), Total, Vaslui, Anul 2019, Milioane lei RON, 201
TRANZACTII IMOBILIARE  INCHIRIERI SI ACTIVITATI DE SERVICII PRESTATE IN PRINCIPAL INTREPRINDERILOR  (activitati profesionale  stiintifice si tehnice  activitati de servicii administrative si activitati de servicii suport ), Total, Vaslui, Anul 2020, Milioane lei RON, 208
TRANZACTII IMOBILIARE  INCHIRIERI SI ACTIVITATI DE SERVICII PRESTATE IN PRINCIPAL INTREPRINDERILOR  (activitati profesionale  stiintifice si tehnice  activitati de servicii administrative si activitati de servicii suport ), Total, Vaslui, Anul 2021, Milioane lei RON, 234
TRANZACTII IMOBILIARE  INCHIRIERI SI ACTIVITATI DE SERVICII PRESTATE IN PRINCIPAL INTREPRINDERILOR  (activitati profesionale  stiintifice si tehnice  activitati de servicii administrative si activitati de servicii suport ), Total, Vaslui, Anul 2022, Milioane lei RON, 275
TRANZACTII IMOBILIARE  INCHIRIERI SI ACTIVITATI DE SERVICII PRESTATE IN PRINCIPAL INTREPRINDERILOR  (activitati profesionale  stiintifice si tehnice  activitati de servicii administrative si activitati de servicii suport ), Total, Vaslui, Anul 2023, Milioane lei RON, 308
TRANZACTII IMOBILIARE  INCHIRIERI SI ACTIVITATI DE SERVICII PRESTATE IN PRINCIPAL INTREPRINDERILOR  (activitati profesionale  stiintifice si tehnice  activitati de servicii administrative si activitati de servicii suport ), Total, Vaslui, Anul 2024, Milioane lei RON, 356
TRANZACTII IMOBILIARE  INCHIRIERI SI ACTIVITATI DE SERVICII PRESTATE IN PRINCIPAL INTREPRINDERILOR  (activitati profesionale  stiintifice si tehnice  activitati de servicii administrative si activitati de servicii suport ), Total, Braila, Anul 2008, Milioane lei RON, 254
TRANZACTII IMOBILIARE  INCHIRIERI SI ACTIVITATI DE SERVICII PRESTATE IN PRINCIPAL INTREPRINDERILOR  (activitati profesionale  stiintifice si tehnice  activitati de servicii administrative si activitati de servicii suport ), Total, Braila, Anul 2009, Milioane lei RON, 215
TRANZACTII IMOBILIARE  INCHIRIERI SI ACTIVITATI DE SERVICII PRESTATE IN PRINCIPAL INTREPRINDERILOR  (activitati profesionale  stiintifice si tehnice  activitati de servicii administrative si activitati de servicii suport ), Total, Braila, Anul 2010, Milioane lei RON, 205
TRANZACTII IMOBILIARE  INCHIRIERI SI ACTIVITATI DE SERVICII PRESTATE IN PRINCIPAL INTREPRINDERILOR  (activitati profesionale  stiintifice si tehnice  activitati de servicii administrative si activitati de servicii suport ), Total, Braila, Anul 2011, Milioane lei RON, 212
TRANZACTII IMOBILIARE  INCHIRIERI SI ACTIVITATI DE SERVICII PRESTATE IN PRINCIPAL INTREPRINDERILOR  (activitati profesionale  stiintifice si tehnice  activitati de servicii administrative si activitati de servicii suport ), Total, Braila, Anul 2012, Milioane lei RON, 210
TRANZACTII IMOBILIARE  INCHIRIERI SI ACTIVITATI DE SERVICII PRESTATE IN PRINCIPAL INTREPRINDERILOR  (activitati profesionale  stiintifice si tehnice  activitati de servicii administrative si activitati de servicii suport ), Total, Braila, Anul 2013, Milioane lei RON, 233
TRANZACTII IMOBILIARE  INCHIRIERI SI ACTIVITATI DE SERVICII PRESTATE IN PRINCIPAL INTREPRINDERILOR  (activitati profesionale  stiintifice si tehnice  activitati de servicii administrative si activitati de servicii suport ), Total, Braila, Anul 2014, Milioane lei RON, 217
TRANZACTII IMOBILIARE  INCHIRIERI SI ACTIVITATI DE SERVICII PRESTATE IN PRINCIPAL INTREPRINDERILOR  (activitati profesionale  stiintifice si tehnice  activitati de servicii administrative si activitati de servicii suport ), Total, Braila, Anul 2015, Milioane lei RON, 248
TRANZACTII IMOBILIARE  INCHIRIERI SI ACTIVITATI DE SERVICII PRESTATE IN PRINCIPAL INTREPRINDERILOR  (activitati profesionale  stiintifice si tehnice  activitati de servicii administrative si activitati de servicii suport ), Total, Braila, Anul 2016, Milioane lei RON, 314
TRANZACTII IMOBILIARE  INCHIRIERI SI ACTIVITATI DE SERVICII PRESTATE IN PRINCIPAL INTREPRINDERILOR  (activitati profesionale  stiintifice si tehnice  activitati de servicii administrative si activitati de servicii suport ), Total, Braila, Anul 2017, Milioane lei RON, 360
TRANZACTII IMOBILIARE  INCHIRIERI SI ACTIVITATI DE SERVICII PRESTATE IN PRINCIPAL INTREPRINDERILOR  (activitati profesionale  stiintifice si tehnice  activitati de servicii administrative si activitati de servicii suport ), Total, Braila, Anul 2018, Milioane lei RON, 453
TRANZACTII IMOBILIARE  INCHIRIERI SI ACTIVITATI DE SERVICII PRESTATE IN PRINCIPAL INTREPRINDERILOR  (activitati profesionale  stiintifice si tehnice  activitati de servicii administrative si activitati de servicii suport ), Total, Braila, Anul 2019, Milioane lei RON, 511
TRANZACTII IMOBILIARE  INCHIRIERI SI ACTIVITATI DE SERVICII PRESTATE IN PRINCIPAL INTREPRINDERILOR  (activitati profesionale  stiintifice si tehnice  activitati de servicii administrative si activitati de servicii suport ), Total, Braila, Anul 2020, Milioane lei RON, 436
TRANZACTII IMOBILIARE  INCHIRIERI SI ACTIVITATI DE SERVICII PRESTATE IN PRINCIPAL INTREPRINDERILOR  (activitati profesionale  stiintifice si tehnice  activitati de servicii administrative si activitati de servicii suport ), Total, Braila, Anul 2021, Milioane lei RON, 468
TRANZACTII IMOBILIARE  INCHIRIERI SI ACTIVITATI DE SERVICII PRESTATE IN PRINCIPAL INTREPRINDERILOR  (activitati profesionale  stiintifice si tehnice  activitati de servicii administrative si activitati de servicii suport ), Total, Braila, Anul 2022, Milioane lei RON, 587
TRANZACTII IMOBILIARE  INCHIRIERI SI ACTIVITATI DE SERVICII PRESTATE IN PRINCIPAL INTREPRINDERILOR  (activitati profesionale  stiintifice si tehnice  activitati de servicii administrative si activitati de servicii suport ), Total, Braila, Anul 2023, Milioane lei RON, 574
TRANZACTII IMOBILIARE  INCHIRIERI SI ACTIVITATI DE SERVICII PRESTATE IN PRINCIPAL INTREPRINDERILOR  (activitati profesionale  stiintifice si tehnice  activitati de servicii administrative si activitati de servicii suport ), Total, Braila, Anul 2024, Milioane lei RON, 626
TRANZACTII IMOBILIARE  INCHIRIERI SI ACTIVITATI DE SERVICII PRESTATE IN PRINCIPAL INTREPRINDERILOR  (activitati profesionale  stiintifice si tehnice  activitati de servicii administrative si activitati de servicii suport ), Total, Buzau, Anul 2008, Milioane lei RON, 234
TRANZACTII IMOBILIARE  INCHIRIERI SI ACTIVITATI DE SERVICII PRESTATE IN PRINCIPAL INTREPRINDERILOR  (activitati profesionale  stiintifice si tehnice  activitati de servicii administrative si activitati de servicii suport ), Total, Buzau, Anul 2009, Milioane lei RON, 251
TRANZACTII IMOBILIARE  INCHIRIERI SI ACTIVITATI DE SERVICII PRESTATE IN PRINCIPAL INTREPRINDERILOR  (activitati profesionale  stiintifice si tehnice  activitati de servicii administrative si activitati de servicii suport ), Total, Buzau, Anul 2010, Milioane lei RON, 296
TRANZACTII IMOBILIARE  INCHIRIERI SI ACTIVITATI DE SERVICII PRESTATE IN PRINCIPAL INTREPRINDERILOR  (activitati profesionale  stiintifice si tehnice  activitati de servicii administrative si activitati de servicii suport ), Total, Buzau, Anul 2011, Milioane lei RON, 279
TRANZACTII IMOBILIARE  INCHIRIERI SI ACTIVITATI DE SERVICII PRESTATE IN PRINCIPAL INTREPRINDERILOR  (activitati profesionale  stiintifice si tehnice  activitati de servicii administrative si activitati de servicii suport ), Total, Buzau, Anul 2012, Milioane lei RON, 306
TRANZACTII IMOBILIARE  INCHIRIERI SI ACTIVITATI DE SERVICII PRESTATE IN PRINCIPAL INTREPRINDERILOR  (activitati profesionale  stiintifice si tehnice  activitati de servicii administrative si activitati de servicii suport ), Total, Buzau, Anul 2013, Milioane lei RON, 255
TRANZACTII IMOBILIARE  INCHIRIERI SI ACTIVITATI DE SERVICII PRESTATE IN PRINCIPAL INTREPRINDERILOR  (activitati profesionale  stiintifice si tehnice  activitati de servicii administrative si activitati de servicii suport ), Total, Buzau, Anul 2014, Milioane lei RON, 309
TRANZACTII IMOBILIARE  INCHIRIERI SI ACTIVITATI DE SERVICII PRESTATE IN PRINCIPAL INTREPRINDERILOR  (activitati profesionale  stiintifice si tehnice  activitati de servicii administrative si activitati de servicii suport ), Total, Buzau, Anul 2015, Milioane lei RON, 355
TRANZACTII IMOBILIARE  INCHIRIERI SI ACTIVITATI DE SERVICII PRESTATE IN PRINCIPAL INTREPRINDERILOR  (activitati profesionale  stiintifice si tehnice  activitati de servicii administrative si activitati de servicii suport ), Total, Buzau, Anul 2016, Milioane lei RON, 487
TRANZACTII IMOBILIARE  INCHIRIERI SI ACTIVITATI DE SERVICII PRESTATE IN PRINCIPAL INTREPRINDERILOR  (activitati profesionale  stiintifice si tehnice  activitati de servicii administrative si activitati de servicii suport ), Total, Buzau, Anul 2017, Milioane lei RON, 509
TRANZACTII IMOBILIARE  INCHIRIERI SI ACTIVITATI DE SERVICII PRESTATE IN PRINCIPAL INTREPRINDERILOR  (activitati profesionale  stiintifice si tehnice  activitati de servicii administrative si activitati de servicii suport ), Total, Buzau, Anul 2018, Milioane lei RON, 492
TRANZACTII IMOBILIARE  INCHIRIERI SI ACTIVITATI DE SERVICII PRESTATE IN PRINCIPAL INTREPRINDERILOR  (activitati profesionale  stiintifice si tehnice  activitati de servicii administrative si activitati de servicii suport ), Total, Buzau, Anul 2019, Milioane lei RON, 466
TRANZACTII IMOBILIARE  INCHIRIERI SI ACTIVITATI DE SERVICII PRESTATE IN PRINCIPAL INTREPRINDERILOR  (activitati profesionale  stiintifice si tehnice  activitati de servicii administrative si activitati de servicii suport ), Total, Buzau, Anul 2020, Milioane lei RON, 521
TRANZACTII IMOBILIARE  INCHIRIERI SI ACTIVITATI DE SERVICII PRESTATE IN PRINCIPAL INTREPRINDERILOR  (activitati profesionale  stiintifice si tehnice  activitati de servicii administrative si activitati de servicii suport ), Total, Buzau, Anul 2021, Milioane lei RON, 581
TRANZACTII IMOBILIARE  INCHIRIERI SI ACTIVITATI DE SERVICII PRESTATE IN PRINCIPAL INTREPRINDERILOR  (activitati profesionale  stiintifice si tehnice  activitati de servicii administrative si activitati de servicii suport ), Total, Buzau, Anul 2022, Milioane lei RON, 897
TRANZACTII IMOBILIARE  INCHIRIERI SI ACTIVITATI DE SERVICII PRESTATE IN PRINCIPAL INTREPRINDERILOR  (activitati profesionale  stiintifice si tehnice  activitati de servicii administrative si activitati de servicii suport ), Total, Buzau, Anul 2023, Milioane lei RON, 901
TRANZACTII IMOBILIARE  INCHIRIERI SI ACTIVITATI DE SERVICII PRESTATE IN PRINCIPAL INTREPRINDERILOR  (activitati profesionale  stiintifice si tehnice  activitati de servicii administrative si activitati de servicii suport ), Total, Buzau, Anul 2024, Milioane lei RON, 1085
TRANZACTII IMOBILIARE  INCHIRIERI SI ACTIVITATI DE SERVICII PRESTATE IN PRINCIPAL INTREPRINDERILOR  (activitati profesionale  stiintifice si tehnice  activitati de servicii administrative si activitati de servicii suport ), Total, Constanta, Anul 2008, Milioane lei RON, 1331
TRANZACTII IMOBILIARE  INCHIRIERI SI ACTIVITATI DE SERVICII PRESTATE IN PRINCIPAL INTREPRINDERILOR  (activitati profesionale  stiintifice si tehnice  activitati de servicii administrative si activitati de servicii suport ), Total, Constanta, Anul 2009, Milioane lei RON, 1243
TRANZACTII IMOBILIARE  INCHIRIERI SI ACTIVITATI DE SERVICII PRESTATE IN PRINCIPAL INTREPRINDERILOR  (activitati profesionale  stiintifice si tehnice  activitati de servicii administrative si activitati de servicii suport ), Total, Constanta, Anul 2010, Milioane lei RON, 1387
TRANZACTII IMOBILIARE  INCHIRIERI SI ACTIVITATI DE SERVICII PRESTATE IN PRINCIPAL INTREPRINDERILOR  (activitati profesionale  stiintifice si tehnice  activitati de servicii administrative si activitati de servicii suport ), Total, Constanta, Anul 2011, Milioane lei RON, 1509
TRANZACTII IMOBILIARE  INCHIRIERI SI ACTIVITATI DE SERVICII PRESTATE IN PRINCIPAL INTREPRINDERILOR  (activitati profesionale  stiintifice si tehnice  activitati de servicii administrative si activitati de servicii suport ), Total, Constanta, Anul 2012, Milioane lei RON, 1576
TRANZACTII IMOBILIARE  INCHIRIERI SI ACTIVITATI DE SERVICII PRESTATE IN PRINCIPAL INTREPRINDERILOR  (activitati profesionale  stiintifice si tehnice  activitati de servicii administrative si activitati de servicii suport ), Total, Constanta, Anul 2013, Milioane lei RON, 1565
TRANZACTII IMOBILIARE  INCHIRIERI SI ACTIVITATI DE SERVICII PRESTATE IN PRINCIPAL INTREPRINDERILOR  (activitati profesionale  stiintifice si tehnice  activitati de servicii administrative si activitati de servicii suport ), Total, Constanta, Anul 2014, Milioane lei RON, 1788
TRANZACTII IMOBILIARE  INCHIRIERI SI ACTIVITATI DE SERVICII PRESTATE IN PRINCIPAL INTREPRINDERILOR  (activitati profesionale  stiintifice si tehnice  activitati de servicii administrative si activitati de servicii suport ), Total, Constanta, Anul 2015, Milioane lei RON, 1742
TRANZACTII IMOBILIARE  INCHIRIERI SI ACTIVITATI DE SERVICII PRESTATE IN PRINCIPAL INTREPRINDERILOR  (activitati profesionale  stiintifice si tehnice  activitati de servicii administrative si activitati de servicii suport ), Total, Constanta, Anul 2016, Milioane lei RON, 1720
TRANZACTII IMOBILIARE  INCHIRIERI SI ACTIVITATI DE SERVICII PRESTATE IN PRINCIPAL INTREPRINDERILOR  (activitati profesionale  stiintifice si tehnice  activitati de servicii administrative si activitati de servicii suport ), Total, Constanta, Anul 2017, Milioane lei RON, 1639
TRANZACTII IMOBILIARE  INCHIRIERI SI ACTIVITATI DE SERVICII PRESTATE IN PRINCIPAL INTREPRINDERILOR  (activitati profesionale  stiintifice si tehnice  activitati de servicii administrative si activitati de servicii suport ), Total, Constanta, Anul 2018, Milioane lei RON, 1919
TRANZACTII IMOBILIARE  INCHIRIERI SI ACTIVITATI DE SERVICII PRESTATE IN PRINCIPAL INTREPRINDERILOR  (activitati profesionale  stiintifice si tehnice  activitati de servicii administrative si activitati de servicii suport ), Total, Constanta, Anul 2019, Milioane lei RON, 2216
TRANZACTII IMOBILIARE  INCHIRIERI SI ACTIVITATI DE SERVICII PRESTATE IN PRINCIPAL INTREPRINDERILOR  (activitati profesionale  stiintifice si tehnice  activitati de servicii administrative si activitati de servicii suport ), Total, Constanta, Anul 2020, Milioane lei RON, 2283
TRANZACTII IMOBILIARE  INCHIRIERI SI ACTIVITATI DE SERVICII PRESTATE IN PRINCIPAL INTREPRINDERILOR  (activitati profesionale  stiintifice si tehnice  activitati de servicii administrative si activitati de servicii suport ), Total, Constanta, Anul 2021, Milioane lei RON, 2514
TRANZACTII IMOBILIARE  INCHIRIERI SI ACTIVITATI DE SERVICII PRESTATE IN PRINCIPAL INTREPRINDERILOR  (activitati profesionale  stiintifice si tehnice  activitati de servicii administrative si activitati de servicii suport ), Total, Constanta, Anul 2022, Milioane lei RON, 3028
TRANZACTII IMOBILIARE  INCHIRIERI SI ACTIVITATI DE SERVICII PRESTATE IN PRINCIPAL INTREPRINDERILOR  (activitati profesionale  stiintifice si tehnice  activitati de servicii administrative si activitati de servicii suport ), Total, Constanta, Anul 2023, Milioane lei RON, 3906
TRANZACTII IMOBILIARE  INCHIRIERI SI ACTIVITATI DE SERVICII PRESTATE IN PRINCIPAL INTREPRINDERILOR  (activitati profesionale  stiintifice si tehnice  activitati de servicii administrative si activitati de servicii suport ), Total, Constanta, Anul 2024, Milioane lei RON, 4394
TRANZACTII IMOBILIARE  INCHIRIERI SI ACTIVITATI DE SERVICII PRESTATE IN PRINCIPAL INTREPRINDERILOR  (activitati profesionale  stiintifice si tehnice  activitati de servicii administrative si activitati de servicii suport ), Total, Galati, Anul 2008, Milioane lei RON, 575
TRANZACTII IMOBILIARE  INCHIRIERI SI ACTIVITATI DE SERVICII PRESTATE IN PRINCIPAL INTREPRINDERILOR  (activitati profesionale  stiintifice si tehnice  activitati de servicii administrative si activitati de servicii suport ), Total, Galati, Anul 2009, Milioane lei RON, 571
TRANZACTII IMOBILIARE  INCHIRIERI SI ACTIVITATI DE SERVICII PRESTATE IN PRINCIPAL INTREPRINDERILOR  (activitati profesionale  stiintifice si tehnice  activitati de servicii administrative si activitati de servicii suport ), Total, Galati, Anul 2010, Milioane lei RON, 567
TRANZACTII IMOBILIARE  INCHIRIERI SI ACTIVITATI DE SERVICII PRESTATE IN PRINCIPAL INTREPRINDERILOR  (activitati profesionale  stiintifice si tehnice  activitati de servicii administrative si activitati de servicii suport ), Total, Galati, Anul 2011, Milioane lei RON, 660
TRANZACTII IMOBILIARE  INCHIRIERI SI ACTIVITATI DE SERVICII PRESTATE IN PRINCIPAL INTREPRINDERILOR  (activitati profesionale  stiintifice si tehnice  activitati de servicii administrative si activitati de servicii suport ), Total, Galati, Anul 2012, Milioane lei RON, 663
TRANZACTII IMOBILIARE  INCHIRIERI SI ACTIVITATI DE SERVICII PRESTATE IN PRINCIPAL INTREPRINDERILOR  (activitati profesionale  stiintifice si tehnice  activitati de servicii administrative si activitati de servicii suport ), Total, Galati, Anul 2013, Milioane lei RON, 737
TRANZACTII IMOBILIARE  INCHIRIERI SI ACTIVITATI DE SERVICII PRESTATE IN PRINCIPAL INTREPRINDERILOR  (activitati profesionale  stiintifice si tehnice  activitati de servicii administrative si activitati de servicii suport ), Total, Galati, Anul 2014, Milioane lei RON, 837
TRANZACTII IMOBILIARE  INCHIRIERI SI ACTIVITATI DE SERVICII PRESTATE IN PRINCIPAL INTREPRINDERILOR  (activitati profesionale  stiintifice si tehnice  activitati de servicii administrative si activitati de servicii suport ), Total, Galati, Anul 2015, Milioane lei RON, 867
TRANZACTII IMOBILIARE  INCHIRIERI SI ACTIVITATI DE SERVICII PRESTATE IN PRINCIPAL INTREPRINDERILOR  (activitati profesionale  stiintifice si tehnice  activitati de servicii administrative si activitati de servicii suport ), Total, Galati, Anul 2016, Milioane lei RON, 831
TRANZACTII IMOBILIARE  INCHIRIERI SI ACTIVITATI DE SERVICII PRESTATE IN PRINCIPAL INTREPRINDERILOR  (activitati profesionale  stiintifice si tehnice  activitati de servicii administrative si activitati de servicii suport ), Total, Galati, Anul 2017, Milioane lei RON, 860
TRANZACTII IMOBILIARE  INCHIRIERI SI ACTIVITATI DE SERVICII PRESTATE IN PRINCIPAL INTREPRINDERILOR  (activitati profesionale  stiintifice si tehnice  activitati de servicii administrative si activitati de servicii suport ), Total, Galati, Anul 2018, Milioane lei RON, 911
TRANZACTII IMOBILIARE  INCHIRIERI SI ACTIVITATI DE SERVICII PRESTATE IN PRINCIPAL INTREPRINDERILOR  (activitati profesionale  stiintifice si tehnice  activitati de servicii administrative si activitati de servicii suport ), Total, Galati, Anul 2019, Milioane lei RON, 1015
TRANZACTII IMOBILIARE  INCHIRIERI SI ACTIVITATI DE SERVICII PRESTATE IN PRINCIPAL INTREPRINDERILOR  (activitati profesionale  stiintifice si tehnice  activitati de servicii administrative si activitati de servicii suport ), Total, Galati, Anul 2020, Milioane lei RON, 1037
TRANZACTII IMOBILIARE  INCHIRIERI SI ACTIVITATI DE SERVICII PRESTATE IN PRINCIPAL INTREPRINDERILOR  (activitati profesionale  stiintifice si tehnice  activitati de servicii administrative si activitati de servicii suport ), Total, Galati, Anul 2021, Milioane lei RON, 1082
TRANZACTII IMOBILIARE  INCHIRIERI SI ACTIVITATI DE SERVICII PRESTATE IN PRINCIPAL INTREPRINDERILOR  (activitati profesionale  stiintifice si tehnice  activitati de servicii administrative si activitati de servicii suport ), Total, Galati, Anul 2022, Milioane lei RON, 1254
TRANZACTII IMOBILIARE  INCHIRIERI SI ACTIVITATI DE SERVICII PRESTATE IN PRINCIPAL INTREPRINDERILOR  (activitati profesionale  stiintifice si tehnice  activitati de servicii administrative si activitati de servicii suport ), Total, Galati, Anul 2023, Milioane lei RON, 1537
TRANZACTII IMOBILIARE  INCHIRIERI SI ACTIVITATI DE SERVICII PRESTATE IN PRINCIPAL INTREPRINDERILOR  (activitati profesionale  stiintifice si tehnice  activitati de servicii administrative si activitati de servicii suport ), Total, Galati, Anul 2024, Milioane lei RON, 1744
TRANZACTII IMOBILIARE  INCHIRIERI SI ACTIVITATI DE SERVICII PRESTATE IN PRINCIPAL INTREPRINDERILOR  (activitati profesionale  stiintifice si tehnice  activitati de servicii administrative si activitati de servicii suport ), Total, Tulcea, Anul 2008, Milioane lei RON, 115
TRANZACTII IMOBILIARE  INCHIRIERI SI ACTIVITATI DE SERVICII PRESTATE IN PRINCIPAL INTREPRINDERILOR  (activitati profesionale  stiintifice si tehnice  activitati de servicii administrative si activitati de servicii suport ), Total, Tulcea, Anul 2009, Milioane lei RON, 116
TRANZACTII IMOBILIARE  INCHIRIERI SI ACTIVITATI DE SERVICII PRESTATE IN PRINCIPAL INTREPRINDERILOR  (activitati profesionale  stiintifice si tehnice  activitati de servicii administrative si activitati de servicii suport ), Total, Tulcea, Anul 2010, Milioane lei RON, 109
TRANZACTII IMOBILIARE  INCHIRIERI SI ACTIVITATI DE SERVICII PRESTATE IN PRINCIPAL INTREPRINDERILOR  (activitati profesionale  stiintifice si tehnice  activitati de servicii administrative si activitati de servicii suport ), Total, Tulcea, Anul 2011, Milioane lei RON, 125
TRANZACTII IMOBILIARE  INCHIRIERI SI ACTIVITATI DE SERVICII PRESTATE IN PRINCIPAL INTREPRINDERILOR  (activitati profesionale  stiintifice si tehnice  activitati de servicii administrative si activitati de servicii suport ), Total, Tulcea, Anul 2012, Milioane lei RON, 123
TRANZACTII IMOBILIARE  INCHIRIERI SI ACTIVITATI DE SERVICII PRESTATE IN PRINCIPAL INTREPRINDERILOR  (activitati profesionale  stiintifice si tehnice  activitati de servicii administrative si activitati de servicii suport ), Total, Tulcea, Anul 2013, Milioane lei RON, 128
TRANZACTII IMOBILIARE  INCHIRIERI SI ACTIVITATI DE SERVICII PRESTATE IN PRINCIPAL INTREPRINDERILOR  (activitati profesionale  stiintifice si tehnice  activitati de servicii administrative si activitati de servicii suport ), Total, Tulcea, Anul 2014, Milioane lei RON, 144
TRANZACTII IMOBILIARE  INCHIRIERI SI ACTIVITATI DE SERVICII PRESTATE IN PRINCIPAL INTREPRINDERILOR  (activitati profesionale  stiintifice si tehnice  activitati de servicii administrative si activitati de servicii suport ), Total, Tulcea, Anul 2015, Milioane lei RON, 183
TRANZACTII IMOBILIARE  INCHIRIERI SI ACTIVITATI DE SERVICII PRESTATE IN PRINCIPAL INTREPRINDERILOR  (activitati profesionale  stiintifice si tehnice  activitati de servicii administrative si activitati de servicii suport ), Total, Tulcea, Anul 2016, Milioane lei RON, 165
TRANZACTII IMOBILIARE  INCHIRIERI SI ACTIVITATI DE SERVICII PRESTATE IN PRINCIPAL INTREPRINDERILOR  (activitati profesionale  stiintifice si tehnice  activitati de servicii administrative si activitati de servicii suport ), Total, Tulcea, Anul 2017, Milioane lei RON, 166
TRANZACTII IMOBILIARE  INCHIRIERI SI ACTIVITATI DE SERVICII PRESTATE IN PRINCIPAL INTREPRINDERILOR  (activitati profesionale  stiintifice si tehnice  activitati de servicii administrative si activitati de servicii suport ), Total, Tulcea, Anul 2018, Milioane lei RON, 207
TRANZACTII IMOBILIARE  INCHIRIERI SI ACTIVITATI DE SERVICII PRESTATE IN PRINCIPAL INTREPRINDERILOR  (activitati profesionale  stiintifice si tehnice  activitati de servicii administrative si activitati de servicii suport ), Total, Tulcea, Anul 2019, Milioane lei RON, 228
TRANZACTII IMOBILIARE  INCHIRIERI SI ACTIVITATI DE SERVICII PRESTATE IN PRINCIPAL INTREPRINDERILOR  (activitati profesionale  stiintifice si tehnice  activitati de servicii administrative si activitati de servicii suport ), Total, Tulcea, Anul 2020, Milioane lei RON, 260
TRANZACTII IMOBILIARE  INCHIRIERI SI ACTIVITATI DE SERVICII PRESTATE IN PRINCIPAL INTREPRINDERILOR  (activitati profesionale  stiintifice si tehnice  activitati de servicii administrative si activitati de servicii suport ), Total, Tulcea, Anul 2021, Milioane lei RON, 306
TRANZACTII IMOBILIARE  INCHIRIERI SI ACTIVITATI DE SERVICII PRESTATE IN PRINCIPAL INTREPRINDERILOR  (activitati profesionale  stiintifice si tehnice  activitati de servicii administrative si activitati de servicii suport ), Total, Tulcea, Anul 2022, Milioane lei RON, 321
TRANZACTII IMOBILIARE  INCHIRIERI SI ACTIVITATI DE SERVICII PRESTATE IN PRINCIPAL INTREPRINDERILOR  (activitati profesionale  stiintifice si tehnice  activitati de servicii administrative si activitati de servicii suport ), Total, Tulcea, Anul 2023, Milioane lei RON, 398
TRANZACTII IMOBILIARE  INCHIRIERI SI ACTIVITATI DE SERVICII PRESTATE IN PRINCIPAL INTREPRINDERILOR  (activitati profesionale  stiintifice si tehnice  activitati de servicii administrative si activitati de servicii suport ), Total, Tulcea, Anul 2024, Milioane lei RON, 438
TRANZACTII IMOBILIARE  INCHIRIERI SI ACTIVITATI DE SERVICII PRESTATE IN PRINCIPAL INTREPRINDERILOR  (activitati profesionale  stiintifice si tehnice  activitati de servicii administrative si activitati de servicii suport ), Total, Vrancea, Anul 2008, Milioane lei RON, 132
TRANZACTII IMOBILIARE  INCHIRIERI SI ACTIVITATI DE SERVICII PRESTATE IN PRINCIPAL INTREPRINDERILOR  (activitati profesionale  stiintifice si tehnice  activitati de servicii administrative si activitati de servicii suport ), Total, Vrancea, Anul 2009, Milioane lei RON, 135
TRANZACTII IMOBILIARE  INCHIRIERI SI ACTIVITATI DE SERVICII PRESTATE IN PRINCIPAL INTREPRINDERILOR  (activitati profesionale  stiintifice si tehnice  activitati de servicii administrative si activitati de servicii suport ), Total, Vrancea, Anul 2010, Milioane lei RON, 143
TRANZACTII IMOBILIARE  INCHIRIERI SI ACTIVITATI DE SERVICII PRESTATE IN PRINCIPAL INTREPRINDERILOR  (activitati profesionale  stiintifice si tehnice  activitati de servicii administrative si activitati de servicii suport ), Total, Vrancea, Anul 2011, Milioane lei RON, 174
TRANZACTII IMOBILIARE  INCHIRIERI SI ACTIVITATI DE SERVICII PRESTATE IN PRINCIPAL INTREPRINDERILOR  (activitati profesionale  stiintifice si tehnice  activitati de servicii administrative si activitati de servicii suport ), Total, Vrancea, Anul 2012, Milioane lei RON, 171
TRANZACTII IMOBILIARE  INCHIRIERI SI ACTIVITATI DE SERVICII PRESTATE IN PRINCIPAL INTREPRINDERILOR  (activitati profesionale  stiintifice si tehnice  activitati de servicii administrative si activitati de servicii suport ), Total, Vrancea, Anul 2013, Milioane lei RON, 178
TRANZACTII IMOBILIARE  INCHIRIERI SI ACTIVITATI DE SERVICII PRESTATE IN PRINCIPAL INTREPRINDERILOR  (activitati profesionale  stiintifice si tehnice  activitati de servicii administrative si activitati de servicii suport ), Total, Vrancea, Anul 2014, Milioane lei RON, 195
TRANZACTII IMOBILIARE  INCHIRIERI SI ACTIVITATI DE SERVICII PRESTATE IN PRINCIPAL INTREPRINDERILOR  (activitati profesionale  stiintifice si tehnice  activitati de servicii administrative si activitati de servicii suport ), Total, Vrancea, Anul 2015, Milioane lei RON, 222
TRANZACTII IMOBILIARE  INCHIRIERI SI ACTIVITATI DE SERVICII PRESTATE IN PRINCIPAL INTREPRINDERILOR  (activitati profesionale  stiintifice si tehnice  activitati de servicii administrative si activitati de servicii suport ), Total, Vrancea, Anul 2016, Milioane lei RON, 322
TRANZACTII IMOBILIARE  INCHIRIERI SI ACTIVITATI DE SERVICII PRESTATE IN PRINCIPAL INTREPRINDERILOR  (activitati profesionale  stiintifice si tehnice  activitati de servicii administrative si activitati de servicii suport ), Total, Vrancea, Anul 2017, Milioane lei RON, 411
TRANZACTII IMOBILIARE  INCHIRIERI SI ACTIVITATI DE SERVICII PRESTATE IN PRINCIPAL INTREPRINDERILOR  (activitati profesionale  stiintifice si tehnice  activitati de servicii administrative si activitati de servicii suport ), Total, Vrancea, Anul 2018, Milioane lei RON, 401
TRANZACTII IMOBILIARE  INCHIRIERI SI ACTIVITATI DE SERVICII PRESTATE IN PRINCIPAL INTREPRINDERILOR  (activitati profesionale  stiintifice si tehnice  activitati de servicii administrative si activitati de servicii suport ), Total, Vrancea, Anul 2019, Milioane lei RON, 424
TRANZACTII IMOBILIARE  INCHIRIERI SI ACTIVITATI DE SERVICII PRESTATE IN PRINCIPAL INTREPRINDERILOR  (activitati profesionale  stiintifice si tehnice  activitati de servicii administrative si activitati de servicii suport ), Total, Vrancea, Anul 2020, Milioane lei RON, 446
TRANZACTII IMOBILIARE  INCHIRIERI SI ACTIVITATI DE SERVICII PRESTATE IN PRINCIPAL INTREPRINDERILOR  (activitati profesionale  stiintifice si tehnice  activitati de servicii administrative si activitati de servicii suport ), Total, Vrancea, Anul 2021, Milioane lei RON, 500
TRANZACTII IMOBILIARE  INCHIRIERI SI ACTIVITATI DE SERVICII PRESTATE IN PRINCIPAL INTREPRINDERILOR  (activitati profesionale  stiintifice si tehnice  activitati de servicii administrative si activitati de servicii suport ), Total, Vrancea, Anul 2022, Milioane lei RON, 570
TRANZACTII IMOBILIARE  INCHIRIERI SI ACTIVITATI DE SERVICII PRESTATE IN PRINCIPAL INTREPRINDERILOR  (activitati profesionale  stiintifice si tehnice  activitati de servicii administrative si activitati de servicii suport ), Total, Vrancea, Anul 2023, Milioane lei RON, 671
TRANZACTII IMOBILIARE  INCHIRIERI SI ACTIVITATI DE SERVICII PRESTATE IN PRINCIPAL INTREPRINDERILOR  (activitati profesionale  stiintifice si tehnice  activitati de servicii administrative si activitati de servicii suport ), Total, Vrancea, Anul 2024, Milioane lei RON, 687
TRANZACTII IMOBILIARE  INCHIRIERI SI ACTIVITATI DE SERVICII PRESTATE IN PRINCIPAL INTREPRINDERILOR  (activitati profesionale  stiintifice si tehnice  activitati de servicii administrative si activitati de servicii suport ), Total, Arges, Anul 2008, Milioane lei RON, 730
TRANZACTII IMOBILIARE  INCHIRIERI SI ACTIVITATI DE SERVICII PRESTATE IN PRINCIPAL INTREPRINDERILOR  (activitati profesionale  stiintifice si tehnice  activitati de servicii administrative si activitati de servicii suport ), Total, Arges, Anul 2009, Milioane lei RON, 777
TRANZACTII IMOBILIARE  INCHIRIERI SI ACTIVITATI DE SERVICII PRESTATE IN PRINCIPAL INTREPRINDERILOR  (activitati profesionale  stiintifice si tehnice  activitati de servicii administrative si activitati de servicii suport ), Total, Arges, Anul 2010, Milioane lei RON, 615
TRANZACTII IMOBILIARE  INCHIRIERI SI ACTIVITATI DE SERVICII PRESTATE IN PRINCIPAL INTREPRINDERILOR  (activitati profesionale  stiintifice si tehnice  activitati de servicii administrative si activitati de servicii suport ), Total, Arges, Anul 2011, Milioane lei RON, 738
TRANZACTII IMOBILIARE  INCHIRIERI SI ACTIVITATI DE SERVICII PRESTATE IN PRINCIPAL INTREPRINDERILOR  (activitati profesionale  stiintifice si tehnice  activitati de servicii administrative si activitati de servicii suport ), Total, Arges, Anul 2012, Milioane lei RON, 737
TRANZACTII IMOBILIARE  INCHIRIERI SI ACTIVITATI DE SERVICII PRESTATE IN PRINCIPAL INTREPRINDERILOR  (activitati profesionale  stiintifice si tehnice  activitati de servicii administrative si activitati de servicii suport ), Total, Arges, Anul 2013, Milioane lei RON, 764
TRANZACTII IMOBILIARE  INCHIRIERI SI ACTIVITATI DE SERVICII PRESTATE IN PRINCIPAL INTREPRINDERILOR  (activitati profesionale  stiintifice si tehnice  activitati de servicii administrative si activitati de servicii suport ), Total, Arges, Anul 2014, Milioane lei RON, 891
TRANZACTII IMOBILIARE  INCHIRIERI SI ACTIVITATI DE SERVICII PRESTATE IN PRINCIPAL INTREPRINDERILOR  (activitati profesionale  stiintifice si tehnice  activitati de servicii administrative si activitati de servicii suport ), Total, Arges, Anul 2015, Milioane lei RON, 912
TRANZACTII IMOBILIARE  INCHIRIERI SI ACTIVITATI DE SERVICII PRESTATE IN PRINCIPAL INTREPRINDERILOR  (activitati profesionale  stiintifice si tehnice  activitati de servicii administrative si activitati de servicii suport ), Total, Arges, Anul 2016, Milioane lei RON, 1020
TRANZACTII IMOBILIARE  INCHIRIERI SI ACTIVITATI DE SERVICII PRESTATE IN PRINCIPAL INTREPRINDERILOR  (activitati profesionale  stiintifice si tehnice  activitati de servicii administrative si activitati de servicii suport ), Total, Arges, Anul 2017, Milioane lei RON, 1135
TRANZACTII IMOBILIARE  INCHIRIERI SI ACTIVITATI DE SERVICII PRESTATE IN PRINCIPAL INTREPRINDERILOR  (activitati profesionale  stiintifice si tehnice  activitati de servicii administrative si activitati de servicii suport ), Total, Arges, Anul 2018, Milioane lei RON, 1358
TRANZACTII IMOBILIARE  INCHIRIERI SI ACTIVITATI DE SERVICII PRESTATE IN PRINCIPAL INTREPRINDERILOR  (activitati profesionale  stiintifice si tehnice  activitati de servicii administrative si activitati de servicii suport ), Total, Arges, Anul 2019, Milioane lei RON, 1332
TRANZACTII IMOBILIARE  INCHIRIERI SI ACTIVITATI DE SERVICII PRESTATE IN PRINCIPAL INTREPRINDERILOR  (activitati profesionale  stiintifice si tehnice  activitati de servicii administrative si activitati de servicii suport ), Total, Arges, Anul 2020, Milioane lei RON, 1360
TRANZACTII IMOBILIARE  INCHIRIERI SI ACTIVITATI DE SERVICII PRESTATE IN PRINCIPAL INTREPRINDERILOR  (activitati profesionale  stiintifice si tehnice  activitati de servicii administrative si activitati de servicii suport ), Total, Arges, Anul 2021, Milioane lei RON, 1698
TRANZACTII IMOBILIARE  INCHIRIERI SI ACTIVITATI DE SERVICII PRESTATE IN PRINCIPAL INTREPRINDERILOR  (activitati profesionale  stiintifice si tehnice  activitati de servicii administrative si activitati de servicii suport ), Total, Arges, Anul 2022, Milioane lei RON, 2010
TRANZACTII IMOBILIARE  INCHIRIERI SI ACTIVITATI DE SERVICII PRESTATE IN PRINCIPAL INTREPRINDERILOR  (activitati profesionale  stiintifice si tehnice  activitati de servicii administrative si activitati de servicii suport ), Total, Arges, Anul 2023, Milioane lei RON, 2125
TRANZACTII IMOBILIARE  INCHIRIERI SI ACTIVITATI DE SERVICII PRESTATE IN PRINCIPAL INTREPRINDERILOR  (activitati profesionale  stiintifice si tehnice  activitati de servicii administrative si activitati de servicii suport ), Total, Arges, Anul 2024, Milioane lei RON, 2252
TRANZACTII IMOBILIARE  INCHIRIERI SI ACTIVITATI DE SERVICII PRESTATE IN PRINCIPAL INTREPRINDERILOR  (activitati profesionale  stiintifice si tehnice  activitati de servicii administrative si activitati de servicii suport ), Total, Calarasi, Anul 2008, Milioane lei RON, 121
TRANZACTII IMOBILIARE  INCHIRIERI SI ACTIVITATI DE SERVICII PRESTATE IN PRINCIPAL INTREPRINDERILOR  (activitati profesionale  stiintifice si tehnice  activitati de servicii administrative si activitati de servicii suport ), Total, Calarasi, Anul 2009, Milioane lei RON, 127
TRANZACTII IMOBILIARE  INCHIRIERI SI ACTIVITATI DE SERVICII PRESTATE IN PRINCIPAL INTREPRINDERILOR  (activitati profesionale  stiintifice si tehnice  activitati de servicii administrative si activitati de servicii suport ), Total, Calarasi, Anul 2010, Milioane lei RON, 126
TRANZACTII IMOBILIARE  INCHIRIERI SI ACTIVITATI DE SERVICII PRESTATE IN PRINCIPAL INTREPRINDERILOR  (activitati profesionale  stiintifice si tehnice  activitati de servicii administrative si activitati de servicii suport ), Total, Calarasi, Anul 2011, Milioane lei RON, 141
TRANZACTII IMOBILIARE  INCHIRIERI SI ACTIVITATI DE SERVICII PRESTATE IN PRINCIPAL INTREPRINDERILOR  (activitati profesionale  stiintifice si tehnice  activitati de servicii administrative si activitati de servicii suport ), Total, Calarasi, Anul 2012, Milioane lei RON, 191
TRANZACTII IMOBILIARE  INCHIRIERI SI ACTIVITATI DE SERVICII PRESTATE IN PRINCIPAL INTREPRINDERILOR  (activitati profesionale  stiintifice si tehnice  activitati de servicii administrative si activitati de servicii suport ), Total, Calarasi, Anul 2013, Milioane lei RON, 151
TRANZACTII IMOBILIARE  INCHIRIERI SI ACTIVITATI DE SERVICII PRESTATE IN PRINCIPAL INTREPRINDERILOR  (activitati profesionale  stiintifice si tehnice  activitati de servicii administrative si activitati de servicii suport ), Total, Calarasi, Anul 2014, Milioane lei RON, 142
TRANZACTII IMOBILIARE  INCHIRIERI SI ACTIVITATI DE SERVICII PRESTATE IN PRINCIPAL INTREPRINDERILOR  (activitati profesionale  stiintifice si tehnice  activitati de servicii administrative si activitati de servicii suport ), Total, Calarasi, Anul 2015, Milioane lei RON, 167
TRANZACTII IMOBILIARE  INCHIRIERI SI ACTIVITATI DE SERVICII PRESTATE IN PRINCIPAL INTREPRINDERILOR  (activitati profesionale  stiintifice si tehnice  activitati de servicii administrative si activitati de servicii suport ), Total, Calarasi, Anul 2016, Milioane lei RON, 203
TRANZACTII IMOBILIARE  INCHIRIERI SI ACTIVITATI DE SERVICII PRESTATE IN PRINCIPAL INTREPRINDERILOR  (activitati profesionale  stiintifice si tehnice  activitati de servicii administrative si activitati de servicii suport ), Total, Calarasi, Anul 2017, Milioane lei RON, 276
TRANZACTII IMOBILIARE  INCHIRIERI SI ACTIVITATI DE SERVICII PRESTATE IN PRINCIPAL INTREPRINDERILOR  (activitati profesionale  stiintifice si tehnice  activitati de servicii administrative si activitati de servicii suport ), Total, Calarasi, Anul 2018, Milioane lei RON, 377
TRANZACTII IMOBILIARE  INCHIRIERI SI ACTIVITATI DE SERVICII PRESTATE IN PRINCIPAL INTREPRINDERILOR  (activitati profesionale  stiintifice si tehnice  activitati de servicii administrative si activitati de servicii suport ), Total, Calarasi, Anul 2019, Milioane lei RON, 359
TRANZACTII IMOBILIARE  INCHIRIERI SI ACTIVITATI DE SERVICII PRESTATE IN PRINCIPAL INTREPRINDERILOR  (activitati profesionale  stiintifice si tehnice  activitati de servicii administrative si activitati de servicii suport ), Total, Calarasi, Anul 2020, Milioane lei RON, 323
TRANZACTII IMOBILIARE  INCHIRIERI SI ACTIVITATI DE SERVICII PRESTATE IN PRINCIPAL INTREPRINDERILOR  (activitati profesionale  stiintifice si tehnice  activitati de servicii administrative si activitati de servicii suport ), Total, Calarasi, Anul 2021, Milioane lei RON, 400
TRANZACTII IMOBILIARE  INCHIRIERI SI ACTIVITATI DE SERVICII PRESTATE IN PRINCIPAL INTREPRINDERILOR  (activitati profesionale  stiintifice si tehnice  activitati de servicii administrative si activitati de servicii suport ), Total, Calarasi, Anul 2022, Milioane lei RON, 412
TRANZACTII IMOBILIARE  INCHIRIERI SI ACTIVITATI DE SERVICII PRESTATE IN PRINCIPAL INTREPRINDERILOR  (activitati profesionale  stiintifice si tehnice  activitati de servicii administrative si activitati de servicii suport ), Total, Calarasi, Anul 2023, Milioane lei RON, 435
TRANZACTII IMOBILIARE  INCHIRIERI SI ACTIVITATI DE SERVICII PRESTATE IN PRINCIPAL INTREPRINDERILOR  (activitati profesionale  stiintifice si tehnice  activitati de servicii administrative si activitati de servicii suport ), Total, Calarasi, Anul 2024, Milioane lei RON, 490
TRANZACTII IMOBILIARE  INCHIRIERI SI ACTIVITATI DE SERVICII PRESTATE IN PRINCIPAL INTREPRINDERILOR  (activitati profesionale  stiintifice si tehnice  activitati de servicii administrative si activitati de servicii suport ), Total, Dambovita, Anul 2008, Milioane lei RON, 286
TRANZACTII IMOBILIARE  INCHIRIERI SI ACTIVITATI DE SERVICII PRESTATE IN PRINCIPAL INTREPRINDERILOR  (activitati profesionale  stiintifice si tehnice  activitati de servicii administrative si activitati de servicii suport ), Total, Dambovita, Anul 2009, Milioane lei RON, 312
TRANZACTII IMOBILIARE  INCHIRIERI SI ACTIVITATI DE SERVICII PRESTATE IN PRINCIPAL INTREPRINDERILOR  (activitati profesionale  stiintifice si tehnice  activitati de servicii administrative si activitati de servicii suport ), Total, Dambovita, Anul 2010, Milioane lei RON, 298
TRANZACTII IMOBILIARE  INCHIRIERI SI ACTIVITATI DE SERVICII PRESTATE IN PRINCIPAL INTREPRINDERILOR  (activitati profesionale  stiintifice si tehnice  activitati de servicii administrative si activitati de servicii suport ), Total, Dambovita, Anul 2011, Milioane lei RON, 301
TRANZACTII IMOBILIARE  INCHIRIERI SI ACTIVITATI DE SERVICII PRESTATE IN PRINCIPAL INTREPRINDERILOR  (activitati profesionale  stiintifice si tehnice  activitati de servicii administrative si activitati de servicii suport ), Total, Dambovita, Anul 2012, Milioane lei RON, 363
TRANZACTII IMOBILIARE  INCHIRIERI SI ACTIVITATI DE SERVICII PRESTATE IN PRINCIPAL INTREPRINDERILOR  (activitati profesionale  stiintifice si tehnice  activitati de servicii administrative si activitati de servicii suport ), Total, Dambovita, Anul 2013, Milioane lei RON, 338
TRANZACTII IMOBILIARE  INCHIRIERI SI ACTIVITATI DE SERVICII PRESTATE IN PRINCIPAL INTREPRINDERILOR  (activitati profesionale  stiintifice si tehnice  activitati de servicii administrative si activitati de servicii suport ), Total, Dambovita, Anul 2014, Milioane lei RON, 380
TRANZACTII IMOBILIARE  INCHIRIERI SI ACTIVITATI DE SERVICII PRESTATE IN PRINCIPAL INTREPRINDERILOR  (activitati profesionale  stiintifice si tehnice  activitati de servicii administrative si activitati de servicii suport ), Total, Dambovita, Anul 2015, Milioane lei RON, 416
TRANZACTII IMOBILIARE  INCHIRIERI SI ACTIVITATI DE SERVICII PRESTATE IN PRINCIPAL INTREPRINDERILOR  (activitati profesionale  stiintifice si tehnice  activitati de servicii administrative si activitati de servicii suport ), Total, Dambovita, Anul 2016, Milioane lei RON, 415
TRANZACTII IMOBILIARE  INCHIRIERI SI ACTIVITATI DE SERVICII PRESTATE IN PRINCIPAL INTREPRINDERILOR  (activitati profesionale  stiintifice si tehnice  activitati de servicii administrative si activitati de servicii suport ), Total, Dambovita, Anul 2017, Milioane lei RON, 476
TRANZACTII IMOBILIARE  INCHIRIERI SI ACTIVITATI DE SERVICII PRESTATE IN PRINCIPAL INTREPRINDERILOR  (activitati profesionale  stiintifice si tehnice  activitati de servicii administrative si activitati de servicii suport ), Total, Dambovita, Anul 2018, Milioane lei RON, 588
TRANZACTII IMOBILIARE  INCHIRIERI SI ACTIVITATI DE SERVICII PRESTATE IN PRINCIPAL INTREPRINDERILOR  (activitati profesionale  stiintifice si tehnice  activitati de servicii administrative si activitati de servicii suport ), Total, Dambovita, Anul 2019, Milioane lei RON, 674
TRANZACTII IMOBILIARE  INCHIRIERI SI ACTIVITATI DE SERVICII PRESTATE IN PRINCIPAL INTREPRINDERILOR  (activitati profesionale  stiintifice si tehnice  activitati de servicii administrative si activitati de servicii suport ), Total, Dambovita, Anul 2020, Milioane lei RON, 646
TRANZACTII IMOBILIARE  INCHIRIERI SI ACTIVITATI DE SERVICII PRESTATE IN PRINCIPAL INTREPRINDERILOR  (activitati profesionale  stiintifice si tehnice  activitati de servicii administrative si activitati de servicii suport ), Total, Dambovita, Anul 2021, Milioane lei RON, 834
TRANZACTII IMOBILIARE  INCHIRIERI SI ACTIVITATI DE SERVICII PRESTATE IN PRINCIPAL INTREPRINDERILOR  (activitati profesionale  stiintifice si tehnice  activitati de servicii administrative si activitati de servicii suport ), Total, Dambovita, Anul 2022, Milioane lei RON, 855
TRANZACTII IMOBILIARE  INCHIRIERI SI ACTIVITATI DE SERVICII PRESTATE IN PRINCIPAL INTREPRINDERILOR  (activitati profesionale  stiintifice si tehnice  activitati de servicii administrative si activitati de servicii suport ), Total, Dambovita, Anul 2023, Milioane lei RON, 1290
TRANZACTII IMOBILIARE  INCHIRIERI SI ACTIVITATI DE SERVICII PRESTATE IN PRINCIPAL INTREPRINDERILOR  (activitati profesionale  stiintifice si tehnice  activitati de servicii administrative si activitati de servicii suport ), Total, Dambovita, Anul 2024, Milioane lei RON, 1608
TRANZACTII IMOBILIARE  INCHIRIERI SI ACTIVITATI DE SERVICII PRESTATE IN PRINCIPAL INTREPRINDERILOR  (activitati profesionale  stiintifice si tehnice  activitati de servicii administrative si activitati de servicii suport ), Total, Giurgiu, Anul 2008, Milioane lei RON, 123
TRANZACTII IMOBILIARE  INCHIRIERI SI ACTIVITATI DE SERVICII PRESTATE IN PRINCIPAL INTREPRINDERILOR  (activitati profesionale  stiintifice si tehnice  activitati de servicii administrative si activitati de servicii suport ), Total, Giurgiu, Anul 2009, Milioane lei RON, 120
TRANZACTII IMOBILIARE  INCHIRIERI SI ACTIVITATI DE SERVICII PRESTATE IN PRINCIPAL INTREPRINDERILOR  (activitati profesionale  stiintifice si tehnice  activitati de servicii administrative si activitati de servicii suport ), Total, Giurgiu, Anul 2010, Milioane lei RON, 132
TRANZACTII IMOBILIARE  INCHIRIERI SI ACTIVITATI DE SERVICII PRESTATE IN PRINCIPAL INTREPRINDERILOR  (activitati profesionale  stiintifice si tehnice  activitati de servicii administrative si activitati de servicii suport ), Total, Giurgiu, Anul 2011, Milioane lei RON, 240
TRANZACTII IMOBILIARE  INCHIRIERI SI ACTIVITATI DE SERVICII PRESTATE IN PRINCIPAL INTREPRINDERILOR  (activitati profesionale  stiintifice si tehnice  activitati de servicii administrative si activitati de servicii suport ), Total, Giurgiu, Anul 2012, Milioane lei RON, 265
TRANZACTII IMOBILIARE  INCHIRIERI SI ACTIVITATI DE SERVICII PRESTATE IN PRINCIPAL INTREPRINDERILOR  (activitati profesionale  stiintifice si tehnice  activitati de servicii administrative si activitati de servicii suport ), Total, Giurgiu, Anul 2013, Milioane lei RON, 144
TRANZACTII IMOBILIARE  INCHIRIERI SI ACTIVITATI DE SERVICII PRESTATE IN PRINCIPAL INTREPRINDERILOR  (activitati profesionale  stiintifice si tehnice  activitati de servicii administrative si activitati de servicii suport ), Total, Giurgiu, Anul 2014, Milioane lei RON, 176
TRANZACTII IMOBILIARE  INCHIRIERI SI ACTIVITATI DE SERVICII PRESTATE IN PRINCIPAL INTREPRINDERILOR  (activitati profesionale  stiintifice si tehnice  activitati de servicii administrative si activitati de servicii suport ), Total, Giurgiu, Anul 2015, Milioane lei RON, 192
TRANZACTII IMOBILIARE  INCHIRIERI SI ACTIVITATI DE SERVICII PRESTATE IN PRINCIPAL INTREPRINDERILOR  (activitati profesionale  stiintifice si tehnice  activitati de servicii administrative si activitati de servicii suport ), Total, Giurgiu, Anul 2016, Milioane lei RON, 185
TRANZACTII IMOBILIARE  INCHIRIERI SI ACTIVITATI DE SERVICII PRESTATE IN PRINCIPAL INTREPRINDERILOR  (activitati profesionale  stiintifice si tehnice  activitati de servicii administrative si activitati de servicii suport ), Total, Giurgiu, Anul 2017, Milioane lei RON, 211
TRANZACTII IMOBILIARE  INCHIRIERI SI ACTIVITATI DE SERVICII PRESTATE IN PRINCIPAL INTREPRINDERILOR  (activitati profesionale  stiintifice si tehnice  activitati de servicii administrative si activitati de servicii suport ), Total, Giurgiu, Anul 2018, Milioane lei RON, 217
TRANZACTII IMOBILIARE  INCHIRIERI SI ACTIVITATI DE SERVICII PRESTATE IN PRINCIPAL INTREPRINDERILOR  (activitati profesionale  stiintifice si tehnice  activitati de servicii administrative si activitati de servicii suport ), Total, Giurgiu, Anul 2019, Milioane lei RON, 244
TRANZACTII IMOBILIARE  INCHIRIERI SI ACTIVITATI DE SERVICII PRESTATE IN PRINCIPAL INTREPRINDERILOR  (activitati profesionale  stiintifice si tehnice  activitati de servicii administrative si activitati de servicii suport ), Total, Giurgiu, Anul 2020, Milioane lei RON, 274
TRANZACTII IMOBILIARE  INCHIRIERI SI ACTIVITATI DE SERVICII PRESTATE IN PRINCIPAL INTREPRINDERILOR  (activitati profesionale  stiintifice si tehnice  activitati de servicii administrative si activitati de servicii suport ), Total, Giurgiu, Anul 2021, Milioane lei RON, 354
TRANZACTII IMOBILIARE  INCHIRIERI SI ACTIVITATI DE SERVICII PRESTATE IN PRINCIPAL INTREPRINDERILOR  (activitati profesionale  stiintifice si tehnice  activitati de servicii administrative si activitati de servicii suport ), Total, Giurgiu, Anul 2022, Milioane lei RON, 419
TRANZACTII IMOBILIARE  INCHIRIERI SI ACTIVITATI DE SERVICII PRESTATE IN PRINCIPAL INTREPRINDERILOR  (activitati profesionale  stiintifice si tehnice  activitati de servicii administrative si activitati de servicii suport ), Total, Giurgiu, Anul 2023, Milioane lei RON, 496
TRANZACTII IMOBILIARE  INCHIRIERI SI ACTIVITATI DE SERVICII PRESTATE IN PRINCIPAL INTREPRINDERILOR  (activitati profesionale  stiintifice si tehnice  activitati de servicii administrative si activitati de servicii suport ), Total, Giurgiu, Anul 2024, Milioane lei RON, 529
TRANZACTII IMOBILIARE  INCHIRIERI SI ACTIVITATI DE SERVICII PRESTATE IN PRINCIPAL INTREPRINDERILOR  (activitati profesionale  stiintifice si tehnice  activitati de servicii administrative si activitati de servicii suport ), Total, Ialomita, Anul 2008, Milioane lei RON, 124
TRANZACTII IMOBILIARE  INCHIRIERI SI ACTIVITATI DE SERVICII PRESTATE IN PRINCIPAL INTREPRINDERILOR  (activitati profesionale  stiintifice si tehnice  activitati de servicii administrative si activitati de servicii suport ), Total, Ialomita, Anul 2009, Milioane lei RON, 140
TRANZACTII IMOBILIARE  INCHIRIERI SI ACTIVITATI DE SERVICII PRESTATE IN PRINCIPAL INTREPRINDERILOR  (activitati profesionale  stiintifice si tehnice  activitati de servicii administrative si activitati de servicii suport ), Total, Ialomita, Anul 2010, Milioane lei RON, 182
TRANZACTII IMOBILIARE  INCHIRIERI SI ACTIVITATI DE SERVICII PRESTATE IN PRINCIPAL INTREPRINDERILOR  (activitati profesionale  stiintifice si tehnice  activitati de servicii administrative si activitati de servicii suport ), Total, Ialomita, Anul 2011, Milioane lei RON, 122
TRANZACTII IMOBILIARE  INCHIRIERI SI ACTIVITATI DE SERVICII PRESTATE IN PRINCIPAL INTREPRINDERILOR  (activitati profesionale  stiintifice si tehnice  activitati de servicii administrative si activitati de servicii suport ), Total, Ialomita, Anul 2012, Milioane lei RON, 136
TRANZACTII IMOBILIARE  INCHIRIERI SI ACTIVITATI DE SERVICII PRESTATE IN PRINCIPAL INTREPRINDERILOR  (activitati profesionale  stiintifice si tehnice  activitati de servicii administrative si activitati de servicii suport ), Total, Ialomita, Anul 2013, Milioane lei RON, 136
TRANZACTII IMOBILIARE  INCHIRIERI SI ACTIVITATI DE SERVICII PRESTATE IN PRINCIPAL INTREPRINDERILOR  (activitati profesionale  stiintifice si tehnice  activitati de servicii administrative si activitati de servicii suport ), Total, Ialomita, Anul 2014, Milioane lei RON, 132
TRANZACTII IMOBILIARE  INCHIRIERI SI ACTIVITATI DE SERVICII PRESTATE IN PRINCIPAL INTREPRINDERILOR  (activitati profesionale  stiintifice si tehnice  activitati de servicii administrative si activitati de servicii suport ), Total, Ialomita, Anul 2015, Milioane lei RON, 140
TRANZACTII IMOBILIARE  INCHIRIERI SI ACTIVITATI DE SERVICII PRESTATE IN PRINCIPAL INTREPRINDERILOR  (activitati profesionale  stiintifice si tehnice  activitati de servicii administrative si activitati de servicii suport ), Total, Ialomita, Anul 2016, Milioane lei RON, 167
TRANZACTII IMOBILIARE  INCHIRIERI SI ACTIVITATI DE SERVICII PRESTATE IN PRINCIPAL INTREPRINDERILOR  (activitati profesionale  stiintifice si tehnice  activitati de servicii administrative si activitati de servicii suport ), Total, Ialomita, Anul 2017, Milioane lei RON, 186
TRANZACTII IMOBILIARE  INCHIRIERI SI ACTIVITATI DE SERVICII PRESTATE IN PRINCIPAL INTREPRINDERILOR  (activitati profesionale  stiintifice si tehnice  activitati de servicii administrative si activitati de servicii suport ), Total, Ialomita, Anul 2018, Milioane lei RON, 208
TRANZACTII IMOBILIARE  INCHIRIERI SI ACTIVITATI DE SERVICII PRESTATE IN PRINCIPAL INTREPRINDERILOR  (activitati profesionale  stiintifice si tehnice  activitati de servicii administrative si activitati de servicii suport ), Total, Ialomita, Anul 2019, Milioane lei RON, 260
TRANZACTII IMOBILIARE  INCHIRIERI SI ACTIVITATI DE SERVICII PRESTATE IN PRINCIPAL INTREPRINDERILOR  (activitati profesionale  stiintifice si tehnice  activitati de servicii administrative si activitati de servicii suport ), Total, Ialomita, Anul 2020, Milioane lei RON, 326
TRANZACTII IMOBILIARE  INCHIRIERI SI ACTIVITATI DE SERVICII PRESTATE IN PRINCIPAL INTREPRINDERILOR  (activitati profesionale  stiintifice si tehnice  activitati de servicii administrative si activitati de servicii suport ), Total, Ialomita, Anul 2021, Milioane lei RON, 644
TRANZACTII IMOBILIARE  INCHIRIERI SI ACTIVITATI DE SERVICII PRESTATE IN PRINCIPAL INTREPRINDERILOR  (activitati profesionale  stiintifice si tehnice  activitati de servicii administrative si activitati de servicii suport ), Total, Ialomita, Anul 2022, Milioane lei RON, 446
TRANZACTII IMOBILIARE  INCHIRIERI SI ACTIVITATI DE SERVICII PRESTATE IN PRINCIPAL INTREPRINDERILOR  (activitati profesionale  stiintifice si tehnice  activitati de servicii administrative si activitati de servicii suport ), Total, Ialomita, Anul 2023, Milioane lei RON, 613
TRANZACTII IMOBILIARE  INCHIRIERI SI ACTIVITATI DE SERVICII PRESTATE IN PRINCIPAL INTREPRINDERILOR  (activitati profesionale  stiintifice si tehnice  activitati de servicii administrative si activitati de servicii suport ), Total, Ialomita, Anul 2024, Milioane lei RON, 584
TRANZACTII IMOBILIARE  INCHIRIERI SI ACTIVITATI DE SERVICII PRESTATE IN PRINCIPAL INTREPRINDERILOR  (activitati profesionale  stiintifice si tehnice  activitati de servicii administrative si activitati de servicii suport ), Total, Prahova, Anul 2008, Milioane lei RON, 1848
TRANZACTII IMOBILIARE  INCHIRIERI SI ACTIVITATI DE SERVICII PRESTATE IN PRINCIPAL INTREPRINDERILOR  (activitati profesionale  stiintifice si tehnice  activitati de servicii administrative si activitati de servicii suport ), Total, Prahova, Anul 2009, Milioane lei RON, 1499
TRANZACTII IMOBILIARE  INCHIRIERI SI ACTIVITATI DE SERVICII PRESTATE IN PRINCIPAL INTREPRINDERILOR  (activitati profesionale  stiintifice si tehnice  activitati de servicii administrative si activitati de servicii suport ), Total, Prahova, Anul 2010, Milioane lei RON, 1510
TRANZACTII IMOBILIARE  INCHIRIERI SI ACTIVITATI DE SERVICII PRESTATE IN PRINCIPAL INTREPRINDERILOR  (activitati profesionale  stiintifice si tehnice  activitati de servicii administrative si activitati de servicii suport ), Total, Prahova, Anul 2011, Milioane lei RON, 1473
TRANZACTII IMOBILIARE  INCHIRIERI SI ACTIVITATI DE SERVICII PRESTATE IN PRINCIPAL INTREPRINDERILOR  (activitati profesionale  stiintifice si tehnice  activitati de servicii administrative si activitati de servicii suport ), Total, Prahova, Anul 2012, Milioane lei RON, 2201
TRANZACTII IMOBILIARE  INCHIRIERI SI ACTIVITATI DE SERVICII PRESTATE IN PRINCIPAL INTREPRINDERILOR  (activitati profesionale  stiintifice si tehnice  activitati de servicii administrative si activitati de servicii suport ), Total, Prahova, Anul 2013, Milioane lei RON, 1662
TRANZACTII IMOBILIARE  INCHIRIERI SI ACTIVITATI DE SERVICII PRESTATE IN PRINCIPAL INTREPRINDERILOR  (activitati profesionale  stiintifice si tehnice  activitati de servicii administrative si activitati de servicii suport ), Total, Prahova, Anul 2014, Milioane lei RON, 1917
TRANZACTII IMOBILIARE  INCHIRIERI SI ACTIVITATI DE SERVICII PRESTATE IN PRINCIPAL INTREPRINDERILOR  (activitati profesionale  stiintifice si tehnice  activitati de servicii administrative si activitati de servicii suport ), Total, Prahova, Anul 2015, Milioane lei RON, 1560
TRANZACTII IMOBILIARE  INCHIRIERI SI ACTIVITATI DE SERVICII PRESTATE IN PRINCIPAL INTREPRINDERILOR  (activitati profesionale  stiintifice si tehnice  activitati de servicii administrative si activitati de servicii suport ), Total, Prahova, Anul 2016, Milioane lei RON, 1494
TRANZACTII IMOBILIARE  INCHIRIERI SI ACTIVITATI DE SERVICII PRESTATE IN PRINCIPAL INTREPRINDERILOR  (activitati profesionale  stiintifice si tehnice  activitati de servicii administrative si activitati de servicii suport ), Total, Prahova, Anul 2017, Milioane lei RON, 1727
TRANZACTII IMOBILIARE  INCHIRIERI SI ACTIVITATI DE SERVICII PRESTATE IN PRINCIPAL INTREPRINDERILOR  (activitati profesionale  stiintifice si tehnice  activitati de servicii administrative si activitati de servicii suport ), Total, Prahova, Anul 2018, Milioane lei RON, 2192
TRANZACTII IMOBILIARE  INCHIRIERI SI ACTIVITATI DE SERVICII PRESTATE IN PRINCIPAL INTREPRINDERILOR  (activitati profesionale  stiintifice si tehnice  activitati de servicii administrative si activitati de servicii suport ), Total, Prahova, Anul 2019, Milioane lei RON, 2384
TRANZACTII IMOBILIARE  INCHIRIERI SI ACTIVITATI DE SERVICII PRESTATE IN PRINCIPAL INTREPRINDERILOR  (activitati profesionale  stiintifice si tehnice  activitati de servicii administrative si activitati de servicii suport ), Total, Prahova, Anul 2020, Milioane lei RON, 2445
TRANZACTII IMOBILIARE  INCHIRIERI SI ACTIVITATI DE SERVICII PRESTATE IN PRINCIPAL INTREPRINDERILOR  (activitati profesionale  stiintifice si tehnice  activitati de servicii administrative si activitati de servicii suport ), Total, Prahova, Anul 2021, Milioane lei RON, 3042
TRANZACTII IMOBILIARE  INCHIRIERI SI ACTIVITATI DE SERVICII PRESTATE IN PRINCIPAL INTREPRINDERILOR  (activitati profesionale  stiintifice si tehnice  activitati de servicii administrative si activitati de servicii suport ), Total, Prahova, Anul 2022, Milioane lei RON, 3644
TRANZACTII IMOBILIARE  INCHIRIERI SI ACTIVITATI DE SERVICII PRESTATE IN PRINCIPAL INTREPRINDERILOR  (activitati profesionale  stiintifice si tehnice  activitati de servicii administrative si activitati de servicii suport ), Total, Prahova, Anul 2023, Milioane lei RON, 4344
TRANZACTII IMOBILIARE  INCHIRIERI SI ACTIVITATI DE SERVICII PRESTATE IN PRINCIPAL INTREPRINDERILOR  (activitati profesionale  stiintifice si tehnice  activitati de servicii administrative si activitati de servicii suport ), Total, Prahova, Anul 2024, Milioane lei RON, 4277
TRANZACTII IMOBILIARE  INCHIRIERI SI ACTIVITATI DE SERVICII PRESTATE IN PRINCIPAL INTREPRINDERILOR  (activitati profesionale  stiintifice si tehnice  activitati de servicii administrative si activitati de servicii suport ), Total, Teleorman, Anul 2008, Milioane lei RON, 121
TRANZACTII IMOBILIARE  INCHIRIERI SI ACTIVITATI DE SERVICII PRESTATE IN PRINCIPAL INTREPRINDERILOR  (activitati profesionale  stiintifice si tehnice  activitati de servicii administrative si activitati de servicii suport ), Total, Teleorman, Anul 2009, Milioane lei RON, 127
TRANZACTII IMOBILIARE  INCHIRIERI SI ACTIVITATI DE SERVICII PRESTATE IN PRINCIPAL INTREPRINDERILOR  (activitati profesionale  stiintifice si tehnice  activitati de servicii administrative si activitati de servicii suport ), Total, Teleorman, Anul 2010, Milioane lei RON, 147
TRANZACTII IMOBILIARE  INCHIRIERI SI ACTIVITATI DE SERVICII PRESTATE IN PRINCIPAL INTREPRINDERILOR  (activitati profesionale  stiintifice si tehnice  activitati de servicii administrative si activitati de servicii suport ), Total, Teleorman, Anul 2011, Milioane lei RON, 151
TRANZACTII IMOBILIARE  INCHIRIERI SI ACTIVITATI DE SERVICII PRESTATE IN PRINCIPAL INTREPRINDERILOR  (activitati profesionale  stiintifice si tehnice  activitati de servicii administrative si activitati de servicii suport ), Total, Teleorman, Anul 2012, Milioane lei RON, 181
TRANZACTII IMOBILIARE  INCHIRIERI SI ACTIVITATI DE SERVICII PRESTATE IN PRINCIPAL INTREPRINDERILOR  (activitati profesionale  stiintifice si tehnice  activitati de servicii administrative si activitati de servicii suport ), Total, Teleorman, Anul 2013, Milioane lei RON, 172
TRANZACTII IMOBILIARE  INCHIRIERI SI ACTIVITATI DE SERVICII PRESTATE IN PRINCIPAL INTREPRINDERILOR  (activitati profesionale  stiintifice si tehnice  activitati de servicii administrative si activitati de servicii suport ), Total, Teleorman, Anul 2014, Milioane lei RON, 193
TRANZACTII IMOBILIARE  INCHIRIERI SI ACTIVITATI DE SERVICII PRESTATE IN PRINCIPAL INTREPRINDERILOR  (activitati profesionale  stiintifice si tehnice  activitati de servicii administrative si activitati de servicii suport ), Total, Teleorman, Anul 2015, Milioane lei RON, 211
TRANZACTII IMOBILIARE  INCHIRIERI SI ACTIVITATI DE SERVICII PRESTATE IN PRINCIPAL INTREPRINDERILOR  (activitati profesionale  stiintifice si tehnice  activitati de servicii administrative si activitati de servicii suport ), Total, Teleorman, Anul 2016, Milioane lei RON, 221
TRANZACTII IMOBILIARE  INCHIRIERI SI ACTIVITATI DE SERVICII PRESTATE IN PRINCIPAL INTREPRINDERILOR  (activitati profesionale  stiintifice si tehnice  activitati de servicii administrative si activitati de servicii suport ), Total, Teleorman, Anul 2017, Milioane lei RON, 219
TRANZACTII IMOBILIARE  INCHIRIERI SI ACTIVITATI DE SERVICII PRESTATE IN PRINCIPAL INTREPRINDERILOR  (activitati profesionale  stiintifice si tehnice  activitati de servicii administrative si activitati de servicii suport ), Total, Teleorman, Anul 2018, Milioane lei RON, 265
TRANZACTII IMOBILIARE  INCHIRIERI SI ACTIVITATI DE SERVICII PRESTATE IN PRINCIPAL INTREPRINDERILOR  (activitati profesionale  stiintifice si tehnice  activitati de servicii administrative si activitati de servicii suport ), Total, Teleorman, Anul 2019, Milioane lei RON, 282
TRANZACTII IMOBILIARE  INCHIRIERI SI ACTIVITATI DE SERVICII PRESTATE IN PRINCIPAL INTREPRINDERILOR  (activitati profesionale  stiintifice si tehnice  activitati de servicii administrative si activitati de servicii suport ), Total, Teleorman, Anul 2020, Milioane lei RON, 324
TRANZACTII IMOBILIARE  INCHIRIERI SI ACTIVITATI DE SERVICII PRESTATE IN PRINCIPAL INTREPRINDERILOR  (activitati profesionale  stiintifice si tehnice  activitati de servicii administrative si activitati de servicii suport ), Total, Teleorman, Anul 2021, Milioane lei RON, 436
TRANZACTII IMOBILIARE  INCHIRIERI SI ACTIVITATI DE SERVICII PRESTATE IN PRINCIPAL INTREPRINDERILOR  (activitati profesionale  stiintifice si tehnice  activitati de servicii administrative si activitati de servicii suport ), Total, Teleorman, Anul 2022, Milioane lei RON, 561
TRANZACTII IMOBILIARE  INCHIRIERI SI ACTIVITATI DE SERVICII PRESTATE IN PRINCIPAL INTREPRINDERILOR  (activitati profesionale  stiintifice si tehnice  activitati de servicii administrative si activitati de servicii suport ), Total, Teleorman, Anul 2023, Milioane lei RON, 656
TRANZACTII IMOBILIARE  INCHIRIERI SI ACTIVITATI DE SERVICII PRESTATE IN PRINCIPAL INTREPRINDERILOR  (activitati profesionale  stiintifice si tehnice  activitati de servicii administrative si activitati de servicii suport ), Total, Teleorman, Anul 2024, Milioane lei RON, 685
TRANZACTII IMOBILIARE  INCHIRIERI SI ACTIVITATI DE SERVICII PRESTATE IN PRINCIPAL INTREPRINDERILOR  (activitati profesionale  stiintifice si tehnice  activitati de servicii administrative si activitati de servicii suport ), Total, Ilfov, Anul 2008, Milioane lei RON, 2461
TRANZACTII IMOBILIARE  INCHIRIERI SI ACTIVITATI DE SERVICII PRESTATE IN PRINCIPAL INTREPRINDERILOR  (activitati profesionale  stiintifice si tehnice  activitati de servicii administrative si activitati de servicii suport ), Total, Ilfov, Anul 2009, Milioane lei RON, 2484
TRANZACTII IMOBILIARE  INCHIRIERI SI ACTIVITATI DE SERVICII PRESTATE IN PRINCIPAL INTREPRINDERILOR  (activitati profesionale  stiintifice si tehnice  activitati de servicii administrative si activitati de servicii suport ), Total, Ilfov, Anul 2010, Milioane lei RON, 3337
TRANZACTII IMOBILIARE  INCHIRIERI SI ACTIVITATI DE SERVICII PRESTATE IN PRINCIPAL INTREPRINDERILOR  (activitati profesionale  stiintifice si tehnice  activitati de servicii administrative si activitati de servicii suport ), Total, Ilfov, Anul 2011, Milioane lei RON, 3010
TRANZACTII IMOBILIARE  INCHIRIERI SI ACTIVITATI DE SERVICII PRESTATE IN PRINCIPAL INTREPRINDERILOR  (activitati profesionale  stiintifice si tehnice  activitati de servicii administrative si activitati de servicii suport ), Total, Ilfov, Anul 2012, Milioane lei RON, 3311
TRANZACTII IMOBILIARE  INCHIRIERI SI ACTIVITATI DE SERVICII PRESTATE IN PRINCIPAL INTREPRINDERILOR  (activitati profesionale  stiintifice si tehnice  activitati de servicii administrative si activitati de servicii suport ), Total, Ilfov, Anul 2013, Milioane lei RON, 3386
TRANZACTII IMOBILIARE  INCHIRIERI SI ACTIVITATI DE SERVICII PRESTATE IN PRINCIPAL INTREPRINDERILOR  (activitati profesionale  stiintifice si tehnice  activitati de servicii administrative si activitati de servicii suport ), Total, Ilfov, Anul 2014, Milioane lei RON, 3667
TRANZACTII IMOBILIARE  INCHIRIERI SI ACTIVITATI DE SERVICII PRESTATE IN PRINCIPAL INTREPRINDERILOR  (activitati profesionale  stiintifice si tehnice  activitati de servicii administrative si activitati de servicii suport ), Total, Ilfov, Anul 2015, Milioane lei RON, 3998
TRANZACTII IMOBILIARE  INCHIRIERI SI ACTIVITATI DE SERVICII PRESTATE IN PRINCIPAL INTREPRINDERILOR  (activitati profesionale  stiintifice si tehnice  activitati de servicii administrative si activitati de servicii suport ), Total, Ilfov, Anul 2016, Milioane lei RON, 4299
TRANZACTII IMOBILIARE  INCHIRIERI SI ACTIVITATI DE SERVICII PRESTATE IN PRINCIPAL INTREPRINDERILOR  (activitati profesionale  stiintifice si tehnice  activitati de servicii administrative si activitati de servicii suport ), Total, Ilfov, Anul 2017, Milioane lei RON, 5144
TRANZACTII IMOBILIARE  INCHIRIERI SI ACTIVITATI DE SERVICII PRESTATE IN PRINCIPAL INTREPRINDERILOR  (activitati profesionale  stiintifice si tehnice  activitati de servicii administrative si activitati de servicii suport ), Total, Ilfov, Anul 2018, Milioane lei RON, 5960
TRANZACTII IMOBILIARE  INCHIRIERI SI ACTIVITATI DE SERVICII PRESTATE IN PRINCIPAL INTREPRINDERILOR  (activitati profesionale  stiintifice si tehnice  activitati de servicii administrative si activitati de servicii suport ), Total, Ilfov, Anul 2019, Milioane lei RON, 5641
TRANZACTII IMOBILIARE  INCHIRIERI SI ACTIVITATI DE SERVICII PRESTATE IN PRINCIPAL INTREPRINDERILOR  (activitati profesionale  stiintifice si tehnice  activitati de servicii administrative si activitati de servicii suport ), Total, Ilfov, Anul 2020, Milioane lei RON, 6284
TRANZACTII IMOBILIARE  INCHIRIERI SI ACTIVITATI DE SERVICII PRESTATE IN PRINCIPAL INTREPRINDERILOR  (activitati profesionale  stiintifice si tehnice  activitati de servicii administrative si activitati de servicii suport ), Total, Ilfov, Anul 2021, Milioane lei RON, 7605
TRANZACTII IMOBILIARE  INCHIRIERI SI ACTIVITATI DE SERVICII PRESTATE IN PRINCIPAL INTREPRINDERILOR  (activitati profesionale  stiintifice si tehnice  activitati de servicii administrative si activitati de servicii suport ), Total, Ilfov, Anul 2022, Milioane lei RON, 9622
TRANZACTII IMOBILIARE  INCHIRIERI SI ACTIVITATI DE SERVICII PRESTATE IN PRINCIPAL INTREPRINDERILOR  (activitati profesionale  stiintifice si tehnice  activitati de servicii administrative si activitati de servicii suport ), Total, Ilfov, Anul 2023, Milioane lei RON, 11163
TRANZACTII IMOBILIARE  INCHIRIERI SI ACTIVITATI DE SERVICII PRESTATE IN PRINCIPAL INTREPRINDERILOR  (activitati profesionale  stiintifice si tehnice  activitati de servicii administrative si activitati de servicii suport ), Total, Ilfov, Anul 2024, Milioane lei RON, 13256
TRANZACTII IMOBILIARE  INCHIRIERI SI ACTIVITATI DE SERVICII PRESTATE IN PRINCIPAL INTREPRINDERILOR  (activitati profesionale  stiintifice si tehnice  activitati de servicii administrative si activitati de servicii suport ), Total, Municipiul Bucuresti, Anul 2008, Milioane lei RON, 30726
TRANZACTII IMOBILIARE  INCHIRIERI SI ACTIVITATI DE SERVICII PRESTATE IN PRINCIPAL INTREPRINDERILOR  (activitati profesionale  stiintifice si tehnice  activitati de servicii administrative si activitati de servicii suport ), Total, Municipiul Bucuresti, Anul 2009, Milioane lei RON, 28937
TRANZACTII IMOBILIARE  INCHIRIERI SI ACTIVITATI DE SERVICII PRESTATE IN PRINCIPAL INTREPRINDERILOR  (activitati profesionale  stiintifice si tehnice  activitati de servicii administrative si activitati de servicii suport ), Total, Municipiul Bucuresti, Anul 2010, Milioane lei RON, 29227
TRANZACTII IMOBILIARE  INCHIRIERI SI ACTIVITATI DE SERVICII PRESTATE IN PRINCIPAL INTREPRINDERILOR  (activitati profesionale  stiintifice si tehnice  activitati de servicii administrative si activitati de servicii suport ), Total, Municipiul Bucuresti, Anul 2011, Milioane lei RON, 32526
TRANZACTII IMOBILIARE  INCHIRIERI SI ACTIVITATI DE SERVICII PRESTATE IN PRINCIPAL INTREPRINDERILOR  (activitati profesionale  stiintifice si tehnice  activitati de servicii administrative si activitati de servicii suport ), Total, Municipiul Bucuresti, Anul 2012, Milioane lei RON, 34526
TRANZACTII IMOBILIARE  INCHIRIERI SI ACTIVITATI DE SERVICII PRESTATE IN PRINCIPAL INTREPRINDERILOR  (activitati profesionale  stiintifice si tehnice  activitati de servicii administrative si activitati de servicii suport ), Total, Municipiul Bucuresti, Anul 2013, Milioane lei RON, 33876
TRANZACTII IMOBILIARE  INCHIRIERI SI ACTIVITATI DE SERVICII PRESTATE IN PRINCIPAL INTREPRINDERILOR  (activitati profesionale  stiintifice si tehnice  activitati de servicii administrative si activitati de servicii suport ), Total, Municipiul Bucuresti, Anul 2014, Milioane lei RON, 36176
TRANZACTII IMOBILIARE  INCHIRIERI SI ACTIVITATI DE SERVICII PRESTATE IN PRINCIPAL INTREPRINDERILOR  (activitati profesionale  stiintifice si tehnice  activitati de servicii administrative si activitati de servicii suport ), Total, Municipiul Bucuresti, Anul 2015, Milioane lei RON, 40036
TRANZACTII IMOBILIARE  INCHIRIERI SI ACTIVITATI DE SERVICII PRESTATE IN PRINCIPAL INTREPRINDERILOR  (activitati profesionale  stiintifice si tehnice  activitati de servicii administrative si activitati de servicii suport ), Total, Municipiul Bucuresti, Anul 2016, Milioane lei RON, 41015
TRANZACTII IMOBILIARE  INCHIRIERI SI ACTIVITATI DE SERVICII PRESTATE IN PRINCIPAL INTREPRINDERILOR  (activitati profesionale  stiintifice si tehnice  activitati de servicii administrative si activitati de servicii suport ), Total, Municipiul Bucuresti, Anul 2017, Milioane lei RON, 44888
TRANZACTII IMOBILIARE  INCHIRIERI SI ACTIVITATI DE SERVICII PRESTATE IN PRINCIPAL INTREPRINDERILOR  (activitati profesionale  stiintifice si tehnice  activitati de servicii administrative si activitati de servicii suport ), Total, Municipiul Bucuresti, Anul 2018, Milioane lei RON, 51569
TRANZACTII IMOBILIARE  INCHIRIERI SI ACTIVITATI DE SERVICII PRESTATE IN PRINCIPAL INTREPRINDERILOR  (activitati profesionale  stiintifice si tehnice  activitati de servicii administrative si activitati de servicii suport ), Total, Municipiul Bucuresti, Anul 2019, Milioane lei RON, 60986
TRANZACTII IMOBILIARE  INCHIRIERI SI ACTIVITATI DE SERVICII PRESTATE IN PRINCIPAL INTREPRINDERILOR  (activitati profesionale  stiintifice si tehnice  activitati de servicii administrative si activitati de servicii suport ), Total, Municipiul Bucuresti, Anul 2020, Milioane lei RON, 58084
TRANZACTII IMOBILIARE  INCHIRIERI SI ACTIVITATI DE SERVICII PRESTATE IN PRINCIPAL INTREPRINDERILOR  (activitati profesionale  stiintifice si tehnice  activitati de servicii administrative si activitati de servicii suport ), Total, Municipiul Bucuresti, Anul 2021, Milioane lei RON, 63913
TRANZACTII IMOBILIARE  INCHIRIERI SI ACTIVITATI DE SERVICII PRESTATE IN PRINCIPAL INTREPRINDERILOR  (activitati profesionale  stiintifice si tehnice  activitati de servicii administrative si activitati de servicii suport ), Total, Municipiul Bucuresti, Anul 2022, Milioane lei RON, 77418
TRANZACTII IMOBILIARE  INCHIRIERI SI ACTIVITATI DE SERVICII PRESTATE IN PRINCIPAL INTREPRINDERILOR  (activitati profesionale  stiintifice si tehnice  activitati de servicii administrative si activitati de servicii suport ), Total, Municipiul Bucuresti, Anul 2023, Milioane lei RON, 91118
TRANZACTII IMOBILIARE  INCHIRIERI SI ACTIVITATI DE SERVICII PRESTATE IN PRINCIPAL INTREPRINDERILOR  (activitati profesionale  stiintifice si tehnice  activitati de servicii administrative si activitati de servicii suport ), Total, Municipiul Bucuresti, Anul 2024, Milioane lei RON, 103540
TRANZACTII IMOBILIARE  INCHIRIERI SI ACTIVITATI DE SERVICII PRESTATE IN PRINCIPAL INTREPRINDERILOR  (activitati profesionale  stiintifice si tehnice  activitati de servicii administrative si activitati de servicii suport ), Total, Dolj, Anul 2008, Milioane lei RON, 570
TRANZACTII IMOBILIARE  INCHIRIERI SI ACTIVITATI DE SERVICII PRESTATE IN PRINCIPAL INTREPRINDERILOR  (activitati profesionale  stiintifice si tehnice  activitati de servicii administrative si activitati de servicii suport ), Total, Dolj, Anul 2009, Milioane lei RON, 518
TRANZACTII IMOBILIARE  INCHIRIERI SI ACTIVITATI DE SERVICII PRESTATE IN PRINCIPAL INTREPRINDERILOR  (activitati profesionale  stiintifice si tehnice  activitati de servicii administrative si activitati de servicii suport ), Total, Dolj, Anul 2010, Milioane lei RON, 517
TRANZACTII IMOBILIARE  INCHIRIERI SI ACTIVITATI DE SERVICII PRESTATE IN PRINCIPAL INTREPRINDERILOR  (activitati profesionale  stiintifice si tehnice  activitati de servicii administrative si activitati de servicii suport ), Total, Dolj, Anul 2011, Milioane lei RON, 615
TRANZACTII IMOBILIARE  INCHIRIERI SI ACTIVITATI DE SERVICII PRESTATE IN PRINCIPAL INTREPRINDERILOR  (activitati profesionale  stiintifice si tehnice  activitati de servicii administrative si activitati de servicii suport ), Total, Dolj, Anul 2012, Milioane lei RON, 648
TRANZACTII IMOBILIARE  INCHIRIERI SI ACTIVITATI DE SERVICII PRESTATE IN PRINCIPAL INTREPRINDERILOR  (activitati profesionale  stiintifice si tehnice  activitati de servicii administrative si activitati de servicii suport ), Total, Dolj, Anul 2013, Milioane lei RON, 643
TRANZACTII IMOBILIARE  INCHIRIERI SI ACTIVITATI DE SERVICII PRESTATE IN PRINCIPAL INTREPRINDERILOR  (activitati profesionale  stiintifice si tehnice  activitati de servicii administrative si activitati de servicii suport ), Total, Dolj, Anul 2014, Milioane lei RON, 718
TRANZACTII IMOBILIARE  INCHIRIERI SI ACTIVITATI DE SERVICII PRESTATE IN PRINCIPAL INTREPRINDERILOR  (activitati profesionale  stiintifice si tehnice  activitati de servicii administrative si activitati de servicii suport ), Total, Dolj, Anul 2015, Milioane lei RON, 763
TRANZACTII IMOBILIARE  INCHIRIERI SI ACTIVITATI DE SERVICII PRESTATE IN PRINCIPAL INTREPRINDERILOR  (activitati profesionale  stiintifice si tehnice  activitati de servicii administrative si activitati de servicii suport ), Total, Dolj, Anul 2016, Milioane lei RON, 805
TRANZACTII IMOBILIARE  INCHIRIERI SI ACTIVITATI DE SERVICII PRESTATE IN PRINCIPAL INTREPRINDERILOR  (activitati profesionale  stiintifice si tehnice  activitati de servicii administrative si activitati de servicii suport ), Total, Dolj, Anul 2017, Milioane lei RON, 975
TRANZACTII IMOBILIARE  INCHIRIERI SI ACTIVITATI DE SERVICII PRESTATE IN PRINCIPAL INTREPRINDERILOR  (activitati profesionale  stiintifice si tehnice  activitati de servicii administrative si activitati de servicii suport ), Total, Dolj, Anul 2018, Milioane lei RON, 1194
TRANZACTII IMOBILIARE  INCHIRIERI SI ACTIVITATI DE SERVICII PRESTATE IN PRINCIPAL INTREPRINDERILOR  (activitati profesionale  stiintifice si tehnice  activitati de servicii administrative si activitati de servicii suport ), Total, Dolj, Anul 2019, Milioane lei RON, 1348
TRANZACTII IMOBILIARE  INCHIRIERI SI ACTIVITATI DE SERVICII PRESTATE IN PRINCIPAL INTREPRINDERILOR  (activitati profesionale  stiintifice si tehnice  activitati de servicii administrative si activitati de servicii suport ), Total, Dolj, Anul 2020, Milioane lei RON, 1341
TRANZACTII IMOBILIARE  INCHIRIERI SI ACTIVITATI DE SERVICII PRESTATE IN PRINCIPAL INTREPRINDERILOR  (activitati profesionale  stiintifice si tehnice  activitati de servicii administrative si activitati de servicii suport ), Total, Dolj, Anul 2021, Milioane lei RON, 1539
TRANZACTII IMOBILIARE  INCHIRIERI SI ACTIVITATI DE SERVICII PRESTATE IN PRINCIPAL INTREPRINDERILOR  (activitati profesionale  stiintifice si tehnice  activitati de servicii administrative si activitati de servicii suport ), Total, Dolj, Anul 2022, Milioane lei RON, 2104
TRANZACTII IMOBILIARE  INCHIRIERI SI ACTIVITATI DE SERVICII PRESTATE IN PRINCIPAL INTREPRINDERILOR  (activitati profesionale  stiintifice si tehnice  activitati de servicii administrative si activitati de servicii suport ), Total, Dolj, Anul 2023, Milioane lei RON, 2607
TRANZACTII IMOBILIARE  INCHIRIERI SI ACTIVITATI DE SERVICII PRESTATE IN PRINCIPAL INTREPRINDERILOR  (activitati profesionale  stiintifice si tehnice  activitati de servicii administrative si activitati de servicii suport ), Total, Dolj, Anul 2024, Milioane lei RON, 2814
TRANZACTII IMOBILIARE  INCHIRIERI SI ACTIVITATI DE SERVICII PRESTATE IN PRINCIPAL INTREPRINDERILOR  (activitati profesionale  stiintifice si tehnice  activitati de servicii administrative si activitati de servicii suport ), Total, Gorj, Anul 2008, Milioane lei RON, 199
TRANZACTII IMOBILIARE  INCHIRIERI SI ACTIVITATI DE SERVICII PRESTATE IN PRINCIPAL INTREPRINDERILOR  (activitati profesionale  stiintifice si tehnice  activitati de servicii administrative si activitati de servicii suport ), Total, Gorj, Anul 2009, Milioane lei RON, 178
TRANZACTII IMOBILIARE  INCHIRIERI SI ACTIVITATI DE SERVICII PRESTATE IN PRINCIPAL INTREPRINDERILOR  (activitati profesionale  stiintifice si tehnice  activitati de servicii administrative si activitati de servicii suport ), Total, Gorj, Anul 2010, Milioane lei RON, 160
TRANZACTII IMOBILIARE  INCHIRIERI SI ACTIVITATI DE SERVICII PRESTATE IN PRINCIPAL INTREPRINDERILOR  (activitati profesionale  stiintifice si tehnice  activitati de servicii administrative si activitati de servicii suport ), Total, Gorj, Anul 2011, Milioane lei RON, 194
TRANZACTII IMOBILIARE  INCHIRIERI SI ACTIVITATI DE SERVICII PRESTATE IN PRINCIPAL INTREPRINDERILOR  (activitati profesionale  stiintifice si tehnice  activitati de servicii administrative si activitati de servicii suport ), Total, Gorj, Anul 2012, Milioane lei RON, 193
TRANZACTII IMOBILIARE  INCHIRIERI SI ACTIVITATI DE SERVICII PRESTATE IN PRINCIPAL INTREPRINDERILOR  (activitati profesionale  stiintifice si tehnice  activitati de servicii administrative si activitati de servicii suport ), Total, Gorj, Anul 2013, Milioane lei RON, 270
TRANZACTII IMOBILIARE  INCHIRIERI SI ACTIVITATI DE SERVICII PRESTATE IN PRINCIPAL INTREPRINDERILOR  (activitati profesionale  stiintifice si tehnice  activitati de servicii administrative si activitati de servicii suport ), Total, Gorj, Anul 2014, Milioane lei RON, 270
TRANZACTII IMOBILIARE  INCHIRIERI SI ACTIVITATI DE SERVICII PRESTATE IN PRINCIPAL INTREPRINDERILOR  (activitati profesionale  stiintifice si tehnice  activitati de servicii administrative si activitati de servicii suport ), Total, Gorj, Anul 2015, Milioane lei RON, 247
TRANZACTII IMOBILIARE  INCHIRIERI SI ACTIVITATI DE SERVICII PRESTATE IN PRINCIPAL INTREPRINDERILOR  (activitati profesionale  stiintifice si tehnice  activitati de servicii administrative si activitati de servicii suport ), Total, Gorj, Anul 2016, Milioane lei RON, 225
TRANZACTII IMOBILIARE  INCHIRIERI SI ACTIVITATI DE SERVICII PRESTATE IN PRINCIPAL INTREPRINDERILOR  (activitati profesionale  stiintifice si tehnice  activitati de servicii administrative si activitati de servicii suport ), Total, Gorj, Anul 2017, Milioane lei RON, 260
TRANZACTII IMOBILIARE  INCHIRIERI SI ACTIVITATI DE SERVICII PRESTATE IN PRINCIPAL INTREPRINDERILOR  (activitati profesionale  stiintifice si tehnice  activitati de servicii administrative si activitati de servicii suport ), Total, Gorj, Anul 2018, Milioane lei RON, 304
TRANZACTII IMOBILIARE  INCHIRIERI SI ACTIVITATI DE SERVICII PRESTATE IN PRINCIPAL INTREPRINDERILOR  (activitati profesionale  stiintifice si tehnice  activitati de servicii administrative si activitati de servicii suport ), Total, Gorj, Anul 2019, Milioane lei RON, 400
TRANZACTII IMOBILIARE  INCHIRIERI SI ACTIVITATI DE SERVICII PRESTATE IN PRINCIPAL INTREPRINDERILOR  (activitati profesionale  stiintifice si tehnice  activitati de servicii administrative si activitati de servicii suport ), Total, Gorj, Anul 2020, Milioane lei RON, 490
TRANZACTII IMOBILIARE  INCHIRIERI SI ACTIVITATI DE SERVICII PRESTATE IN PRINCIPAL INTREPRINDERILOR  (activitati profesionale  stiintifice si tehnice  activitati de servicii administrative si activitati de servicii suport ), Total, Gorj, Anul 2021, Milioane lei RON, 574
TRANZACTII IMOBILIARE  INCHIRIERI SI ACTIVITATI DE SERVICII PRESTATE IN PRINCIPAL INTREPRINDERILOR  (activitati profesionale  stiintifice si tehnice  activitati de servicii administrative si activitati de servicii suport ), Total, Gorj, Anul 2022, Milioane lei RON, 733
TRANZACTII IMOBILIARE  INCHIRIERI SI ACTIVITATI DE SERVICII PRESTATE IN PRINCIPAL INTREPRINDERILOR  (activitati profesionale  stiintifice si tehnice  activitati de servicii administrative si activitati de servicii suport ), Total, Gorj, Anul 2023, Milioane lei RON, 858
TRANZACTII IMOBILIARE  INCHIRIERI SI ACTIVITATI DE SERVICII PRESTATE IN PRINCIPAL INTREPRINDERILOR  (activitati profesionale  stiintifice si tehnice  activitati de servicii administrative si activitati de servicii suport ), Total, Gorj, Anul 2024, Milioane lei RON, 911
TRANZACTII IMOBILIARE  INCHIRIERI SI ACTIVITATI DE SERVICII PRESTATE IN PRINCIPAL INTREPRINDERILOR  (activitati profesionale  stiintifice si tehnice  activitati de servicii administrative si activitati de servicii suport ), Total, Mehedinti, Anul 2008, Milioane lei RON, 187
TRANZACTII IMOBILIARE  INCHIRIERI SI ACTIVITATI DE SERVICII PRESTATE IN PRINCIPAL INTREPRINDERILOR  (activitati profesionale  stiintifice si tehnice  activitati de servicii administrative si activitati de servicii suport ), Total, Mehedinti, Anul 2009, Milioane lei RON, 185
TRANZACTII IMOBILIARE  INCHIRIERI SI ACTIVITATI DE SERVICII PRESTATE IN PRINCIPAL INTREPRINDERILOR  (activitati profesionale  stiintifice si tehnice  activitati de servicii administrative si activitati de servicii suport ), Total, Mehedinti, Anul 2010, Milioane lei RON, 138
TRANZACTII IMOBILIARE  INCHIRIERI SI ACTIVITATI DE SERVICII PRESTATE IN PRINCIPAL INTREPRINDERILOR  (activitati profesionale  stiintifice si tehnice  activitati de servicii administrative si activitati de servicii suport ), Total, Mehedinti, Anul 2011, Milioane lei RON, 139
TRANZACTII IMOBILIARE  INCHIRIERI SI ACTIVITATI DE SERVICII PRESTATE IN PRINCIPAL INTREPRINDERILOR  (activitati profesionale  stiintifice si tehnice  activitati de servicii administrative si activitati de servicii suport ), Total, Mehedinti, Anul 2012, Milioane lei RON, 160
TRANZACTII IMOBILIARE  INCHIRIERI SI ACTIVITATI DE SERVICII PRESTATE IN PRINCIPAL INTREPRINDERILOR  (activitati profesionale  stiintifice si tehnice  activitati de servicii administrative si activitati de servicii suport ), Total, Mehedinti, Anul 2013, Milioane lei RON, 147
TRANZACTII IMOBILIARE  INCHIRIERI SI ACTIVITATI DE SERVICII PRESTATE IN PRINCIPAL INTREPRINDERILOR  (activitati profesionale  stiintifice si tehnice  activitati de servicii administrative si activitati de servicii suport ), Total, Mehedinti, Anul 2014, Milioane lei RON, 124
TRANZACTII IMOBILIARE  INCHIRIERI SI ACTIVITATI DE SERVICII PRESTATE IN PRINCIPAL INTREPRINDERILOR  (activitati profesionale  stiintifice si tehnice  activitati de servicii administrative si activitati de servicii suport ), Total, Mehedinti, Anul 2015, Milioane lei RON, 138
TRANZACTII IMOBILIARE  INCHIRIERI SI ACTIVITATI DE SERVICII PRESTATE IN PRINCIPAL INTREPRINDERILOR  (activitati profesionale  stiintifice si tehnice  activitati de servicii administrative si activitati de servicii suport ), Total, Mehedinti, Anul 2016, Milioane lei RON, 142
TRANZACTII IMOBILIARE  INCHIRIERI SI ACTIVITATI DE SERVICII PRESTATE IN PRINCIPAL INTREPRINDERILOR  (activitati profesionale  stiintifice si tehnice  activitati de servicii administrative si activitati de servicii suport ), Total, Mehedinti, Anul 2017, Milioane lei RON, 170
TRANZACTII IMOBILIARE  INCHIRIERI SI ACTIVITATI DE SERVICII PRESTATE IN PRINCIPAL INTREPRINDERILOR  (activitati profesionale  stiintifice si tehnice  activitati de servicii administrative si activitati de servicii suport ), Total, Mehedinti, Anul 2018, Milioane lei RON, 192
TRANZACTII IMOBILIARE  INCHIRIERI SI ACTIVITATI DE SERVICII PRESTATE IN PRINCIPAL INTREPRINDERILOR  (activitati profesionale  stiintifice si tehnice  activitati de servicii administrative si activitati de servicii suport ), Total, Mehedinti, Anul 2019, Milioane lei RON, 220
TRANZACTII IMOBILIARE  INCHIRIERI SI ACTIVITATI DE SERVICII PRESTATE IN PRINCIPAL INTREPRINDERILOR  (activitati profesionale  stiintifice si tehnice  activitati de servicii administrative si activitati de servicii suport ), Total, Mehedinti, Anul 2020, Milioane lei RON, 249
TRANZACTII IMOBILIARE  INCHIRIERI SI ACTIVITATI DE SERVICII PRESTATE IN PRINCIPAL INTREPRINDERILOR  (activitati profesionale  stiintifice si tehnice  activitati de servicii administrative si activitati de servicii suport ), Total, Mehedinti, Anul 2021, Milioane lei RON, 294
TRANZACTII IMOBILIARE  INCHIRIERI SI ACTIVITATI DE SERVICII PRESTATE IN PRINCIPAL INTREPRINDERILOR  (activitati profesionale  stiintifice si tehnice  activitati de servicii administrative si activitati de servicii suport ), Total, Mehedinti, Anul 2022, Milioane lei RON, 343
TRANZACTII IMOBILIARE  INCHIRIERI SI ACTIVITATI DE SERVICII PRESTATE IN PRINCIPAL INTREPRINDERILOR  (activitati profesionale  stiintifice si tehnice  activitati de servicii administrative si activitati de servicii suport ), Total, Mehedinti, Anul 2023, Milioane lei RON, 458
TRANZACTII IMOBILIARE  INCHIRIERI SI ACTIVITATI DE SERVICII PRESTATE IN PRINCIPAL INTREPRINDERILOR  (activitati profesionale  stiintifice si tehnice  activitati de servicii administrative si activitati de servicii suport ), Total, Mehedinti, Anul 2024, Milioane lei RON, 459
TRANZACTII IMOBILIARE  INCHIRIERI SI ACTIVITATI DE SERVICII PRESTATE IN PRINCIPAL INTREPRINDERILOR  (activitati profesionale  stiintifice si tehnice  activitati de servicii administrative si activitati de servicii suport ), Total, Olt, Anul 2008, Milioane lei RON, 143
TRANZACTII IMOBILIARE  INCHIRIERI SI ACTIVITATI DE SERVICII PRESTATE IN PRINCIPAL INTREPRINDERILOR  (activitati profesionale  stiintifice si tehnice  activitati de servicii administrative si activitati de servicii suport ), Total, Olt, Anul 2009, Milioane lei RON, 144
TRANZACTII IMOBILIARE  INCHIRIERI SI ACTIVITATI DE SERVICII PRESTATE IN PRINCIPAL INTREPRINDERILOR  (activitati profesionale  stiintifice si tehnice  activitati de servicii administrative si activitati de servicii suport ), Total, Olt, Anul 2010, Milioane lei RON, 172
TRANZACTII IMOBILIARE  INCHIRIERI SI ACTIVITATI DE SERVICII PRESTATE IN PRINCIPAL INTREPRINDERILOR  (activitati profesionale  stiintifice si tehnice  activitati de servicii administrative si activitati de servicii suport ), Total, Olt, Anul 2011, Milioane lei RON, 200
TRANZACTII IMOBILIARE  INCHIRIERI SI ACTIVITATI DE SERVICII PRESTATE IN PRINCIPAL INTREPRINDERILOR  (activitati profesionale  stiintifice si tehnice  activitati de servicii administrative si activitati de servicii suport ), Total, Olt, Anul 2012, Milioane lei RON, 202
TRANZACTII IMOBILIARE  INCHIRIERI SI ACTIVITATI DE SERVICII PRESTATE IN PRINCIPAL INTREPRINDERILOR  (activitati profesionale  stiintifice si tehnice  activitati de servicii administrative si activitati de servicii suport ), Total, Olt, Anul 2013, Milioane lei RON, 192
TRANZACTII IMOBILIARE  INCHIRIERI SI ACTIVITATI DE SERVICII PRESTATE IN PRINCIPAL INTREPRINDERILOR  (activitati profesionale  stiintifice si tehnice  activitati de servicii administrative si activitati de servicii suport ), Total, Olt, Anul 2014, Milioane lei RON, 215
TRANZACTII IMOBILIARE  INCHIRIERI SI ACTIVITATI DE SERVICII PRESTATE IN PRINCIPAL INTREPRINDERILOR  (activitati profesionale  stiintifice si tehnice  activitati de servicii administrative si activitati de servicii suport ), Total, Olt, Anul 2015, Milioane lei RON, 229
TRANZACTII IMOBILIARE  INCHIRIERI SI ACTIVITATI DE SERVICII PRESTATE IN PRINCIPAL INTREPRINDERILOR  (activitati profesionale  stiintifice si tehnice  activitati de servicii administrative si activitati de servicii suport ), Total, Olt, Anul 2016, Milioane lei RON, 256
TRANZACTII IMOBILIARE  INCHIRIERI SI ACTIVITATI DE SERVICII PRESTATE IN PRINCIPAL INTREPRINDERILOR  (activitati profesionale  stiintifice si tehnice  activitati de servicii administrative si activitati de servicii suport ), Total, Olt, Anul 2017, Milioane lei RON, 282
TRANZACTII IMOBILIARE  INCHIRIERI SI ACTIVITATI DE SERVICII PRESTATE IN PRINCIPAL INTREPRINDERILOR  (activitati profesionale  stiintifice si tehnice  activitati de servicii administrative si activitati de servicii suport ), Total, Olt, Anul 2018, Milioane lei RON, 317
TRANZACTII IMOBILIARE  INCHIRIERI SI ACTIVITATI DE SERVICII PRESTATE IN PRINCIPAL INTREPRINDERILOR  (activitati profesionale  stiintifice si tehnice  activitati de servicii administrative si activitati de servicii suport ), Total, Olt, Anul 2019, Milioane lei RON, 336
TRANZACTII IMOBILIARE  INCHIRIERI SI ACTIVITATI DE SERVICII PRESTATE IN PRINCIPAL INTREPRINDERILOR  (activitati profesionale  stiintifice si tehnice  activitati de servicii administrative si activitati de servicii suport ), Total, Olt, Anul 2020, Milioane lei RON, 329
TRANZACTII IMOBILIARE  INCHIRIERI SI ACTIVITATI DE SERVICII PRESTATE IN PRINCIPAL INTREPRINDERILOR  (activitati profesionale  stiintifice si tehnice  activitati de servicii administrative si activitati de servicii suport ), Total, Olt, Anul 2021, Milioane lei RON, 432
TRANZACTII IMOBILIARE  INCHIRIERI SI ACTIVITATI DE SERVICII PRESTATE IN PRINCIPAL INTREPRINDERILOR  (activitati profesionale  stiintifice si tehnice  activitati de servicii administrative si activitati de servicii suport ), Total, Olt, Anul 2022, Milioane lei RON, 493
TRANZACTII IMOBILIARE  INCHIRIERI SI ACTIVITATI DE SERVICII PRESTATE IN PRINCIPAL INTREPRINDERILOR  (activitati profesionale  stiintifice si tehnice  activitati de servicii administrative si activitati de servicii suport ), Total, Olt, Anul 2023, Milioane lei RON, 612
TRANZACTII IMOBILIARE  INCHIRIERI SI ACTIVITATI DE SERVICII PRESTATE IN PRINCIPAL INTREPRINDERILOR  (activitati profesionale  stiintifice si tehnice  activitati de servicii administrative si activitati de servicii suport ), Total, Olt, Anul 2024, Milioane lei RON, 680
TRANZACTII IMOBILIARE  INCHIRIERI SI ACTIVITATI DE SERVICII PRESTATE IN PRINCIPAL INTREPRINDERILOR  (activitati profesionale  stiintifice si tehnice  activitati de servicii administrative si activitati de servicii suport ), Total, Valcea, Anul 2008, Milioane lei RON, 275
TRANZACTII IMOBILIARE  INCHIRIERI SI ACTIVITATI DE SERVICII PRESTATE IN PRINCIPAL INTREPRINDERILOR  (activitati profesionale  stiintifice si tehnice  activitati de servicii administrative si activitati de servicii suport ), Total, Valcea, Anul 2009, Milioane lei RON, 320
TRANZACTII IMOBILIARE  INCHIRIERI SI ACTIVITATI DE SERVICII PRESTATE IN PRINCIPAL INTREPRINDERILOR  (activitati profesionale  stiintifice si tehnice  activitati de servicii administrative si activitati de servicii suport ), Total, Valcea, Anul 2010, Milioane lei RON, 315
TRANZACTII IMOBILIARE  INCHIRIERI SI ACTIVITATI DE SERVICII PRESTATE IN PRINCIPAL INTREPRINDERILOR  (activitati profesionale  stiintifice si tehnice  activitati de servicii administrative si activitati de servicii suport ), Total, Valcea, Anul 2011, Milioane lei RON, 301
TRANZACTII IMOBILIARE  INCHIRIERI SI ACTIVITATI DE SERVICII PRESTATE IN PRINCIPAL INTREPRINDERILOR  (activitati profesionale  stiintifice si tehnice  activitati de servicii administrative si activitati de servicii suport ), Total, Valcea, Anul 2012, Milioane lei RON, 392
TRANZACTII IMOBILIARE  INCHIRIERI SI ACTIVITATI DE SERVICII PRESTATE IN PRINCIPAL INTREPRINDERILOR  (activitati profesionale  stiintifice si tehnice  activitati de servicii administrative si activitati de servicii suport ), Total, Valcea, Anul 2013, Milioane lei RON, 336
TRANZACTII IMOBILIARE  INCHIRIERI SI ACTIVITATI DE SERVICII PRESTATE IN PRINCIPAL INTREPRINDERILOR  (activitati profesionale  stiintifice si tehnice  activitati de servicii administrative si activitati de servicii suport ), Total, Valcea, Anul 2014, Milioane lei RON, 399
TRANZACTII IMOBILIARE  INCHIRIERI SI ACTIVITATI DE SERVICII PRESTATE IN PRINCIPAL INTREPRINDERILOR  (activitati profesionale  stiintifice si tehnice  activitati de servicii administrative si activitati de servicii suport ), Total, Valcea, Anul 2015, Milioane lei RON, 469
TRANZACTII IMOBILIARE  INCHIRIERI SI ACTIVITATI DE SERVICII PRESTATE IN PRINCIPAL INTREPRINDERILOR  (activitati profesionale  stiintifice si tehnice  activitati de servicii administrative si activitati de servicii suport ), Total, Valcea, Anul 2016, Milioane lei RON, 483
TRANZACTII IMOBILIARE  INCHIRIERI SI ACTIVITATI DE SERVICII PRESTATE IN PRINCIPAL INTREPRINDERILOR  (activitati profesionale  stiintifice si tehnice  activitati de servicii administrative si activitati de servicii suport ), Total, Valcea, Anul 2017, Milioane lei RON, 462
TRANZACTII IMOBILIARE  INCHIRIERI SI ACTIVITATI DE SERVICII PRESTATE IN PRINCIPAL INTREPRINDERILOR  (activitati profesionale  stiintifice si tehnice  activitati de servicii administrative si activitati de servicii suport ), Total, Valcea, Anul 2018, Milioane lei RON, 602
TRANZACTII IMOBILIARE  INCHIRIERI SI ACTIVITATI DE SERVICII PRESTATE IN PRINCIPAL INTREPRINDERILOR  (activitati profesionale  stiintifice si tehnice  activitati de servicii administrative si activitati de servicii suport ), Total, Valcea, Anul 2019, Milioane lei RON, 618
TRANZACTII IMOBILIARE  INCHIRIERI SI ACTIVITATI DE SERVICII PRESTATE IN PRINCIPAL INTREPRINDERILOR  (activitati profesionale  stiintifice si tehnice  activitati de servicii administrative si activitati de servicii suport ), Total, Valcea, Anul 2020, Milioane lei RON, 615
TRANZACTII IMOBILIARE  INCHIRIERI SI ACTIVITATI DE SERVICII PRESTATE IN PRINCIPAL INTREPRINDERILOR  (activitati profesionale  stiintifice si tehnice  activitati de servicii administrative si activitati de servicii suport ), Total, Valcea, Anul 2021, Milioane lei RON, 678
TRANZACTII IMOBILIARE  INCHIRIERI SI ACTIVITATI DE SERVICII PRESTATE IN PRINCIPAL INTREPRINDERILOR  (activitati profesionale  stiintifice si tehnice  activitati de servicii administrative si activitati de servicii suport ), Total, Valcea, Anul 2022, Milioane lei RON, 789
TRANZACTII IMOBILIARE  INCHIRIERI SI ACTIVITATI DE SERVICII PRESTATE IN PRINCIPAL INTREPRINDERILOR  (activitati profesionale  stiintifice si tehnice  activitati de servicii administrative si activitati de servicii suport ), Total, Valcea, Anul 2023, Milioane lei RON, 955
TRANZACTII IMOBILIARE  INCHIRIERI SI ACTIVITATI DE SERVICII PRESTATE IN PRINCIPAL INTREPRINDERILOR  (activitati profesionale  stiintifice si tehnice  activitati de servicii administrative si activitati de servicii suport ), Total, Valcea, Anul 2024, Milioane lei RON, 830
TRANZACTII IMOBILIARE  INCHIRIERI SI ACTIVITATI DE SERVICII PRESTATE IN PRINCIPAL INTREPRINDERILOR  (activitati profesionale  stiintifice si tehnice  activitati de servicii administrative si activitati de servicii suport ), Total, Arad, Anul 2008, Milioane lei RON, 588
TRANZACTII IMOBILIARE  INCHIRIERI SI ACTIVITATI DE SERVICII PRESTATE IN PRINCIPAL INTREPRINDERILOR  (activitati profesionale  stiintifice si tehnice  activitati de servicii administrative si activitati de servicii suport ), Total, Arad, Anul 2009, Milioane lei RON, 577
TRANZACTII IMOBILIARE  INCHIRIERI SI ACTIVITATI DE SERVICII PRESTATE IN PRINCIPAL INTREPRINDERILOR  (activitati profesionale  stiintifice si tehnice  activitati de servicii administrative si activitati de servicii suport ), Total, Arad, Anul 2010, Milioane lei RON, 603
TRANZACTII IMOBILIARE  INCHIRIERI SI ACTIVITATI DE SERVICII PRESTATE IN PRINCIPAL INTREPRINDERILOR  (activitati profesionale  stiintifice si tehnice  activitati de servicii administrative si activitati de servicii suport ), Total, Arad, Anul 2011, Milioane lei RON, 615
TRANZACTII IMOBILIARE  INCHIRIERI SI ACTIVITATI DE SERVICII PRESTATE IN PRINCIPAL INTREPRINDERILOR  (activitati profesionale  stiintifice si tehnice  activitati de servicii administrative si activitati de servicii suport ), Total, Arad, Anul 2012, Milioane lei RON, 696
TRANZACTII IMOBILIARE  INCHIRIERI SI ACTIVITATI DE SERVICII PRESTATE IN PRINCIPAL INTREPRINDERILOR  (activitati profesionale  stiintifice si tehnice  activitati de servicii administrative si activitati de servicii suport ), Total, Arad, Anul 2013, Milioane lei RON, 857
TRANZACTII IMOBILIARE  INCHIRIERI SI ACTIVITATI DE SERVICII PRESTATE IN PRINCIPAL INTREPRINDERILOR  (activitati profesionale  stiintifice si tehnice  activitati de servicii administrative si activitati de servicii suport ), Total, Arad, Anul 2014, Milioane lei RON, 888
TRANZACTII IMOBILIARE  INCHIRIERI SI ACTIVITATI DE SERVICII PRESTATE IN PRINCIPAL INTREPRINDERILOR  (activitati profesionale  stiintifice si tehnice  activitati de servicii administrative si activitati de servicii suport ), Total, Arad, Anul 2015, Milioane lei RON, 839
TRANZACTII IMOBILIARE  INCHIRIERI SI ACTIVITATI DE SERVICII PRESTATE IN PRINCIPAL INTREPRINDERILOR  (activitati profesionale  stiintifice si tehnice  activitati de servicii administrative si activitati de servicii suport ), Total, Arad, Anul 2016, Milioane lei RON, 858
TRANZACTII IMOBILIARE  INCHIRIERI SI ACTIVITATI DE SERVICII PRESTATE IN PRINCIPAL INTREPRINDERILOR  (activitati profesionale  stiintifice si tehnice  activitati de servicii administrative si activitati de servicii suport ), Total, Arad, Anul 2017, Milioane lei RON, 878
TRANZACTII IMOBILIARE  INCHIRIERI SI ACTIVITATI DE SERVICII PRESTATE IN PRINCIPAL INTREPRINDERILOR  (activitati profesionale  stiintifice si tehnice  activitati de servicii administrative si activitati de servicii suport ), Total, Arad, Anul 2018, Milioane lei RON, 1084
TRANZACTII IMOBILIARE  INCHIRIERI SI ACTIVITATI DE SERVICII PRESTATE IN PRINCIPAL INTREPRINDERILOR  (activitati profesionale  stiintifice si tehnice  activitati de servicii administrative si activitati de servicii suport ), Total, Arad, Anul 2019, Milioane lei RON, 1154
TRANZACTII IMOBILIARE  INCHIRIERI SI ACTIVITATI DE SERVICII PRESTATE IN PRINCIPAL INTREPRINDERILOR  (activitati profesionale  stiintifice si tehnice  activitati de servicii administrative si activitati de servicii suport ), Total, Arad, Anul 2020, Milioane lei RON, 1165
TRANZACTII IMOBILIARE  INCHIRIERI SI ACTIVITATI DE SERVICII PRESTATE IN PRINCIPAL INTREPRINDERILOR  (activitati profesionale  stiintifice si tehnice  activitati de servicii administrative si activitati de servicii suport ), Total, Arad, Anul 2021, Milioane lei RON, 1350
TRANZACTII IMOBILIARE  INCHIRIERI SI ACTIVITATI DE SERVICII PRESTATE IN PRINCIPAL INTREPRINDERILOR  (activitati profesionale  stiintifice si tehnice  activitati de servicii administrative si activitati de servicii suport ), Total, Arad, Anul 2022, Milioane lei RON, 1442
TRANZACTII IMOBILIARE  INCHIRIERI SI ACTIVITATI DE SERVICII PRESTATE IN PRINCIPAL INTREPRINDERILOR  (activitati profesionale  stiintifice si tehnice  activitati de servicii administrative si activitati de servicii suport ), Total, Arad, Anul 2023, Milioane lei RON, 1632
TRANZACTII IMOBILIARE  INCHIRIERI SI ACTIVITATI DE SERVICII PRESTATE IN PRINCIPAL INTREPRINDERILOR  (activitati profesionale  stiintifice si tehnice  activitati de servicii administrative si activitati de servicii suport ), Total, Arad, Anul 2024, Milioane lei RON, 1772
TRANZACTII IMOBILIARE  INCHIRIERI SI ACTIVITATI DE SERVICII PRESTATE IN PRINCIPAL INTREPRINDERILOR  (activitati profesionale  stiintifice si tehnice  activitati de servicii administrative si activitati de servicii suport ), Total, Caras-Severin, Anul 2008, Milioane lei RON, 193
TRANZACTII IMOBILIARE  INCHIRIERI SI ACTIVITATI DE SERVICII PRESTATE IN PRINCIPAL INTREPRINDERILOR  (activitati profesionale  stiintifice si tehnice  activitati de servicii administrative si activitati de servicii suport ), Total, Caras-Severin, Anul 2009, Milioane lei RON, 192
TRANZACTII IMOBILIARE  INCHIRIERI SI ACTIVITATI DE SERVICII PRESTATE IN PRINCIPAL INTREPRINDERILOR  (activitati profesionale  stiintifice si tehnice  activitati de servicii administrative si activitati de servicii suport ), Total, Caras-Severin, Anul 2010, Milioane lei RON, 193
TRANZACTII IMOBILIARE  INCHIRIERI SI ACTIVITATI DE SERVICII PRESTATE IN PRINCIPAL INTREPRINDERILOR  (activitati profesionale  stiintifice si tehnice  activitati de servicii administrative si activitati de servicii suport ), Total, Caras-Severin, Anul 2011, Milioane lei RON, 297
TRANZACTII IMOBILIARE  INCHIRIERI SI ACTIVITATI DE SERVICII PRESTATE IN PRINCIPAL INTREPRINDERILOR  (activitati profesionale  stiintifice si tehnice  activitati de servicii administrative si activitati de servicii suport ), Total, Caras-Severin, Anul 2012, Milioane lei RON, 339
TRANZACTII IMOBILIARE  INCHIRIERI SI ACTIVITATI DE SERVICII PRESTATE IN PRINCIPAL INTREPRINDERILOR  (activitati profesionale  stiintifice si tehnice  activitati de servicii administrative si activitati de servicii suport ), Total, Caras-Severin, Anul 2013, Milioane lei RON, 354
TRANZACTII IMOBILIARE  INCHIRIERI SI ACTIVITATI DE SERVICII PRESTATE IN PRINCIPAL INTREPRINDERILOR  (activitati profesionale  stiintifice si tehnice  activitati de servicii administrative si activitati de servicii suport ), Total, Caras-Severin, Anul 2014, Milioane lei RON, 326
TRANZACTII IMOBILIARE  INCHIRIERI SI ACTIVITATI DE SERVICII PRESTATE IN PRINCIPAL INTREPRINDERILOR  (activitati profesionale  stiintifice si tehnice  activitati de servicii administrative si activitati de servicii suport ), Total, Caras-Severin, Anul 2015, Milioane lei RON, 261
TRANZACTII IMOBILIARE  INCHIRIERI SI ACTIVITATI DE SERVICII PRESTATE IN PRINCIPAL INTREPRINDERILOR  (activitati profesionale  stiintifice si tehnice  activitati de servicii administrative si activitati de servicii suport ), Total, Caras-Severin, Anul 2016, Milioane lei RON, 276
TRANZACTII IMOBILIARE  INCHIRIERI SI ACTIVITATI DE SERVICII PRESTATE IN PRINCIPAL INTREPRINDERILOR  (activitati profesionale  stiintifice si tehnice  activitati de servicii administrative si activitati de servicii suport ), Total, Caras-Severin, Anul 2017, Milioane lei RON, 306
TRANZACTII IMOBILIARE  INCHIRIERI SI ACTIVITATI DE SERVICII PRESTATE IN PRINCIPAL INTREPRINDERILOR  (activitati profesionale  stiintifice si tehnice  activitati de servicii administrative si activitati de servicii suport ), Total, Caras-Severin, Anul 2018, Milioane lei RON, 262
TRANZACTII IMOBILIARE  INCHIRIERI SI ACTIVITATI DE SERVICII PRESTATE IN PRINCIPAL INTREPRINDERILOR  (activitati profesionale  stiintifice si tehnice  activitati de servicii administrative si activitati de servicii suport ), Total, Caras-Severin, Anul 2019, Milioane lei RON, 295
TRANZACTII IMOBILIARE  INCHIRIERI SI ACTIVITATI DE SERVICII PRESTATE IN PRINCIPAL INTREPRINDERILOR  (activitati profesionale  stiintifice si tehnice  activitati de servicii administrative si activitati de servicii suport ), Total, Caras-Severin, Anul 2020, Milioane lei RON, 310
TRANZACTII IMOBILIARE  INCHIRIERI SI ACTIVITATI DE SERVICII PRESTATE IN PRINCIPAL INTREPRINDERILOR  (activitati profesionale  stiintifice si tehnice  activitati de servicii administrative si activitati de servicii suport ), Total, Caras-Severin, Anul 2021, Milioane lei RON, 330
TRANZACTII IMOBILIARE  INCHIRIERI SI ACTIVITATI DE SERVICII PRESTATE IN PRINCIPAL INTREPRINDERILOR  (activitati profesionale  stiintifice si tehnice  activitati de servicii administrative si activitati de servicii suport ), Total, Caras-Severin, Anul 2022, Milioane lei RON, 389
TRANZACTII IMOBILIARE  INCHIRIERI SI ACTIVITATI DE SERVICII PRESTATE IN PRINCIPAL INTREPRINDERILOR  (activitati profesionale  stiintifice si tehnice  activitati de servicii administrative si activitati de servicii suport ), Total, Caras-Severin, Anul 2023, Milioane lei RON, 465
TRANZACTII IMOBILIARE  INCHIRIERI SI ACTIVITATI DE SERVICII PRESTATE IN PRINCIPAL INTREPRINDERILOR  (activitati profesionale  stiintifice si tehnice  activitati de servicii administrative si activitati de servicii suport ), Total, Caras-Severin, Anul 2024, Milioane lei RON, 484
TRANZACTII IMOBILIARE  INCHIRIERI SI ACTIVITATI DE SERVICII PRESTATE IN PRINCIPAL INTREPRINDERILOR  (activitati profesionale  stiintifice si tehnice  activitati de servicii administrative si activitati de servicii suport ), Total, Hunedoara, Anul 2008, Milioane lei RON, 406
TRANZACTII IMOBILIARE  INCHIRIERI SI ACTIVITATI DE SERVICII PRESTATE IN PRINCIPAL INTREPRINDERILOR  (activitati profesionale  stiintifice si tehnice  activitati de servicii administrative si activitati de servicii suport ), Total, Hunedoara, Anul 2009, Milioane lei RON, 376
TRANZACTII IMOBILIARE  INCHIRIERI SI ACTIVITATI DE SERVICII PRESTATE IN PRINCIPAL INTREPRINDERILOR  (activitati profesionale  stiintifice si tehnice  activitati de servicii administrative si activitati de servicii suport ), Total, Hunedoara, Anul 2010, Milioane lei RON, 371
TRANZACTII IMOBILIARE  INCHIRIERI SI ACTIVITATI DE SERVICII PRESTATE IN PRINCIPAL INTREPRINDERILOR  (activitati profesionale  stiintifice si tehnice  activitati de servicii administrative si activitati de servicii suport ), Total, Hunedoara, Anul 2011, Milioane lei RON, 412
TRANZACTII IMOBILIARE  INCHIRIERI SI ACTIVITATI DE SERVICII PRESTATE IN PRINCIPAL INTREPRINDERILOR  (activitati profesionale  stiintifice si tehnice  activitati de servicii administrative si activitati de servicii suport ), Total, Hunedoara, Anul 2012, Milioane lei RON, 391
TRANZACTII IMOBILIARE  INCHIRIERI SI ACTIVITATI DE SERVICII PRESTATE IN PRINCIPAL INTREPRINDERILOR  (activitati profesionale  stiintifice si tehnice  activitati de servicii administrative si activitati de servicii suport ), Total, Hunedoara, Anul 2013, Milioane lei RON, 371
TRANZACTII IMOBILIARE  INCHIRIERI SI ACTIVITATI DE SERVICII PRESTATE IN PRINCIPAL INTREPRINDERILOR  (activitati profesionale  stiintifice si tehnice  activitati de servicii administrative si activitati de servicii suport ), Total, Hunedoara, Anul 2014, Milioane lei RON, 438
TRANZACTII IMOBILIARE  INCHIRIERI SI ACTIVITATI DE SERVICII PRESTATE IN PRINCIPAL INTREPRINDERILOR  (activitati profesionale  stiintifice si tehnice  activitati de servicii administrative si activitati de servicii suport ), Total, Hunedoara, Anul 2015, Milioane lei RON, 473
TRANZACTII IMOBILIARE  INCHIRIERI SI ACTIVITATI DE SERVICII PRESTATE IN PRINCIPAL INTREPRINDERILOR  (activitati profesionale  stiintifice si tehnice  activitati de servicii administrative si activitati de servicii suport ), Total, Hunedoara, Anul 2016, Milioane lei RON, 429
TRANZACTII IMOBILIARE  INCHIRIERI SI ACTIVITATI DE SERVICII PRESTATE IN PRINCIPAL INTREPRINDERILOR  (activitati profesionale  stiintifice si tehnice  activitati de servicii administrative si activitati de servicii suport ), Total, Hunedoara, Anul 2017, Milioane lei RON, 423
TRANZACTII IMOBILIARE  INCHIRIERI SI ACTIVITATI DE SERVICII PRESTATE IN PRINCIPAL INTREPRINDERILOR  (activitati profesionale  stiintifice si tehnice  activitati de servicii administrative si activitati de servicii suport ), Total, Hunedoara, Anul 2018, Milioane lei RON, 525
TRANZACTII IMOBILIARE  INCHIRIERI SI ACTIVITATI DE SERVICII PRESTATE IN PRINCIPAL INTREPRINDERILOR  (activitati profesionale  stiintifice si tehnice  activitati de servicii administrative si activitati de servicii suport ), Total, Hunedoara, Anul 2019, Milioane lei RON, 610
TRANZACTII IMOBILIARE  INCHIRIERI SI ACTIVITATI DE SERVICII PRESTATE IN PRINCIPAL INTREPRINDERILOR  (activitati profesionale  stiintifice si tehnice  activitati de servicii administrative si activitati de servicii suport ), Total, Hunedoara, Anul 2020, Milioane lei RON, 604
TRANZACTII IMOBILIARE  INCHIRIERI SI ACTIVITATI DE SERVICII PRESTATE IN PRINCIPAL INTREPRINDERILOR  (activitati profesionale  stiintifice si tehnice  activitati de servicii administrative si activitati de servicii suport ), Total, Hunedoara, Anul 2021, Milioane lei RON, 726
TRANZACTII IMOBILIARE  INCHIRIERI SI ACTIVITATI DE SERVICII PRESTATE IN PRINCIPAL INTREPRINDERILOR  (activitati profesionale  stiintifice si tehnice  activitati de servicii administrative si activitati de servicii suport ), Total, Hunedoara, Anul 2022, Milioane lei RON, 833
TRANZACTII IMOBILIARE  INCHIRIERI SI ACTIVITATI DE SERVICII PRESTATE IN PRINCIPAL INTREPRINDERILOR  (activitati profesionale  stiintifice si tehnice  activitati de servicii administrative si activitati de servicii suport ), Total, Hunedoara, Anul 2023, Milioane lei RON, 962
TRANZACTII IMOBILIARE  INCHIRIERI SI ACTIVITATI DE SERVICII PRESTATE IN PRINCIPAL INTREPRINDERILOR  (activitati profesionale  stiintifice si tehnice  activitati de servicii administrative si activitati de servicii suport ), Total, Hunedoara, Anul 2024, Milioane lei RON, 1056
TRANZACTII IMOBILIARE  INCHIRIERI SI ACTIVITATI DE SERVICII PRESTATE IN PRINCIPAL INTREPRINDERILOR  (activitati profesionale  stiintifice si tehnice  activitati de servicii administrative si activitati de servicii suport ), Total, Timis, Anul 2008, Milioane lei RON, 1806
TRANZACTII IMOBILIARE  INCHIRIERI SI ACTIVITATI DE SERVICII PRESTATE IN PRINCIPAL INTREPRINDERILOR  (activitati profesionale  stiintifice si tehnice  activitati de servicii administrative si activitati de servicii suport ), Total, Timis, Anul 2009, Milioane lei RON, 1815
TRANZACTII IMOBILIARE  INCHIRIERI SI ACTIVITATI DE SERVICII PRESTATE IN PRINCIPAL INTREPRINDERILOR  (activitati profesionale  stiintifice si tehnice  activitati de servicii administrative si activitati de servicii suport ), Total, Timis, Anul 2010, Milioane lei RON, 1632
TRANZACTII IMOBILIARE  INCHIRIERI SI ACTIVITATI DE SERVICII PRESTATE IN PRINCIPAL INTREPRINDERILOR  (activitati profesionale  stiintifice si tehnice  activitati de servicii administrative si activitati de servicii suport ), Total, Timis, Anul 2011, Milioane lei RON, 1790
TRANZACTII IMOBILIARE  INCHIRIERI SI ACTIVITATI DE SERVICII PRESTATE IN PRINCIPAL INTREPRINDERILOR  (activitati profesionale  stiintifice si tehnice  activitati de servicii administrative si activitati de servicii suport ), Total, Timis, Anul 2012, Milioane lei RON, 2022
TRANZACTII IMOBILIARE  INCHIRIERI SI ACTIVITATI DE SERVICII PRESTATE IN PRINCIPAL INTREPRINDERILOR  (activitati profesionale  stiintifice si tehnice  activitati de servicii administrative si activitati de servicii suport ), Total, Timis, Anul 2013, Milioane lei RON, 2294
TRANZACTII IMOBILIARE  INCHIRIERI SI ACTIVITATI DE SERVICII PRESTATE IN PRINCIPAL INTREPRINDERILOR  (activitati profesionale  stiintifice si tehnice  activitati de servicii administrative si activitati de servicii suport ), Total, Timis, Anul 2014, Milioane lei RON, 2229
TRANZACTII IMOBILIARE  INCHIRIERI SI ACTIVITATI DE SERVICII PRESTATE IN PRINCIPAL INTREPRINDERILOR  (activitati profesionale  stiintifice si tehnice  activitati de servicii administrative si activitati de servicii suport ), Total, Timis, Anul 2015, Milioane lei RON, 2354
TRANZACTII IMOBILIARE  INCHIRIERI SI ACTIVITATI DE SERVICII PRESTATE IN PRINCIPAL INTREPRINDERILOR  (activitati profesionale  stiintifice si tehnice  activitati de servicii administrative si activitati de servicii suport ), Total, Timis, Anul 2016, Milioane lei RON, 2552
TRANZACTII IMOBILIARE  INCHIRIERI SI ACTIVITATI DE SERVICII PRESTATE IN PRINCIPAL INTREPRINDERILOR  (activitati profesionale  stiintifice si tehnice  activitati de servicii administrative si activitati de servicii suport ), Total, Timis, Anul 2017, Milioane lei RON, 2921
TRANZACTII IMOBILIARE  INCHIRIERI SI ACTIVITATI DE SERVICII PRESTATE IN PRINCIPAL INTREPRINDERILOR  (activitati profesionale  stiintifice si tehnice  activitati de servicii administrative si activitati de servicii suport ), Total, Timis, Anul 2018, Milioane lei RON, 3681
TRANZACTII IMOBILIARE  INCHIRIERI SI ACTIVITATI DE SERVICII PRESTATE IN PRINCIPAL INTREPRINDERILOR  (activitati profesionale  stiintifice si tehnice  activitati de servicii administrative si activitati de servicii suport ), Total, Timis, Anul 2019, Milioane lei RON, 3856
TRANZACTII IMOBILIARE  INCHIRIERI SI ACTIVITATI DE SERVICII PRESTATE IN PRINCIPAL INTREPRINDERILOR  (activitati profesionale  stiintifice si tehnice  activitati de servicii administrative si activitati de servicii suport ), Total, Timis, Anul 2020, Milioane lei RON, 3848
TRANZACTII IMOBILIARE  INCHIRIERI SI ACTIVITATI DE SERVICII PRESTATE IN PRINCIPAL INTREPRINDERILOR  (activitati profesionale  stiintifice si tehnice  activitati de servicii administrative si activitati de servicii suport ), Total, Timis, Anul 2021, Milioane lei RON, 4713
TRANZACTII IMOBILIARE  INCHIRIERI SI ACTIVITATI DE SERVICII PRESTATE IN PRINCIPAL INTREPRINDERILOR  (activitati profesionale  stiintifice si tehnice  activitati de servicii administrative si activitati de servicii suport ), Total, Timis, Anul 2022, Milioane lei RON, 5621
TRANZACTII IMOBILIARE  INCHIRIERI SI ACTIVITATI DE SERVICII PRESTATE IN PRINCIPAL INTREPRINDERILOR  (activitati profesionale  stiintifice si tehnice  activitati de servicii administrative si activitati de servicii suport ), Total, Timis, Anul 2023, Milioane lei RON, 6048
TRANZACTII IMOBILIARE  INCHIRIERI SI ACTIVITATI DE SERVICII PRESTATE IN PRINCIPAL INTREPRINDERILOR  (activitati profesionale  stiintifice si tehnice  activitati de servicii administrative si activitati de servicii suport ), Total, Timis, Anul 2024, Milioane lei RON, 6747
P  INVATAMANT, Total, Bihor, Anul 2008, Milioane lei RON, 5
P  INVATAMANT, Total, Bihor, Anul 2009, Milioane lei RON, 5
P  INVATAMANT, Total, Bihor, Anul 2010, Milioane lei RON, 6
P  INVATAMANT, Total, Bihor, Anul 2011, Milioane lei RON, 8
P  INVATAMANT, Total, Bihor, Anul 2012, Milioane lei RON, 8
P  INVATAMANT, Total, Bihor, Anul 2013, Milioane lei RON, 9
P  INVATAMANT, Total, Bihor, Anul 2014, Milioane lei RON, 12
P  INVATAMANT, Total, Bihor, Anul 2015, Milioane lei RON, 15
P  INVATAMANT, Total, Bihor, Anul 2016, Milioane lei RON, 19
P  INVATAMANT, Total, Bihor, Anul 2017, Milioane lei RON, 22
P  INVATAMANT, Total, Bihor, Anul 2018, Milioane lei RON, 23
P  INVATAMANT, Total, Bihor, Anul 2019, Milioane lei RON, 22
P  INVATAMANT, Total, Bihor, Anul 2020, Milioane lei RON, 31
P  INVATAMANT, Total, Bihor, Anul 2021, Milioane lei RON, 27
P  INVATAMANT, Total, Bihor, Anul 2022, Milioane lei RON, 48
P  INVATAMANT, Total, Bihor, Anul 2023, Milioane lei RON, 58
P  INVATAMANT, Total, Bihor, Anul 2024, Milioane lei RON, 69
P  INVATAMANT, Total, Bistrita-Nasaud, Anul 2008, Milioane lei RON, 3
P  INVATAMANT, Total, Bistrita-Nasaud, Anul 2009, Milioane lei RON, 2
P  INVATAMANT, Total, Bistrita-Nasaud, Anul 2010, Milioane lei RON, 3
P  INVATAMANT, Total, Bistrita-Nasaud, Anul 2011, Milioane lei RON, 3
P  INVATAMANT, Total, Bistrita-Nasaud, Anul 2012, Milioane lei RON, 3
P  INVATAMANT, Total, Bistrita-Nasaud, Anul 2013, Milioane lei RON, 3
P  INVATAMANT, Total, Bistrita-Nasaud, Anul 2014, Milioane lei RON, 3
P  INVATAMANT, Total, Bistrita-Nasaud, Anul 2015, Milioane lei RON, 3
P  INVATAMANT, Total, Bistrita-Nasaud, Anul 2016, Milioane lei RON, 4
P  INVATAMANT, Total, Bistrita-Nasaud, Anul 2017, Milioane lei RON, 5
P  INVATAMANT, Total, Bistrita-Nasaud, Anul 2018, Milioane lei RON, 6
P  INVATAMANT, Total, Bistrita-Nasaud, Anul 2019, Milioane lei RON, 8
P  INVATAMANT, Total, Bistrita-Nasaud, Anul 2020, Milioane lei RON, 9
P  INVATAMANT, Total, Bistrita-Nasaud, Anul 2021, Milioane lei RON, 10
P  INVATAMANT, Total, Bistrita-Nasaud, Anul 2022, Milioane lei RON, 14
P  INVATAMANT, Total, Bistrita-Nasaud, Anul 2023, Milioane lei RON, 14
P  INVATAMANT, Total, Bistrita-Nasaud, Anul 2024, Milioane lei RON, 17
P  INVATAMANT, Total, Cluj, Anul 2008, Milioane lei RON, 18
P  INVATAMANT, Total, Cluj, Anul 2009, Milioane lei RON, 16
P  INVATAMANT, Total, Cluj, Anul 2010, Milioane lei RON, 21
P  INVATAMANT, Total, Cluj, Anul 2011, Milioane lei RON, 17
P  INVATAMANT, Total, Cluj, Anul 2012, Milioane lei RON, 20
P  INVATAMANT, Total, Cluj, Anul 2013, Milioane lei RON, 19
P  INVATAMANT, Total, Cluj, Anul 2014, Milioane lei RON, 27
P  INVATAMANT, Total, Cluj, Anul 2015, Milioane lei RON, 31
P  INVATAMANT, Total, Cluj, Anul 2016, Milioane lei RON, 42
P  INVATAMANT, Total, Cluj, Anul 2017, Milioane lei RON, 60
P  INVATAMANT, Total, Cluj, Anul 2018, Milioane lei RON, 70
P  INVATAMANT, Total, Cluj, Anul 2019, Milioane lei RON, 87
P  INVATAMANT, Total, Cluj, Anul 2020, Milioane lei RON, 79
P  INVATAMANT, Total, Cluj, Anul 2021, Milioane lei RON, 141
P  INVATAMANT, Total, Cluj, Anul 2022, Milioane lei RON, 211
P  INVATAMANT, Total, Cluj, Anul 2023, Milioane lei RON, 234
P  INVATAMANT, Total, Cluj, Anul 2024, Milioane lei RON, 239
P  INVATAMANT, Total, Maramures, Anul 2008, Milioane lei RON, 3
P  INVATAMANT, Total, Maramures, Anul 2009, Milioane lei RON, 3
P  INVATAMANT, Total, Maramures, Anul 2010, Milioane lei RON, 4
P  INVATAMANT, Total, Maramures, Anul 2011, Milioane lei RON, 4
P  INVATAMANT, Total, Maramures, Anul 2012, Milioane lei RON, 4
P  INVATAMANT, Total, Maramures, Anul 2013, Milioane lei RON, 5
P  INVATAMANT, Total, Maramures, Anul 2014, Milioane lei RON, 4
P  INVATAMANT, Total, Maramures, Anul 2015, Milioane lei RON, 6
P  INVATAMANT, Total, Maramures, Anul 2016, Milioane lei RON, 6
P  INVATAMANT, Total, Maramures, Anul 2017, Milioane lei RON, 7
P  INVATAMANT, Total, Maramures, Anul 2018, Milioane lei RON, 8
P  INVATAMANT, Total, Maramures, Anul 2019, Milioane lei RON, 11
P  INVATAMANT, Total, Maramures, Anul 2020, Milioane lei RON, 11
P  INVATAMANT, Total, Maramures, Anul 2021, Milioane lei RON, 12
P  INVATAMANT, Total, Maramures, Anul 2022, Milioane lei RON, 19
P  INVATAMANT, Total, Maramures, Anul 2023, Milioane lei RON, 24
P  INVATAMANT, Total, Maramures, Anul 2024, Milioane lei RON, 22
P  INVATAMANT, Total, Satu Mare, Anul 2008, Milioane lei RON, 3
P  INVATAMANT, Total, Satu Mare, Anul 2009, Milioane lei RON, 5
P  INVATAMANT, Total, Satu Mare, Anul 2010, Milioane lei RON, 6
P  INVATAMANT, Total, Satu Mare, Anul 2011, Milioane lei RON, 5
P  INVATAMANT, Total, Satu Mare, Anul 2012, Milioane lei RON, 5
P  INVATAMANT, Total, Satu Mare, Anul 2013, Milioane lei RON, 6
P  INVATAMANT, Total, Satu Mare, Anul 2014, Milioane lei RON, 7
P  INVATAMANT, Total, Satu Mare, Anul 2015, Milioane lei RON, 8
P  INVATAMANT, Total, Satu Mare, Anul 2016, Milioane lei RON, 10
P  INVATAMANT, Total, Satu Mare, Anul 2017, Milioane lei RON, 10
P  INVATAMANT, Total, Satu Mare, Anul 2018, Milioane lei RON, 12
P  INVATAMANT, Total, Satu Mare, Anul 2019, Milioane lei RON, 13
P  INVATAMANT, Total, Satu Mare, Anul 2020, Milioane lei RON, 5
P  INVATAMANT, Total, Satu Mare, Anul 2021, Milioane lei RON, 10
P  INVATAMANT, Total, Satu Mare, Anul 2022, Milioane lei RON, 9
P  INVATAMANT, Total, Satu Mare, Anul 2023, Milioane lei RON, 12
P  INVATAMANT, Total, Satu Mare, Anul 2024, Milioane lei RON, 13
P  INVATAMANT, Total, Salaj, Anul 2008, Milioane lei RON, 4
P  INVATAMANT, Total, Salaj, Anul 2009, Milioane lei RON, 2
P  INVATAMANT, Total, Salaj, Anul 2010, Milioane lei RON, 3
P  INVATAMANT, Total, Salaj, Anul 2011, Milioane lei RON, 3
P  INVATAMANT, Total, Salaj, Anul 2012, Milioane lei RON, 3
P  INVATAMANT, Total, Salaj, Anul 2013, Milioane lei RON, 4
P  INVATAMANT, Total, Salaj, Anul 2014, Milioane lei RON, 4
P  INVATAMANT, Total, Salaj, Anul 2015, Milioane lei RON, 5
P  INVATAMANT, Total, Salaj, Anul 2016, Milioane lei RON, 5
P  INVATAMANT, Total, Salaj, Anul 2017, Milioane lei RON, 6
P  INVATAMANT, Total, Salaj, Anul 2018, Milioane lei RON, 7
P  INVATAMANT, Total, Salaj, Anul 2019, Milioane lei RON, 7
P  INVATAMANT, Total, Salaj, Anul 2020, Milioane lei RON, 7
P  INVATAMANT, Total, Salaj, Anul 2021, Milioane lei RON, 9
P  INVATAMANT, Total, Salaj, Anul 2022, Milioane lei RON, 10
P  INVATAMANT, Total, Salaj, Anul 2023, Milioane lei RON, 14
P  INVATAMANT, Total, Salaj, Anul 2024, Milioane lei RON, 15
P  INVATAMANT, Total, Alba, Anul 2008, Milioane lei RON, 5
P  INVATAMANT, Total, Alba, Anul 2009, Milioane lei RON, 5
P  INVATAMANT, Total, Alba, Anul 2010, Milioane lei RON, 7
P  INVATAMANT, Total, Alba, Anul 2011, Milioane lei RON, 7
P  INVATAMANT, Total, Alba, Anul 2012, Milioane lei RON, 7
P  INVATAMANT, Total, Alba, Anul 2013, Milioane lei RON, 8
P  INVATAMANT, Total, Alba, Anul 2014, Milioane lei RON, 9
P  INVATAMANT, Total, Alba, Anul 2015, Milioane lei RON, 10
P  INVATAMANT, Total, Alba, Anul 2016, Milioane lei RON, 10
P  INVATAMANT, Total, Alba, Anul 2017, Milioane lei RON, 9
P  INVATAMANT, Total, Alba, Anul 2018, Milioane lei RON, 10
P  INVATAMANT, Total, Alba, Anul 2019, Milioane lei RON, 11
P  INVATAMANT, Total, Alba, Anul 2020, Milioane lei RON, 10
P  INVATAMANT, Total, Alba, Anul 2021, Milioane lei RON, 14
P  INVATAMANT, Total, Alba, Anul 2022, Milioane lei RON, 19
P  INVATAMANT, Total, Alba, Anul 2023, Milioane lei RON, 21
P  INVATAMANT, Total, Alba, Anul 2024, Milioane lei RON, 18
P  INVATAMANT, Total, Brasov, Anul 2008, Milioane lei RON, 17
P  INVATAMANT, Total, Brasov, Anul 2009, Milioane lei RON, 16
P  INVATAMANT, Total, Brasov, Anul 2010, Milioane lei RON, 14
P  INVATAMANT, Total, Brasov, Anul 2011, Milioane lei RON, 18
P  INVATAMANT, Total, Brasov, Anul 2012, Milioane lei RON, 22
P  INVATAMANT, Total, Brasov, Anul 2013, Milioane lei RON, 25
P  INVATAMANT, Total, Brasov, Anul 2014, Milioane lei RON, 30
P  INVATAMANT, Total, Brasov, Anul 2015, Milioane lei RON, 30
P  INVATAMANT, Total, Brasov, Anul 2016, Milioane lei RON, 32
P  INVATAMANT, Total, Brasov, Anul 2017, Milioane lei RON, 39
P  INVATAMANT, Total, Brasov, Anul 2018, Milioane lei RON, 44
P  INVATAMANT, Total, Brasov, Anul 2019, Milioane lei RON, 52
P  INVATAMANT, Total, Brasov, Anul 2020, Milioane lei RON, 44
P  INVATAMANT, Total, Brasov, Anul 2021, Milioane lei RON, 65
P  INVATAMANT, Total, Brasov, Anul 2022, Milioane lei RON, 86
P  INVATAMANT, Total, Brasov, Anul 2023, Milioane lei RON, 105
P  INVATAMANT, Total, Brasov, Anul 2024, Milioane lei RON, 217
P  INVATAMANT, Total, Covasna, Anul 2008, Milioane lei RON, 5
P  INVATAMANT, Total, Covasna, Anul 2009, Milioane lei RON, 4
P  INVATAMANT, Total, Covasna, Anul 2010, Milioane lei RON, 4
P  INVATAMANT, Total, Covasna, Anul 2011, Milioane lei RON, 6
P  INVATAMANT, Total, Covasna, Anul 2012, Milioane lei RON, 5
P  INVATAMANT, Total, Covasna, Anul 2013, Milioane lei RON, 4
P  INVATAMANT, Total, Covasna, Anul 2014, Milioane lei RON, 5
P  INVATAMANT, Total, Covasna, Anul 2015, Milioane lei RON, 7
P  INVATAMANT, Total, Covasna, Anul 2016, Milioane lei RON, 6
P  INVATAMANT, Total, Covasna, Anul 2017, Milioane lei RON, 7
P  INVATAMANT, Total, Covasna, Anul 2018, Milioane lei RON, 7
P  INVATAMANT, Total, Covasna, Anul 2019, Milioane lei RON, 10
P  INVATAMANT, Total, Covasna, Anul 2020, Milioane lei RON, 10
P  INVATAMANT, Total, Covasna, Anul 2021, Milioane lei RON, 12
P  INVATAMANT, Total, Covasna, Anul 2022, Milioane lei RON, 12
P  INVATAMANT, Total, Covasna, Anul 2023, Milioane lei RON, 18
P  INVATAMANT, Total, Covasna, Anul 2024, Milioane lei RON, 19
P  INVATAMANT, Total, Harghita, Anul 2008, Milioane lei RON, 25
P  INVATAMANT, Total, Harghita, Anul 2009, Milioane lei RON, 21
P  INVATAMANT, Total, Harghita, Anul 2010, Milioane lei RON, 17
P  INVATAMANT, Total, Harghita, Anul 2011, Milioane lei RON, 17
P  INVATAMANT, Total, Harghita, Anul 2012, Milioane lei RON, 18
P  INVATAMANT, Total, Harghita, Anul 2013, Milioane lei RON, 18
P  INVATAMANT, Total, Harghita, Anul 2014, Milioane lei RON, 20
P  INVATAMANT, Total, Harghita, Anul 2015, Milioane lei RON, 19
P  INVATAMANT, Total, Harghita, Anul 2016, Milioane lei RON, 16
P  INVATAMANT, Total, Harghita, Anul 2017, Milioane lei RON, 17
P  INVATAMANT, Total, Harghita, Anul 2018, Milioane lei RON, 26
P  INVATAMANT, Total, Harghita, Anul 2019, Milioane lei RON, 33
P  INVATAMANT, Total, Harghita, Anul 2020, Milioane lei RON, 41
P  INVATAMANT, Total, Harghita, Anul 2021, Milioane lei RON, 26
P  INVATAMANT, Total, Harghita, Anul 2022, Milioane lei RON, 31
P  INVATAMANT, Total, Harghita, Anul 2023, Milioane lei RON, 37
P  INVATAMANT, Total, Harghita, Anul 2024, Milioane lei RON, 40
P  INVATAMANT, Total, Mures, Anul 2008, Milioane lei RON, 7
P  INVATAMANT, Total, Mures, Anul 2009, Milioane lei RON, 5
P  INVATAMANT, Total, Mures, Anul 2010, Milioane lei RON, 8
P  INVATAMANT, Total, Mures, Anul 2011, Milioane lei RON, 9
P  INVATAMANT, Total, Mures, Anul 2012, Milioane lei RON, 11
P  INVATAMANT, Total, Mures, Anul 2013, Milioane lei RON, 12
P  INVATAMANT, Total, Mures, Anul 2014, Milioane lei RON, 15
P  INVATAMANT, Total, Mures, Anul 2015, Milioane lei RON, 15
P  INVATAMANT, Total, Mures, Anul 2016, Milioane lei RON, 15
P  INVATAMANT, Total, Mures, Anul 2017, Milioane lei RON, 24
P  INVATAMANT, Total, Mures, Anul 2018, Milioane lei RON, 21
P  INVATAMANT, Total, Mures, Anul 2019, Milioane lei RON, 27
P  INVATAMANT, Total, Mures, Anul 2020, Milioane lei RON, 29
P  INVATAMANT, Total, Mures, Anul 2021, Milioane lei RON, 43
P  INVATAMANT, Total, Mures, Anul 2022, Milioane lei RON, 62
P  INVATAMANT, Total, Mures, Anul 2023, Milioane lei RON, 51
P  INVATAMANT, Total, Mures, Anul 2024, Milioane lei RON, 55
P  INVATAMANT, Total, Sibiu, Anul 2008, Milioane lei RON, 9
P  INVATAMANT, Total, Sibiu, Anul 2009, Milioane lei RON, 6
P  INVATAMANT, Total, Sibiu, Anul 2010, Milioane lei RON, 7
P  INVATAMANT, Total, Sibiu, Anul 2011, Milioane lei RON, 8
P  INVATAMANT, Total, Sibiu, Anul 2012, Milioane lei RON, 8
P  INVATAMANT, Total, Sibiu, Anul 2013, Milioane lei RON, 12
P  INVATAMANT, Total, Sibiu, Anul 2014, Milioane lei RON, 15
P  INVATAMANT, Total, Sibiu, Anul 2015, Milioane lei RON, 16
P  INVATAMANT, Total, Sibiu, Anul 2016, Milioane lei RON, 22
P  INVATAMANT, Total, Sibiu, Anul 2017, Milioane lei RON, 24
P  INVATAMANT, Total, Sibiu, Anul 2018, Milioane lei RON, 29
P  INVATAMANT, Total, Sibiu, Anul 2019, Milioane lei RON, 33
P  INVATAMANT, Total, Sibiu, Anul 2020, Milioane lei RON, 32
P  INVATAMANT, Total, Sibiu, Anul 2021, Milioane lei RON, 46
P  INVATAMANT, Total, Sibiu, Anul 2022, Milioane lei RON, 55
P  INVATAMANT, Total, Sibiu, Anul 2023, Milioane lei RON, 84
P  INVATAMANT, Total, Sibiu, Anul 2024, Milioane lei RON, 91
P  INVATAMANT, Total, Bacau, Anul 2008, Milioane lei RON, 29
P  INVATAMANT, Total, Bacau, Anul 2009, Milioane lei RON, 15
P  INVATAMANT, Total, Bacau, Anul 2010, Milioane lei RON, 15
P  INVATAMANT, Total, Bacau, Anul 2011, Milioane lei RON, 19
P  INVATAMANT, Total, Bacau, Anul 2012, Milioane lei RON, 18
P  INVATAMANT, Total, Bacau, Anul 2013, Milioane lei RON, 14
P  INVATAMANT, Total, Bacau, Anul 2014, Milioane lei RON, 14
P  INVATAMANT, Total, Bacau, Anul 2015, Milioane lei RON, 18
P  INVATAMANT, Total, Bacau, Anul 2016, Milioane lei RON, 22
P  INVATAMANT, Total, Bacau, Anul 2017, Milioane lei RON, 26
P  INVATAMANT, Total, Bacau, Anul 2018, Milioane lei RON, 32
P  INVATAMANT, Total, Bacau, Anul 2019, Milioane lei RON, 31
P  INVATAMANT, Total, Bacau, Anul 2020, Milioane lei RON, 26
P  INVATAMANT, Total, Bacau, Anul 2021, Milioane lei RON, 31
P  INVATAMANT, Total, Bacau, Anul 2022, Milioane lei RON, 42
P  INVATAMANT, Total, Bacau, Anul 2023, Milioane lei RON, 55
P  INVATAMANT, Total, Bacau, Anul 2024, Milioane lei RON, 60
P  INVATAMANT, Total, Botosani, Anul 2008, Milioane lei RON, 1
P  INVATAMANT, Total, Botosani, Anul 2009, Milioane lei RON, 1
P  INVATAMANT, Total, Botosani, Anul 2010, Milioane lei RON, 2
P  INVATAMANT, Total, Botosani, Anul 2011, Milioane lei RON, 2
P  INVATAMANT, Total, Botosani, Anul 2012, Milioane lei RON, 2
P  INVATAMANT, Total, Botosani, Anul 2013, Milioane lei RON, 3
P  INVATAMANT, Total, Botosani, Anul 2014, Milioane lei RON, 3
P  INVATAMANT, Total, Botosani, Anul 2015, Milioane lei RON, 3
P  INVATAMANT, Total, Botosani, Anul 2016, Milioane lei RON, 3
P  INVATAMANT, Total, Botosani, Anul 2017, Milioane lei RON, 4
P  INVATAMANT, Total, Botosani, Anul 2018, Milioane lei RON, 5
P  INVATAMANT, Total, Botosani, Anul 2019, Milioane lei RON, 6
P  INVATAMANT, Total, Botosani, Anul 2020, Milioane lei RON, 7
P  INVATAMANT, Total, Botosani, Anul 2021, Milioane lei RON, 9
P  INVATAMANT, Total, Botosani, Anul 2022, Milioane lei RON, 12
P  INVATAMANT, Total, Botosani, Anul 2023, Milioane lei RON, 17
P  INVATAMANT, Total, Botosani, Anul 2024, Milioane lei RON, 19
P  INVATAMANT, Total, Iasi, Anul 2008, Milioane lei RON, 15
P  INVATAMANT, Total, Iasi, Anul 2009, Milioane lei RON, 13
P  INVATAMANT, Total, Iasi, Anul 2010, Milioane lei RON, 12
P  INVATAMANT, Total, Iasi, Anul 2011, Milioane lei RON, 12
P  INVATAMANT, Total, Iasi, Anul 2012, Milioane lei RON, 14
P  INVATAMANT, Total, Iasi, Anul 2013, Milioane lei RON, 15
P  INVATAMANT, Total, Iasi, Anul 2014, Milioane lei RON, 17
P  INVATAMANT, Total, Iasi, Anul 2015, Milioane lei RON, 23
P  INVATAMANT, Total, Iasi, Anul 2016, Milioane lei RON, 24
P  INVATAMANT, Total, Iasi, Anul 2017, Milioane lei RON, 32
P  INVATAMANT, Total, Iasi, Anul 2018, Milioane lei RON, 41
P  INVATAMANT, Total, Iasi, Anul 2019, Milioane lei RON, 48
P  INVATAMANT, Total, Iasi, Anul 2020, Milioane lei RON, 49
P  INVATAMANT, Total, Iasi, Anul 2021, Milioane lei RON, 64
P  INVATAMANT, Total, Iasi, Anul 2022, Milioane lei RON, 100
P  INVATAMANT, Total, Iasi, Anul 2023, Milioane lei RON, 123
P  INVATAMANT, Total, Iasi, Anul 2024, Milioane lei RON, 139
P  INVATAMANT, Total, Neamt, Anul 2008, Milioane lei RON, 9
P  INVATAMANT, Total, Neamt, Anul 2009, Milioane lei RON, 8
P  INVATAMANT, Total, Neamt, Anul 2010, Milioane lei RON, 6
P  INVATAMANT, Total, Neamt, Anul 2011, Milioane lei RON, 6
P  INVATAMANT, Total, Neamt, Anul 2012, Milioane lei RON, 6
P  INVATAMANT, Total, Neamt, Anul 2013, Milioane lei RON, 5
P  INVATAMANT, Total, Neamt, Anul 2014, Milioane lei RON, 6
P  INVATAMANT, Total, Neamt, Anul 2015, Milioane lei RON, 8
P  INVATAMANT, Total, Neamt, Anul 2016, Milioane lei RON, 9
P  INVATAMANT, Total, Neamt, Anul 2017, Milioane lei RON, 9
P  INVATAMANT, Total, Neamt, Anul 2018, Milioane lei RON, 10
P  INVATAMANT, Total, Neamt, Anul 2019, Milioane lei RON, 13
P  INVATAMANT, Total, Neamt, Anul 2020, Milioane lei RON, 13
P  INVATAMANT, Total, Neamt, Anul 2021, Milioane lei RON, 21
P  INVATAMANT, Total, Neamt, Anul 2022, Milioane lei RON, 26
P  INVATAMANT, Total, Neamt, Anul 2023, Milioane lei RON, 30
P  INVATAMANT, Total, Neamt, Anul 2024, Milioane lei RON, 33
P  INVATAMANT, Total, Suceava, Anul 2008, Milioane lei RON, 10
P  INVATAMANT, Total, Suceava, Anul 2009, Milioane lei RON, 4
P  INVATAMANT, Total, Suceava, Anul 2010, Milioane lei RON, 4
P  INVATAMANT, Total, Suceava, Anul 2011, Milioane lei RON, 6
P  INVATAMANT, Total, Suceava, Anul 2012, Milioane lei RON, 6
P  INVATAMANT, Total, Suceava, Anul 2013, Milioane lei RON, 7
P  INVATAMANT, Total, Suceava, Anul 2014, Milioane lei RON, 8
P  INVATAMANT, Total, Suceava, Anul 2015, Milioane lei RON, 11
P  INVATAMANT, Total, Suceava, Anul 2016, Milioane lei RON, 14
P  INVATAMANT, Total, Suceava, Anul 2017, Milioane lei RON, 16
P  INVATAMANT, Total, Suceava, Anul 2018, Milioane lei RON, 17
P  INVATAMANT, Total, Suceava, Anul 2019, Milioane lei RON, 17
P  INVATAMANT, Total, Suceava, Anul 2020, Milioane lei RON, 17
P  INVATAMANT, Total, Suceava, Anul 2021, Milioane lei RON, 23
P  INVATAMANT, Total, Suceava, Anul 2022, Milioane lei RON, 31
P  INVATAMANT, Total, Suceava, Anul 2023, Milioane lei RON, 49
P  INVATAMANT, Total, Suceava, Anul 2024, Milioane lei RON, 118
P  INVATAMANT, Total, Vaslui, Anul 2008, Milioane lei RON, 2
P  INVATAMANT, Total, Vaslui, Anul 2009, Milioane lei RON, 2
P  INVATAMANT, Total, Vaslui, Anul 2010, Milioane lei RON, 3
P  INVATAMANT, Total, Vaslui, Anul 2011, Milioane lei RON, 5
P  INVATAMANT, Total, Vaslui, Anul 2012, Milioane lei RON, 5
P  INVATAMANT, Total, Vaslui, Anul 2013, Milioane lei RON, 6
P  INVATAMANT, Total, Vaslui, Anul 2014, Milioane lei RON, 6
P  INVATAMANT, Total, Vaslui, Anul 2015, Milioane lei RON, 7
P  INVATAMANT, Total, Vaslui, Anul 2016, Milioane lei RON, 10
P  INVATAMANT, Total, Vaslui, Anul 2017, Milioane lei RON, 13
P  INVATAMANT, Total, Vaslui, Anul 2018, Milioane lei RON, 14
P  INVATAMANT, Total, Vaslui, Anul 2019, Milioane lei RON, 16
P  INVATAMANT, Total, Vaslui, Anul 2020, Milioane lei RON, 11
P  INVATAMANT, Total, Vaslui, Anul 2021, Milioane lei RON, 14
P  INVATAMANT, Total, Vaslui, Anul 2022, Milioane lei RON, 19
P  INVATAMANT, Total, Vaslui, Anul 2023, Milioane lei RON, 23
P  INVATAMANT, Total, Vaslui, Anul 2024, Milioane lei RON, 23
P  INVATAMANT, Total, Braila, Anul 2008, Milioane lei RON, 3
P  INVATAMANT, Total, Braila, Anul 2009, Milioane lei RON, 3
P  INVATAMANT, Total, Braila, Anul 2010, Milioane lei RON, 3
P  INVATAMANT, Total, Braila, Anul 2011, Milioane lei RON, 4
P  INVATAMANT, Total, Braila, Anul 2012, Milioane lei RON, 3
P  INVATAMANT, Total, Braila, Anul 2013, Milioane lei RON, 4
P  INVATAMANT, Total, Braila, Anul 2014, Milioane lei RON, 5
P  INVATAMANT, Total, Braila, Anul 2015, Milioane lei RON, 5
P  INVATAMANT, Total, Braila, Anul 2016, Milioane lei RON, 7
P  INVATAMANT, Total, Braila, Anul 2017, Milioane lei RON, 8
P  INVATAMANT, Total, Braila, Anul 2018, Milioane lei RON, 9
P  INVATAMANT, Total, Braila, Anul 2019, Milioane lei RON, 10
P  INVATAMANT, Total, Braila, Anul 2020, Milioane lei RON, 10
P  INVATAMANT, Total, Braila, Anul 2021, Milioane lei RON, 10
P  INVATAMANT, Total, Braila, Anul 2022, Milioane lei RON, 13
P  INVATAMANT, Total, Braila, Anul 2023, Milioane lei RON, 13
P  INVATAMANT, Total, Braila, Anul 2024, Milioane lei RON, 16
P  INVATAMANT, Total, Buzau, Anul 2008, Milioane lei RON, 2
P  INVATAMANT, Total, Buzau, Anul 2009, Milioane lei RON, 3
P  INVATAMANT, Total, Buzau, Anul 2010, Milioane lei RON, 4
P  INVATAMANT, Total, Buzau, Anul 2011, Milioane lei RON, 4
P  INVATAMANT, Total, Buzau, Anul 2012, Milioane lei RON, 5
P  INVATAMANT, Total, Buzau, Anul 2013, Milioane lei RON, 5
P  INVATAMANT, Total, Buzau, Anul 2014, Milioane lei RON, 7
P  INVATAMANT, Total, Buzau, Anul 2015, Milioane lei RON, 8
P  INVATAMANT, Total, Buzau, Anul 2016, Milioane lei RON, 10
P  INVATAMANT, Total, Buzau, Anul 2017, Milioane lei RON, 9
P  INVATAMANT, Total, Buzau, Anul 2018, Milioane lei RON, 9
P  INVATAMANT, Total, Buzau, Anul 2019, Milioane lei RON, 10
P  INVATAMANT, Total, Buzau, Anul 2020, Milioane lei RON, 9
P  INVATAMANT, Total, Buzau, Anul 2021, Milioane lei RON, 13
P  INVATAMANT, Total, Buzau, Anul 2022, Milioane lei RON, 16
P  INVATAMANT, Total, Buzau, Anul 2023, Milioane lei RON, 20
P  INVATAMANT, Total, Buzau, Anul 2024, Milioane lei RON, 26
P  INVATAMANT, Total, Constanta, Anul 2008, Milioane lei RON, 22
P  INVATAMANT, Total, Constanta, Anul 2009, Milioane lei RON, 21
P  INVATAMANT, Total, Constanta, Anul 2010, Milioane lei RON, 22
P  INVATAMANT, Total, Constanta, Anul 2011, Milioane lei RON, 15
P  INVATAMANT, Total, Constanta, Anul 2012, Milioane lei RON, 20
P  INVATAMANT, Total, Constanta, Anul 2013, Milioane lei RON, 19
P  INVATAMANT, Total, Constanta, Anul 2014, Milioane lei RON, 27
P  INVATAMANT, Total, Constanta, Anul 2015, Milioane lei RON, 30
P  INVATAMANT, Total, Constanta, Anul 2016, Milioane lei RON, 38
P  INVATAMANT, Total, Constanta, Anul 2017, Milioane lei RON, 36
P  INVATAMANT, Total, Constanta, Anul 2018, Milioane lei RON, 32
P  INVATAMANT, Total, Constanta, Anul 2019, Milioane lei RON, 47
P  INVATAMANT, Total, Constanta, Anul 2020, Milioane lei RON, 43
P  INVATAMANT, Total, Constanta, Anul 2021, Milioane lei RON, 60
P  INVATAMANT, Total, Constanta, Anul 2022, Milioane lei RON, 90
P  INVATAMANT, Total, Constanta, Anul 2023, Milioane lei RON, 110
P  INVATAMANT, Total, Constanta, Anul 2024, Milioane lei RON, 130
P  INVATAMANT, Total, Galati, Anul 2008, Milioane lei RON, 9
P  INVATAMANT, Total, Galati, Anul 2009, Milioane lei RON, 10
P  INVATAMANT, Total, Galati, Anul 2010, Milioane lei RON, 10
P  INVATAMANT, Total, Galati, Anul 2011, Milioane lei RON, 24
P  INVATAMANT, Total, Galati, Anul 2012, Milioane lei RON, 11
P  INVATAMANT, Total, Galati, Anul 2013, Milioane lei RON, 11
P  INVATAMANT, Total, Galati, Anul 2014, Milioane lei RON, 10
P  INVATAMANT, Total, Galati, Anul 2015, Milioane lei RON, 18
P  INVATAMANT, Total, Galati, Anul 2016, Milioane lei RON, 23
P  INVATAMANT, Total, Galati, Anul 2017, Milioane lei RON, 16
P  INVATAMANT, Total, Galati, Anul 2018, Milioane lei RON, 17
P  INVATAMANT, Total, Galati, Anul 2019, Milioane lei RON, 20
P  INVATAMANT, Total, Galati, Anul 2020, Milioane lei RON, 19
P  INVATAMANT, Total, Galati, Anul 2021, Milioane lei RON, 25
P  INVATAMANT, Total, Galati, Anul 2022, Milioane lei RON, 30
P  INVATAMANT, Total, Galati, Anul 2023, Milioane lei RON, 42
P  INVATAMANT, Total, Galati, Anul 2024, Milioane lei RON, 49
P  INVATAMANT, Total, Tulcea, Anul 2008, Milioane lei RON, 3
P  INVATAMANT, Total, Tulcea, Anul 2009, Milioane lei RON, 2
P  INVATAMANT, Total, Tulcea, Anul 2010, Milioane lei RON, 4
P  INVATAMANT, Total, Tulcea, Anul 2011, Milioane lei RON, 4
P  INVATAMANT, Total, Tulcea, Anul 2012, Milioane lei RON, 3
P  INVATAMANT, Total, Tulcea, Anul 2013, Milioane lei RON, 4
P  INVATAMANT, Total, Tulcea, Anul 2014, Milioane lei RON, 4
P  INVATAMANT, Total, Tulcea, Anul 2015, Milioane lei RON, 4
P  INVATAMANT, Total, Tulcea, Anul 2016, Milioane lei RON, 6
P  INVATAMANT, Total, Tulcea, Anul 2017, Milioane lei RON, 7
P  INVATAMANT, Total, Tulcea, Anul 2018, Milioane lei RON, 8
P  INVATAMANT, Total, Tulcea, Anul 2019, Milioane lei RON, 10
P  INVATAMANT, Total, Tulcea, Anul 2020, Milioane lei RON, 9
P  INVATAMANT, Total, Tulcea, Anul 2021, Milioane lei RON, 10
P  INVATAMANT, Total, Tulcea, Anul 2022, Milioane lei RON, 15
P  INVATAMANT, Total, Tulcea, Anul 2023, Milioane lei RON, 20
P  INVATAMANT, Total, Tulcea, Anul 2024, Milioane lei RON, 17
P  INVATAMANT, Total, Vrancea, Anul 2008, Milioane lei RON, 4
P  INVATAMANT, Total, Vrancea, Anul 2009, Milioane lei RON, 7
P  INVATAMANT, Total, Vrancea, Anul 2010, Milioane lei RON, 4
P  INVATAMANT, Total, Vrancea, Anul 2011, Milioane lei RON, 4
P  INVATAMANT, Total, Vrancea, Anul 2012, Milioane lei RON, 4
P  INVATAMANT, Total, Vrancea, Anul 2013, Milioane lei RON, 4
P  INVATAMANT, Total, Vrancea, Anul 2014, Milioane lei RON, 5
P  INVATAMANT, Total, Vrancea, Anul 2015, Milioane lei RON, 6
P  INVATAMANT, Total, Vrancea, Anul 2016, Milioane lei RON, 8
P  INVATAMANT, Total, Vrancea, Anul 2017, Milioane lei RON, 10
P  INVATAMANT, Total, Vrancea, Anul 2018, Milioane lei RON, 11
P  INVATAMANT, Total, Vrancea, Anul 2019, Milioane lei RON, 11
P  INVATAMANT, Total, Vrancea, Anul 2020, Milioane lei RON, 12
P  INVATAMANT, Total, Vrancea, Anul 2021, Milioane lei RON, 14
P  INVATAMANT, Total, Vrancea, Anul 2022, Milioane lei RON, 15
P  INVATAMANT, Total, Vrancea, Anul 2023, Milioane lei RON, 16
P  INVATAMANT, Total, Vrancea, Anul 2024, Milioane lei RON, 15
P  INVATAMANT, Total, Arges, Anul 2008, Milioane lei RON, 8
P  INVATAMANT, Total, Arges, Anul 2009, Milioane lei RON, 7
P  INVATAMANT, Total, Arges, Anul 2010, Milioane lei RON, 7
P  INVATAMANT, Total, Arges, Anul 2011, Milioane lei RON, 8
P  INVATAMANT, Total, Arges, Anul 2012, Milioane lei RON, 8
P  INVATAMANT, Total, Arges, Anul 2013, Milioane lei RON, 9
P  INVATAMANT, Total, Arges, Anul 2014, Milioane lei RON, 10
P  INVATAMANT, Total, Arges, Anul 2015, Milioane lei RON, 12
P  INVATAMANT, Total, Arges, Anul 2016, Milioane lei RON, 15
P  INVATAMANT, Total, Arges, Anul 2017, Milioane lei RON, 19
P  INVATAMANT, Total, Arges, Anul 2018, Milioane lei RON, 26
P  INVATAMANT, Total, Arges, Anul 2019, Milioane lei RON, 30
P  INVATAMANT, Total, Arges, Anul 2020, Milioane lei RON, 30
P  INVATAMANT, Total, Arges, Anul 2021, Milioane lei RON, 35
P  INVATAMANT, Total, Arges, Anul 2022, Milioane lei RON, 53
P  INVATAMANT, Total, Arges, Anul 2023, Milioane lei RON, 67
P  INVATAMANT, Total, Arges, Anul 2024, Milioane lei RON, 68
P  INVATAMANT, Total, Calarasi, Anul 2008, Milioane lei RON, 3
P  INVATAMANT, Total, Calarasi, Anul 2009, Milioane lei RON, 3
P  INVATAMANT, Total, Calarasi, Anul 2010, Milioane lei RON, 3
P  INVATAMANT, Total, Calarasi, Anul 2011, Milioane lei RON, 4
P  INVATAMANT, Total, Calarasi, Anul 2012, Milioane lei RON, 4
P  INVATAMANT, Total, Calarasi, Anul 2013, Milioane lei RON, 4
P  INVATAMANT, Total, Calarasi, Anul 2014, Milioane lei RON, 4
P  INVATAMANT, Total, Calarasi, Anul 2015, Milioane lei RON, 5
P  INVATAMANT, Total, Calarasi, Anul 2016, Milioane lei RON, 6
P  INVATAMANT, Total, Calarasi, Anul 2017, Milioane lei RON, 6
P  INVATAMANT, Total, Calarasi, Anul 2018, Milioane lei RON, 6
P  INVATAMANT, Total, Calarasi, Anul 2019, Milioane lei RON, 6
P  INVATAMANT, Total, Calarasi, Anul 2020, Milioane lei RON, 4
P  INVATAMANT, Total, Calarasi, Anul 2021, Milioane lei RON, 7
P  INVATAMANT, Total, Calarasi, Anul 2022, Milioane lei RON, 8
P  INVATAMANT, Total, Calarasi, Anul 2023, Milioane lei RON, 10
P  INVATAMANT, Total, Calarasi, Anul 2024, Milioane lei RON, 10
P  INVATAMANT, Total, Dambovita, Anul 2008, Milioane lei RON, 7
P  INVATAMANT, Total, Dambovita, Anul 2009, Milioane lei RON, 6
P  INVATAMANT, Total, Dambovita, Anul 2010, Milioane lei RON, 7
P  INVATAMANT, Total, Dambovita, Anul 2011, Milioane lei RON, 7
P  INVATAMANT, Total, Dambovita, Anul 2012, Milioane lei RON, 6
P  INVATAMANT, Total, Dambovita, Anul 2013, Milioane lei RON, 7
P  INVATAMANT, Total, Dambovita, Anul 2014, Milioane lei RON, 8
P  INVATAMANT, Total, Dambovita, Anul 2015, Milioane lei RON, 13
P  INVATAMANT, Total, Dambovita, Anul 2016, Milioane lei RON, 13
P  INVATAMANT, Total, Dambovita, Anul 2017, Milioane lei RON, 15
P  INVATAMANT, Total, Dambovita, Anul 2018, Milioane lei RON, 18
P  INVATAMANT, Total, Dambovita, Anul 2019, Milioane lei RON, 18
P  INVATAMANT, Total, Dambovita, Anul 2020, Milioane lei RON, 15
P  INVATAMANT, Total, Dambovita, Anul 2021, Milioane lei RON, 25
P  INVATAMANT, Total, Dambovita, Anul 2022, Milioane lei RON, 27
P  INVATAMANT, Total, Dambovita, Anul 2023, Milioane lei RON, 32
P  INVATAMANT, Total, Dambovita, Anul 2024, Milioane lei RON, 30
P  INVATAMANT, Total, Giurgiu, Anul 2008, Milioane lei RON, 2
P  INVATAMANT, Total, Giurgiu, Anul 2009, Milioane lei RON, 1
P  INVATAMANT, Total, Giurgiu, Anul 2010, Milioane lei RON, 1
P  INVATAMANT, Total, Giurgiu, Anul 2011, Milioane lei RON, 2
P  INVATAMANT, Total, Giurgiu, Anul 2012, Milioane lei RON, 1
P  INVATAMANT, Total, Giurgiu, Anul 2013, Milioane lei RON, 1
P  INVATAMANT, Total, Giurgiu, Anul 2014, Milioane lei RON, 1
P  INVATAMANT, Total, Giurgiu, Anul 2015, Milioane lei RON, 2
P  INVATAMANT, Total, Giurgiu, Anul 2016, Milioane lei RON, 3
P  INVATAMANT, Total, Giurgiu, Anul 2017, Milioane lei RON, 4
P  INVATAMANT, Total, Giurgiu, Anul 2018, Milioane lei RON, 5
P  INVATAMANT, Total, Giurgiu, Anul 2019, Milioane lei RON, 7
P  INVATAMANT, Total, Giurgiu, Anul 2020, Milioane lei RON, 6
P  INVATAMANT, Total, Giurgiu, Anul 2021, Milioane lei RON, 9
P  INVATAMANT, Total, Giurgiu, Anul 2022, Milioane lei RON, 12
P  INVATAMANT, Total, Giurgiu, Anul 2023, Milioane lei RON, 15
P  INVATAMANT, Total, Giurgiu, Anul 2024, Milioane lei RON, 24
P  INVATAMANT, Total, Ialomita, Anul 2008, Milioane lei RON, 1
P  INVATAMANT, Total, Ialomita, Anul 2009, Milioane lei RON, 1
P  INVATAMANT, Total, Ialomita, Anul 2010, Milioane lei RON, 1
P  INVATAMANT, Total, Ialomita, Anul 2011, Milioane lei RON, 1
P  INVATAMANT, Total, Ialomita, Anul 2012, Milioane lei RON, 1
P  INVATAMANT, Total, Ialomita, Anul 2013, Milioane lei RON, 1
P  INVATAMANT, Total, Ialomita, Anul 2014, Milioane lei RON, 1
P  INVATAMANT, Total, Ialomita, Anul 2015, Milioane lei RON, 3
P  INVATAMANT, Total, Ialomita, Anul 2016, Milioane lei RON, 3
P  INVATAMANT, Total, Ialomita, Anul 2017, Milioane lei RON, 3
P  INVATAMANT, Total, Ialomita, Anul 2018, Milioane lei RON, 4
P  INVATAMANT, Total, Ialomita, Anul 2019, Milioane lei RON, 5
P  INVATAMANT, Total, Ialomita, Anul 2020, Milioane lei RON, 5
P  INVATAMANT, Total, Ialomita, Anul 2021, Milioane lei RON, 6
P  INVATAMANT, Total, Ialomita, Anul 2022, Milioane lei RON, 8
P  INVATAMANT, Total, Ialomita, Anul 2023, Milioane lei RON, 10
P  INVATAMANT, Total, Ialomita, Anul 2024, Milioane lei RON, 12
P  INVATAMANT, Total, Prahova, Anul 2008, Milioane lei RON, 25
P  INVATAMANT, Total, Prahova, Anul 2009, Milioane lei RON, 19
P  INVATAMANT, Total, Prahova, Anul 2010, Milioane lei RON, 23
P  INVATAMANT, Total, Prahova, Anul 2011, Milioane lei RON, 28
P  INVATAMANT, Total, Prahova, Anul 2012, Milioane lei RON, 29
P  INVATAMANT, Total, Prahova, Anul 2013, Milioane lei RON, 30
P  INVATAMANT, Total, Prahova, Anul 2014, Milioane lei RON, 30
P  INVATAMANT, Total, Prahova, Anul 2015, Milioane lei RON, 33
P  INVATAMANT, Total, Prahova, Anul 2016, Milioane lei RON, 36
P  INVATAMANT, Total, Prahova, Anul 2017, Milioane lei RON, 36
P  INVATAMANT, Total, Prahova, Anul 2018, Milioane lei RON, 44
P  INVATAMANT, Total, Prahova, Anul 2019, Milioane lei RON, 48
P  INVATAMANT, Total, Prahova, Anul 2020, Milioane lei RON, 38
P  INVATAMANT, Total, Prahova, Anul 2021, Milioane lei RON, 57
P  INVATAMANT, Total, Prahova, Anul 2022, Milioane lei RON, 76
P  INVATAMANT, Total, Prahova, Anul 2023, Milioane lei RON, 92
P  INVATAMANT, Total, Prahova, Anul 2024, Milioane lei RON, 109
P  INVATAMANT, Total, Teleorman, Anul 2008, Milioane lei RON, 2
P  INVATAMANT, Total, Teleorman, Anul 2009, Milioane lei RON, 2
P  INVATAMANT, Total, Teleorman, Anul 2010, Milioane lei RON, 3
P  INVATAMANT, Total, Teleorman, Anul 2011, Milioane lei RON, 4
P  INVATAMANT, Total, Teleorman, Anul 2012, Milioane lei RON, 4
P  INVATAMANT, Total, Teleorman, Anul 2013, Milioane lei RON, 5
P  INVATAMANT, Total, Teleorman, Anul 2014, Milioane lei RON, 5
P  INVATAMANT, Total, Teleorman, Anul 2015, Milioane lei RON, 11
P  INVATAMANT, Total, Teleorman, Anul 2016, Milioane lei RON, 11
P  INVATAMANT, Total, Teleorman, Anul 2017, Milioane lei RON, 12
P  INVATAMANT, Total, Teleorman, Anul 2018, Milioane lei RON, 14
P  INVATAMANT, Total, Teleorman, Anul 2019, Milioane lei RON, 15
P  INVATAMANT, Total, Teleorman, Anul 2020, Milioane lei RON, 14
P  INVATAMANT, Total, Teleorman, Anul 2021, Milioane lei RON, 18
P  INVATAMANT, Total, Teleorman, Anul 2022, Milioane lei RON, 22
P  INVATAMANT, Total, Teleorman, Anul 2023, Milioane lei RON, 20
P  INVATAMANT, Total, Teleorman, Anul 2024, Milioane lei RON, 22
P  INVATAMANT, Total, Ilfov, Anul 2008, Milioane lei RON, 26
P  INVATAMANT, Total, Ilfov, Anul 2009, Milioane lei RON, 33
P  INVATAMANT, Total, Ilfov, Anul 2010, Milioane lei RON, 24
P  INVATAMANT, Total, Ilfov, Anul 2011, Milioane lei RON, 25
P  INVATAMANT, Total, Ilfov, Anul 2012, Milioane lei RON, 29
P  INVATAMANT, Total, Ilfov, Anul 2013, Milioane lei RON, 28
P  INVATAMANT, Total, Ilfov, Anul 2014, Milioane lei RON, 45
P  INVATAMANT, Total, Ilfov, Anul 2015, Milioane lei RON, 44
P  INVATAMANT, Total, Ilfov, Anul 2016, Milioane lei RON, 49
P  INVATAMANT, Total, Ilfov, Anul 2017, Milioane lei RON, 71
P  INVATAMANT, Total, Ilfov, Anul 2018, Milioane lei RON, 98
P  INVATAMANT, Total, Ilfov, Anul 2019, Milioane lei RON, 111
P  INVATAMANT, Total, Ilfov, Anul 2020, Milioane lei RON, 100
P  INVATAMANT, Total, Ilfov, Anul 2021, Milioane lei RON, 185
P  INVATAMANT, Total, Ilfov, Anul 2022, Milioane lei RON, 273
P  INVATAMANT, Total, Ilfov, Anul 2023, Milioane lei RON, 364
P  INVATAMANT, Total, Ilfov, Anul 2024, Milioane lei RON, 456
P  INVATAMANT, Total, Municipiul Bucuresti, Anul 2008, Milioane lei RON, 268
P  INVATAMANT, Total, Municipiul Bucuresti, Anul 2009, Milioane lei RON, 215
P  INVATAMANT, Total, Municipiul Bucuresti, Anul 2010, Milioane lei RON, 219
P  INVATAMANT, Total, Municipiul Bucuresti, Anul 2011, Milioane lei RON, 281
P  INVATAMANT, Total, Municipiul Bucuresti, Anul 2012, Milioane lei RON, 306
P  INVATAMANT, Total, Municipiul Bucuresti, Anul 2013, Milioane lei RON, 327
P  INVATAMANT, Total, Municipiul Bucuresti, Anul 2014, Milioane lei RON, 341
P  INVATAMANT, Total, Municipiul Bucuresti, Anul 2015, Milioane lei RON, 409
P  INVATAMANT, Total, Municipiul Bucuresti, Anul 2016, Milioane lei RON, 454
P  INVATAMANT, Total, Municipiul Bucuresti, Anul 2017, Milioane lei RON, 502
P  INVATAMANT, Total, Municipiul Bucuresti, Anul 2018, Milioane lei RON, 613
P  INVATAMANT, Total, Municipiul Bucuresti, Anul 2019, Milioane lei RON, 705
P  INVATAMANT, Total, Municipiul Bucuresti, Anul 2020, Milioane lei RON, 609
P  INVATAMANT, Total, Municipiul Bucuresti, Anul 2021, Milioane lei RON, 852
P  INVATAMANT, Total, Municipiul Bucuresti, Anul 2022, Milioane lei RON, 1162
P  INVATAMANT, Total, Municipiul Bucuresti, Anul 2023, Milioane lei RON, 1378
P  INVATAMANT, Total, Municipiul Bucuresti, Anul 2024, Milioane lei RON, 1509
P  INVATAMANT, Total, Dolj, Anul 2008, Milioane lei RON, 6
P  INVATAMANT, Total, Dolj, Anul 2009, Milioane lei RON, 6
P  INVATAMANT, Total, Dolj, Anul 2010, Milioane lei RON, 11
P  INVATAMANT, Total, Dolj, Anul 2011, Milioane lei RON, 10
P  INVATAMANT, Total, Dolj, Anul 2012, Milioane lei RON, 11
P  INVATAMANT, Total, Dolj, Anul 2013, Milioane lei RON, 18
P  INVATAMANT, Total, Dolj, Anul 2014, Milioane lei RON, 11
P  INVATAMANT, Total, Dolj, Anul 2015, Milioane lei RON, 14
P  INVATAMANT, Total, Dolj, Anul 2016, Milioane lei RON, 14
P  INVATAMANT, Total, Dolj, Anul 2017, Milioane lei RON, 15
P  INVATAMANT, Total, Dolj, Anul 2018, Milioane lei RON, 17
P  INVATAMANT, Total, Dolj, Anul 2019, Milioane lei RON, 20
P  INVATAMANT, Total, Dolj, Anul 2020, Milioane lei RON, 21
P  INVATAMANT, Total, Dolj, Anul 2021, Milioane lei RON, 34
P  INVATAMANT, Total, Dolj, Anul 2022, Milioane lei RON, 44
P  INVATAMANT, Total, Dolj, Anul 2023, Milioane lei RON, 50
P  INVATAMANT, Total, Dolj, Anul 2024, Milioane lei RON, 52
P  INVATAMANT, Total, Gorj, Anul 2008, Milioane lei RON, 3
P  INVATAMANT, Total, Gorj, Anul 2009, Milioane lei RON, 3
P  INVATAMANT, Total, Gorj, Anul 2010, Milioane lei RON, 3
P  INVATAMANT, Total, Gorj, Anul 2011, Milioane lei RON, 3
P  INVATAMANT, Total, Gorj, Anul 2012, Milioane lei RON, 3
P  INVATAMANT, Total, Gorj, Anul 2013, Milioane lei RON, 3
P  INVATAMANT, Total, Gorj, Anul 2014, Milioane lei RON, 2
P  INVATAMANT, Total, Gorj, Anul 2015, Milioane lei RON, 3
P  INVATAMANT, Total, Gorj, Anul 2016, Milioane lei RON, 4
P  INVATAMANT, Total, Gorj, Anul 2017, Milioane lei RON, 5
P  INVATAMANT, Total, Gorj, Anul 2018, Milioane lei RON, 7
P  INVATAMANT, Total, Gorj, Anul 2019, Milioane lei RON, 9
P  INVATAMANT, Total, Gorj, Anul 2020, Milioane lei RON, 8
P  INVATAMANT, Total, Gorj, Anul 2021, Milioane lei RON, 11
P  INVATAMANT, Total, Gorj, Anul 2022, Milioane lei RON, 14
P  INVATAMANT, Total, Gorj, Anul 2023, Milioane lei RON, 15
P  INVATAMANT, Total, Gorj, Anul 2024, Milioane lei RON, 17
P  INVATAMANT, Total, Mehedinti, Anul 2008, Milioane lei RON, 2
P  INVATAMANT, Total, Mehedinti, Anul 2009, Milioane lei RON, 2
P  INVATAMANT, Total, Mehedinti, Anul 2010, Milioane lei RON, 2
P  INVATAMANT, Total, Mehedinti, Anul 2011, Milioane lei RON, 1
P  INVATAMANT, Total, Mehedinti, Anul 2012, Milioane lei RON, 2
P  INVATAMANT, Total, Mehedinti, Anul 2013, Milioane lei RON, 3
P  INVATAMANT, Total, Mehedinti, Anul 2014, Milioane lei RON, 4
P  INVATAMANT, Total, Mehedinti, Anul 2015, Milioane lei RON, 6
P  INVATAMANT, Total, Mehedinti, Anul 2016, Milioane lei RON, 6
P  INVATAMANT, Total, Mehedinti, Anul 2017, Milioane lei RON, 6
P  INVATAMANT, Total, Mehedinti, Anul 2018, Milioane lei RON, 7
P  INVATAMANT, Total, Mehedinti, Anul 2019, Milioane lei RON, 9
P  INVATAMANT, Total, Mehedinti, Anul 2020, Milioane lei RON, 9
P  INVATAMANT, Total, Mehedinti, Anul 2021, Milioane lei RON, 9
P  INVATAMANT, Total, Mehedinti, Anul 2022, Milioane lei RON, 10
P  INVATAMANT, Total, Mehedinti, Anul 2023, Milioane lei RON, 14
P  INVATAMANT, Total, Mehedinti, Anul 2024, Milioane lei RON, 17
P  INVATAMANT, Total, Olt, Anul 2008, Milioane lei RON, 3
P  INVATAMANT, Total, Olt, Anul 2009, Milioane lei RON, 5
P  INVATAMANT, Total, Olt, Anul 2010, Milioane lei RON, 4
P  INVATAMANT, Total, Olt, Anul 2011, Milioane lei RON, 4
P  INVATAMANT, Total, Olt, Anul 2012, Milioane lei RON, 3
P  INVATAMANT, Total, Olt, Anul 2013, Milioane lei RON, 4
P  INVATAMANT, Total, Olt, Anul 2014, Milioane lei RON, 4
P  INVATAMANT, Total, Olt, Anul 2015, Milioane lei RON, 6
P  INVATAMANT, Total, Olt, Anul 2016, Milioane lei RON, 8
P  INVATAMANT, Total, Olt, Anul 2017, Milioane lei RON, 8
P  INVATAMANT, Total, Olt, Anul 2018, Milioane lei RON, 9
P  INVATAMANT, Total, Olt, Anul 2019, Milioane lei RON, 12
P  INVATAMANT, Total, Olt, Anul 2020, Milioane lei RON, 10
P  INVATAMANT, Total, Olt, Anul 2021, Milioane lei RON, 11
P  INVATAMANT, Total, Olt, Anul 2022, Milioane lei RON, 13
P  INVATAMANT, Total, Olt, Anul 2023, Milioane lei RON, 14
P  INVATAMANT, Total, Olt, Anul 2024, Milioane lei RON, 15
P  INVATAMANT, Total, Valcea, Anul 2008, Milioane lei RON, 5
P  INVATAMANT, Total, Valcea, Anul 2009, Milioane lei RON, 5
P  INVATAMANT, Total, Valcea, Anul 2010, Milioane lei RON, 6
P  INVATAMANT, Total, Valcea, Anul 2011, Milioane lei RON, 7
P  INVATAMANT, Total, Valcea, Anul 2012, Milioane lei RON, 10
P  INVATAMANT, Total, Valcea, Anul 2013, Milioane lei RON, 10
P  INVATAMANT, Total, Valcea, Anul 2014, Milioane lei RON, 7
P  INVATAMANT, Total, Valcea, Anul 2015, Milioane lei RON, 9
P  INVATAMANT, Total, Valcea, Anul 2016, Milioane lei RON, 11
P  INVATAMANT, Total, Valcea, Anul 2017, Milioane lei RON, 12
P  INVATAMANT, Total, Valcea, Anul 2018, Milioane lei RON, 13
P  INVATAMANT, Total, Valcea, Anul 2019, Milioane lei RON, 15
P  INVATAMANT, Total, Valcea, Anul 2020, Milioane lei RON, 15
P  INVATAMANT, Total, Valcea, Anul 2021, Milioane lei RON, 16
P  INVATAMANT, Total, Valcea, Anul 2022, Milioane lei RON, 20
P  INVATAMANT, Total, Valcea, Anul 2023, Milioane lei RON, 26
P  INVATAMANT, Total, Valcea, Anul 2024, Milioane lei RON, 27
P  INVATAMANT, Total, Arad, Anul 2008, Milioane lei RON, 4
P  INVATAMANT, Total, Arad, Anul 2009, Milioane lei RON, 4
P  INVATAMANT, Total, Arad, Anul 2010, Milioane lei RON, 3
P  INVATAMANT, Total, Arad, Anul 2011, Milioane lei RON, 4
P  INVATAMANT, Total, Arad, Anul 2012, Milioane lei RON, 4
P  INVATAMANT, Total, Arad, Anul 2013, Milioane lei RON, 5
P  INVATAMANT, Total, Arad, Anul 2014, Milioane lei RON, 5
P  INVATAMANT, Total, Arad, Anul 2015, Milioane lei RON, 7
P  INVATAMANT, Total, Arad, Anul 2016, Milioane lei RON, 9
P  INVATAMANT, Total, Arad, Anul 2017, Milioane lei RON, 13
P  INVATAMANT, Total, Arad, Anul 2018, Milioane lei RON, 15
P  INVATAMANT, Total, Arad, Anul 2019, Milioane lei RON, 16
P  INVATAMANT, Total, Arad, Anul 2020, Milioane lei RON, 15
P  INVATAMANT, Total, Arad, Anul 2021, Milioane lei RON, 22
P  INVATAMANT, Total, Arad, Anul 2022, Milioane lei RON, 28
P  INVATAMANT, Total, Arad, Anul 2023, Milioane lei RON, 31
P  INVATAMANT, Total, Arad, Anul 2024, Milioane lei RON, 34
P  INVATAMANT, Total, Caras-Severin, Anul 2008, Milioane lei RON, 2
P  INVATAMANT, Total, Caras-Severin, Anul 2009, Milioane lei RON, 2
P  INVATAMANT, Total, Caras-Severin, Anul 2010, Milioane lei RON, 4
P  INVATAMANT, Total, Caras-Severin, Anul 2011, Milioane lei RON, 5
P  INVATAMANT, Total, Caras-Severin, Anul 2012, Milioane lei RON, 7
P  INVATAMANT, Total, Caras-Severin, Anul 2013, Milioane lei RON, 5
P  INVATAMANT, Total, Caras-Severin, Anul 2014, Milioane lei RON, 4
P  INVATAMANT, Total, Caras-Severin, Anul 2015, Milioane lei RON, 6
P  INVATAMANT, Total, Caras-Severin, Anul 2016, Milioane lei RON, 6
P  INVATAMANT, Total, Caras-Severin, Anul 2017, Milioane lei RON, 7
P  INVATAMANT, Total, Caras-Severin, Anul 2018, Milioane lei RON, 7
P  INVATAMANT, Total, Caras-Severin, Anul 2019, Milioane lei RON, 7
P  INVATAMANT, Total, Caras-Severin, Anul 2020, Milioane lei RON, 6
P  INVATAMANT, Total, Caras-Severin, Anul 2021, Milioane lei RON, 7
P  INVATAMANT, Total, Caras-Severin, Anul 2022, Milioane lei RON, 8
P  INVATAMANT, Total, Caras-Severin, Anul 2023, Milioane lei RON, 8
P  INVATAMANT, Total, Caras-Severin, Anul 2024, Milioane lei RON, 8
P  INVATAMANT, Total, Hunedoara, Anul 2008, Milioane lei RON, 3
P  INVATAMANT, Total, Hunedoara, Anul 2009, Milioane lei RON, 3
P  INVATAMANT, Total, Hunedoara, Anul 2010, Milioane lei RON, 5
P  INVATAMANT, Total, Hunedoara, Anul 2011, Milioane lei RON, 7
P  INVATAMANT, Total, Hunedoara, Anul 2012, Milioane lei RON, 4
P  INVATAMANT, Total, Hunedoara, Anul 2013, Milioane lei RON, 5
P  INVATAMANT, Total, Hunedoara, Anul 2014, Milioane lei RON, 6
P  INVATAMANT, Total, Hunedoara, Anul 2015, Milioane lei RON, 6
P  INVATAMANT, Total, Hunedoara, Anul 2016, Milioane lei RON, 8
P  INVATAMANT, Total, Hunedoara, Anul 2017, Milioane lei RON, 8
P  INVATAMANT, Total, Hunedoara, Anul 2018, Milioane lei RON, 10
P  INVATAMANT, Total, Hunedoara, Anul 2019, Milioane lei RON, 20
P  INVATAMANT, Total, Hunedoara, Anul 2020, Milioane lei RON, 10
P  INVATAMANT, Total, Hunedoara, Anul 2021, Milioane lei RON, 21
P  INVATAMANT, Total, Hunedoara, Anul 2022, Milioane lei RON, 25
P  INVATAMANT, Total, Hunedoara, Anul 2023, Milioane lei RON, 26
P  INVATAMANT, Total, Hunedoara, Anul 2024, Milioane lei RON, 26
P  INVATAMANT, Total, Timis, Anul 2008, Milioane lei RON, 17
P  INVATAMANT, Total, Timis, Anul 2009, Milioane lei RON, 16
P  INVATAMANT, Total, Timis, Anul 2010, Milioane lei RON, 18
P  INVATAMANT, Total, Timis, Anul 2011, Milioane lei RON, 26
P  INVATAMANT, Total, Timis, Anul 2012, Milioane lei RON, 29
P  INVATAMANT, Total, Timis, Anul 2013, Milioane lei RON, 31
P  INVATAMANT, Total, Timis, Anul 2014, Milioane lei RON, 31
P  INVATAMANT, Total, Timis, Anul 2015, Milioane lei RON, 40
P  INVATAMANT, Total, Timis, Anul 2016, Milioane lei RON, 47
P  INVATAMANT, Total, Timis, Anul 2017, Milioane lei RON, 60
P  INVATAMANT, Total, Timis, Anul 2018, Milioane lei RON, 70
P  INVATAMANT, Total, Timis, Anul 2019, Milioane lei RON, 84
P  INVATAMANT, Total, Timis, Anul 2020, Milioane lei RON, 81
P  INVATAMANT, Total, Timis, Anul 2021, Milioane lei RON, 116
P  INVATAMANT, Total, Timis, Anul 2022, Milioane lei RON, 153
P  INVATAMANT, Total, Timis, Anul 2023, Milioane lei RON, 171
P  INVATAMANT, Total, Timis, Anul 2024, Milioane lei RON, 173
Q  SANATATE SI ASISTENTA SOCIALA, Total, Bihor, Anul 2008, Milioane lei RON, 53
Q  SANATATE SI ASISTENTA SOCIALA, Total, Bihor, Anul 2009, Milioane lei RON, 66
Q  SANATATE SI ASISTENTA SOCIALA, Total, Bihor, Anul 2010, Milioane lei RON, 92
Q  SANATATE SI ASISTENTA SOCIALA, Total, Bihor, Anul 2011, Milioane lei RON, 77
Q  SANATATE SI ASISTENTA SOCIALA, Total, Bihor, Anul 2012, Milioane lei RON, 92
Q  SANATATE SI ASISTENTA SOCIALA, Total, Bihor, Anul 2013, Milioane lei RON, 95
Q  SANATATE SI ASISTENTA SOCIALA, Total, Bihor, Anul 2014, Milioane lei RON, 106
Q  SANATATE SI ASISTENTA SOCIALA, Total, Bihor, Anul 2015, Milioane lei RON, 126
Q  SANATATE SI ASISTENTA SOCIALA, Total, Bihor, Anul 2016, Milioane lei RON, 169
Q  SANATATE SI ASISTENTA SOCIALA, Total, Bihor, Anul 2017, Milioane lei RON, 212
Q  SANATATE SI ASISTENTA SOCIALA, Total, Bihor, Anul 2018, Milioane lei RON, 255
Q  SANATATE SI ASISTENTA SOCIALA, Total, Bihor, Anul 2019, Milioane lei RON, 295
Q  SANATATE SI ASISTENTA SOCIALA, Total, Bihor, Anul 2020, Milioane lei RON, 335
Q  SANATATE SI ASISTENTA SOCIALA, Total, Bihor, Anul 2021, Milioane lei RON, 512
Q  SANATATE SI ASISTENTA SOCIALA, Total, Bihor, Anul 2022, Milioane lei RON, 556
Q  SANATATE SI ASISTENTA SOCIALA, Total, Bihor, Anul 2023, Milioane lei RON, 623
Q  SANATATE SI ASISTENTA SOCIALA, Total, Bihor, Anul 2024, Milioane lei RON, 770
Q  SANATATE SI ASISTENTA SOCIALA, Total, Bistrita-Nasaud, Anul 2008, Milioane lei RON, 10
Q  SANATATE SI ASISTENTA SOCIALA, Total, Bistrita-Nasaud, Anul 2009, Milioane lei RON, 11
Q  SANATATE SI ASISTENTA SOCIALA, Total, Bistrita-Nasaud, Anul 2010, Milioane lei RON, 12
Q  SANATATE SI ASISTENTA SOCIALA, Total, Bistrita-Nasaud, Anul 2011, Milioane lei RON, 13
Q  SANATATE SI ASISTENTA SOCIALA, Total, Bistrita-Nasaud, Anul 2012, Milioane lei RON, 19
Q  SANATATE SI ASISTENTA SOCIALA, Total, Bistrita-Nasaud, Anul 2013, Milioane lei RON, 23
Q  SANATATE SI ASISTENTA SOCIALA, Total, Bistrita-Nasaud, Anul 2014, Milioane lei RON, 27
Q  SANATATE SI ASISTENTA SOCIALA, Total, Bistrita-Nasaud, Anul 2015, Milioane lei RON, 36
Q  SANATATE SI ASISTENTA SOCIALA, Total, Bistrita-Nasaud, Anul 2016, Milioane lei RON, 44
Q  SANATATE SI ASISTENTA SOCIALA, Total, Bistrita-Nasaud, Anul 2017, Milioane lei RON, 55
Q  SANATATE SI ASISTENTA SOCIALA, Total, Bistrita-Nasaud, Anul 2018, Milioane lei RON, 68
Q  SANATATE SI ASISTENTA SOCIALA, Total, Bistrita-Nasaud, Anul 2019, Milioane lei RON, 74
Q  SANATATE SI ASISTENTA SOCIALA, Total, Bistrita-Nasaud, Anul 2020, Milioane lei RON, 87
Q  SANATATE SI ASISTENTA SOCIALA, Total, Bistrita-Nasaud, Anul 2021, Milioane lei RON, 122
Q  SANATATE SI ASISTENTA SOCIALA, Total, Bistrita-Nasaud, Anul 2022, Milioane lei RON, 146
Q  SANATATE SI ASISTENTA SOCIALA, Total, Bistrita-Nasaud, Anul 2023, Milioane lei RON, 180
Q  SANATATE SI ASISTENTA SOCIALA, Total, Bistrita-Nasaud, Anul 2024, Milioane lei RON, 210
Q  SANATATE SI ASISTENTA SOCIALA, Total, Cluj, Anul 2008, Milioane lei RON, 126
Q  SANATATE SI ASISTENTA SOCIALA, Total, Cluj, Anul 2009, Milioane lei RON, 139
Q  SANATATE SI ASISTENTA SOCIALA, Total, Cluj, Anul 2010, Milioane lei RON, 151
Q  SANATATE SI ASISTENTA SOCIALA, Total, Cluj, Anul 2011, Milioane lei RON, 159
Q  SANATATE SI ASISTENTA SOCIALA, Total, Cluj, Anul 2012, Milioane lei RON, 179
Q  SANATATE SI ASISTENTA SOCIALA, Total, Cluj, Anul 2013, Milioane lei RON, 199
Q  SANATATE SI ASISTENTA SOCIALA, Total, Cluj, Anul 2014, Milioane lei RON, 220
Q  SANATATE SI ASISTENTA SOCIALA, Total, Cluj, Anul 2015, Milioane lei RON, 262
Q  SANATATE SI ASISTENTA SOCIALA, Total, Cluj, Anul 2016, Milioane lei RON, 329
Q  SANATATE SI ASISTENTA SOCIALA, Total, Cluj, Anul 2017, Milioane lei RON, 428
Q  SANATATE SI ASISTENTA SOCIALA, Total, Cluj, Anul 2018, Milioane lei RON, 550
Q  SANATATE SI ASISTENTA SOCIALA, Total, Cluj, Anul 2019, Milioane lei RON, 618
Q  SANATATE SI ASISTENTA SOCIALA, Total, Cluj, Anul 2020, Milioane lei RON, 655
Q  SANATATE SI ASISTENTA SOCIALA, Total, Cluj, Anul 2021, Milioane lei RON, 932
Q  SANATATE SI ASISTENTA SOCIALA, Total, Cluj, Anul 2022, Milioane lei RON, 1127
Q  SANATATE SI ASISTENTA SOCIALA, Total, Cluj, Anul 2023, Milioane lei RON, 1380
Q  SANATATE SI ASISTENTA SOCIALA, Total, Cluj, Anul 2024, Milioane lei RON, 1657
Q  SANATATE SI ASISTENTA SOCIALA, Total, Maramures, Anul 2008, Milioane lei RON, 19
Q  SANATATE SI ASISTENTA SOCIALA, Total, Maramures, Anul 2009, Milioane lei RON, 16
Q  SANATATE SI ASISTENTA SOCIALA, Total, Maramures, Anul 2010, Milioane lei RON, 19
Q  SANATATE SI ASISTENTA SOCIALA, Total, Maramures, Anul 2011, Milioane lei RON, 21
Q  SANATATE SI ASISTENTA SOCIALA, Total, Maramures, Anul 2012, Milioane lei RON, 27
Q  SANATATE SI ASISTENTA SOCIALA, Total, Maramures, Anul 2013, Milioane lei RON, 30
Q  SANATATE SI ASISTENTA SOCIALA, Total, Maramures, Anul 2014, Milioane lei RON, 36
Q  SANATATE SI ASISTENTA SOCIALA, Total, Maramures, Anul 2015, Milioane lei RON, 54
Q  SANATATE SI ASISTENTA SOCIALA, Total, Maramures, Anul 2016, Milioane lei RON, 64
Q  SANATATE SI ASISTENTA SOCIALA, Total, Maramures, Anul 2017, Milioane lei RON, 78
Q  SANATATE SI ASISTENTA SOCIALA, Total, Maramures, Anul 2018, Milioane lei RON, 96
Q  SANATATE SI ASISTENTA SOCIALA, Total, Maramures, Anul 2019, Milioane lei RON, 105
Q  SANATATE SI ASISTENTA SOCIALA, Total, Maramures, Anul 2020, Milioane lei RON, 121
Q  SANATATE SI ASISTENTA SOCIALA, Total, Maramures, Anul 2021, Milioane lei RON, 168
Q  SANATATE SI ASISTENTA SOCIALA, Total, Maramures, Anul 2022, Milioane lei RON, 200
Q  SANATATE SI ASISTENTA SOCIALA, Total, Maramures, Anul 2023, Milioane lei RON, 267
Q  SANATATE SI ASISTENTA SOCIALA, Total, Maramures, Anul 2024, Milioane lei RON, 280
Q  SANATATE SI ASISTENTA SOCIALA, Total, Satu Mare, Anul 2008, Milioane lei RON, 14
Q  SANATATE SI ASISTENTA SOCIALA, Total, Satu Mare, Anul 2009, Milioane lei RON, 12
Q  SANATATE SI ASISTENTA SOCIALA, Total, Satu Mare, Anul 2010, Milioane lei RON, 12
Q  SANATATE SI ASISTENTA SOCIALA, Total, Satu Mare, Anul 2011, Milioane lei RON, 10
Q  SANATATE SI ASISTENTA SOCIALA, Total, Satu Mare, Anul 2012, Milioane lei RON, 12
Q  SANATATE SI ASISTENTA SOCIALA, Total, Satu Mare, Anul 2013, Milioane lei RON, 15
Q  SANATATE SI ASISTENTA SOCIALA, Total, Satu Mare, Anul 2014, Milioane lei RON, 17
Q  SANATATE SI ASISTENTA SOCIALA, Total, Satu Mare, Anul 2015, Milioane lei RON, 24
Q  SANATATE SI ASISTENTA SOCIALA, Total, Satu Mare, Anul 2016, Milioane lei RON, 33
Q  SANATATE SI ASISTENTA SOCIALA, Total, Satu Mare, Anul 2017, Milioane lei RON, 44
Q  SANATATE SI ASISTENTA SOCIALA, Total, Satu Mare, Anul 2018, Milioane lei RON, 50
Q  SANATATE SI ASISTENTA SOCIALA, Total, Satu Mare, Anul 2019, Milioane lei RON, 68
Q  SANATATE SI ASISTENTA SOCIALA, Total, Satu Mare, Anul 2020, Milioane lei RON, 70
Q  SANATATE SI ASISTENTA SOCIALA, Total, Satu Mare, Anul 2021, Milioane lei RON, 102
Q  SANATATE SI ASISTENTA SOCIALA, Total, Satu Mare, Anul 2022, Milioane lei RON, 117
Q  SANATATE SI ASISTENTA SOCIALA, Total, Satu Mare, Anul 2023, Milioane lei RON, 149
Q  SANATATE SI ASISTENTA SOCIALA, Total, Satu Mare, Anul 2024, Milioane lei RON, 176
Q  SANATATE SI ASISTENTA SOCIALA, Total, Salaj, Anul 2008, Milioane lei RON, 18
Q  SANATATE SI ASISTENTA SOCIALA, Total, Salaj, Anul 2009, Milioane lei RON, 15
Q  SANATATE SI ASISTENTA SOCIALA, Total, Salaj, Anul 2010, Milioane lei RON, 16
Q  SANATATE SI ASISTENTA SOCIALA, Total, Salaj, Anul 2011, Milioane lei RON, 22
Q  SANATATE SI ASISTENTA SOCIALA, Total, Salaj, Anul 2012, Milioane lei RON, 22
Q  SANATATE SI ASISTENTA SOCIALA, Total, Salaj, Anul 2013, Milioane lei RON, 17
Q  SANATATE SI ASISTENTA SOCIALA, Total, Salaj, Anul 2014, Milioane lei RON, 22
Q  SANATATE SI ASISTENTA SOCIALA, Total, Salaj, Anul 2015, Milioane lei RON, 24
Q  SANATATE SI ASISTENTA SOCIALA, Total, Salaj, Anul 2016, Milioane lei RON, 28
Q  SANATATE SI ASISTENTA SOCIALA, Total, Salaj, Anul 2017, Milioane lei RON, 30
Q  SANATATE SI ASISTENTA SOCIALA, Total, Salaj, Anul 2018, Milioane lei RON, 35
Q  SANATATE SI ASISTENTA SOCIALA, Total, Salaj, Anul 2019, Milioane lei RON, 44
Q  SANATATE SI ASISTENTA SOCIALA, Total, Salaj, Anul 2020, Milioane lei RON, 42
Q  SANATATE SI ASISTENTA SOCIALA, Total, Salaj, Anul 2021, Milioane lei RON, 62
Q  SANATATE SI ASISTENTA SOCIALA, Total, Salaj, Anul 2022, Milioane lei RON, 73
Q  SANATATE SI ASISTENTA SOCIALA, Total, Salaj, Anul 2023, Milioane lei RON, 90
Q  SANATATE SI ASISTENTA SOCIALA, Total, Salaj, Anul 2024, Milioane lei RON, 100
Q  SANATATE SI ASISTENTA SOCIALA, Total, Alba, Anul 2008, Milioane lei RON, 20
Q  SANATATE SI ASISTENTA SOCIALA, Total, Alba, Anul 2009, Milioane lei RON, 16
Q  SANATATE SI ASISTENTA SOCIALA, Total, Alba, Anul 2010, Milioane lei RON, 16
Q  SANATATE SI ASISTENTA SOCIALA, Total, Alba, Anul 2011, Milioane lei RON, 18
Q  SANATATE SI ASISTENTA SOCIALA, Total, Alba, Anul 2012, Milioane lei RON, 21
Q  SANATATE SI ASISTENTA SOCIALA, Total, Alba, Anul 2013, Milioane lei RON, 24
Q  SANATATE SI ASISTENTA SOCIALA, Total, Alba, Anul 2014, Milioane lei RON, 31
Q  SANATATE SI ASISTENTA SOCIALA, Total, Alba, Anul 2015, Milioane lei RON, 39
Q  SANATATE SI ASISTENTA SOCIALA, Total, Alba, Anul 2016, Milioane lei RON, 50
Q  SANATATE SI ASISTENTA SOCIALA, Total, Alba, Anul 2017, Milioane lei RON, 61
Q  SANATATE SI ASISTENTA SOCIALA, Total, Alba, Anul 2018, Milioane lei RON, 74
Q  SANATATE SI ASISTENTA SOCIALA, Total, Alba, Anul 2019, Milioane lei RON, 93
Q  SANATATE SI ASISTENTA SOCIALA, Total, Alba, Anul 2020, Milioane lei RON, 99
Q  SANATATE SI ASISTENTA SOCIALA, Total, Alba, Anul 2021, Milioane lei RON, 128
Q  SANATATE SI ASISTENTA SOCIALA, Total, Alba, Anul 2022, Milioane lei RON, 153
Q  SANATATE SI ASISTENTA SOCIALA, Total, Alba, Anul 2023, Milioane lei RON, 210
Q  SANATATE SI ASISTENTA SOCIALA, Total, Alba, Anul 2024, Milioane lei RON, 270
Q  SANATATE SI ASISTENTA SOCIALA, Total, Brasov, Anul 2008, Milioane lei RON, 111
Q  SANATATE SI ASISTENTA SOCIALA, Total, Brasov, Anul 2009, Milioane lei RON, 114
Q  SANATATE SI ASISTENTA SOCIALA, Total, Brasov, Anul 2010, Milioane lei RON, 145
Q  SANATATE SI ASISTENTA SOCIALA, Total, Brasov, Anul 2011, Milioane lei RON, 202
Q  SANATATE SI ASISTENTA SOCIALA, Total, Brasov, Anul 2012, Milioane lei RON, 203
Q  SANATATE SI ASISTENTA SOCIALA, Total, Brasov, Anul 2013, Milioane lei RON, 238
Q  SANATATE SI ASISTENTA SOCIALA, Total, Brasov, Anul 2014, Milioane lei RON, 248
Q  SANATATE SI ASISTENTA SOCIALA, Total, Brasov, Anul 2015, Milioane lei RON, 301
Q  SANATATE SI ASISTENTA SOCIALA, Total, Brasov, Anul 2016, Milioane lei RON, 351
Q  SANATATE SI ASISTENTA SOCIALA, Total, Brasov, Anul 2017, Milioane lei RON, 456
Q  SANATATE SI ASISTENTA SOCIALA, Total, Brasov, Anul 2018, Milioane lei RON, 565
Q  SANATATE SI ASISTENTA SOCIALA, Total, Brasov, Anul 2019, Milioane lei RON, 601
Q  SANATATE SI ASISTENTA SOCIALA, Total, Brasov, Anul 2020, Milioane lei RON, 672
Q  SANATATE SI ASISTENTA SOCIALA, Total, Brasov, Anul 2021, Milioane lei RON, 902
Q  SANATATE SI ASISTENTA SOCIALA, Total, Brasov, Anul 2022, Milioane lei RON, 1043
Q  SANATATE SI ASISTENTA SOCIALA, Total, Brasov, Anul 2023, Milioane lei RON, 1252
Q  SANATATE SI ASISTENTA SOCIALA, Total, Brasov, Anul 2024, Milioane lei RON, 1429
Q  SANATATE SI ASISTENTA SOCIALA, Total, Covasna, Anul 2008, Milioane lei RON, 6
Q  SANATATE SI ASISTENTA SOCIALA, Total, Covasna, Anul 2009, Milioane lei RON, 6
Q  SANATATE SI ASISTENTA SOCIALA, Total, Covasna, Anul 2010, Milioane lei RON, 6
Q  SANATATE SI ASISTENTA SOCIALA, Total, Covasna, Anul 2011, Milioane lei RON, 8
Q  SANATATE SI ASISTENTA SOCIALA, Total, Covasna, Anul 2012, Milioane lei RON, 8
Q  SANATATE SI ASISTENTA SOCIALA, Total, Covasna, Anul 2013, Milioane lei RON, 9
Q  SANATATE SI ASISTENTA SOCIALA, Total, Covasna, Anul 2014, Milioane lei RON, 11
Q  SANATATE SI ASISTENTA SOCIALA, Total, Covasna, Anul 2015, Milioane lei RON, 12
Q  SANATATE SI ASISTENTA SOCIALA, Total, Covasna, Anul 2016, Milioane lei RON, 14
Q  SANATATE SI ASISTENTA SOCIALA, Total, Covasna, Anul 2017, Milioane lei RON, 17
Q  SANATATE SI ASISTENTA SOCIALA, Total, Covasna, Anul 2018, Milioane lei RON, 20
Q  SANATATE SI ASISTENTA SOCIALA, Total, Covasna, Anul 2019, Milioane lei RON, 23
Q  SANATATE SI ASISTENTA SOCIALA, Total, Covasna, Anul 2020, Milioane lei RON, 34
Q  SANATATE SI ASISTENTA SOCIALA, Total, Covasna, Anul 2021, Milioane lei RON, 45
Q  SANATATE SI ASISTENTA SOCIALA, Total, Covasna, Anul 2022, Milioane lei RON, 47
Q  SANATATE SI ASISTENTA SOCIALA, Total, Covasna, Anul 2023, Milioane lei RON, 55
Q  SANATATE SI ASISTENTA SOCIALA, Total, Covasna, Anul 2024, Milioane lei RON, 67
Q  SANATATE SI ASISTENTA SOCIALA, Total, Harghita, Anul 2008, Milioane lei RON, 16
Q  SANATATE SI ASISTENTA SOCIALA, Total, Harghita, Anul 2009, Milioane lei RON, 9
Q  SANATATE SI ASISTENTA SOCIALA, Total, Harghita, Anul 2010, Milioane lei RON, 11
Q  SANATATE SI ASISTENTA SOCIALA, Total, Harghita, Anul 2011, Milioane lei RON, 14
Q  SANATATE SI ASISTENTA SOCIALA, Total, Harghita, Anul 2012, Milioane lei RON, 15
Q  SANATATE SI ASISTENTA SOCIALA, Total, Harghita, Anul 2013, Milioane lei RON, 18
Q  SANATATE SI ASISTENTA SOCIALA, Total, Harghita, Anul 2014, Milioane lei RON, 20
Q  SANATATE SI ASISTENTA SOCIALA, Total, Harghita, Anul 2015, Milioane lei RON, 23
Q  SANATATE SI ASISTENTA SOCIALA, Total, Harghita, Anul 2016, Milioane lei RON, 25
Q  SANATATE SI ASISTENTA SOCIALA, Total, Harghita, Anul 2017, Milioane lei RON, 30
Q  SANATATE SI ASISTENTA SOCIALA, Total, Harghita, Anul 2018, Milioane lei RON, 35
Q  SANATATE SI ASISTENTA SOCIALA, Total, Harghita, Anul 2019, Milioane lei RON, 39
Q  SANATATE SI ASISTENTA SOCIALA, Total, Harghita, Anul 2020, Milioane lei RON, 43
Q  SANATATE SI ASISTENTA SOCIALA, Total, Harghita, Anul 2021, Milioane lei RON, 61
Q  SANATATE SI ASISTENTA SOCIALA, Total, Harghita, Anul 2022, Milioane lei RON, 68
Q  SANATATE SI ASISTENTA SOCIALA, Total, Harghita, Anul 2023, Milioane lei RON, 84
Q  SANATATE SI ASISTENTA SOCIALA, Total, Harghita, Anul 2024, Milioane lei RON, 99
Q  SANATATE SI ASISTENTA SOCIALA, Total, Mures, Anul 2008, Milioane lei RON, 50
Q  SANATATE SI ASISTENTA SOCIALA, Total, Mures, Anul 2009, Milioane lei RON, 50
Q  SANATATE SI ASISTENTA SOCIALA, Total, Mures, Anul 2010, Milioane lei RON, 62
Q  SANATATE SI ASISTENTA SOCIALA, Total, Mures, Anul 2011, Milioane lei RON, 77
Q  SANATATE SI ASISTENTA SOCIALA, Total, Mures, Anul 2012, Milioane lei RON, 88
Q  SANATATE SI ASISTENTA SOCIALA, Total, Mures, Anul 2013, Milioane lei RON, 98
Q  SANATATE SI ASISTENTA SOCIALA, Total, Mures, Anul 2014, Milioane lei RON, 105
Q  SANATATE SI ASISTENTA SOCIALA, Total, Mures, Anul 2015, Milioane lei RON, 123
Q  SANATATE SI ASISTENTA SOCIALA, Total, Mures, Anul 2016, Milioane lei RON, 147
Q  SANATATE SI ASISTENTA SOCIALA, Total, Mures, Anul 2017, Milioane lei RON, 186
Q  SANATATE SI ASISTENTA SOCIALA, Total, Mures, Anul 2018, Milioane lei RON, 237
Q  SANATATE SI ASISTENTA SOCIALA, Total, Mures, Anul 2019, Milioane lei RON, 273
Q  SANATATE SI ASISTENTA SOCIALA, Total, Mures, Anul 2020, Milioane lei RON, 299
Q  SANATATE SI ASISTENTA SOCIALA, Total, Mures, Anul 2021, Milioane lei RON, 409
Q  SANATATE SI ASISTENTA SOCIALA, Total, Mures, Anul 2022, Milioane lei RON, 461
Q  SANATATE SI ASISTENTA SOCIALA, Total, Mures, Anul 2023, Milioane lei RON, 557
Q  SANATATE SI ASISTENTA SOCIALA, Total, Mures, Anul 2024, Milioane lei RON, 666
Q  SANATATE SI ASISTENTA SOCIALA, Total, Sibiu, Anul 2008, Milioane lei RON, 65
Q  SANATATE SI ASISTENTA SOCIALA, Total, Sibiu, Anul 2009, Milioane lei RON, 64
Q  SANATATE SI ASISTENTA SOCIALA, Total, Sibiu, Anul 2010, Milioane lei RON, 112
Q  SANATATE SI ASISTENTA SOCIALA, Total, Sibiu, Anul 2011, Milioane lei RON, 68
Q  SANATATE SI ASISTENTA SOCIALA, Total, Sibiu, Anul 2012, Milioane lei RON, 76
Q  SANATATE SI ASISTENTA SOCIALA, Total, Sibiu, Anul 2013, Milioane lei RON, 81
Q  SANATATE SI ASISTENTA SOCIALA, Total, Sibiu, Anul 2014, Milioane lei RON, 89
Q  SANATATE SI ASISTENTA SOCIALA, Total, Sibiu, Anul 2015, Milioane lei RON, 113
Q  SANATATE SI ASISTENTA SOCIALA, Total, Sibiu, Anul 2016, Milioane lei RON, 161
Q  SANATATE SI ASISTENTA SOCIALA, Total, Sibiu, Anul 2017, Milioane lei RON, 187
Q  SANATATE SI ASISTENTA SOCIALA, Total, Sibiu, Anul 2018, Milioane lei RON, 217
Q  SANATATE SI ASISTENTA SOCIALA, Total, Sibiu, Anul 2019, Milioane lei RON, 269
Q  SANATATE SI ASISTENTA SOCIALA, Total, Sibiu, Anul 2020, Milioane lei RON, 276
Q  SANATATE SI ASISTENTA SOCIALA, Total, Sibiu, Anul 2021, Milioane lei RON, 376
Q  SANATATE SI ASISTENTA SOCIALA, Total, Sibiu, Anul 2022, Milioane lei RON, 436
Q  SANATATE SI ASISTENTA SOCIALA, Total, Sibiu, Anul 2023, Milioane lei RON, 499
Q  SANATATE SI ASISTENTA SOCIALA, Total, Sibiu, Anul 2024, Milioane lei RON, 639
Q  SANATATE SI ASISTENTA SOCIALA, Total, Bacau, Anul 2008, Milioane lei RON, 74
Q  SANATATE SI ASISTENTA SOCIALA, Total, Bacau, Anul 2009, Milioane lei RON, 70
Q  SANATATE SI ASISTENTA SOCIALA, Total, Bacau, Anul 2010, Milioane lei RON, 83
Q  SANATATE SI ASISTENTA SOCIALA, Total, Bacau, Anul 2011, Milioane lei RON, 69
Q  SANATATE SI ASISTENTA SOCIALA, Total, Bacau, Anul 2012, Milioane lei RON, 73
Q  SANATATE SI ASISTENTA SOCIALA, Total, Bacau, Anul 2013, Milioane lei RON, 96
Q  SANATATE SI ASISTENTA SOCIALA, Total, Bacau, Anul 2014, Milioane lei RON, 111
Q  SANATATE SI ASISTENTA SOCIALA, Total, Bacau, Anul 2015, Milioane lei RON, 140
Q  SANATATE SI ASISTENTA SOCIALA, Total, Bacau, Anul 2016, Milioane lei RON, 139
Q  SANATATE SI ASISTENTA SOCIALA, Total, Bacau, Anul 2017, Milioane lei RON, 177
Q  SANATATE SI ASISTENTA SOCIALA, Total, Bacau, Anul 2018, Milioane lei RON, 228
Q  SANATATE SI ASISTENTA SOCIALA, Total, Bacau, Anul 2019, Milioane lei RON, 254
Q  SANATATE SI ASISTENTA SOCIALA, Total, Bacau, Anul 2020, Milioane lei RON, 267
Q  SANATATE SI ASISTENTA SOCIALA, Total, Bacau, Anul 2021, Milioane lei RON, 394
Q  SANATATE SI ASISTENTA SOCIALA, Total, Bacau, Anul 2022, Milioane lei RON, 447
Q  SANATATE SI ASISTENTA SOCIALA, Total, Bacau, Anul 2023, Milioane lei RON, 489
Q  SANATATE SI ASISTENTA SOCIALA, Total, Bacau, Anul 2024, Milioane lei RON, 573
Q  SANATATE SI ASISTENTA SOCIALA, Total, Botosani, Anul 2008, Milioane lei RON, 11
Q  SANATATE SI ASISTENTA SOCIALA, Total, Botosani, Anul 2009, Milioane lei RON, 8
Q  SANATATE SI ASISTENTA SOCIALA, Total, Botosani, Anul 2010, Milioane lei RON, 10
Q  SANATATE SI ASISTENTA SOCIALA, Total, Botosani, Anul 2011, Milioane lei RON, 11
Q  SANATATE SI ASISTENTA SOCIALA, Total, Botosani, Anul 2012, Milioane lei RON, 12
Q  SANATATE SI ASISTENTA SOCIALA, Total, Botosani, Anul 2013, Milioane lei RON, 15
Q  SANATATE SI ASISTENTA SOCIALA, Total, Botosani, Anul 2014, Milioane lei RON, 18
Q  SANATATE SI ASISTENTA SOCIALA, Total, Botosani, Anul 2015, Milioane lei RON, 21
Q  SANATATE SI ASISTENTA SOCIALA, Total, Botosani, Anul 2016, Milioane lei RON, 26
Q  SANATATE SI ASISTENTA SOCIALA, Total, Botosani, Anul 2017, Milioane lei RON, 32
Q  SANATATE SI ASISTENTA SOCIALA, Total, Botosani, Anul 2018, Milioane lei RON, 43
Q  SANATATE SI ASISTENTA SOCIALA, Total, Botosani, Anul 2019, Milioane lei RON, 51
Q  SANATATE SI ASISTENTA SOCIALA, Total, Botosani, Anul 2020, Milioane lei RON, 59
Q  SANATATE SI ASISTENTA SOCIALA, Total, Botosani, Anul 2021, Milioane lei RON, 79
Q  SANATATE SI ASISTENTA SOCIALA, Total, Botosani, Anul 2022, Milioane lei RON, 96
Q  SANATATE SI ASISTENTA SOCIALA, Total, Botosani, Anul 2023, Milioane lei RON, 123
Q  SANATATE SI ASISTENTA SOCIALA, Total, Botosani, Anul 2024, Milioane lei RON, 137
Q  SANATATE SI ASISTENTA SOCIALA, Total, Iasi, Anul 2008, Milioane lei RON, 66
Q  SANATATE SI ASISTENTA SOCIALA, Total, Iasi, Anul 2009, Milioane lei RON, 72
Q  SANATATE SI ASISTENTA SOCIALA, Total, Iasi, Anul 2010, Milioane lei RON, 115
Q  SANATATE SI ASISTENTA SOCIALA, Total, Iasi, Anul 2011, Milioane lei RON, 121
Q  SANATATE SI ASISTENTA SOCIALA, Total, Iasi, Anul 2012, Milioane lei RON, 148
Q  SANATATE SI ASISTENTA SOCIALA, Total, Iasi, Anul 2013, Milioane lei RON, 159
Q  SANATATE SI ASISTENTA SOCIALA, Total, Iasi, Anul 2014, Milioane lei RON, 172
Q  SANATATE SI ASISTENTA SOCIALA, Total, Iasi, Anul 2015, Milioane lei RON, 212
Q  SANATATE SI ASISTENTA SOCIALA, Total, Iasi, Anul 2016, Milioane lei RON, 260
Q  SANATATE SI ASISTENTA SOCIALA, Total, Iasi, Anul 2017, Milioane lei RON, 323
Q  SANATATE SI ASISTENTA SOCIALA, Total, Iasi, Anul 2018, Milioane lei RON, 419
Q  SANATATE SI ASISTENTA SOCIALA, Total, Iasi, Anul 2019, Milioane lei RON, 460
Q  SANATATE SI ASISTENTA SOCIALA, Total, Iasi, Anul 2020, Milioane lei RON, 519
Q  SANATATE SI ASISTENTA SOCIALA, Total, Iasi, Anul 2021, Milioane lei RON, 776
Q  SANATATE SI ASISTENTA SOCIALA, Total, Iasi, Anul 2022, Milioane lei RON, 936
Q  SANATATE SI ASISTENTA SOCIALA, Total, Iasi, Anul 2023, Milioane lei RON, 1151
Q  SANATATE SI ASISTENTA SOCIALA, Total, Iasi, Anul 2024, Milioane lei RON, 1460
Q  SANATATE SI ASISTENTA SOCIALA, Total, Neamt, Anul 2008, Milioane lei RON, 23
Q  SANATATE SI ASISTENTA SOCIALA, Total, Neamt, Anul 2009, Milioane lei RON, 16
Q  SANATATE SI ASISTENTA SOCIALA, Total, Neamt, Anul 2010, Milioane lei RON, 19
Q  SANATATE SI ASISTENTA SOCIALA, Total, Neamt, Anul 2011, Milioane lei RON, 28
Q  SANATATE SI ASISTENTA SOCIALA, Total, Neamt, Anul 2012, Milioane lei RON, 31
Q  SANATATE SI ASISTENTA SOCIALA, Total, Neamt, Anul 2013, Milioane lei RON, 39
Q  SANATATE SI ASISTENTA SOCIALA, Total, Neamt, Anul 2014, Milioane lei RON, 48
Q  SANATATE SI ASISTENTA SOCIALA, Total, Neamt, Anul 2015, Milioane lei RON, 59
Q  SANATATE SI ASISTENTA SOCIALA, Total, Neamt, Anul 2016, Milioane lei RON, 70
Q  SANATATE SI ASISTENTA SOCIALA, Total, Neamt, Anul 2017, Milioane lei RON, 95
Q  SANATATE SI ASISTENTA SOCIALA, Total, Neamt, Anul 2018, Milioane lei RON, 119
Q  SANATATE SI ASISTENTA SOCIALA, Total, Neamt, Anul 2019, Milioane lei RON, 142
Q  SANATATE SI ASISTENTA SOCIALA, Total, Neamt, Anul 2020, Milioane lei RON, 148
Q  SANATATE SI ASISTENTA SOCIALA, Total, Neamt, Anul 2021, Milioane lei RON, 223
Q  SANATATE SI ASISTENTA SOCIALA, Total, Neamt, Anul 2022, Milioane lei RON, 247
Q  SANATATE SI ASISTENTA SOCIALA, Total, Neamt, Anul 2023, Milioane lei RON, 306
Q  SANATATE SI ASISTENTA SOCIALA, Total, Neamt, Anul 2024, Milioane lei RON, 370
Q  SANATATE SI ASISTENTA SOCIALA, Total, Suceava, Anul 2008, Milioane lei RON, 34
Q  SANATATE SI ASISTENTA SOCIALA, Total, Suceava, Anul 2009, Milioane lei RON, 28
Q  SANATATE SI ASISTENTA SOCIALA, Total, Suceava, Anul 2010, Milioane lei RON, 41
Q  SANATATE SI ASISTENTA SOCIALA, Total, Suceava, Anul 2011, Milioane lei RON, 32
Q  SANATATE SI ASISTENTA SOCIALA, Total, Suceava, Anul 2012, Milioane lei RON, 35
Q  SANATATE SI ASISTENTA SOCIALA, Total, Suceava, Anul 2013, Milioane lei RON, 40
Q  SANATATE SI ASISTENTA SOCIALA, Total, Suceava, Anul 2014, Milioane lei RON, 52
Q  SANATATE SI ASISTENTA SOCIALA, Total, Suceava, Anul 2015, Milioane lei RON, 78
Q  SANATATE SI ASISTENTA SOCIALA, Total, Suceava, Anul 2016, Milioane lei RON, 98
Q  SANATATE SI ASISTENTA SOCIALA, Total, Suceava, Anul 2017, Milioane lei RON, 127
Q  SANATATE SI ASISTENTA SOCIALA, Total, Suceava, Anul 2018, Milioane lei RON, 155
Q  SANATATE SI ASISTENTA SOCIALA, Total, Suceava, Anul 2019, Milioane lei RON, 190
Q  SANATATE SI ASISTENTA SOCIALA, Total, Suceava, Anul 2020, Milioane lei RON, 207
Q  SANATATE SI ASISTENTA SOCIALA, Total, Suceava, Anul 2021, Milioane lei RON, 321
Q  SANATATE SI ASISTENTA SOCIALA, Total, Suceava, Anul 2022, Milioane lei RON, 331
Q  SANATATE SI ASISTENTA SOCIALA, Total, Suceava, Anul 2023, Milioane lei RON, 387
Q  SANATATE SI ASISTENTA SOCIALA, Total, Suceava, Anul 2024, Milioane lei RON, 480
Q  SANATATE SI ASISTENTA SOCIALA, Total, Vaslui, Anul 2008, Milioane lei RON, 19
Q  SANATATE SI ASISTENTA SOCIALA, Total, Vaslui, Anul 2009, Milioane lei RON, 17
Q  SANATATE SI ASISTENTA SOCIALA, Total, Vaslui, Anul 2010, Milioane lei RON, 19
Q  SANATATE SI ASISTENTA SOCIALA, Total, Vaslui, Anul 2011, Milioane lei RON, 23
Q  SANATATE SI ASISTENTA SOCIALA, Total, Vaslui, Anul 2012, Milioane lei RON, 19
Q  SANATATE SI ASISTENTA SOCIALA, Total, Vaslui, Anul 2013, Milioane lei RON, 21
Q  SANATATE SI ASISTENTA SOCIALA, Total, Vaslui, Anul 2014, Milioane lei RON, 22
Q  SANATATE SI ASISTENTA SOCIALA, Total, Vaslui, Anul 2015, Milioane lei RON, 27
Q  SANATATE SI ASISTENTA SOCIALA, Total, Vaslui, Anul 2016, Milioane lei RON, 32
Q  SANATATE SI ASISTENTA SOCIALA, Total, Vaslui, Anul 2017, Milioane lei RON, 42
Q  SANATATE SI ASISTENTA SOCIALA, Total, Vaslui, Anul 2018, Milioane lei RON, 52
Q  SANATATE SI ASISTENTA SOCIALA, Total, Vaslui, Anul 2019, Milioane lei RON, 61
Q  SANATATE SI ASISTENTA SOCIALA, Total, Vaslui, Anul 2020, Milioane lei RON, 67
Q  SANATATE SI ASISTENTA SOCIALA, Total, Vaslui, Anul 2021, Milioane lei RON, 93
Q  SANATATE SI ASISTENTA SOCIALA, Total, Vaslui, Anul 2022, Milioane lei RON, 119
Q  SANATATE SI ASISTENTA SOCIALA, Total, Vaslui, Anul 2023, Milioane lei RON, 148
Q  SANATATE SI ASISTENTA SOCIALA, Total, Vaslui, Anul 2024, Milioane lei RON, 169
Q  SANATATE SI ASISTENTA SOCIALA, Total, Braila, Anul 2008, Milioane lei RON, 21
Q  SANATATE SI ASISTENTA SOCIALA, Total, Braila, Anul 2009, Milioane lei RON, 24
Q  SANATATE SI ASISTENTA SOCIALA, Total, Braila, Anul 2010, Milioane lei RON, 20
Q  SANATATE SI ASISTENTA SOCIALA, Total, Braila, Anul 2011, Milioane lei RON, 14
Q  SANATATE SI ASISTENTA SOCIALA, Total, Braila, Anul 2012, Milioane lei RON, 19
Q  SANATATE SI ASISTENTA SOCIALA, Total, Braila, Anul 2013, Milioane lei RON, 36
Q  SANATATE SI ASISTENTA SOCIALA, Total, Braila, Anul 2014, Milioane lei RON, 28
Q  SANATATE SI ASISTENTA SOCIALA, Total, Braila, Anul 2015, Milioane lei RON, 44
Q  SANATATE SI ASISTENTA SOCIALA, Total, Braila, Anul 2016, Milioane lei RON, 39
Q  SANATATE SI ASISTENTA SOCIALA, Total, Braila, Anul 2017, Milioane lei RON, 47
Q  SANATATE SI ASISTENTA SOCIALA, Total, Braila, Anul 2018, Milioane lei RON, 64
Q  SANATATE SI ASISTENTA SOCIALA, Total, Braila, Anul 2019, Milioane lei RON, 76
Q  SANATATE SI ASISTENTA SOCIALA, Total, Braila, Anul 2020, Milioane lei RON, 85
Q  SANATATE SI ASISTENTA SOCIALA, Total, Braila, Anul 2021, Milioane lei RON, 117
Q  SANATATE SI ASISTENTA SOCIALA, Total, Braila, Anul 2022, Milioane lei RON, 154
Q  SANATATE SI ASISTENTA SOCIALA, Total, Braila, Anul 2023, Milioane lei RON, 194
Q  SANATATE SI ASISTENTA SOCIALA, Total, Braila, Anul 2024, Milioane lei RON, 210
Q  SANATATE SI ASISTENTA SOCIALA, Total, Buzau, Anul 2008, Milioane lei RON, 44
Q  SANATATE SI ASISTENTA SOCIALA, Total, Buzau, Anul 2009, Milioane lei RON, 43
Q  SANATATE SI ASISTENTA SOCIALA, Total, Buzau, Anul 2010, Milioane lei RON, 40
Q  SANATATE SI ASISTENTA SOCIALA, Total, Buzau, Anul 2011, Milioane lei RON, 42
Q  SANATATE SI ASISTENTA SOCIALA, Total, Buzau, Anul 2012, Milioane lei RON, 50
Q  SANATATE SI ASISTENTA SOCIALA, Total, Buzau, Anul 2013, Milioane lei RON, 64
Q  SANATATE SI ASISTENTA SOCIALA, Total, Buzau, Anul 2014, Milioane lei RON, 58
Q  SANATATE SI ASISTENTA SOCIALA, Total, Buzau, Anul 2015, Milioane lei RON, 86
Q  SANATATE SI ASISTENTA SOCIALA, Total, Buzau, Anul 2016, Milioane lei RON, 78
Q  SANATATE SI ASISTENTA SOCIALA, Total, Buzau, Anul 2017, Milioane lei RON, 93
Q  SANATATE SI ASISTENTA SOCIALA, Total, Buzau, Anul 2018, Milioane lei RON, 113
Q  SANATATE SI ASISTENTA SOCIALA, Total, Buzau, Anul 2019, Milioane lei RON, 133
Q  SANATATE SI ASISTENTA SOCIALA, Total, Buzau, Anul 2020, Milioane lei RON, 138
Q  SANATATE SI ASISTENTA SOCIALA, Total, Buzau, Anul 2021, Milioane lei RON, 194
Q  SANATATE SI ASISTENTA SOCIALA, Total, Buzau, Anul 2022, Milioane lei RON, 233
Q  SANATATE SI ASISTENTA SOCIALA, Total, Buzau, Anul 2023, Milioane lei RON, 279
Q  SANATATE SI ASISTENTA SOCIALA, Total, Buzau, Anul 2024, Milioane lei RON, 332
Q  SANATATE SI ASISTENTA SOCIALA, Total, Constanta, Anul 2008, Milioane lei RON, 91
Q  SANATATE SI ASISTENTA SOCIALA, Total, Constanta, Anul 2009, Milioane lei RON, 92
Q  SANATATE SI ASISTENTA SOCIALA, Total, Constanta, Anul 2010, Milioane lei RON, 128
Q  SANATATE SI ASISTENTA SOCIALA, Total, Constanta, Anul 2011, Milioane lei RON, 125
Q  SANATATE SI ASISTENTA SOCIALA, Total, Constanta, Anul 2012, Milioane lei RON, 154
Q  SANATATE SI ASISTENTA SOCIALA, Total, Constanta, Anul 2013, Milioane lei RON, 195
Q  SANATATE SI ASISTENTA SOCIALA, Total, Constanta, Anul 2014, Milioane lei RON, 221
Q  SANATATE SI ASISTENTA SOCIALA, Total, Constanta, Anul 2015, Milioane lei RON, 270
Q  SANATATE SI ASISTENTA SOCIALA, Total, Constanta, Anul 2016, Milioane lei RON, 286
Q  SANATATE SI ASISTENTA SOCIALA, Total, Constanta, Anul 2017, Milioane lei RON, 343
Q  SANATATE SI ASISTENTA SOCIALA, Total, Constanta, Anul 2018, Milioane lei RON, 434
Q  SANATATE SI ASISTENTA SOCIALA, Total, Constanta, Anul 2019, Milioane lei RON, 479
Q  SANATATE SI ASISTENTA SOCIALA, Total, Constanta, Anul 2020, Milioane lei RON, 533
Q  SANATATE SI ASISTENTA SOCIALA, Total, Constanta, Anul 2021, Milioane lei RON, 712
Q  SANATATE SI ASISTENTA SOCIALA, Total, Constanta, Anul 2022, Milioane lei RON, 828
Q  SANATATE SI ASISTENTA SOCIALA, Total, Constanta, Anul 2023, Milioane lei RON, 1016
Q  SANATATE SI ASISTENTA SOCIALA, Total, Constanta, Anul 2024, Milioane lei RON, 1221
Q  SANATATE SI ASISTENTA SOCIALA, Total, Galati, Anul 2008, Milioane lei RON, 33
Q  SANATATE SI ASISTENTA SOCIALA, Total, Galati, Anul 2009, Milioane lei RON, 34
Q  SANATATE SI ASISTENTA SOCIALA, Total, Galati, Anul 2010, Milioane lei RON, 31
Q  SANATATE SI ASISTENTA SOCIALA, Total, Galati, Anul 2011, Milioane lei RON, 39
Q  SANATATE SI ASISTENTA SOCIALA, Total, Galati, Anul 2012, Milioane lei RON, 47
Q  SANATATE SI ASISTENTA SOCIALA, Total, Galati, Anul 2013, Milioane lei RON, 57
Q  SANATATE SI ASISTENTA SOCIALA, Total, Galati, Anul 2014, Milioane lei RON, 53
Q  SANATATE SI ASISTENTA SOCIALA, Total, Galati, Anul 2015, Milioane lei RON, 67
Q  SANATATE SI ASISTENTA SOCIALA, Total, Galati, Anul 2016, Milioane lei RON, 78
Q  SANATATE SI ASISTENTA SOCIALA, Total, Galati, Anul 2017, Milioane lei RON, 97
Q  SANATATE SI ASISTENTA SOCIALA, Total, Galati, Anul 2018, Milioane lei RON, 112
Q  SANATATE SI ASISTENTA SOCIALA, Total, Galati, Anul 2019, Milioane lei RON, 134
Q  SANATATE SI ASISTENTA SOCIALA, Total, Galati, Anul 2020, Milioane lei RON, 138
Q  SANATATE SI ASISTENTA SOCIALA, Total, Galati, Anul 2021, Milioane lei RON, 198
Q  SANATATE SI ASISTENTA SOCIALA, Total, Galati, Anul 2022, Milioane lei RON, 226
Q  SANATATE SI ASISTENTA SOCIALA, Total, Galati, Anul 2023, Milioane lei RON, 288
Q  SANATATE SI ASISTENTA SOCIALA, Total, Galati, Anul 2024, Milioane lei RON, 343
Q  SANATATE SI ASISTENTA SOCIALA, Total, Tulcea, Anul 2008, Milioane lei RON, 20
Q  SANATATE SI ASISTENTA SOCIALA, Total, Tulcea, Anul 2009, Milioane lei RON, 15
Q  SANATATE SI ASISTENTA SOCIALA, Total, Tulcea, Anul 2010, Milioane lei RON, 13
Q  SANATATE SI ASISTENTA SOCIALA, Total, Tulcea, Anul 2011, Milioane lei RON, 18
Q  SANATATE SI ASISTENTA SOCIALA, Total, Tulcea, Anul 2012, Milioane lei RON, 22
Q  SANATATE SI ASISTENTA SOCIALA, Total, Tulcea, Anul 2013, Milioane lei RON, 17
Q  SANATATE SI ASISTENTA SOCIALA, Total, Tulcea, Anul 2014, Milioane lei RON, 22
Q  SANATATE SI ASISTENTA SOCIALA, Total, Tulcea, Anul 2015, Milioane lei RON, 25
Q  SANATATE SI ASISTENTA SOCIALA, Total, Tulcea, Anul 2016, Milioane lei RON, 32
Q  SANATATE SI ASISTENTA SOCIALA, Total, Tulcea, Anul 2017, Milioane lei RON, 39
Q  SANATATE SI ASISTENTA SOCIALA, Total, Tulcea, Anul 2018, Milioane lei RON, 50
Q  SANATATE SI ASISTENTA SOCIALA, Total, Tulcea, Anul 2019, Milioane lei RON, 61
Q  SANATATE SI ASISTENTA SOCIALA, Total, Tulcea, Anul 2020, Milioane lei RON, 79
Q  SANATATE SI ASISTENTA SOCIALA, Total, Tulcea, Anul 2021, Milioane lei RON, 96
Q  SANATATE SI ASISTENTA SOCIALA, Total, Tulcea, Anul 2022, Milioane lei RON, 109
Q  SANATATE SI ASISTENTA SOCIALA, Total, Tulcea, Anul 2023, Milioane lei RON, 124
Q  SANATATE SI ASISTENTA SOCIALA, Total, Tulcea, Anul 2024, Milioane lei RON, 122
Q  SANATATE SI ASISTENTA SOCIALA, Total, Vrancea, Anul 2008, Milioane lei RON, 26
Q  SANATATE SI ASISTENTA SOCIALA, Total, Vrancea, Anul 2009, Milioane lei RON, 28
Q  SANATATE SI ASISTENTA SOCIALA, Total, Vrancea, Anul 2010, Milioane lei RON, 23
Q  SANATATE SI ASISTENTA SOCIALA, Total, Vrancea, Anul 2011, Milioane lei RON, 18
Q  SANATATE SI ASISTENTA SOCIALA, Total, Vrancea, Anul 2012, Milioane lei RON, 26
Q  SANATATE SI ASISTENTA SOCIALA, Total, Vrancea, Anul 2013, Milioane lei RON, 40
Q  SANATATE SI ASISTENTA SOCIALA, Total, Vrancea, Anul 2014, Milioane lei RON, 26
Q  SANATATE SI ASISTENTA SOCIALA, Total, Vrancea, Anul 2015, Milioane lei RON, 52
Q  SANATATE SI ASISTENTA SOCIALA, Total, Vrancea, Anul 2016, Milioane lei RON, 39
Q  SANATATE SI ASISTENTA SOCIALA, Total, Vrancea, Anul 2017, Milioane lei RON, 46
Q  SANATATE SI ASISTENTA SOCIALA, Total, Vrancea, Anul 2018, Milioane lei RON, 67
Q  SANATATE SI ASISTENTA SOCIALA, Total, Vrancea, Anul 2019, Milioane lei RON, 76
Q  SANATATE SI ASISTENTA SOCIALA, Total, Vrancea, Anul 2020, Milioane lei RON, 82
Q  SANATATE SI ASISTENTA SOCIALA, Total, Vrancea, Anul 2021, Milioane lei RON, 105
Q  SANATATE SI ASISTENTA SOCIALA, Total, Vrancea, Anul 2022, Milioane lei RON, 122
Q  SANATATE SI ASISTENTA SOCIALA, Total, Vrancea, Anul 2023, Milioane lei RON, 145
Q  SANATATE SI ASISTENTA SOCIALA, Total, Vrancea, Anul 2024, Milioane lei RON, 165
Q  SANATATE SI ASISTENTA SOCIALA, Total, Arges, Anul 2008, Milioane lei RON, 51
Q  SANATATE SI ASISTENTA SOCIALA, Total, Arges, Anul 2009, Milioane lei RON, 48
Q  SANATATE SI ASISTENTA SOCIALA, Total, Arges, Anul 2010, Milioane lei RON, 65
Q  SANATATE SI ASISTENTA SOCIALA, Total, Arges, Anul 2011, Milioane lei RON, 60
Q  SANATATE SI ASISTENTA SOCIALA, Total, Arges, Anul 2012, Milioane lei RON, 75
Q  SANATATE SI ASISTENTA SOCIALA, Total, Arges, Anul 2013, Milioane lei RON, 79
Q  SANATATE SI ASISTENTA SOCIALA, Total, Arges, Anul 2014, Milioane lei RON, 97
Q  SANATATE SI ASISTENTA SOCIALA, Total, Arges, Anul 2015, Milioane lei RON, 116
Q  SANATATE SI ASISTENTA SOCIALA, Total, Arges, Anul 2016, Milioane lei RON, 139
Q  SANATATE SI ASISTENTA SOCIALA, Total, Arges, Anul 2017, Milioane lei RON, 185
Q  SANATATE SI ASISTENTA SOCIALA, Total, Arges, Anul 2018, Milioane lei RON, 240
Q  SANATATE SI ASISTENTA SOCIALA, Total, Arges, Anul 2019, Milioane lei RON, 300
Q  SANATATE SI ASISTENTA SOCIALA, Total, Arges, Anul 2020, Milioane lei RON, 305
Q  SANATATE SI ASISTENTA SOCIALA, Total, Arges, Anul 2021, Milioane lei RON, 383
Q  SANATATE SI ASISTENTA SOCIALA, Total, Arges, Anul 2022, Milioane lei RON, 447
Q  SANATATE SI ASISTENTA SOCIALA, Total, Arges, Anul 2023, Milioane lei RON, 546
Q  SANATATE SI ASISTENTA SOCIALA, Total, Arges, Anul 2024, Milioane lei RON, 622
Q  SANATATE SI ASISTENTA SOCIALA, Total, Calarasi, Anul 2008, Milioane lei RON, 7
Q  SANATATE SI ASISTENTA SOCIALA, Total, Calarasi, Anul 2009, Milioane lei RON, 7
Q  SANATATE SI ASISTENTA SOCIALA, Total, Calarasi, Anul 2010, Milioane lei RON, 7
Q  SANATATE SI ASISTENTA SOCIALA, Total, Calarasi, Anul 2011, Milioane lei RON, 8
Q  SANATATE SI ASISTENTA SOCIALA, Total, Calarasi, Anul 2012, Milioane lei RON, 10
Q  SANATATE SI ASISTENTA SOCIALA, Total, Calarasi, Anul 2013, Milioane lei RON, 17
Q  SANATATE SI ASISTENTA SOCIALA, Total, Calarasi, Anul 2014, Milioane lei RON, 12
Q  SANATATE SI ASISTENTA SOCIALA, Total, Calarasi, Anul 2015, Milioane lei RON, 22
Q  SANATATE SI ASISTENTA SOCIALA, Total, Calarasi, Anul 2016, Milioane lei RON, 21
Q  SANATATE SI ASISTENTA SOCIALA, Total, Calarasi, Anul 2017, Milioane lei RON, 26
Q  SANATATE SI ASISTENTA SOCIALA, Total, Calarasi, Anul 2018, Milioane lei RON, 34
Q  SANATATE SI ASISTENTA SOCIALA, Total, Calarasi, Anul 2019, Milioane lei RON, 42
Q  SANATATE SI ASISTENTA SOCIALA, Total, Calarasi, Anul 2020, Milioane lei RON, 46
Q  SANATATE SI ASISTENTA SOCIALA, Total, Calarasi, Anul 2021, Milioane lei RON, 59
Q  SANATATE SI ASISTENTA SOCIALA, Total, Calarasi, Anul 2022, Milioane lei RON, 73
Q  SANATATE SI ASISTENTA SOCIALA, Total, Calarasi, Anul 2023, Milioane lei RON, 106
Q  SANATATE SI ASISTENTA SOCIALA, Total, Calarasi, Anul 2024, Milioane lei RON, 133
Q  SANATATE SI ASISTENTA SOCIALA, Total, Dambovita, Anul 2008, Milioane lei RON, 19
Q  SANATATE SI ASISTENTA SOCIALA, Total, Dambovita, Anul 2009, Milioane lei RON, 17
Q  SANATATE SI ASISTENTA SOCIALA, Total, Dambovita, Anul 2010, Milioane lei RON, 20
Q  SANATATE SI ASISTENTA SOCIALA, Total, Dambovita, Anul 2011, Milioane lei RON, 23
Q  SANATATE SI ASISTENTA SOCIALA, Total, Dambovita, Anul 2012, Milioane lei RON, 31
Q  SANATATE SI ASISTENTA SOCIALA, Total, Dambovita, Anul 2013, Milioane lei RON, 28
Q  SANATATE SI ASISTENTA SOCIALA, Total, Dambovita, Anul 2014, Milioane lei RON, 39
Q  SANATATE SI ASISTENTA SOCIALA, Total, Dambovita, Anul 2015, Milioane lei RON, 41
Q  SANATATE SI ASISTENTA SOCIALA, Total, Dambovita, Anul 2016, Milioane lei RON, 54
Q  SANATATE SI ASISTENTA SOCIALA, Total, Dambovita, Anul 2017, Milioane lei RON, 66
Q  SANATATE SI ASISTENTA SOCIALA, Total, Dambovita, Anul 2018, Milioane lei RON, 94
Q  SANATATE SI ASISTENTA SOCIALA, Total, Dambovita, Anul 2019, Milioane lei RON, 107
Q  SANATATE SI ASISTENTA SOCIALA, Total, Dambovita, Anul 2020, Milioane lei RON, 116
Q  SANATATE SI ASISTENTA SOCIALA, Total, Dambovita, Anul 2021, Milioane lei RON, 170
Q  SANATATE SI ASISTENTA SOCIALA, Total, Dambovita, Anul 2022, Milioane lei RON, 192
Q  SANATATE SI ASISTENTA SOCIALA, Total, Dambovita, Anul 2023, Milioane lei RON, 245
Q  SANATATE SI ASISTENTA SOCIALA, Total, Dambovita, Anul 2024, Milioane lei RON, 288
Q  SANATATE SI ASISTENTA SOCIALA, Total, Giurgiu, Anul 2008, Milioane lei RON, 4
Q  SANATATE SI ASISTENTA SOCIALA, Total, Giurgiu, Anul 2009, Milioane lei RON, 3
Q  SANATATE SI ASISTENTA SOCIALA, Total, Giurgiu, Anul 2010, Milioane lei RON, 6
Q  SANATATE SI ASISTENTA SOCIALA, Total, Giurgiu, Anul 2011, Milioane lei RON, 10
Q  SANATATE SI ASISTENTA SOCIALA, Total, Giurgiu, Anul 2012, Milioane lei RON, 7
Q  SANATATE SI ASISTENTA SOCIALA, Total, Giurgiu, Anul 2013, Milioane lei RON, 7
Q  SANATATE SI ASISTENTA SOCIALA, Total, Giurgiu, Anul 2014, Milioane lei RON, 9
Q  SANATATE SI ASISTENTA SOCIALA, Total, Giurgiu, Anul 2015, Milioane lei RON, 11
Q  SANATATE SI ASISTENTA SOCIALA, Total, Giurgiu, Anul 2016, Milioane lei RON, 14
Q  SANATATE SI ASISTENTA SOCIALA, Total, Giurgiu, Anul 2017, Milioane lei RON, 17
Q  SANATATE SI ASISTENTA SOCIALA, Total, Giurgiu, Anul 2018, Milioane lei RON, 19
Q  SANATATE SI ASISTENTA SOCIALA, Total, Giurgiu, Anul 2019, Milioane lei RON, 23
Q  SANATATE SI ASISTENTA SOCIALA, Total, Giurgiu, Anul 2020, Milioane lei RON, 29
Q  SANATATE SI ASISTENTA SOCIALA, Total, Giurgiu, Anul 2021, Milioane lei RON, 45
Q  SANATATE SI ASISTENTA SOCIALA, Total, Giurgiu, Anul 2022, Milioane lei RON, 60
Q  SANATATE SI ASISTENTA SOCIALA, Total, Giurgiu, Anul 2023, Milioane lei RON, 66
Q  SANATATE SI ASISTENTA SOCIALA, Total, Giurgiu, Anul 2024, Milioane lei RON, 85
Q  SANATATE SI ASISTENTA SOCIALA, Total, Ialomita, Anul 2008, Milioane lei RON, 7
Q  SANATATE SI ASISTENTA SOCIALA, Total, Ialomita, Anul 2009, Milioane lei RON, 5
Q  SANATATE SI ASISTENTA SOCIALA, Total, Ialomita, Anul 2010, Milioane lei RON, 10
Q  SANATATE SI ASISTENTA SOCIALA, Total, Ialomita, Anul 2011, Milioane lei RON, 16
Q  SANATATE SI ASISTENTA SOCIALA, Total, Ialomita, Anul 2012, Milioane lei RON, 15
Q  SANATATE SI ASISTENTA SOCIALA, Total, Ialomita, Anul 2013, Milioane lei RON, 11
Q  SANATATE SI ASISTENTA SOCIALA, Total, Ialomita, Anul 2014, Milioane lei RON, 14
Q  SANATATE SI ASISTENTA SOCIALA, Total, Ialomita, Anul 2015, Milioane lei RON, 17
Q  SANATATE SI ASISTENTA SOCIALA, Total, Ialomita, Anul 2016, Milioane lei RON, 20
Q  SANATATE SI ASISTENTA SOCIALA, Total, Ialomita, Anul 2017, Milioane lei RON, 25
Q  SANATATE SI ASISTENTA SOCIALA, Total, Ialomita, Anul 2018, Milioane lei RON, 33
Q  SANATATE SI ASISTENTA SOCIALA, Total, Ialomita, Anul 2019, Milioane lei RON, 44
Q  SANATATE SI ASISTENTA SOCIALA, Total, Ialomita, Anul 2020, Milioane lei RON, 57
Q  SANATATE SI ASISTENTA SOCIALA, Total, Ialomita, Anul 2021, Milioane lei RON, 67
Q  SANATATE SI ASISTENTA SOCIALA, Total, Ialomita, Anul 2022, Milioane lei RON, 74
Q  SANATATE SI ASISTENTA SOCIALA, Total, Ialomita, Anul 2023, Milioane lei RON, 89
Q  SANATATE SI ASISTENTA SOCIALA, Total, Ialomita, Anul 2024, Milioane lei RON, 104
Q  SANATATE SI ASISTENTA SOCIALA, Total, Prahova, Anul 2008, Milioane lei RON, 77
Q  SANATATE SI ASISTENTA SOCIALA, Total, Prahova, Anul 2009, Milioane lei RON, 72
Q  SANATATE SI ASISTENTA SOCIALA, Total, Prahova, Anul 2010, Milioane lei RON, 85
Q  SANATATE SI ASISTENTA SOCIALA, Total, Prahova, Anul 2011, Milioane lei RON, 101
Q  SANATATE SI ASISTENTA SOCIALA, Total, Prahova, Anul 2012, Milioane lei RON, 112
Q  SANATATE SI ASISTENTA SOCIALA, Total, Prahova, Anul 2013, Milioane lei RON, 130
Q  SANATATE SI ASISTENTA SOCIALA, Total, Prahova, Anul 2014, Milioane lei RON, 131
Q  SANATATE SI ASISTENTA SOCIALA, Total, Prahova, Anul 2015, Milioane lei RON, 147
Q  SANATATE SI ASISTENTA SOCIALA, Total, Prahova, Anul 2016, Milioane lei RON, 175
Q  SANATATE SI ASISTENTA SOCIALA, Total, Prahova, Anul 2017, Milioane lei RON, 201
Q  SANATATE SI ASISTENTA SOCIALA, Total, Prahova, Anul 2018, Milioane lei RON, 238
Q  SANATATE SI ASISTENTA SOCIALA, Total, Prahova, Anul 2019, Milioane lei RON, 286
Q  SANATATE SI ASISTENTA SOCIALA, Total, Prahova, Anul 2020, Milioane lei RON, 326
Q  SANATATE SI ASISTENTA SOCIALA, Total, Prahova, Anul 2021, Milioane lei RON, 493
Q  SANATATE SI ASISTENTA SOCIALA, Total, Prahova, Anul 2022, Milioane lei RON, 525
Q  SANATATE SI ASISTENTA SOCIALA, Total, Prahova, Anul 2023, Milioane lei RON, 618
Q  SANATATE SI ASISTENTA SOCIALA, Total, Prahova, Anul 2024, Milioane lei RON, 734
Q  SANATATE SI ASISTENTA SOCIALA, Total, Teleorman, Anul 2008, Milioane lei RON, 18
Q  SANATATE SI ASISTENTA SOCIALA, Total, Teleorman, Anul 2009, Milioane lei RON, 17
Q  SANATATE SI ASISTENTA SOCIALA, Total, Teleorman, Anul 2010, Milioane lei RON, 21
Q  SANATATE SI ASISTENTA SOCIALA, Total, Teleorman, Anul 2011, Milioane lei RON, 28
Q  SANATATE SI ASISTENTA SOCIALA, Total, Teleorman, Anul 2012, Milioane lei RON, 32
Q  SANATATE SI ASISTENTA SOCIALA, Total, Teleorman, Anul 2013, Milioane lei RON, 41
Q  SANATATE SI ASISTENTA SOCIALA, Total, Teleorman, Anul 2014, Milioane lei RON, 43
Q  SANATATE SI ASISTENTA SOCIALA, Total, Teleorman, Anul 2015, Milioane lei RON, 48
Q  SANATATE SI ASISTENTA SOCIALA, Total, Teleorman, Anul 2016, Milioane lei RON, 65
Q  SANATATE SI ASISTENTA SOCIALA, Total, Teleorman, Anul 2017, Milioane lei RON, 74
Q  SANATATE SI ASISTENTA SOCIALA, Total, Teleorman, Anul 2018, Milioane lei RON, 95
Q  SANATATE SI ASISTENTA SOCIALA, Total, Teleorman, Anul 2019, Milioane lei RON, 107
Q  SANATATE SI ASISTENTA SOCIALA, Total, Teleorman, Anul 2020, Milioane lei RON, 99
Q  SANATATE SI ASISTENTA SOCIALA, Total, Teleorman, Anul 2021, Milioane lei RON, 136
Q  SANATATE SI ASISTENTA SOCIALA, Total, Teleorman, Anul 2022, Milioane lei RON, 151
Q  SANATATE SI ASISTENTA SOCIALA, Total, Teleorman, Anul 2023, Milioane lei RON, 162
Q  SANATATE SI ASISTENTA SOCIALA, Total, Teleorman, Anul 2024, Milioane lei RON, 194
Q  SANATATE SI ASISTENTA SOCIALA, Total, Ilfov, Anul 2008, Milioane lei RON, 18
Q  SANATATE SI ASISTENTA SOCIALA, Total, Ilfov, Anul 2009, Milioane lei RON, 24
Q  SANATATE SI ASISTENTA SOCIALA, Total, Ilfov, Anul 2010, Milioane lei RON, 27
Q  SANATATE SI ASISTENTA SOCIALA, Total, Ilfov, Anul 2011, Milioane lei RON, 45
Q  SANATATE SI ASISTENTA SOCIALA, Total, Ilfov, Anul 2012, Milioane lei RON, 64
Q  SANATATE SI ASISTENTA SOCIALA, Total, Ilfov, Anul 2013, Milioane lei RON, 64
Q  SANATATE SI ASISTENTA SOCIALA, Total, Ilfov, Anul 2014, Milioane lei RON, 71
Q  SANATATE SI ASISTENTA SOCIALA, Total, Ilfov, Anul 2015, Milioane lei RON, 88
Q  SANATATE SI ASISTENTA SOCIALA, Total, Ilfov, Anul 2016, Milioane lei RON, 126
Q  SANATATE SI ASISTENTA SOCIALA, Total, Ilfov, Anul 2017, Milioane lei RON, 190
Q  SANATATE SI ASISTENTA SOCIALA, Total, Ilfov, Anul 2018, Milioane lei RON, 201
Q  SANATATE SI ASISTENTA SOCIALA, Total, Ilfov, Anul 2019, Milioane lei RON, 304
Q  SANATATE SI ASISTENTA SOCIALA, Total, Ilfov, Anul 2020, Milioane lei RON, 367
Q  SANATATE SI ASISTENTA SOCIALA, Total, Ilfov, Anul 2021, Milioane lei RON, 665
Q  SANATATE SI ASISTENTA SOCIALA, Total, Ilfov, Anul 2022, Milioane lei RON, 703
Q  SANATATE SI ASISTENTA SOCIALA, Total, Ilfov, Anul 2023, Milioane lei RON, 1025
Q  SANATATE SI ASISTENTA SOCIALA, Total, Ilfov, Anul 2024, Milioane lei RON, 1103
Q  SANATATE SI ASISTENTA SOCIALA, Total, Municipiul Bucuresti, Anul 2008, Milioane lei RON, 992
Q  SANATATE SI ASISTENTA SOCIALA, Total, Municipiul Bucuresti, Anul 2009, Milioane lei RON, 1266
Q  SANATATE SI ASISTENTA SOCIALA, Total, Municipiul Bucuresti, Anul 2010, Milioane lei RON, 1407
Q  SANATATE SI ASISTENTA SOCIALA, Total, Municipiul Bucuresti, Anul 2011, Milioane lei RON, 1847
Q  SANATATE SI ASISTENTA SOCIALA, Total, Municipiul Bucuresti, Anul 2012, Milioane lei RON, 2165
Q  SANATATE SI ASISTENTA SOCIALA, Total, Municipiul Bucuresti, Anul 2013, Milioane lei RON, 2427
Q  SANATATE SI ASISTENTA SOCIALA, Total, Municipiul Bucuresti, Anul 2014, Milioane lei RON, 2985
Q  SANATATE SI ASISTENTA SOCIALA, Total, Municipiul Bucuresti, Anul 2015, Milioane lei RON, 3248
Q  SANATATE SI ASISTENTA SOCIALA, Total, Municipiul Bucuresti, Anul 2016, Milioane lei RON, 3794
Q  SANATATE SI ASISTENTA SOCIALA, Total, Municipiul Bucuresti, Anul 2017, Milioane lei RON, 4754
Q  SANATATE SI ASISTENTA SOCIALA, Total, Municipiul Bucuresti, Anul 2018, Milioane lei RON, 5341
Q  SANATATE SI ASISTENTA SOCIALA, Total, Municipiul Bucuresti, Anul 2019, Milioane lei RON, 6326
Q  SANATATE SI ASISTENTA SOCIALA, Total, Municipiul Bucuresti, Anul 2020, Milioane lei RON, 7050
Q  SANATATE SI ASISTENTA SOCIALA, Total, Municipiul Bucuresti, Anul 2021, Milioane lei RON, 8955
Q  SANATATE SI ASISTENTA SOCIALA, Total, Municipiul Bucuresti, Anul 2022, Milioane lei RON, 10042
Q  SANATATE SI ASISTENTA SOCIALA, Total, Municipiul Bucuresti, Anul 2023, Milioane lei RON, 11585
Q  SANATATE SI ASISTENTA SOCIALA, Total, Municipiul Bucuresti, Anul 2024, Milioane lei RON, 13951
Q  SANATATE SI ASISTENTA SOCIALA, Total, Dolj, Anul 2008, Milioane lei RON, 83
Q  SANATATE SI ASISTENTA SOCIALA, Total, Dolj, Anul 2009, Milioane lei RON, 86
Q  SANATATE SI ASISTENTA SOCIALA, Total, Dolj, Anul 2010, Milioane lei RON, 96
Q  SANATATE SI ASISTENTA SOCIALA, Total, Dolj, Anul 2011, Milioane lei RON, 105
Q  SANATATE SI ASISTENTA SOCIALA, Total, Dolj, Anul 2012, Milioane lei RON, 123
Q  SANATATE SI ASISTENTA SOCIALA, Total, Dolj, Anul 2013, Milioane lei RON, 157
Q  SANATATE SI ASISTENTA SOCIALA, Total, Dolj, Anul 2014, Milioane lei RON, 129
Q  SANATATE SI ASISTENTA SOCIALA, Total, Dolj, Anul 2015, Milioane lei RON, 175
Q  SANATATE SI ASISTENTA SOCIALA, Total, Dolj, Anul 2016, Milioane lei RON, 211
Q  SANATATE SI ASISTENTA SOCIALA, Total, Dolj, Anul 2017, Milioane lei RON, 277
Q  SANATATE SI ASISTENTA SOCIALA, Total, Dolj, Anul 2018, Milioane lei RON, 366
Q  SANATATE SI ASISTENTA SOCIALA, Total, Dolj, Anul 2019, Milioane lei RON, 440
Q  SANATATE SI ASISTENTA SOCIALA, Total, Dolj, Anul 2020, Milioane lei RON, 529
Q  SANATATE SI ASISTENTA SOCIALA, Total, Dolj, Anul 2021, Milioane lei RON, 703
Q  SANATATE SI ASISTENTA SOCIALA, Total, Dolj, Anul 2022, Milioane lei RON, 870
Q  SANATATE SI ASISTENTA SOCIALA, Total, Dolj, Anul 2023, Milioane lei RON, 1083
Q  SANATATE SI ASISTENTA SOCIALA, Total, Dolj, Anul 2024, Milioane lei RON, 1291
Q  SANATATE SI ASISTENTA SOCIALA, Total, Gorj, Anul 2008, Milioane lei RON, 29
Q  SANATATE SI ASISTENTA SOCIALA, Total, Gorj, Anul 2009, Milioane lei RON, 25
Q  SANATATE SI ASISTENTA SOCIALA, Total, Gorj, Anul 2010, Milioane lei RON, 25
Q  SANATATE SI ASISTENTA SOCIALA, Total, Gorj, Anul 2011, Milioane lei RON, 26
Q  SANATATE SI ASISTENTA SOCIALA, Total, Gorj, Anul 2012, Milioane lei RON, 26
Q  SANATATE SI ASISTENTA SOCIALA, Total, Gorj, Anul 2013, Milioane lei RON, 28
Q  SANATATE SI ASISTENTA SOCIALA, Total, Gorj, Anul 2014, Milioane lei RON, 28
Q  SANATATE SI ASISTENTA SOCIALA, Total, Gorj, Anul 2015, Milioane lei RON, 32
Q  SANATATE SI ASISTENTA SOCIALA, Total, Gorj, Anul 2016, Milioane lei RON, 41
Q  SANATATE SI ASISTENTA SOCIALA, Total, Gorj, Anul 2017, Milioane lei RON, 55
Q  SANATATE SI ASISTENTA SOCIALA, Total, Gorj, Anul 2018, Milioane lei RON, 73
Q  SANATATE SI ASISTENTA SOCIALA, Total, Gorj, Anul 2019, Milioane lei RON, 91
Q  SANATATE SI ASISTENTA SOCIALA, Total, Gorj, Anul 2020, Milioane lei RON, 101
Q  SANATATE SI ASISTENTA SOCIALA, Total, Gorj, Anul 2021, Milioane lei RON, 133
Q  SANATATE SI ASISTENTA SOCIALA, Total, Gorj, Anul 2022, Milioane lei RON, 157
Q  SANATATE SI ASISTENTA SOCIALA, Total, Gorj, Anul 2023, Milioane lei RON, 199
Q  SANATATE SI ASISTENTA SOCIALA, Total, Gorj, Anul 2024, Milioane lei RON, 242
Q  SANATATE SI ASISTENTA SOCIALA, Total, Mehedinti, Anul 2008, Milioane lei RON, 11
Q  SANATATE SI ASISTENTA SOCIALA, Total, Mehedinti, Anul 2009, Milioane lei RON, 10
Q  SANATATE SI ASISTENTA SOCIALA, Total, Mehedinti, Anul 2010, Milioane lei RON, 8
Q  SANATATE SI ASISTENTA SOCIALA, Total, Mehedinti, Anul 2011, Milioane lei RON, 7
Q  SANATATE SI ASISTENTA SOCIALA, Total, Mehedinti, Anul 2012, Milioane lei RON, 9
Q  SANATATE SI ASISTENTA SOCIALA, Total, Mehedinti, Anul 2013, Milioane lei RON, 14
Q  SANATATE SI ASISTENTA SOCIALA, Total, Mehedinti, Anul 2014, Milioane lei RON, 17
Q  SANATATE SI ASISTENTA SOCIALA, Total, Mehedinti, Anul 2015, Milioane lei RON, 17
Q  SANATATE SI ASISTENTA SOCIALA, Total, Mehedinti, Anul 2016, Milioane lei RON, 21
Q  SANATATE SI ASISTENTA SOCIALA, Total, Mehedinti, Anul 2017, Milioane lei RON, 24
Q  SANATATE SI ASISTENTA SOCIALA, Total, Mehedinti, Anul 2018, Milioane lei RON, 28
Q  SANATATE SI ASISTENTA SOCIALA, Total, Mehedinti, Anul 2019, Milioane lei RON, 30
Q  SANATATE SI ASISTENTA SOCIALA, Total, Mehedinti, Anul 2020, Milioane lei RON, 35
Q  SANATATE SI ASISTENTA SOCIALA, Total, Mehedinti, Anul 2021, Milioane lei RON, 43
Q  SANATATE SI ASISTENTA SOCIALA, Total, Mehedinti, Anul 2022, Milioane lei RON, 48
Q  SANATATE SI ASISTENTA SOCIALA, Total, Mehedinti, Anul 2023, Milioane lei RON, 58
Q  SANATATE SI ASISTENTA SOCIALA, Total, Mehedinti, Anul 2024, Milioane lei RON, 70
Q  SANATATE SI ASISTENTA SOCIALA, Total, Olt, Anul 2008, Milioane lei RON, 21
Q  SANATATE SI ASISTENTA SOCIALA, Total, Olt, Anul 2009, Milioane lei RON, 19
Q  SANATATE SI ASISTENTA SOCIALA, Total, Olt, Anul 2010, Milioane lei RON, 21
Q  SANATATE SI ASISTENTA SOCIALA, Total, Olt, Anul 2011, Milioane lei RON, 24
Q  SANATATE SI ASISTENTA SOCIALA, Total, Olt, Anul 2012, Milioane lei RON, 29
Q  SANATATE SI ASISTENTA SOCIALA, Total, Olt, Anul 2013, Milioane lei RON, 32
Q  SANATATE SI ASISTENTA SOCIALA, Total, Olt, Anul 2014, Milioane lei RON, 36
Q  SANATATE SI ASISTENTA SOCIALA, Total, Olt, Anul 2015, Milioane lei RON, 44
Q  SANATATE SI ASISTENTA SOCIALA, Total, Olt, Anul 2016, Milioane lei RON, 49
Q  SANATATE SI ASISTENTA SOCIALA, Total, Olt, Anul 2017, Milioane lei RON, 63
Q  SANATATE SI ASISTENTA SOCIALA, Total, Olt, Anul 2018, Milioane lei RON, 76
Q  SANATATE SI ASISTENTA SOCIALA, Total, Olt, Anul 2019, Milioane lei RON, 86
Q  SANATATE SI ASISTENTA SOCIALA, Total, Olt, Anul 2020, Milioane lei RON, 85
Q  SANATATE SI ASISTENTA SOCIALA, Total, Olt, Anul 2021, Milioane lei RON, 118
Q  SANATATE SI ASISTENTA SOCIALA, Total, Olt, Anul 2022, Milioane lei RON, 132
Q  SANATATE SI ASISTENTA SOCIALA, Total, Olt, Anul 2023, Milioane lei RON, 161
Q  SANATATE SI ASISTENTA SOCIALA, Total, Olt, Anul 2024, Milioane lei RON, 190
Q  SANATATE SI ASISTENTA SOCIALA, Total, Valcea, Anul 2008, Milioane lei RON, 18
Q  SANATATE SI ASISTENTA SOCIALA, Total, Valcea, Anul 2009, Milioane lei RON, 18
Q  SANATATE SI ASISTENTA SOCIALA, Total, Valcea, Anul 2010, Milioane lei RON, 18
Q  SANATATE SI ASISTENTA SOCIALA, Total, Valcea, Anul 2011, Milioane lei RON, 20
Q  SANATATE SI ASISTENTA SOCIALA, Total, Valcea, Anul 2012, Milioane lei RON, 23
Q  SANATATE SI ASISTENTA SOCIALA, Total, Valcea, Anul 2013, Milioane lei RON, 26
Q  SANATATE SI ASISTENTA SOCIALA, Total, Valcea, Anul 2014, Milioane lei RON, 72
Q  SANATATE SI ASISTENTA SOCIALA, Total, Valcea, Anul 2015, Milioane lei RON, 43
Q  SANATATE SI ASISTENTA SOCIALA, Total, Valcea, Anul 2016, Milioane lei RON, 53
Q  SANATATE SI ASISTENTA SOCIALA, Total, Valcea, Anul 2017, Milioane lei RON, 65
Q  SANATATE SI ASISTENTA SOCIALA, Total, Valcea, Anul 2018, Milioane lei RON, 84
Q  SANATATE SI ASISTENTA SOCIALA, Total, Valcea, Anul 2019, Milioane lei RON, 103
Q  SANATATE SI ASISTENTA SOCIALA, Total, Valcea, Anul 2020, Milioane lei RON, 118
Q  SANATATE SI ASISTENTA SOCIALA, Total, Valcea, Anul 2021, Milioane lei RON, 172
Q  SANATATE SI ASISTENTA SOCIALA, Total, Valcea, Anul 2022, Milioane lei RON, 196
Q  SANATATE SI ASISTENTA SOCIALA, Total, Valcea, Anul 2023, Milioane lei RON, 230
Q  SANATATE SI ASISTENTA SOCIALA, Total, Valcea, Anul 2024, Milioane lei RON, 274
Q  SANATATE SI ASISTENTA SOCIALA, Total, Arad, Anul 2008, Milioane lei RON, 67
Q  SANATATE SI ASISTENTA SOCIALA, Total, Arad, Anul 2009, Milioane lei RON, 58
Q  SANATATE SI ASISTENTA SOCIALA, Total, Arad, Anul 2010, Milioane lei RON, 74
Q  SANATATE SI ASISTENTA SOCIALA, Total, Arad, Anul 2011, Milioane lei RON, 94
Q  SANATATE SI ASISTENTA SOCIALA, Total, Arad, Anul 2012, Milioane lei RON, 90
Q  SANATATE SI ASISTENTA SOCIALA, Total, Arad, Anul 2013, Milioane lei RON, 101
Q  SANATATE SI ASISTENTA SOCIALA, Total, Arad, Anul 2014, Milioane lei RON, 107
Q  SANATATE SI ASISTENTA SOCIALA, Total, Arad, Anul 2015, Milioane lei RON, 124
Q  SANATATE SI ASISTENTA SOCIALA, Total, Arad, Anul 2016, Milioane lei RON, 149
Q  SANATATE SI ASISTENTA SOCIALA, Total, Arad, Anul 2017, Milioane lei RON, 177
Q  SANATATE SI ASISTENTA SOCIALA, Total, Arad, Anul 2018, Milioane lei RON, 208
Q  SANATATE SI ASISTENTA SOCIALA, Total, Arad, Anul 2019, Milioane lei RON, 253
Q  SANATATE SI ASISTENTA SOCIALA, Total, Arad, Anul 2020, Milioane lei RON, 272
Q  SANATATE SI ASISTENTA SOCIALA, Total, Arad, Anul 2021, Milioane lei RON, 364
Q  SANATATE SI ASISTENTA SOCIALA, Total, Arad, Anul 2022, Milioane lei RON, 385
Q  SANATATE SI ASISTENTA SOCIALA, Total, Arad, Anul 2023, Milioane lei RON, 463
Q  SANATATE SI ASISTENTA SOCIALA, Total, Arad, Anul 2024, Milioane lei RON, 488
Q  SANATATE SI ASISTENTA SOCIALA, Total, Caras-Severin, Anul 2008, Milioane lei RON, 15
Q  SANATATE SI ASISTENTA SOCIALA, Total, Caras-Severin, Anul 2009, Milioane lei RON, 10
Q  SANATATE SI ASISTENTA SOCIALA, Total, Caras-Severin, Anul 2010, Milioane lei RON, 10
Q  SANATATE SI ASISTENTA SOCIALA, Total, Caras-Severin, Anul 2011, Milioane lei RON, 11
Q  SANATATE SI ASISTENTA SOCIALA, Total, Caras-Severin, Anul 2012, Milioane lei RON, 12
Q  SANATATE SI ASISTENTA SOCIALA, Total, Caras-Severin, Anul 2013, Milioane lei RON, 14
Q  SANATATE SI ASISTENTA SOCIALA, Total, Caras-Severin, Anul 2014, Milioane lei RON, 17
Q  SANATATE SI ASISTENTA SOCIALA, Total, Caras-Severin, Anul 2015, Milioane lei RON, 19
Q  SANATATE SI ASISTENTA SOCIALA, Total, Caras-Severin, Anul 2016, Milioane lei RON, 21
Q  SANATATE SI ASISTENTA SOCIALA, Total, Caras-Severin, Anul 2017, Milioane lei RON, 24
Q  SANATATE SI ASISTENTA SOCIALA, Total, Caras-Severin, Anul 2018, Milioane lei RON, 29
Q  SANATATE SI ASISTENTA SOCIALA, Total, Caras-Severin, Anul 2019, Milioane lei RON, 34
Q  SANATATE SI ASISTENTA SOCIALA, Total, Caras-Severin, Anul 2020, Milioane lei RON, 49
Q  SANATATE SI ASISTENTA SOCIALA, Total, Caras-Severin, Anul 2021, Milioane lei RON, 74
Q  SANATATE SI ASISTENTA SOCIALA, Total, Caras-Severin, Anul 2022, Milioane lei RON, 99
Q  SANATATE SI ASISTENTA SOCIALA, Total, Caras-Severin, Anul 2023, Milioane lei RON, 111
Q  SANATATE SI ASISTENTA SOCIALA, Total, Caras-Severin, Anul 2024, Milioane lei RON, 127
Q  SANATATE SI ASISTENTA SOCIALA, Total, Hunedoara, Anul 2008, Milioane lei RON, 26
Q  SANATATE SI ASISTENTA SOCIALA, Total, Hunedoara, Anul 2009, Milioane lei RON, 24
Q  SANATATE SI ASISTENTA SOCIALA, Total, Hunedoara, Anul 2010, Milioane lei RON, 27
Q  SANATATE SI ASISTENTA SOCIALA, Total, Hunedoara, Anul 2011, Milioane lei RON, 30
Q  SANATATE SI ASISTENTA SOCIALA, Total, Hunedoara, Anul 2012, Milioane lei RON, 35
Q  SANATATE SI ASISTENTA SOCIALA, Total, Hunedoara, Anul 2013, Milioane lei RON, 42
Q  SANATATE SI ASISTENTA SOCIALA, Total, Hunedoara, Anul 2014, Milioane lei RON, 38
Q  SANATATE SI ASISTENTA SOCIALA, Total, Hunedoara, Anul 2015, Milioane lei RON, 50
Q  SANATATE SI ASISTENTA SOCIALA, Total, Hunedoara, Anul 2016, Milioane lei RON, 49
Q  SANATATE SI ASISTENTA SOCIALA, Total, Hunedoara, Anul 2017, Milioane lei RON, 58
Q  SANATATE SI ASISTENTA SOCIALA, Total, Hunedoara, Anul 2018, Milioane lei RON, 76
Q  SANATATE SI ASISTENTA SOCIALA, Total, Hunedoara, Anul 2019, Milioane lei RON, 95
Q  SANATATE SI ASISTENTA SOCIALA, Total, Hunedoara, Anul 2020, Milioane lei RON, 104
Q  SANATATE SI ASISTENTA SOCIALA, Total, Hunedoara, Anul 2021, Milioane lei RON, 145
Q  SANATATE SI ASISTENTA SOCIALA, Total, Hunedoara, Anul 2022, Milioane lei RON, 169
Q  SANATATE SI ASISTENTA SOCIALA, Total, Hunedoara, Anul 2023, Milioane lei RON, 189
Q  SANATATE SI ASISTENTA SOCIALA, Total, Hunedoara, Anul 2024, Milioane lei RON, 235
Q  SANATATE SI ASISTENTA SOCIALA, Total, Timis, Anul 2008, Milioane lei RON, 123
Q  SANATATE SI ASISTENTA SOCIALA, Total, Timis, Anul 2009, Milioane lei RON, 152
Q  SANATATE SI ASISTENTA SOCIALA, Total, Timis, Anul 2010, Milioane lei RON, 186
Q  SANATATE SI ASISTENTA SOCIALA, Total, Timis, Anul 2011, Milioane lei RON, 227
Q  SANATATE SI ASISTENTA SOCIALA, Total, Timis, Anul 2012, Milioane lei RON, 226
Q  SANATATE SI ASISTENTA SOCIALA, Total, Timis, Anul 2013, Milioane lei RON, 255
Q  SANATATE SI ASISTENTA SOCIALA, Total, Timis, Anul 2014, Milioane lei RON, 289
Q  SANATATE SI ASISTENTA SOCIALA, Total, Timis, Anul 2015, Milioane lei RON, 332
Q  SANATATE SI ASISTENTA SOCIALA, Total, Timis, Anul 2016, Milioane lei RON, 379
Q  SANATATE SI ASISTENTA SOCIALA, Total, Timis, Anul 2017, Milioane lei RON, 433
Q  SANATATE SI ASISTENTA SOCIALA, Total, Timis, Anul 2018, Milioane lei RON, 570
Q  SANATATE SI ASISTENTA SOCIALA, Total, Timis, Anul 2019, Milioane lei RON, 649
Q  SANATATE SI ASISTENTA SOCIALA, Total, Timis, Anul 2020, Milioane lei RON, 725
Q  SANATATE SI ASISTENTA SOCIALA, Total, Timis, Anul 2021, Milioane lei RON, 991
Q  SANATATE SI ASISTENTA SOCIALA, Total, Timis, Anul 2022, Milioane lei RON, 1132
Q  SANATATE SI ASISTENTA SOCIALA, Total, Timis, Anul 2023, Milioane lei RON, 1309
Q  SANATATE SI ASISTENTA SOCIALA, Total, Timis, Anul 2024, Milioane lei RON, 1554
R+S ALTE ACTIVITATI DE SERVICII COLECTIVE  SOCIALE SI PERSONALE, Total, Bihor, Anul 2008, Milioane lei RON, 225
R+S ALTE ACTIVITATI DE SERVICII COLECTIVE  SOCIALE SI PERSONALE, Total, Bihor, Anul 2009, Milioane lei RON, 181
R+S ALTE ACTIVITATI DE SERVICII COLECTIVE  SOCIALE SI PERSONALE, Total, Bihor, Anul 2010, Milioane lei RON, 171
R+S ALTE ACTIVITATI DE SERVICII COLECTIVE  SOCIALE SI PERSONALE, Total, Bihor, Anul 2011, Milioane lei RON, 181
R+S ALTE ACTIVITATI DE SERVICII COLECTIVE  SOCIALE SI PERSONALE, Total, Bihor, Anul 2012, Milioane lei RON, 214
R+S ALTE ACTIVITATI DE SERVICII COLECTIVE  SOCIALE SI PERSONALE, Total, Bihor, Anul 2013, Milioane lei RON, 348
R+S ALTE ACTIVITATI DE SERVICII COLECTIVE  SOCIALE SI PERSONALE, Total, Bihor, Anul 2014, Milioane lei RON, 390
R+S ALTE ACTIVITATI DE SERVICII COLECTIVE  SOCIALE SI PERSONALE, Total, Bihor, Anul 2015, Milioane lei RON, 403
R+S ALTE ACTIVITATI DE SERVICII COLECTIVE  SOCIALE SI PERSONALE, Total, Bihor, Anul 2016, Milioane lei RON, 420
R+S ALTE ACTIVITATI DE SERVICII COLECTIVE  SOCIALE SI PERSONALE, Total, Bihor, Anul 2017, Milioane lei RON, 464
R+S ALTE ACTIVITATI DE SERVICII COLECTIVE  SOCIALE SI PERSONALE, Total, Bihor, Anul 2018, Milioane lei RON, 508
R+S ALTE ACTIVITATI DE SERVICII COLECTIVE  SOCIALE SI PERSONALE, Total, Bihor, Anul 2019, Milioane lei RON, 456
R+S ALTE ACTIVITATI DE SERVICII COLECTIVE  SOCIALE SI PERSONALE, Total, Bihor, Anul 2020, Milioane lei RON, 280
R+S ALTE ACTIVITATI DE SERVICII COLECTIVE  SOCIALE SI PERSONALE, Total, Bihor, Anul 2021, Milioane lei RON, 402
R+S ALTE ACTIVITATI DE SERVICII COLECTIVE  SOCIALE SI PERSONALE, Total, Bihor, Anul 2022, Milioane lei RON, 377
R+S ALTE ACTIVITATI DE SERVICII COLECTIVE  SOCIALE SI PERSONALE, Total, Bihor, Anul 2023, Milioane lei RON, 364
R+S ALTE ACTIVITATI DE SERVICII COLECTIVE  SOCIALE SI PERSONALE, Total, Bihor, Anul 2024, Milioane lei RON, 351
R+S ALTE ACTIVITATI DE SERVICII COLECTIVE  SOCIALE SI PERSONALE, Total, Bistrita-Nasaud, Anul 2008, Milioane lei RON, 93
R+S ALTE ACTIVITATI DE SERVICII COLECTIVE  SOCIALE SI PERSONALE, Total, Bistrita-Nasaud, Anul 2009, Milioane lei RON, 42
R+S ALTE ACTIVITATI DE SERVICII COLECTIVE  SOCIALE SI PERSONALE, Total, Bistrita-Nasaud, Anul 2010, Milioane lei RON, 160
R+S ALTE ACTIVITATI DE SERVICII COLECTIVE  SOCIALE SI PERSONALE, Total, Bistrita-Nasaud, Anul 2011, Milioane lei RON, 170
R+S ALTE ACTIVITATI DE SERVICII COLECTIVE  SOCIALE SI PERSONALE, Total, Bistrita-Nasaud, Anul 2012, Milioane lei RON, 155
R+S ALTE ACTIVITATI DE SERVICII COLECTIVE  SOCIALE SI PERSONALE, Total, Bistrita-Nasaud, Anul 2013, Milioane lei RON, 197
R+S ALTE ACTIVITATI DE SERVICII COLECTIVE  SOCIALE SI PERSONALE, Total, Bistrita-Nasaud, Anul 2014, Milioane lei RON, 190
R+S ALTE ACTIVITATI DE SERVICII COLECTIVE  SOCIALE SI PERSONALE, Total, Bistrita-Nasaud, Anul 2015, Milioane lei RON, 146
R+S ALTE ACTIVITATI DE SERVICII COLECTIVE  SOCIALE SI PERSONALE, Total, Bistrita-Nasaud, Anul 2016, Milioane lei RON, 102
R+S ALTE ACTIVITATI DE SERVICII COLECTIVE  SOCIALE SI PERSONALE, Total, Bistrita-Nasaud, Anul 2017, Milioane lei RON, 131
R+S ALTE ACTIVITATI DE SERVICII COLECTIVE  SOCIALE SI PERSONALE, Total, Bistrita-Nasaud, Anul 2018, Milioane lei RON, 168
R+S ALTE ACTIVITATI DE SERVICII COLECTIVE  SOCIALE SI PERSONALE, Total, Bistrita-Nasaud, Anul 2019, Milioane lei RON, 185
R+S ALTE ACTIVITATI DE SERVICII COLECTIVE  SOCIALE SI PERSONALE, Total, Bistrita-Nasaud, Anul 2020, Milioane lei RON, 131
R+S ALTE ACTIVITATI DE SERVICII COLECTIVE  SOCIALE SI PERSONALE, Total, Bistrita-Nasaud, Anul 2021, Milioane lei RON, 190
R+S ALTE ACTIVITATI DE SERVICII COLECTIVE  SOCIALE SI PERSONALE, Total, Bistrita-Nasaud, Anul 2022, Milioane lei RON, 254
R+S ALTE ACTIVITATI DE SERVICII COLECTIVE  SOCIALE SI PERSONALE, Total, Bistrita-Nasaud, Anul 2023, Milioane lei RON, 218
R+S ALTE ACTIVITATI DE SERVICII COLECTIVE  SOCIALE SI PERSONALE, Total, Bistrita-Nasaud, Anul 2024, Milioane lei RON, 210
R+S ALTE ACTIVITATI DE SERVICII COLECTIVE  SOCIALE SI PERSONALE, Total, Cluj, Anul 2008, Milioane lei RON, 444
R+S ALTE ACTIVITATI DE SERVICII COLECTIVE  SOCIALE SI PERSONALE, Total, Cluj, Anul 2009, Milioane lei RON, 409
R+S ALTE ACTIVITATI DE SERVICII COLECTIVE  SOCIALE SI PERSONALE, Total, Cluj, Anul 2010, Milioane lei RON, 498
R+S ALTE ACTIVITATI DE SERVICII COLECTIVE  SOCIALE SI PERSONALE, Total, Cluj, Anul 2011, Milioane lei RON, 568
R+S ALTE ACTIVITATI DE SERVICII COLECTIVE  SOCIALE SI PERSONALE, Total, Cluj, Anul 2012, Milioane lei RON, 677
R+S ALTE ACTIVITATI DE SERVICII COLECTIVE  SOCIALE SI PERSONALE, Total, Cluj, Anul 2013, Milioane lei RON, 616
R+S ALTE ACTIVITATI DE SERVICII COLECTIVE  SOCIALE SI PERSONALE, Total, Cluj, Anul 2014, Milioane lei RON, 463
R+S ALTE ACTIVITATI DE SERVICII COLECTIVE  SOCIALE SI PERSONALE, Total, Cluj, Anul 2015, Milioane lei RON, 509
R+S ALTE ACTIVITATI DE SERVICII COLECTIVE  SOCIALE SI PERSONALE, Total, Cluj, Anul 2016, Milioane lei RON, 510
R+S ALTE ACTIVITATI DE SERVICII COLECTIVE  SOCIALE SI PERSONALE, Total, Cluj, Anul 2017, Milioane lei RON, 843
R+S ALTE ACTIVITATI DE SERVICII COLECTIVE  SOCIALE SI PERSONALE, Total, Cluj, Anul 2018, Milioane lei RON, 770
R+S ALTE ACTIVITATI DE SERVICII COLECTIVE  SOCIALE SI PERSONALE, Total, Cluj, Anul 2019, Milioane lei RON, 939
R+S ALTE ACTIVITATI DE SERVICII COLECTIVE  SOCIALE SI PERSONALE, Total, Cluj, Anul 2020, Milioane lei RON, 519
R+S ALTE ACTIVITATI DE SERVICII COLECTIVE  SOCIALE SI PERSONALE, Total, Cluj, Anul 2021, Milioane lei RON, 782
R+S ALTE ACTIVITATI DE SERVICII COLECTIVE  SOCIALE SI PERSONALE, Total, Cluj, Anul 2022, Milioane lei RON, 1381
R+S ALTE ACTIVITATI DE SERVICII COLECTIVE  SOCIALE SI PERSONALE, Total, Cluj, Anul 2023, Milioane lei RON, 1492
R+S ALTE ACTIVITATI DE SERVICII COLECTIVE  SOCIALE SI PERSONALE, Total, Cluj, Anul 2024, Milioane lei RON, 1454
R+S ALTE ACTIVITATI DE SERVICII COLECTIVE  SOCIALE SI PERSONALE, Total, Maramures, Anul 2008, Milioane lei RON, 92
R+S ALTE ACTIVITATI DE SERVICII COLECTIVE  SOCIALE SI PERSONALE, Total, Maramures, Anul 2009, Milioane lei RON, 90
R+S ALTE ACTIVITATI DE SERVICII COLECTIVE  SOCIALE SI PERSONALE, Total, Maramures, Anul 2010, Milioane lei RON, 75
R+S ALTE ACTIVITATI DE SERVICII COLECTIVE  SOCIALE SI PERSONALE, Total, Maramures, Anul 2011, Milioane lei RON, 78
R+S ALTE ACTIVITATI DE SERVICII COLECTIVE  SOCIALE SI PERSONALE, Total, Maramures, Anul 2012, Milioane lei RON, 84
R+S ALTE ACTIVITATI DE SERVICII COLECTIVE  SOCIALE SI PERSONALE, Total, Maramures, Anul 2013, Milioane lei RON, 90
R+S ALTE ACTIVITATI DE SERVICII COLECTIVE  SOCIALE SI PERSONALE, Total, Maramures, Anul 2014, Milioane lei RON, 81
R+S ALTE ACTIVITATI DE SERVICII COLECTIVE  SOCIALE SI PERSONALE, Total, Maramures, Anul 2015, Milioane lei RON, 94
R+S ALTE ACTIVITATI DE SERVICII COLECTIVE  SOCIALE SI PERSONALE, Total, Maramures, Anul 2016, Milioane lei RON, 108
R+S ALTE ACTIVITATI DE SERVICII COLECTIVE  SOCIALE SI PERSONALE, Total, Maramures, Anul 2017, Milioane lei RON, 109
R+S ALTE ACTIVITATI DE SERVICII COLECTIVE  SOCIALE SI PERSONALE, Total, Maramures, Anul 2018, Milioane lei RON, 126
R+S ALTE ACTIVITATI DE SERVICII COLECTIVE  SOCIALE SI PERSONALE, Total, Maramures, Anul 2019, Milioane lei RON, 141
R+S ALTE ACTIVITATI DE SERVICII COLECTIVE  SOCIALE SI PERSONALE, Total, Maramures, Anul 2020, Milioane lei RON, 107
R+S ALTE ACTIVITATI DE SERVICII COLECTIVE  SOCIALE SI PERSONALE, Total, Maramures, Anul 2021, Milioane lei RON, 133
R+S ALTE ACTIVITATI DE SERVICII COLECTIVE  SOCIALE SI PERSONALE, Total, Maramures, Anul 2022, Milioane lei RON, 173
R+S ALTE ACTIVITATI DE SERVICII COLECTIVE  SOCIALE SI PERSONALE, Total, Maramures, Anul 2023, Milioane lei RON, 188
R+S ALTE ACTIVITATI DE SERVICII COLECTIVE  SOCIALE SI PERSONALE, Total, Maramures, Anul 2024, Milioane lei RON, 212
R+S ALTE ACTIVITATI DE SERVICII COLECTIVE  SOCIALE SI PERSONALE, Total, Satu Mare, Anul 2008, Milioane lei RON, 87
R+S ALTE ACTIVITATI DE SERVICII COLECTIVE  SOCIALE SI PERSONALE, Total, Satu Mare, Anul 2009, Milioane lei RON, 73
R+S ALTE ACTIVITATI DE SERVICII COLECTIVE  SOCIALE SI PERSONALE, Total, Satu Mare, Anul 2010, Milioane lei RON, 73
R+S ALTE ACTIVITATI DE SERVICII COLECTIVE  SOCIALE SI PERSONALE, Total, Satu Mare, Anul 2011, Milioane lei RON, 90
R+S ALTE ACTIVITATI DE SERVICII COLECTIVE  SOCIALE SI PERSONALE, Total, Satu Mare, Anul 2012, Milioane lei RON, 104
R+S ALTE ACTIVITATI DE SERVICII COLECTIVE  SOCIALE SI PERSONALE, Total, Satu Mare, Anul 2013, Milioane lei RON, 108
R+S ALTE ACTIVITATI DE SERVICII COLECTIVE  SOCIALE SI PERSONALE, Total, Satu Mare, Anul 2014, Milioane lei RON, 130
R+S ALTE ACTIVITATI DE SERVICII COLECTIVE  SOCIALE SI PERSONALE, Total, Satu Mare, Anul 2015, Milioane lei RON, 92
R+S ALTE ACTIVITATI DE SERVICII COLECTIVE  SOCIALE SI PERSONALE, Total, Satu Mare, Anul 2016, Milioane lei RON, 115
R+S ALTE ACTIVITATI DE SERVICII COLECTIVE  SOCIALE SI PERSONALE, Total, Satu Mare, Anul 2017, Milioane lei RON, 153
R+S ALTE ACTIVITATI DE SERVICII COLECTIVE  SOCIALE SI PERSONALE, Total, Satu Mare, Anul 2018, Milioane lei RON, 151
R+S ALTE ACTIVITATI DE SERVICII COLECTIVE  SOCIALE SI PERSONALE, Total, Satu Mare, Anul 2019, Milioane lei RON, 173
R+S ALTE ACTIVITATI DE SERVICII COLECTIVE  SOCIALE SI PERSONALE, Total, Satu Mare, Anul 2020, Milioane lei RON, 115
R+S ALTE ACTIVITATI DE SERVICII COLECTIVE  SOCIALE SI PERSONALE, Total, Satu Mare, Anul 2021, Milioane lei RON, 185
R+S ALTE ACTIVITATI DE SERVICII COLECTIVE  SOCIALE SI PERSONALE, Total, Satu Mare, Anul 2022, Milioane lei RON, 246
R+S ALTE ACTIVITATI DE SERVICII COLECTIVE  SOCIALE SI PERSONALE, Total, Satu Mare, Anul 2023, Milioane lei RON, 269
R+S ALTE ACTIVITATI DE SERVICII COLECTIVE  SOCIALE SI PERSONALE, Total, Satu Mare, Anul 2024, Milioane lei RON, 203
R+S ALTE ACTIVITATI DE SERVICII COLECTIVE  SOCIALE SI PERSONALE, Total, Salaj, Anul 2008, Milioane lei RON, 45
R+S ALTE ACTIVITATI DE SERVICII COLECTIVE  SOCIALE SI PERSONALE, Total, Salaj, Anul 2009, Milioane lei RON, 25
R+S ALTE ACTIVITATI DE SERVICII COLECTIVE  SOCIALE SI PERSONALE, Total, Salaj, Anul 2010, Milioane lei RON, 30
R+S ALTE ACTIVITATI DE SERVICII COLECTIVE  SOCIALE SI PERSONALE, Total, Salaj, Anul 2011, Milioane lei RON, 37
R+S ALTE ACTIVITATI DE SERVICII COLECTIVE  SOCIALE SI PERSONALE, Total, Salaj, Anul 2012, Milioane lei RON, 46
R+S ALTE ACTIVITATI DE SERVICII COLECTIVE  SOCIALE SI PERSONALE, Total, Salaj, Anul 2013, Milioane lei RON, 48
R+S ALTE ACTIVITATI DE SERVICII COLECTIVE  SOCIALE SI PERSONALE, Total, Salaj, Anul 2014, Milioane lei RON, 44
R+S ALTE ACTIVITATI DE SERVICII COLECTIVE  SOCIALE SI PERSONALE, Total, Salaj, Anul 2015, Milioane lei RON, 45
R+S ALTE ACTIVITATI DE SERVICII COLECTIVE  SOCIALE SI PERSONALE, Total, Salaj, Anul 2016, Milioane lei RON, 38
R+S ALTE ACTIVITATI DE SERVICII COLECTIVE  SOCIALE SI PERSONALE, Total, Salaj, Anul 2017, Milioane lei RON, 53
R+S ALTE ACTIVITATI DE SERVICII COLECTIVE  SOCIALE SI PERSONALE, Total, Salaj, Anul 2018, Milioane lei RON, 92
R+S ALTE ACTIVITATI DE SERVICII COLECTIVE  SOCIALE SI PERSONALE, Total, Salaj, Anul 2019, Milioane lei RON, 104
R+S ALTE ACTIVITATI DE SERVICII COLECTIVE  SOCIALE SI PERSONALE, Total, Salaj, Anul 2020, Milioane lei RON, 48
R+S ALTE ACTIVITATI DE SERVICII COLECTIVE  SOCIALE SI PERSONALE, Total, Salaj, Anul 2021, Milioane lei RON, 105
R+S ALTE ACTIVITATI DE SERVICII COLECTIVE  SOCIALE SI PERSONALE, Total, Salaj, Anul 2022, Milioane lei RON, 131
R+S ALTE ACTIVITATI DE SERVICII COLECTIVE  SOCIALE SI PERSONALE, Total, Salaj, Anul 2023, Milioane lei RON, 84
R+S ALTE ACTIVITATI DE SERVICII COLECTIVE  SOCIALE SI PERSONALE, Total, Salaj, Anul 2024, Milioane lei RON, 60
R+S ALTE ACTIVITATI DE SERVICII COLECTIVE  SOCIALE SI PERSONALE, Total, Alba, Anul 2008, Milioane lei RON, 44
R+S ALTE ACTIVITATI DE SERVICII COLECTIVE  SOCIALE SI PERSONALE, Total, Alba, Anul 2009, Milioane lei RON, 50
R+S ALTE ACTIVITATI DE SERVICII COLECTIVE  SOCIALE SI PERSONALE, Total, Alba, Anul 2010, Milioane lei RON, 37
R+S ALTE ACTIVITATI DE SERVICII COLECTIVE  SOCIALE SI PERSONALE, Total, Alba, Anul 2011, Milioane lei RON, 43
R+S ALTE ACTIVITATI DE SERVICII COLECTIVE  SOCIALE SI PERSONALE, Total, Alba, Anul 2012, Milioane lei RON, 76
R+S ALTE ACTIVITATI DE SERVICII COLECTIVE  SOCIALE SI PERSONALE, Total, Alba, Anul 2013, Milioane lei RON, 70
R+S ALTE ACTIVITATI DE SERVICII COLECTIVE  SOCIALE SI PERSONALE, Total, Alba, Anul 2014, Milioane lei RON, 77
R+S ALTE ACTIVITATI DE SERVICII COLECTIVE  SOCIALE SI PERSONALE, Total, Alba, Anul 2015, Milioane lei RON, 79
R+S ALTE ACTIVITATI DE SERVICII COLECTIVE  SOCIALE SI PERSONALE, Total, Alba, Anul 2016, Milioane lei RON, 93
R+S ALTE ACTIVITATI DE SERVICII COLECTIVE  SOCIALE SI PERSONALE, Total, Alba, Anul 2017, Milioane lei RON, 107
R+S ALTE ACTIVITATI DE SERVICII COLECTIVE  SOCIALE SI PERSONALE, Total, Alba, Anul 2018, Milioane lei RON, 102
R+S ALTE ACTIVITATI DE SERVICII COLECTIVE  SOCIALE SI PERSONALE, Total, Alba, Anul 2019, Milioane lei RON, 111
R+S ALTE ACTIVITATI DE SERVICII COLECTIVE  SOCIALE SI PERSONALE, Total, Alba, Anul 2020, Milioane lei RON, 80
R+S ALTE ACTIVITATI DE SERVICII COLECTIVE  SOCIALE SI PERSONALE, Total, Alba, Anul 2021, Milioane lei RON, 116
R+S ALTE ACTIVITATI DE SERVICII COLECTIVE  SOCIALE SI PERSONALE, Total, Alba, Anul 2022, Milioane lei RON, 141
R+S ALTE ACTIVITATI DE SERVICII COLECTIVE  SOCIALE SI PERSONALE, Total, Alba, Anul 2023, Milioane lei RON, 163
R+S ALTE ACTIVITATI DE SERVICII COLECTIVE  SOCIALE SI PERSONALE, Total, Alba, Anul 2024, Milioane lei RON, 149
R+S ALTE ACTIVITATI DE SERVICII COLECTIVE  SOCIALE SI PERSONALE, Total, Brasov, Anul 2008, Milioane lei RON, 210
R+S ALTE ACTIVITATI DE SERVICII COLECTIVE  SOCIALE SI PERSONALE, Total, Brasov, Anul 2009, Milioane lei RON, 223
R+S ALTE ACTIVITATI DE SERVICII COLECTIVE  SOCIALE SI PERSONALE, Total, Brasov, Anul 2010, Milioane lei RON, 202
R+S ALTE ACTIVITATI DE SERVICII COLECTIVE  SOCIALE SI PERSONALE, Total, Brasov, Anul 2011, Milioane lei RON, 185
R+S ALTE ACTIVITATI DE SERVICII COLECTIVE  SOCIALE SI PERSONALE, Total, Brasov, Anul 2012, Milioane lei RON, 208
R+S ALTE ACTIVITATI DE SERVICII COLECTIVE  SOCIALE SI PERSONALE, Total, Brasov, Anul 2013, Milioane lei RON, 209
R+S ALTE ACTIVITATI DE SERVICII COLECTIVE  SOCIALE SI PERSONALE, Total, Brasov, Anul 2014, Milioane lei RON, 253
R+S ALTE ACTIVITATI DE SERVICII COLECTIVE  SOCIALE SI PERSONALE, Total, Brasov, Anul 2015, Milioane lei RON, 335
R+S ALTE ACTIVITATI DE SERVICII COLECTIVE  SOCIALE SI PERSONALE, Total, Brasov, Anul 2016, Milioane lei RON, 429
R+S ALTE ACTIVITATI DE SERVICII COLECTIVE  SOCIALE SI PERSONALE, Total, Brasov, Anul 2017, Milioane lei RON, 511
R+S ALTE ACTIVITATI DE SERVICII COLECTIVE  SOCIALE SI PERSONALE, Total, Brasov, Anul 2018, Milioane lei RON, 606
R+S ALTE ACTIVITATI DE SERVICII COLECTIVE  SOCIALE SI PERSONALE, Total, Brasov, Anul 2019, Milioane lei RON, 479
R+S ALTE ACTIVITATI DE SERVICII COLECTIVE  SOCIALE SI PERSONALE, Total, Brasov, Anul 2020, Milioane lei RON, 344
R+S ALTE ACTIVITATI DE SERVICII COLECTIVE  SOCIALE SI PERSONALE, Total, Brasov, Anul 2021, Milioane lei RON, 489
R+S ALTE ACTIVITATI DE SERVICII COLECTIVE  SOCIALE SI PERSONALE, Total, Brasov, Anul 2022, Milioane lei RON, 652
R+S ALTE ACTIVITATI DE SERVICII COLECTIVE  SOCIALE SI PERSONALE, Total, Brasov, Anul 2023, Milioane lei RON, 763
R+S ALTE ACTIVITATI DE SERVICII COLECTIVE  SOCIALE SI PERSONALE, Total, Brasov, Anul 2024, Milioane lei RON, 727
R+S ALTE ACTIVITATI DE SERVICII COLECTIVE  SOCIALE SI PERSONALE, Total, Covasna, Anul 2008, Milioane lei RON, 26
R+S ALTE ACTIVITATI DE SERVICII COLECTIVE  SOCIALE SI PERSONALE, Total, Covasna, Anul 2009, Milioane lei RON, 23
R+S ALTE ACTIVITATI DE SERVICII COLECTIVE  SOCIALE SI PERSONALE, Total, Covasna, Anul 2010, Milioane lei RON, 18
R+S ALTE ACTIVITATI DE SERVICII COLECTIVE  SOCIALE SI PERSONALE, Total, Covasna, Anul 2011, Milioane lei RON, 21
R+S ALTE ACTIVITATI DE SERVICII COLECTIVE  SOCIALE SI PERSONALE, Total, Covasna, Anul 2012, Milioane lei RON, 22
R+S ALTE ACTIVITATI DE SERVICII COLECTIVE  SOCIALE SI PERSONALE, Total, Covasna, Anul 2013, Milioane lei RON, 25
R+S ALTE ACTIVITATI DE SERVICII COLECTIVE  SOCIALE SI PERSONALE, Total, Covasna, Anul 2014, Milioane lei RON, 24
R+S ALTE ACTIVITATI DE SERVICII COLECTIVE  SOCIALE SI PERSONALE, Total, Covasna, Anul 2015, Milioane lei RON, 32
R+S ALTE ACTIVITATI DE SERVICII COLECTIVE  SOCIALE SI PERSONALE, Total, Covasna, Anul 2016, Milioane lei RON, 41
R+S ALTE ACTIVITATI DE SERVICII COLECTIVE  SOCIALE SI PERSONALE, Total, Covasna, Anul 2017, Milioane lei RON, 52
R+S ALTE ACTIVITATI DE SERVICII COLECTIVE  SOCIALE SI PERSONALE, Total, Covasna, Anul 2018, Milioane lei RON, 72
R+S ALTE ACTIVITATI DE SERVICII COLECTIVE  SOCIALE SI PERSONALE, Total, Covasna, Anul 2019, Milioane lei RON, 75
R+S ALTE ACTIVITATI DE SERVICII COLECTIVE  SOCIALE SI PERSONALE, Total, Covasna, Anul 2020, Milioane lei RON, 60
R+S ALTE ACTIVITATI DE SERVICII COLECTIVE  SOCIALE SI PERSONALE, Total, Covasna, Anul 2021, Milioane lei RON, 92
R+S ALTE ACTIVITATI DE SERVICII COLECTIVE  SOCIALE SI PERSONALE, Total, Covasna, Anul 2022, Milioane lei RON, 127
R+S ALTE ACTIVITATI DE SERVICII COLECTIVE  SOCIALE SI PERSONALE, Total, Covasna, Anul 2023, Milioane lei RON, 133
R+S ALTE ACTIVITATI DE SERVICII COLECTIVE  SOCIALE SI PERSONALE, Total, Covasna, Anul 2024, Milioane lei RON, 144
R+S ALTE ACTIVITATI DE SERVICII COLECTIVE  SOCIALE SI PERSONALE, Total, Harghita, Anul 2008, Milioane lei RON, 56
R+S ALTE ACTIVITATI DE SERVICII COLECTIVE  SOCIALE SI PERSONALE, Total, Harghita, Anul 2009, Milioane lei RON, 47
R+S ALTE ACTIVITATI DE SERVICII COLECTIVE  SOCIALE SI PERSONALE, Total, Harghita, Anul 2010, Milioane lei RON, 113
R+S ALTE ACTIVITATI DE SERVICII COLECTIVE  SOCIALE SI PERSONALE, Total, Harghita, Anul 2011, Milioane lei RON, 112
R+S ALTE ACTIVITATI DE SERVICII COLECTIVE  SOCIALE SI PERSONALE, Total, Harghita, Anul 2012, Milioane lei RON, 117
R+S ALTE ACTIVITATI DE SERVICII COLECTIVE  SOCIALE SI PERSONALE, Total, Harghita, Anul 2013, Milioane lei RON, 133
R+S ALTE ACTIVITATI DE SERVICII COLECTIVE  SOCIALE SI PERSONALE, Total, Harghita, Anul 2014, Milioane lei RON, 132
R+S ALTE ACTIVITATI DE SERVICII COLECTIVE  SOCIALE SI PERSONALE, Total, Harghita, Anul 2015, Milioane lei RON, 87
R+S ALTE ACTIVITATI DE SERVICII COLECTIVE  SOCIALE SI PERSONALE, Total, Harghita, Anul 2016, Milioane lei RON, 96
R+S ALTE ACTIVITATI DE SERVICII COLECTIVE  SOCIALE SI PERSONALE, Total, Harghita, Anul 2017, Milioane lei RON, 109
R+S ALTE ACTIVITATI DE SERVICII COLECTIVE  SOCIALE SI PERSONALE, Total, Harghita, Anul 2018, Milioane lei RON, 117
R+S ALTE ACTIVITATI DE SERVICII COLECTIVE  SOCIALE SI PERSONALE, Total, Harghita, Anul 2019, Milioane lei RON, 131
R+S ALTE ACTIVITATI DE SERVICII COLECTIVE  SOCIALE SI PERSONALE, Total, Harghita, Anul 2020, Milioane lei RON, 99
R+S ALTE ACTIVITATI DE SERVICII COLECTIVE  SOCIALE SI PERSONALE, Total, Harghita, Anul 2021, Milioane lei RON, 140
R+S ALTE ACTIVITATI DE SERVICII COLECTIVE  SOCIALE SI PERSONALE, Total, Harghita, Anul 2022, Milioane lei RON, 161
R+S ALTE ACTIVITATI DE SERVICII COLECTIVE  SOCIALE SI PERSONALE, Total, Harghita, Anul 2023, Milioane lei RON, 163
R+S ALTE ACTIVITATI DE SERVICII COLECTIVE  SOCIALE SI PERSONALE, Total, Harghita, Anul 2024, Milioane lei RON, 156
R+S ALTE ACTIVITATI DE SERVICII COLECTIVE  SOCIALE SI PERSONALE, Total, Mures, Anul 2008, Milioane lei RON, 226
R+S ALTE ACTIVITATI DE SERVICII COLECTIVE  SOCIALE SI PERSONALE, Total, Mures, Anul 2009, Milioane lei RON, 238
R+S ALTE ACTIVITATI DE SERVICII COLECTIVE  SOCIALE SI PERSONALE, Total, Mures, Anul 2010, Milioane lei RON, 269
R+S ALTE ACTIVITATI DE SERVICII COLECTIVE  SOCIALE SI PERSONALE, Total, Mures, Anul 2011, Milioane lei RON, 297
R+S ALTE ACTIVITATI DE SERVICII COLECTIVE  SOCIALE SI PERSONALE, Total, Mures, Anul 2012, Milioane lei RON, 332
R+S ALTE ACTIVITATI DE SERVICII COLECTIVE  SOCIALE SI PERSONALE, Total, Mures, Anul 2013, Milioane lei RON, 330
R+S ALTE ACTIVITATI DE SERVICII COLECTIVE  SOCIALE SI PERSONALE, Total, Mures, Anul 2014, Milioane lei RON, 257
R+S ALTE ACTIVITATI DE SERVICII COLECTIVE  SOCIALE SI PERSONALE, Total, Mures, Anul 2015, Milioane lei RON, 272
R+S ALTE ACTIVITATI DE SERVICII COLECTIVE  SOCIALE SI PERSONALE, Total, Mures, Anul 2016, Milioane lei RON, 235
R+S ALTE ACTIVITATI DE SERVICII COLECTIVE  SOCIALE SI PERSONALE, Total, Mures, Anul 2017, Milioane lei RON, 331
R+S ALTE ACTIVITATI DE SERVICII COLECTIVE  SOCIALE SI PERSONALE, Total, Mures, Anul 2018, Milioane lei RON, 392
R+S ALTE ACTIVITATI DE SERVICII COLECTIVE  SOCIALE SI PERSONALE, Total, Mures, Anul 2019, Milioane lei RON, 491
R+S ALTE ACTIVITATI DE SERVICII COLECTIVE  SOCIALE SI PERSONALE, Total, Mures, Anul 2020, Milioane lei RON, 358
R+S ALTE ACTIVITATI DE SERVICII COLECTIVE  SOCIALE SI PERSONALE, Total, Mures, Anul 2021, Milioane lei RON, 514
R+S ALTE ACTIVITATI DE SERVICII COLECTIVE  SOCIALE SI PERSONALE, Total, Mures, Anul 2022, Milioane lei RON, 643
R+S ALTE ACTIVITATI DE SERVICII COLECTIVE  SOCIALE SI PERSONALE, Total, Mures, Anul 2023, Milioane lei RON, 680
R+S ALTE ACTIVITATI DE SERVICII COLECTIVE  SOCIALE SI PERSONALE, Total, Mures, Anul 2024, Milioane lei RON, 552
R+S ALTE ACTIVITATI DE SERVICII COLECTIVE  SOCIALE SI PERSONALE, Total, Sibiu, Anul 2008, Milioane lei RON, 173
R+S ALTE ACTIVITATI DE SERVICII COLECTIVE  SOCIALE SI PERSONALE, Total, Sibiu, Anul 2009, Milioane lei RON, 168
R+S ALTE ACTIVITATI DE SERVICII COLECTIVE  SOCIALE SI PERSONALE, Total, Sibiu, Anul 2010, Milioane lei RON, 132
R+S ALTE ACTIVITATI DE SERVICII COLECTIVE  SOCIALE SI PERSONALE, Total, Sibiu, Anul 2011, Milioane lei RON, 200
R+S ALTE ACTIVITATI DE SERVICII COLECTIVE  SOCIALE SI PERSONALE, Total, Sibiu, Anul 2012, Milioane lei RON, 230
R+S ALTE ACTIVITATI DE SERVICII COLECTIVE  SOCIALE SI PERSONALE, Total, Sibiu, Anul 2013, Milioane lei RON, 179
R+S ALTE ACTIVITATI DE SERVICII COLECTIVE  SOCIALE SI PERSONALE, Total, Sibiu, Anul 2014, Milioane lei RON, 190
R+S ALTE ACTIVITATI DE SERVICII COLECTIVE  SOCIALE SI PERSONALE, Total, Sibiu, Anul 2015, Milioane lei RON, 234
R+S ALTE ACTIVITATI DE SERVICII COLECTIVE  SOCIALE SI PERSONALE, Total, Sibiu, Anul 2016, Milioane lei RON, 270
R+S ALTE ACTIVITATI DE SERVICII COLECTIVE  SOCIALE SI PERSONALE, Total, Sibiu, Anul 2017, Milioane lei RON, 437
R+S ALTE ACTIVITATI DE SERVICII COLECTIVE  SOCIALE SI PERSONALE, Total, Sibiu, Anul 2018, Milioane lei RON, 467
R+S ALTE ACTIVITATI DE SERVICII COLECTIVE  SOCIALE SI PERSONALE, Total, Sibiu, Anul 2019, Milioane lei RON, 522
R+S ALTE ACTIVITATI DE SERVICII COLECTIVE  SOCIALE SI PERSONALE, Total, Sibiu, Anul 2020, Milioane lei RON, 260
R+S ALTE ACTIVITATI DE SERVICII COLECTIVE  SOCIALE SI PERSONALE, Total, Sibiu, Anul 2021, Milioane lei RON, 417
R+S ALTE ACTIVITATI DE SERVICII COLECTIVE  SOCIALE SI PERSONALE, Total, Sibiu, Anul 2022, Milioane lei RON, 660
R+S ALTE ACTIVITATI DE SERVICII COLECTIVE  SOCIALE SI PERSONALE, Total, Sibiu, Anul 2023, Milioane lei RON, 682
R+S ALTE ACTIVITATI DE SERVICII COLECTIVE  SOCIALE SI PERSONALE, Total, Sibiu, Anul 2024, Milioane lei RON, 708
R+S ALTE ACTIVITATI DE SERVICII COLECTIVE  SOCIALE SI PERSONALE, Total, Bacau, Anul 2008, Milioane lei RON, 97
R+S ALTE ACTIVITATI DE SERVICII COLECTIVE  SOCIALE SI PERSONALE, Total, Bacau, Anul 2009, Milioane lei RON, 137
R+S ALTE ACTIVITATI DE SERVICII COLECTIVE  SOCIALE SI PERSONALE, Total, Bacau, Anul 2010, Milioane lei RON, 157
R+S ALTE ACTIVITATI DE SERVICII COLECTIVE  SOCIALE SI PERSONALE, Total, Bacau, Anul 2011, Milioane lei RON, 117
R+S ALTE ACTIVITATI DE SERVICII COLECTIVE  SOCIALE SI PERSONALE, Total, Bacau, Anul 2012, Milioane lei RON, 120
R+S ALTE ACTIVITATI DE SERVICII COLECTIVE  SOCIALE SI PERSONALE, Total, Bacau, Anul 2013, Milioane lei RON, 84
R+S ALTE ACTIVITATI DE SERVICII COLECTIVE  SOCIALE SI PERSONALE, Total, Bacau, Anul 2014, Milioane lei RON, 88
R+S ALTE ACTIVITATI DE SERVICII COLECTIVE  SOCIALE SI PERSONALE, Total, Bacau, Anul 2015, Milioane lei RON, 162
R+S ALTE ACTIVITATI DE SERVICII COLECTIVE  SOCIALE SI PERSONALE, Total, Bacau, Anul 2016, Milioane lei RON, 155
R+S ALTE ACTIVITATI DE SERVICII COLECTIVE  SOCIALE SI PERSONALE, Total, Bacau, Anul 2017, Milioane lei RON, 203
R+S ALTE ACTIVITATI DE SERVICII COLECTIVE  SOCIALE SI PERSONALE, Total, Bacau, Anul 2018, Milioane lei RON, 252
R+S ALTE ACTIVITATI DE SERVICII COLECTIVE  SOCIALE SI PERSONALE, Total, Bacau, Anul 2019, Milioane lei RON, 220
R+S ALTE ACTIVITATI DE SERVICII COLECTIVE  SOCIALE SI PERSONALE, Total, Bacau, Anul 2020, Milioane lei RON, 158
R+S ALTE ACTIVITATI DE SERVICII COLECTIVE  SOCIALE SI PERSONALE, Total, Bacau, Anul 2021, Milioane lei RON, 206
R+S ALTE ACTIVITATI DE SERVICII COLECTIVE  SOCIALE SI PERSONALE, Total, Bacau, Anul 2022, Milioane lei RON, 289
R+S ALTE ACTIVITATI DE SERVICII COLECTIVE  SOCIALE SI PERSONALE, Total, Bacau, Anul 2023, Milioane lei RON, 311
R+S ALTE ACTIVITATI DE SERVICII COLECTIVE  SOCIALE SI PERSONALE, Total, Bacau, Anul 2024, Milioane lei RON, 351
R+S ALTE ACTIVITATI DE SERVICII COLECTIVE  SOCIALE SI PERSONALE, Total, Botosani, Anul 2008, Milioane lei RON, 70
R+S ALTE ACTIVITATI DE SERVICII COLECTIVE  SOCIALE SI PERSONALE, Total, Botosani, Anul 2009, Milioane lei RON, 72
R+S ALTE ACTIVITATI DE SERVICII COLECTIVE  SOCIALE SI PERSONALE, Total, Botosani, Anul 2010, Milioane lei RON, 71
R+S ALTE ACTIVITATI DE SERVICII COLECTIVE  SOCIALE SI PERSONALE, Total, Botosani, Anul 2011, Milioane lei RON, 74
R+S ALTE ACTIVITATI DE SERVICII COLECTIVE  SOCIALE SI PERSONALE, Total, Botosani, Anul 2012, Milioane lei RON, 78
R+S ALTE ACTIVITATI DE SERVICII COLECTIVE  SOCIALE SI PERSONALE, Total, Botosani, Anul 2013, Milioane lei RON, 76
R+S ALTE ACTIVITATI DE SERVICII COLECTIVE  SOCIALE SI PERSONALE, Total, Botosani, Anul 2014, Milioane lei RON, 79
R+S ALTE ACTIVITATI DE SERVICII COLECTIVE  SOCIALE SI PERSONALE, Total, Botosani, Anul 2015, Milioane lei RON, 88
R+S ALTE ACTIVITATI DE SERVICII COLECTIVE  SOCIALE SI PERSONALE, Total, Botosani, Anul 2016, Milioane lei RON, 87
R+S ALTE ACTIVITATI DE SERVICII COLECTIVE  SOCIALE SI PERSONALE, Total, Botosani, Anul 2017, Milioane lei RON, 128
R+S ALTE ACTIVITATI DE SERVICII COLECTIVE  SOCIALE SI PERSONALE, Total, Botosani, Anul 2018, Milioane lei RON, 78
R+S ALTE ACTIVITATI DE SERVICII COLECTIVE  SOCIALE SI PERSONALE, Total, Botosani, Anul 2019, Milioane lei RON, 86
R+S ALTE ACTIVITATI DE SERVICII COLECTIVE  SOCIALE SI PERSONALE, Total, Botosani, Anul 2020, Milioane lei RON, 62
R+S ALTE ACTIVITATI DE SERVICII COLECTIVE  SOCIALE SI PERSONALE, Total, Botosani, Anul 2021, Milioane lei RON, 96
R+S ALTE ACTIVITATI DE SERVICII COLECTIVE  SOCIALE SI PERSONALE, Total, Botosani, Anul 2022, Milioane lei RON, 122
R+S ALTE ACTIVITATI DE SERVICII COLECTIVE  SOCIALE SI PERSONALE, Total, Botosani, Anul 2023, Milioane lei RON, 115
R+S ALTE ACTIVITATI DE SERVICII COLECTIVE  SOCIALE SI PERSONALE, Total, Botosani, Anul 2024, Milioane lei RON, 141
R+S ALTE ACTIVITATI DE SERVICII COLECTIVE  SOCIALE SI PERSONALE, Total, Iasi, Anul 2008, Milioane lei RON, 199
R+S ALTE ACTIVITATI DE SERVICII COLECTIVE  SOCIALE SI PERSONALE, Total, Iasi, Anul 2009, Milioane lei RON, 196
R+S ALTE ACTIVITATI DE SERVICII COLECTIVE  SOCIALE SI PERSONALE, Total, Iasi, Anul 2010, Milioane lei RON, 197
R+S ALTE ACTIVITATI DE SERVICII COLECTIVE  SOCIALE SI PERSONALE, Total, Iasi, Anul 2011, Milioane lei RON, 194
R+S ALTE ACTIVITATI DE SERVICII COLECTIVE  SOCIALE SI PERSONALE, Total, Iasi, Anul 2012, Milioane lei RON, 273
R+S ALTE ACTIVITATI DE SERVICII COLECTIVE  SOCIALE SI PERSONALE, Total, Iasi, Anul 2013, Milioane lei RON, 228
R+S ALTE ACTIVITATI DE SERVICII COLECTIVE  SOCIALE SI PERSONALE, Total, Iasi, Anul 2014, Milioane lei RON, 301
R+S ALTE ACTIVITATI DE SERVICII COLECTIVE  SOCIALE SI PERSONALE, Total, Iasi, Anul 2015, Milioane lei RON, 411
R+S ALTE ACTIVITATI DE SERVICII COLECTIVE  SOCIALE SI PERSONALE, Total, Iasi, Anul 2016, Milioane lei RON, 417
R+S ALTE ACTIVITATI DE SERVICII COLECTIVE  SOCIALE SI PERSONALE, Total, Iasi, Anul 2017, Milioane lei RON, 374
R+S ALTE ACTIVITATI DE SERVICII COLECTIVE  SOCIALE SI PERSONALE, Total, Iasi, Anul 2018, Milioane lei RON, 433
R+S ALTE ACTIVITATI DE SERVICII COLECTIVE  SOCIALE SI PERSONALE, Total, Iasi, Anul 2019, Milioane lei RON, 576
R+S ALTE ACTIVITATI DE SERVICII COLECTIVE  SOCIALE SI PERSONALE, Total, Iasi, Anul 2020, Milioane lei RON, 452
R+S ALTE ACTIVITATI DE SERVICII COLECTIVE  SOCIALE SI PERSONALE, Total, Iasi, Anul 2021, Milioane lei RON, 599
R+S ALTE ACTIVITATI DE SERVICII COLECTIVE  SOCIALE SI PERSONALE, Total, Iasi, Anul 2022, Milioane lei RON, 717
R+S ALTE ACTIVITATI DE SERVICII COLECTIVE  SOCIALE SI PERSONALE, Total, Iasi, Anul 2023, Milioane lei RON, 676
R+S ALTE ACTIVITATI DE SERVICII COLECTIVE  SOCIALE SI PERSONALE, Total, Iasi, Anul 2024, Milioane lei RON, 740
R+S ALTE ACTIVITATI DE SERVICII COLECTIVE  SOCIALE SI PERSONALE, Total, Neamt, Anul 2008, Milioane lei RON, 75
R+S ALTE ACTIVITATI DE SERVICII COLECTIVE  SOCIALE SI PERSONALE, Total, Neamt, Anul 2009, Milioane lei RON, 73
R+S ALTE ACTIVITATI DE SERVICII COLECTIVE  SOCIALE SI PERSONALE, Total, Neamt, Anul 2010, Milioane lei RON, 145
R+S ALTE ACTIVITATI DE SERVICII COLECTIVE  SOCIALE SI PERSONALE, Total, Neamt, Anul 2011, Milioane lei RON, 145
R+S ALTE ACTIVITATI DE SERVICII COLECTIVE  SOCIALE SI PERSONALE, Total, Neamt, Anul 2012, Milioane lei RON, 124
R+S ALTE ACTIVITATI DE SERVICII COLECTIVE  SOCIALE SI PERSONALE, Total, Neamt, Anul 2013, Milioane lei RON, 134
R+S ALTE ACTIVITATI DE SERVICII COLECTIVE  SOCIALE SI PERSONALE, Total, Neamt, Anul 2014, Milioane lei RON, 174
R+S ALTE ACTIVITATI DE SERVICII COLECTIVE  SOCIALE SI PERSONALE, Total, Neamt, Anul 2015, Milioane lei RON, 137
R+S ALTE ACTIVITATI DE SERVICII COLECTIVE  SOCIALE SI PERSONALE, Total, Neamt, Anul 2016, Milioane lei RON, 136
R+S ALTE ACTIVITATI DE SERVICII COLECTIVE  SOCIALE SI PERSONALE, Total, Neamt, Anul 2017, Milioane lei RON, 150
R+S ALTE ACTIVITATI DE SERVICII COLECTIVE  SOCIALE SI PERSONALE, Total, Neamt, Anul 2018, Milioane lei RON, 170
R+S ALTE ACTIVITATI DE SERVICII COLECTIVE  SOCIALE SI PERSONALE, Total, Neamt, Anul 2019, Milioane lei RON, 189
R+S ALTE ACTIVITATI DE SERVICII COLECTIVE  SOCIALE SI PERSONALE, Total, Neamt, Anul 2020, Milioane lei RON, 141
R+S ALTE ACTIVITATI DE SERVICII COLECTIVE  SOCIALE SI PERSONALE, Total, Neamt, Anul 2021, Milioane lei RON, 197
R+S ALTE ACTIVITATI DE SERVICII COLECTIVE  SOCIALE SI PERSONALE, Total, Neamt, Anul 2022, Milioane lei RON, 256
R+S ALTE ACTIVITATI DE SERVICII COLECTIVE  SOCIALE SI PERSONALE, Total, Neamt, Anul 2023, Milioane lei RON, 300
R+S ALTE ACTIVITATI DE SERVICII COLECTIVE  SOCIALE SI PERSONALE, Total, Neamt, Anul 2024, Milioane lei RON, 307
R+S ALTE ACTIVITATI DE SERVICII COLECTIVE  SOCIALE SI PERSONALE, Total, Suceava, Anul 2008, Milioane lei RON, 105
R+S ALTE ACTIVITATI DE SERVICII COLECTIVE  SOCIALE SI PERSONALE, Total, Suceava, Anul 2009, Milioane lei RON, 107
R+S ALTE ACTIVITATI DE SERVICII COLECTIVE  SOCIALE SI PERSONALE, Total, Suceava, Anul 2010, Milioane lei RON, 93
R+S ALTE ACTIVITATI DE SERVICII COLECTIVE  SOCIALE SI PERSONALE, Total, Suceava, Anul 2011, Milioane lei RON, 107
R+S ALTE ACTIVITATI DE SERVICII COLECTIVE  SOCIALE SI PERSONALE, Total, Suceava, Anul 2012, Milioane lei RON, 108
R+S ALTE ACTIVITATI DE SERVICII COLECTIVE  SOCIALE SI PERSONALE, Total, Suceava, Anul 2013, Milioane lei RON, 127
R+S ALTE ACTIVITATI DE SERVICII COLECTIVE  SOCIALE SI PERSONALE, Total, Suceava, Anul 2014, Milioane lei RON, 143
R+S ALTE ACTIVITATI DE SERVICII COLECTIVE  SOCIALE SI PERSONALE, Total, Suceava, Anul 2015, Milioane lei RON, 140
R+S ALTE ACTIVITATI DE SERVICII COLECTIVE  SOCIALE SI PERSONALE, Total, Suceava, Anul 2016, Milioane lei RON, 177
R+S ALTE ACTIVITATI DE SERVICII COLECTIVE  SOCIALE SI PERSONALE, Total, Suceava, Anul 2017, Milioane lei RON, 205
R+S ALTE ACTIVITATI DE SERVICII COLECTIVE  SOCIALE SI PERSONALE, Total, Suceava, Anul 2018, Milioane lei RON, 219
R+S ALTE ACTIVITATI DE SERVICII COLECTIVE  SOCIALE SI PERSONALE, Total, Suceava, Anul 2019, Milioane lei RON, 247
R+S ALTE ACTIVITATI DE SERVICII COLECTIVE  SOCIALE SI PERSONALE, Total, Suceava, Anul 2020, Milioane lei RON, 175
R+S ALTE ACTIVITATI DE SERVICII COLECTIVE  SOCIALE SI PERSONALE, Total, Suceava, Anul 2021, Milioane lei RON, 248
R+S ALTE ACTIVITATI DE SERVICII COLECTIVE  SOCIALE SI PERSONALE, Total, Suceava, Anul 2022, Milioane lei RON, 304
R+S ALTE ACTIVITATI DE SERVICII COLECTIVE  SOCIALE SI PERSONALE, Total, Suceava, Anul 2023, Milioane lei RON, 343
R+S ALTE ACTIVITATI DE SERVICII COLECTIVE  SOCIALE SI PERSONALE, Total, Suceava, Anul 2024, Milioane lei RON, 370
R+S ALTE ACTIVITATI DE SERVICII COLECTIVE  SOCIALE SI PERSONALE, Total, Vaslui, Anul 2008, Milioane lei RON, 92
R+S ALTE ACTIVITATI DE SERVICII COLECTIVE  SOCIALE SI PERSONALE, Total, Vaslui, Anul 2009, Milioane lei RON, 137
R+S ALTE ACTIVITATI DE SERVICII COLECTIVE  SOCIALE SI PERSONALE, Total, Vaslui, Anul 2010, Milioane lei RON, 154
R+S ALTE ACTIVITATI DE SERVICII COLECTIVE  SOCIALE SI PERSONALE, Total, Vaslui, Anul 2011, Milioane lei RON, 146
R+S ALTE ACTIVITATI DE SERVICII COLECTIVE  SOCIALE SI PERSONALE, Total, Vaslui, Anul 2012, Milioane lei RON, 129
R+S ALTE ACTIVITATI DE SERVICII COLECTIVE  SOCIALE SI PERSONALE, Total, Vaslui, Anul 2013, Milioane lei RON, 142
R+S ALTE ACTIVITATI DE SERVICII COLECTIVE  SOCIALE SI PERSONALE, Total, Vaslui, Anul 2014, Milioane lei RON, 205
R+S ALTE ACTIVITATI DE SERVICII COLECTIVE  SOCIALE SI PERSONALE, Total, Vaslui, Anul 2015, Milioane lei RON, 87
R+S ALTE ACTIVITATI DE SERVICII COLECTIVE  SOCIALE SI PERSONALE, Total, Vaslui, Anul 2016, Milioane lei RON, 84
R+S ALTE ACTIVITATI DE SERVICII COLECTIVE  SOCIALE SI PERSONALE, Total, Vaslui, Anul 2017, Milioane lei RON, 114
R+S ALTE ACTIVITATI DE SERVICII COLECTIVE  SOCIALE SI PERSONALE, Total, Vaslui, Anul 2018, Milioane lei RON, 175
R+S ALTE ACTIVITATI DE SERVICII COLECTIVE  SOCIALE SI PERSONALE, Total, Vaslui, Anul 2019, Milioane lei RON, 223
R+S ALTE ACTIVITATI DE SERVICII COLECTIVE  SOCIALE SI PERSONALE, Total, Vaslui, Anul 2020, Milioane lei RON, 154
R+S ALTE ACTIVITATI DE SERVICII COLECTIVE  SOCIALE SI PERSONALE, Total, Vaslui, Anul 2021, Milioane lei RON, 243
R+S ALTE ACTIVITATI DE SERVICII COLECTIVE  SOCIALE SI PERSONALE, Total, Vaslui, Anul 2022, Milioane lei RON, 290
R+S ALTE ACTIVITATI DE SERVICII COLECTIVE  SOCIALE SI PERSONALE, Total, Vaslui, Anul 2023, Milioane lei RON, 292
R+S ALTE ACTIVITATI DE SERVICII COLECTIVE  SOCIALE SI PERSONALE, Total, Vaslui, Anul 2024, Milioane lei RON, 238
R+S ALTE ACTIVITATI DE SERVICII COLECTIVE  SOCIALE SI PERSONALE, Total, Braila, Anul 2008, Milioane lei RON, 78
R+S ALTE ACTIVITATI DE SERVICII COLECTIVE  SOCIALE SI PERSONALE, Total, Braila, Anul 2009, Milioane lei RON, 77
R+S ALTE ACTIVITATI DE SERVICII COLECTIVE  SOCIALE SI PERSONALE, Total, Braila, Anul 2010, Milioane lei RON, 85
R+S ALTE ACTIVITATI DE SERVICII COLECTIVE  SOCIALE SI PERSONALE, Total, Braila, Anul 2011, Milioane lei RON, 103
R+S ALTE ACTIVITATI DE SERVICII COLECTIVE  SOCIALE SI PERSONALE, Total, Braila, Anul 2012, Milioane lei RON, 109
R+S ALTE ACTIVITATI DE SERVICII COLECTIVE  SOCIALE SI PERSONALE, Total, Braila, Anul 2013, Milioane lei RON, 127
R+S ALTE ACTIVITATI DE SERVICII COLECTIVE  SOCIALE SI PERSONALE, Total, Braila, Anul 2014, Milioane lei RON, 115
R+S ALTE ACTIVITATI DE SERVICII COLECTIVE  SOCIALE SI PERSONALE, Total, Braila, Anul 2015, Milioane lei RON, 110
R+S ALTE ACTIVITATI DE SERVICII COLECTIVE  SOCIALE SI PERSONALE, Total, Braila, Anul 2016, Milioane lei RON, 133
R+S ALTE ACTIVITATI DE SERVICII COLECTIVE  SOCIALE SI PERSONALE, Total, Braila, Anul 2017, Milioane lei RON, 136
R+S ALTE ACTIVITATI DE SERVICII COLECTIVE  SOCIALE SI PERSONALE, Total, Braila, Anul 2018, Milioane lei RON, 148
R+S ALTE ACTIVITATI DE SERVICII COLECTIVE  SOCIALE SI PERSONALE, Total, Braila, Anul 2019, Milioane lei RON, 148
R+S ALTE ACTIVITATI DE SERVICII COLECTIVE  SOCIALE SI PERSONALE, Total, Braila, Anul 2020, Milioane lei RON, 78
R+S ALTE ACTIVITATI DE SERVICII COLECTIVE  SOCIALE SI PERSONALE, Total, Braila, Anul 2021, Milioane lei RON, 105
R+S ALTE ACTIVITATI DE SERVICII COLECTIVE  SOCIALE SI PERSONALE, Total, Braila, Anul 2022, Milioane lei RON, 123
R+S ALTE ACTIVITATI DE SERVICII COLECTIVE  SOCIALE SI PERSONALE, Total, Braila, Anul 2023, Milioane lei RON, 111
R+S ALTE ACTIVITATI DE SERVICII COLECTIVE  SOCIALE SI PERSONALE, Total, Braila, Anul 2024, Milioane lei RON, 111
R+S ALTE ACTIVITATI DE SERVICII COLECTIVE  SOCIALE SI PERSONALE, Total, Buzau, Anul 2008, Milioane lei RON, 53
R+S ALTE ACTIVITATI DE SERVICII COLECTIVE  SOCIALE SI PERSONALE, Total, Buzau, Anul 2009, Milioane lei RON, 54
R+S ALTE ACTIVITATI DE SERVICII COLECTIVE  SOCIALE SI PERSONALE, Total, Buzau, Anul 2010, Milioane lei RON, 45
R+S ALTE ACTIVITATI DE SERVICII COLECTIVE  SOCIALE SI PERSONALE, Total, Buzau, Anul 2011, Milioane lei RON, 51
R+S ALTE ACTIVITATI DE SERVICII COLECTIVE  SOCIALE SI PERSONALE, Total, Buzau, Anul 2012, Milioane lei RON, 46
R+S ALTE ACTIVITATI DE SERVICII COLECTIVE  SOCIALE SI PERSONALE, Total, Buzau, Anul 2013, Milioane lei RON, 77
R+S ALTE ACTIVITATI DE SERVICII COLECTIVE  SOCIALE SI PERSONALE, Total, Buzau, Anul 2014, Milioane lei RON, 58
R+S ALTE ACTIVITATI DE SERVICII COLECTIVE  SOCIALE SI PERSONALE, Total, Buzau, Anul 2015, Milioane lei RON, 77
R+S ALTE ACTIVITATI DE SERVICII COLECTIVE  SOCIALE SI PERSONALE, Total, Buzau, Anul 2016, Milioane lei RON, 74
R+S ALTE ACTIVITATI DE SERVICII COLECTIVE  SOCIALE SI PERSONALE, Total, Buzau, Anul 2017, Milioane lei RON, 105
R+S ALTE ACTIVITATI DE SERVICII COLECTIVE  SOCIALE SI PERSONALE, Total, Buzau, Anul 2018, Milioane lei RON, 164
R+S ALTE ACTIVITATI DE SERVICII COLECTIVE  SOCIALE SI PERSONALE, Total, Buzau, Anul 2019, Milioane lei RON, 268
R+S ALTE ACTIVITATI DE SERVICII COLECTIVE  SOCIALE SI PERSONALE, Total, Buzau, Anul 2020, Milioane lei RON, 188
R+S ALTE ACTIVITATI DE SERVICII COLECTIVE  SOCIALE SI PERSONALE, Total, Buzau, Anul 2021, Milioane lei RON, 256
R+S ALTE ACTIVITATI DE SERVICII COLECTIVE  SOCIALE SI PERSONALE, Total, Buzau, Anul 2022, Milioane lei RON, 232
R+S ALTE ACTIVITATI DE SERVICII COLECTIVE  SOCIALE SI PERSONALE, Total, Buzau, Anul 2023, Milioane lei RON, 179
R+S ALTE ACTIVITATI DE SERVICII COLECTIVE  SOCIALE SI PERSONALE, Total, Buzau, Anul 2024, Milioane lei RON, 192
R+S ALTE ACTIVITATI DE SERVICII COLECTIVE  SOCIALE SI PERSONALE, Total, Constanta, Anul 2008, Milioane lei RON, 303
R+S ALTE ACTIVITATI DE SERVICII COLECTIVE  SOCIALE SI PERSONALE, Total, Constanta, Anul 2009, Milioane lei RON, 327
R+S ALTE ACTIVITATI DE SERVICII COLECTIVE  SOCIALE SI PERSONALE, Total, Constanta, Anul 2010, Milioane lei RON, 333
R+S ALTE ACTIVITATI DE SERVICII COLECTIVE  SOCIALE SI PERSONALE, Total, Constanta, Anul 2011, Milioane lei RON, 311
R+S ALTE ACTIVITATI DE SERVICII COLECTIVE  SOCIALE SI PERSONALE, Total, Constanta, Anul 2012, Milioane lei RON, 335
R+S ALTE ACTIVITATI DE SERVICII COLECTIVE  SOCIALE SI PERSONALE, Total, Constanta, Anul 2013, Milioane lei RON, 322
R+S ALTE ACTIVITATI DE SERVICII COLECTIVE  SOCIALE SI PERSONALE, Total, Constanta, Anul 2014, Milioane lei RON, 361
R+S ALTE ACTIVITATI DE SERVICII COLECTIVE  SOCIALE SI PERSONALE, Total, Constanta, Anul 2015, Milioane lei RON, 456
R+S ALTE ACTIVITATI DE SERVICII COLECTIVE  SOCIALE SI PERSONALE, Total, Constanta, Anul 2016, Milioane lei RON, 531
R+S ALTE ACTIVITATI DE SERVICII COLECTIVE  SOCIALE SI PERSONALE, Total, Constanta, Anul 2017, Milioane lei RON, 542
R+S ALTE ACTIVITATI DE SERVICII COLECTIVE  SOCIALE SI PERSONALE, Total, Constanta, Anul 2018, Milioane lei RON, 672
R+S ALTE ACTIVITATI DE SERVICII COLECTIVE  SOCIALE SI PERSONALE, Total, Constanta, Anul 2019, Milioane lei RON, 592
R+S ALTE ACTIVITATI DE SERVICII COLECTIVE  SOCIALE SI PERSONALE, Total, Constanta, Anul 2020, Milioane lei RON, 439
R+S ALTE ACTIVITATI DE SERVICII COLECTIVE  SOCIALE SI PERSONALE, Total, Constanta, Anul 2021, Milioane lei RON, 683
R+S ALTE ACTIVITATI DE SERVICII COLECTIVE  SOCIALE SI PERSONALE, Total, Constanta, Anul 2022, Milioane lei RON, 829
R+S ALTE ACTIVITATI DE SERVICII COLECTIVE  SOCIALE SI PERSONALE, Total, Constanta, Anul 2023, Milioane lei RON, 952
R+S ALTE ACTIVITATI DE SERVICII COLECTIVE  SOCIALE SI PERSONALE, Total, Constanta, Anul 2024, Milioane lei RON, 995
R+S ALTE ACTIVITATI DE SERVICII COLECTIVE  SOCIALE SI PERSONALE, Total, Galati, Anul 2008, Milioane lei RON, 190
R+S ALTE ACTIVITATI DE SERVICII COLECTIVE  SOCIALE SI PERSONALE, Total, Galati, Anul 2009, Milioane lei RON, 169
R+S ALTE ACTIVITATI DE SERVICII COLECTIVE  SOCIALE SI PERSONALE, Total, Galati, Anul 2010, Milioane lei RON, 178
R+S ALTE ACTIVITATI DE SERVICII COLECTIVE  SOCIALE SI PERSONALE, Total, Galati, Anul 2011, Milioane lei RON, 207
R+S ALTE ACTIVITATI DE SERVICII COLECTIVE  SOCIALE SI PERSONALE, Total, Galati, Anul 2012, Milioane lei RON, 213
R+S ALTE ACTIVITATI DE SERVICII COLECTIVE  SOCIALE SI PERSONALE, Total, Galati, Anul 2013, Milioane lei RON, 213
R+S ALTE ACTIVITATI DE SERVICII COLECTIVE  SOCIALE SI PERSONALE, Total, Galati, Anul 2014, Milioane lei RON, 192
R+S ALTE ACTIVITATI DE SERVICII COLECTIVE  SOCIALE SI PERSONALE, Total, Galati, Anul 2015, Milioane lei RON, 194
R+S ALTE ACTIVITATI DE SERVICII COLECTIVE  SOCIALE SI PERSONALE, Total, Galati, Anul 2016, Milioane lei RON, 183
R+S ALTE ACTIVITATI DE SERVICII COLECTIVE  SOCIALE SI PERSONALE, Total, Galati, Anul 2017, Milioane lei RON, 196
R+S ALTE ACTIVITATI DE SERVICII COLECTIVE  SOCIALE SI PERSONALE, Total, Galati, Anul 2018, Milioane lei RON, 232
R+S ALTE ACTIVITATI DE SERVICII COLECTIVE  SOCIALE SI PERSONALE, Total, Galati, Anul 2019, Milioane lei RON, 258
R+S ALTE ACTIVITATI DE SERVICII COLECTIVE  SOCIALE SI PERSONALE, Total, Galati, Anul 2020, Milioane lei RON, 188
R+S ALTE ACTIVITATI DE SERVICII COLECTIVE  SOCIALE SI PERSONALE, Total, Galati, Anul 2021, Milioane lei RON, 245
R+S ALTE ACTIVITATI DE SERVICII COLECTIVE  SOCIALE SI PERSONALE, Total, Galati, Anul 2022, Milioane lei RON, 304
R+S ALTE ACTIVITATI DE SERVICII COLECTIVE  SOCIALE SI PERSONALE, Total, Galati, Anul 2023, Milioane lei RON, 297
R+S ALTE ACTIVITATI DE SERVICII COLECTIVE  SOCIALE SI PERSONALE, Total, Galati, Anul 2024, Milioane lei RON, 288
R+S ALTE ACTIVITATI DE SERVICII COLECTIVE  SOCIALE SI PERSONALE, Total, Tulcea, Anul 2008, Milioane lei RON, 40
R+S ALTE ACTIVITATI DE SERVICII COLECTIVE  SOCIALE SI PERSONALE, Total, Tulcea, Anul 2009, Milioane lei RON, 50
R+S ALTE ACTIVITATI DE SERVICII COLECTIVE  SOCIALE SI PERSONALE, Total, Tulcea, Anul 2010, Milioane lei RON, 60
R+S ALTE ACTIVITATI DE SERVICII COLECTIVE  SOCIALE SI PERSONALE, Total, Tulcea, Anul 2011, Milioane lei RON, 58
R+S ALTE ACTIVITATI DE SERVICII COLECTIVE  SOCIALE SI PERSONALE, Total, Tulcea, Anul 2012, Milioane lei RON, 67
R+S ALTE ACTIVITATI DE SERVICII COLECTIVE  SOCIALE SI PERSONALE, Total, Tulcea, Anul 2013, Milioane lei RON, 79
R+S ALTE ACTIVITATI DE SERVICII COLECTIVE  SOCIALE SI PERSONALE, Total, Tulcea, Anul 2014, Milioane lei RON, 80
R+S ALTE ACTIVITATI DE SERVICII COLECTIVE  SOCIALE SI PERSONALE, Total, Tulcea, Anul 2015, Milioane lei RON, 89
R+S ALTE ACTIVITATI DE SERVICII COLECTIVE  SOCIALE SI PERSONALE, Total, Tulcea, Anul 2016, Milioane lei RON, 112
R+S ALTE ACTIVITATI DE SERVICII COLECTIVE  SOCIALE SI PERSONALE, Total, Tulcea, Anul 2017, Milioane lei RON, 144
R+S ALTE ACTIVITATI DE SERVICII COLECTIVE  SOCIALE SI PERSONALE, Total, Tulcea, Anul 2018, Milioane lei RON, 179
R+S ALTE ACTIVITATI DE SERVICII COLECTIVE  SOCIALE SI PERSONALE, Total, Tulcea, Anul 2019, Milioane lei RON, 179
R+S ALTE ACTIVITATI DE SERVICII COLECTIVE  SOCIALE SI PERSONALE, Total, Tulcea, Anul 2020, Milioane lei RON, 137
R+S ALTE ACTIVITATI DE SERVICII COLECTIVE  SOCIALE SI PERSONALE, Total, Tulcea, Anul 2021, Milioane lei RON, 206
R+S ALTE ACTIVITATI DE SERVICII COLECTIVE  SOCIALE SI PERSONALE, Total, Tulcea, Anul 2022, Milioane lei RON, 239
R+S ALTE ACTIVITATI DE SERVICII COLECTIVE  SOCIALE SI PERSONALE, Total, Tulcea, Anul 2023, Milioane lei RON, 97
R+S ALTE ACTIVITATI DE SERVICII COLECTIVE  SOCIALE SI PERSONALE, Total, Tulcea, Anul 2024, Milioane lei RON, 86
R+S ALTE ACTIVITATI DE SERVICII COLECTIVE  SOCIALE SI PERSONALE, Total, Vrancea, Anul 2008, Milioane lei RON, 37
R+S ALTE ACTIVITATI DE SERVICII COLECTIVE  SOCIALE SI PERSONALE, Total, Vrancea, Anul 2009, Milioane lei RON, 47
R+S ALTE ACTIVITATI DE SERVICII COLECTIVE  SOCIALE SI PERSONALE, Total, Vrancea, Anul 2010, Milioane lei RON, 40
R+S ALTE ACTIVITATI DE SERVICII COLECTIVE  SOCIALE SI PERSONALE, Total, Vrancea, Anul 2011, Milioane lei RON, 51
R+S ALTE ACTIVITATI DE SERVICII COLECTIVE  SOCIALE SI PERSONALE, Total, Vrancea, Anul 2012, Milioane lei RON, 52
R+S ALTE ACTIVITATI DE SERVICII COLECTIVE  SOCIALE SI PERSONALE, Total, Vrancea, Anul 2013, Milioane lei RON, 57
R+S ALTE ACTIVITATI DE SERVICII COLECTIVE  SOCIALE SI PERSONALE, Total, Vrancea, Anul 2014, Milioane lei RON, 41
R+S ALTE ACTIVITATI DE SERVICII COLECTIVE  SOCIALE SI PERSONALE, Total, Vrancea, Anul 2015, Milioane lei RON, 51
R+S ALTE ACTIVITATI DE SERVICII COLECTIVE  SOCIALE SI PERSONALE, Total, Vrancea, Anul 2016, Milioane lei RON, 55
R+S ALTE ACTIVITATI DE SERVICII COLECTIVE  SOCIALE SI PERSONALE, Total, Vrancea, Anul 2017, Milioane lei RON, 77
R+S ALTE ACTIVITATI DE SERVICII COLECTIVE  SOCIALE SI PERSONALE, Total, Vrancea, Anul 2018, Milioane lei RON, 88
R+S ALTE ACTIVITATI DE SERVICII COLECTIVE  SOCIALE SI PERSONALE, Total, Vrancea, Anul 2019, Milioane lei RON, 103
R+S ALTE ACTIVITATI DE SERVICII COLECTIVE  SOCIALE SI PERSONALE, Total, Vrancea, Anul 2020, Milioane lei RON, 96
R+S ALTE ACTIVITATI DE SERVICII COLECTIVE  SOCIALE SI PERSONALE, Total, Vrancea, Anul 2021, Milioane lei RON, 133
R+S ALTE ACTIVITATI DE SERVICII COLECTIVE  SOCIALE SI PERSONALE, Total, Vrancea, Anul 2022, Milioane lei RON, 163
R+S ALTE ACTIVITATI DE SERVICII COLECTIVE  SOCIALE SI PERSONALE, Total, Vrancea, Anul 2023, Milioane lei RON, 119
R+S ALTE ACTIVITATI DE SERVICII COLECTIVE  SOCIALE SI PERSONALE, Total, Vrancea, Anul 2024, Milioane lei RON, 118
R+S ALTE ACTIVITATI DE SERVICII COLECTIVE  SOCIALE SI PERSONALE, Total, Arges, Anul 2008, Milioane lei RON, 117
R+S ALTE ACTIVITATI DE SERVICII COLECTIVE  SOCIALE SI PERSONALE, Total, Arges, Anul 2009, Milioane lei RON, 169
R+S ALTE ACTIVITATI DE SERVICII COLECTIVE  SOCIALE SI PERSONALE, Total, Arges, Anul 2010, Milioane lei RON, 126
R+S ALTE ACTIVITATI DE SERVICII COLECTIVE  SOCIALE SI PERSONALE, Total, Arges, Anul 2011, Milioane lei RON, 127
R+S ALTE ACTIVITATI DE SERVICII COLECTIVE  SOCIALE SI PERSONALE, Total, Arges, Anul 2012, Milioane lei RON, 147
R+S ALTE ACTIVITATI DE SERVICII COLECTIVE  SOCIALE SI PERSONALE, Total, Arges, Anul 2013, Milioane lei RON, 181
R+S ALTE ACTIVITATI DE SERVICII COLECTIVE  SOCIALE SI PERSONALE, Total, Arges, Anul 2014, Milioane lei RON, 226
R+S ALTE ACTIVITATI DE SERVICII COLECTIVE  SOCIALE SI PERSONALE, Total, Arges, Anul 2015, Milioane lei RON, 327
R+S ALTE ACTIVITATI DE SERVICII COLECTIVE  SOCIALE SI PERSONALE, Total, Arges, Anul 2016, Milioane lei RON, 549
R+S ALTE ACTIVITATI DE SERVICII COLECTIVE  SOCIALE SI PERSONALE, Total, Arges, Anul 2017, Milioane lei RON, 610
R+S ALTE ACTIVITATI DE SERVICII COLECTIVE  SOCIALE SI PERSONALE, Total, Arges, Anul 2018, Milioane lei RON, 743
R+S ALTE ACTIVITATI DE SERVICII COLECTIVE  SOCIALE SI PERSONALE, Total, Arges, Anul 2019, Milioane lei RON, 890
R+S ALTE ACTIVITATI DE SERVICII COLECTIVE  SOCIALE SI PERSONALE, Total, Arges, Anul 2020, Milioane lei RON, 621
R+S ALTE ACTIVITATI DE SERVICII COLECTIVE  SOCIALE SI PERSONALE, Total, Arges, Anul 2021, Milioane lei RON, 1202
R+S ALTE ACTIVITATI DE SERVICII COLECTIVE  SOCIALE SI PERSONALE, Total, Arges, Anul 2022, Milioane lei RON, 1051
R+S ALTE ACTIVITATI DE SERVICII COLECTIVE  SOCIALE SI PERSONALE, Total, Arges, Anul 2023, Milioane lei RON, 669
R+S ALTE ACTIVITATI DE SERVICII COLECTIVE  SOCIALE SI PERSONALE, Total, Arges, Anul 2024, Milioane lei RON, 699
R+S ALTE ACTIVITATI DE SERVICII COLECTIVE  SOCIALE SI PERSONALE, Total, Calarasi, Anul 2008, Milioane lei RON, 21
R+S ALTE ACTIVITATI DE SERVICII COLECTIVE  SOCIALE SI PERSONALE, Total, Calarasi, Anul 2009, Milioane lei RON, 46
R+S ALTE ACTIVITATI DE SERVICII COLECTIVE  SOCIALE SI PERSONALE, Total, Calarasi, Anul 2010, Milioane lei RON, 39
R+S ALTE ACTIVITATI DE SERVICII COLECTIVE  SOCIALE SI PERSONALE, Total, Calarasi, Anul 2011, Milioane lei RON, 59
R+S ALTE ACTIVITATI DE SERVICII COLECTIVE  SOCIALE SI PERSONALE, Total, Calarasi, Anul 2012, Milioane lei RON, 68
R+S ALTE ACTIVITATI DE SERVICII COLECTIVE  SOCIALE SI PERSONALE, Total, Calarasi, Anul 2013, Milioane lei RON, 67
R+S ALTE ACTIVITATI DE SERVICII COLECTIVE  SOCIALE SI PERSONALE, Total, Calarasi, Anul 2014, Milioane lei RON, 56
R+S ALTE ACTIVITATI DE SERVICII COLECTIVE  SOCIALE SI PERSONALE, Total, Calarasi, Anul 2015, Milioane lei RON, 54
R+S ALTE ACTIVITATI DE SERVICII COLECTIVE  SOCIALE SI PERSONALE, Total, Calarasi, Anul 2016, Milioane lei RON, 57
R+S ALTE ACTIVITATI DE SERVICII COLECTIVE  SOCIALE SI PERSONALE, Total, Calarasi, Anul 2017, Milioane lei RON, 60
R+S ALTE ACTIVITATI DE SERVICII COLECTIVE  SOCIALE SI PERSONALE, Total, Calarasi, Anul 2018, Milioane lei RON, 63
R+S ALTE ACTIVITATI DE SERVICII COLECTIVE  SOCIALE SI PERSONALE, Total, Calarasi, Anul 2019, Milioane lei RON, 77
R+S ALTE ACTIVITATI DE SERVICII COLECTIVE  SOCIALE SI PERSONALE, Total, Calarasi, Anul 2020, Milioane lei RON, 62
R+S ALTE ACTIVITATI DE SERVICII COLECTIVE  SOCIALE SI PERSONALE, Total, Calarasi, Anul 2021, Milioane lei RON, 103
R+S ALTE ACTIVITATI DE SERVICII COLECTIVE  SOCIALE SI PERSONALE, Total, Calarasi, Anul 2022, Milioane lei RON, 128
R+S ALTE ACTIVITATI DE SERVICII COLECTIVE  SOCIALE SI PERSONALE, Total, Calarasi, Anul 2023, Milioane lei RON, 145
R+S ALTE ACTIVITATI DE SERVICII COLECTIVE  SOCIALE SI PERSONALE, Total, Calarasi, Anul 2024, Milioane lei RON, 84
R+S ALTE ACTIVITATI DE SERVICII COLECTIVE  SOCIALE SI PERSONALE, Total, Dambovita, Anul 2008, Milioane lei RON, 35
R+S ALTE ACTIVITATI DE SERVICII COLECTIVE  SOCIALE SI PERSONALE, Total, Dambovita, Anul 2009, Milioane lei RON, 73
R+S ALTE ACTIVITATI DE SERVICII COLECTIVE  SOCIALE SI PERSONALE, Total, Dambovita, Anul 2010, Milioane lei RON, 69
R+S ALTE ACTIVITATI DE SERVICII COLECTIVE  SOCIALE SI PERSONALE, Total, Dambovita, Anul 2011, Milioane lei RON, 67
R+S ALTE ACTIVITATI DE SERVICII COLECTIVE  SOCIALE SI PERSONALE, Total, Dambovita, Anul 2012, Milioane lei RON, 74
R+S ALTE ACTIVITATI DE SERVICII COLECTIVE  SOCIALE SI PERSONALE, Total, Dambovita, Anul 2013, Milioane lei RON, 72
R+S ALTE ACTIVITATI DE SERVICII COLECTIVE  SOCIALE SI PERSONALE, Total, Dambovita, Anul 2014, Milioane lei RON, 72
R+S ALTE ACTIVITATI DE SERVICII COLECTIVE  SOCIALE SI PERSONALE, Total, Dambovita, Anul 2015, Milioane lei RON, 108
R+S ALTE ACTIVITATI DE SERVICII COLECTIVE  SOCIALE SI PERSONALE, Total, Dambovita, Anul 2016, Milioane lei RON, 120
R+S ALTE ACTIVITATI DE SERVICII COLECTIVE  SOCIALE SI PERSONALE, Total, Dambovita, Anul 2017, Milioane lei RON, 137
R+S ALTE ACTIVITATI DE SERVICII COLECTIVE  SOCIALE SI PERSONALE, Total, Dambovita, Anul 2018, Milioane lei RON, 184
R+S ALTE ACTIVITATI DE SERVICII COLECTIVE  SOCIALE SI PERSONALE, Total, Dambovita, Anul 2019, Milioane lei RON, 197
R+S ALTE ACTIVITATI DE SERVICII COLECTIVE  SOCIALE SI PERSONALE, Total, Dambovita, Anul 2020, Milioane lei RON, 142
R+S ALTE ACTIVITATI DE SERVICII COLECTIVE  SOCIALE SI PERSONALE, Total, Dambovita, Anul 2021, Milioane lei RON, 158
R+S ALTE ACTIVITATI DE SERVICII COLECTIVE  SOCIALE SI PERSONALE, Total, Dambovita, Anul 2022, Milioane lei RON, 199
R+S ALTE ACTIVITATI DE SERVICII COLECTIVE  SOCIALE SI PERSONALE, Total, Dambovita, Anul 2023, Milioane lei RON, 276
R+S ALTE ACTIVITATI DE SERVICII COLECTIVE  SOCIALE SI PERSONALE, Total, Dambovita, Anul 2024, Milioane lei RON, 263
R+S ALTE ACTIVITATI DE SERVICII COLECTIVE  SOCIALE SI PERSONALE, Total, Giurgiu, Anul 2008, Milioane lei RON, 54
R+S ALTE ACTIVITATI DE SERVICII COLECTIVE  SOCIALE SI PERSONALE, Total, Giurgiu, Anul 2009, Milioane lei RON, 51
R+S ALTE ACTIVITATI DE SERVICII COLECTIVE  SOCIALE SI PERSONALE, Total, Giurgiu, Anul 2010, Milioane lei RON, 28
R+S ALTE ACTIVITATI DE SERVICII COLECTIVE  SOCIALE SI PERSONALE, Total, Giurgiu, Anul 2011, Milioane lei RON, 32
R+S ALTE ACTIVITATI DE SERVICII COLECTIVE  SOCIALE SI PERSONALE, Total, Giurgiu, Anul 2012, Milioane lei RON, 31
R+S ALTE ACTIVITATI DE SERVICII COLECTIVE  SOCIALE SI PERSONALE, Total, Giurgiu, Anul 2013, Milioane lei RON, 39
R+S ALTE ACTIVITATI DE SERVICII COLECTIVE  SOCIALE SI PERSONALE, Total, Giurgiu, Anul 2014, Milioane lei RON, 37
R+S ALTE ACTIVITATI DE SERVICII COLECTIVE  SOCIALE SI PERSONALE, Total, Giurgiu, Anul 2015, Milioane lei RON, 33
R+S ALTE ACTIVITATI DE SERVICII COLECTIVE  SOCIALE SI PERSONALE, Total, Giurgiu, Anul 2016, Milioane lei RON, 32
R+S ALTE ACTIVITATI DE SERVICII COLECTIVE  SOCIALE SI PERSONALE, Total, Giurgiu, Anul 2017, Milioane lei RON, 101
R+S ALTE ACTIVITATI DE SERVICII COLECTIVE  SOCIALE SI PERSONALE, Total, Giurgiu, Anul 2018, Milioane lei RON, 63
R+S ALTE ACTIVITATI DE SERVICII COLECTIVE  SOCIALE SI PERSONALE, Total, Giurgiu, Anul 2019, Milioane lei RON, 120
R+S ALTE ACTIVITATI DE SERVICII COLECTIVE  SOCIALE SI PERSONALE, Total, Giurgiu, Anul 2020, Milioane lei RON, 32
R+S ALTE ACTIVITATI DE SERVICII COLECTIVE  SOCIALE SI PERSONALE, Total, Giurgiu, Anul 2021, Milioane lei RON, 293
R+S ALTE ACTIVITATI DE SERVICII COLECTIVE  SOCIALE SI PERSONALE, Total, Giurgiu, Anul 2022, Milioane lei RON, 332
R+S ALTE ACTIVITATI DE SERVICII COLECTIVE  SOCIALE SI PERSONALE, Total, Giurgiu, Anul 2023, Milioane lei RON, 324
R+S ALTE ACTIVITATI DE SERVICII COLECTIVE  SOCIALE SI PERSONALE, Total, Giurgiu, Anul 2024, Milioane lei RON, 312
R+S ALTE ACTIVITATI DE SERVICII COLECTIVE  SOCIALE SI PERSONALE, Total, Ialomita, Anul 2008, Milioane lei RON, 33
R+S ALTE ACTIVITATI DE SERVICII COLECTIVE  SOCIALE SI PERSONALE, Total, Ialomita, Anul 2009, Milioane lei RON, 44
R+S ALTE ACTIVITATI DE SERVICII COLECTIVE  SOCIALE SI PERSONALE, Total, Ialomita, Anul 2010, Milioane lei RON, 149
R+S ALTE ACTIVITATI DE SERVICII COLECTIVE  SOCIALE SI PERSONALE, Total, Ialomita, Anul 2011, Milioane lei RON, 42
R+S ALTE ACTIVITATI DE SERVICII COLECTIVE  SOCIALE SI PERSONALE, Total, Ialomita, Anul 2012, Milioane lei RON, 40
R+S ALTE ACTIVITATI DE SERVICII COLECTIVE  SOCIALE SI PERSONALE, Total, Ialomita, Anul 2013, Milioane lei RON, 42
R+S ALTE ACTIVITATI DE SERVICII COLECTIVE  SOCIALE SI PERSONALE, Total, Ialomita, Anul 2014, Milioane lei RON, 33
R+S ALTE ACTIVITATI DE SERVICII COLECTIVE  SOCIALE SI PERSONALE, Total, Ialomita, Anul 2015, Milioane lei RON, 34
R+S ALTE ACTIVITATI DE SERVICII COLECTIVE  SOCIALE SI PERSONALE, Total, Ialomita, Anul 2016, Milioane lei RON, 27
R+S ALTE ACTIVITATI DE SERVICII COLECTIVE  SOCIALE SI PERSONALE, Total, Ialomita, Anul 2017, Milioane lei RON, 33
R+S ALTE ACTIVITATI DE SERVICII COLECTIVE  SOCIALE SI PERSONALE, Total, Ialomita, Anul 2018, Milioane lei RON, 42
R+S ALTE ACTIVITATI DE SERVICII COLECTIVE  SOCIALE SI PERSONALE, Total, Ialomita, Anul 2019, Milioane lei RON, 45
R+S ALTE ACTIVITATI DE SERVICII COLECTIVE  SOCIALE SI PERSONALE, Total, Ialomita, Anul 2020, Milioane lei RON, 35
R+S ALTE ACTIVITATI DE SERVICII COLECTIVE  SOCIALE SI PERSONALE, Total, Ialomita, Anul 2021, Milioane lei RON, 48
R+S ALTE ACTIVITATI DE SERVICII COLECTIVE  SOCIALE SI PERSONALE, Total, Ialomita, Anul 2022, Milioane lei RON, 63
R+S ALTE ACTIVITATI DE SERVICII COLECTIVE  SOCIALE SI PERSONALE, Total, Ialomita, Anul 2023, Milioane lei RON, 81
R+S ALTE ACTIVITATI DE SERVICII COLECTIVE  SOCIALE SI PERSONALE, Total, Ialomita, Anul 2024, Milioane lei RON, 78
R+S ALTE ACTIVITATI DE SERVICII COLECTIVE  SOCIALE SI PERSONALE, Total, Prahova, Anul 2008, Milioane lei RON, 207
R+S ALTE ACTIVITATI DE SERVICII COLECTIVE  SOCIALE SI PERSONALE, Total, Prahova, Anul 2009, Milioane lei RON, 210
R+S ALTE ACTIVITATI DE SERVICII COLECTIVE  SOCIALE SI PERSONALE, Total, Prahova, Anul 2010, Milioane lei RON, 189
R+S ALTE ACTIVITATI DE SERVICII COLECTIVE  SOCIALE SI PERSONALE, Total, Prahova, Anul 2011, Milioane lei RON, 182
R+S ALTE ACTIVITATI DE SERVICII COLECTIVE  SOCIALE SI PERSONALE, Total, Prahova, Anul 2012, Milioane lei RON, 180
R+S ALTE ACTIVITATI DE SERVICII COLECTIVE  SOCIALE SI PERSONALE, Total, Prahova, Anul 2013, Milioane lei RON, 212
R+S ALTE ACTIVITATI DE SERVICII COLECTIVE  SOCIALE SI PERSONALE, Total, Prahova, Anul 2014, Milioane lei RON, 214
R+S ALTE ACTIVITATI DE SERVICII COLECTIVE  SOCIALE SI PERSONALE, Total, Prahova, Anul 2015, Milioane lei RON, 302
R+S ALTE ACTIVITATI DE SERVICII COLECTIVE  SOCIALE SI PERSONALE, Total, Prahova, Anul 2016, Milioane lei RON, 232
R+S ALTE ACTIVITATI DE SERVICII COLECTIVE  SOCIALE SI PERSONALE, Total, Prahova, Anul 2017, Milioane lei RON, 271
R+S ALTE ACTIVITATI DE SERVICII COLECTIVE  SOCIALE SI PERSONALE, Total, Prahova, Anul 2018, Milioane lei RON, 302
R+S ALTE ACTIVITATI DE SERVICII COLECTIVE  SOCIALE SI PERSONALE, Total, Prahova, Anul 2019, Milioane lei RON, 346
R+S ALTE ACTIVITATI DE SERVICII COLECTIVE  SOCIALE SI PERSONALE, Total, Prahova, Anul 2020, Milioane lei RON, 273
R+S ALTE ACTIVITATI DE SERVICII COLECTIVE  SOCIALE SI PERSONALE, Total, Prahova, Anul 2021, Milioane lei RON, 347
R+S ALTE ACTIVITATI DE SERVICII COLECTIVE  SOCIALE SI PERSONALE, Total, Prahova, Anul 2022, Milioane lei RON, 399
R+S ALTE ACTIVITATI DE SERVICII COLECTIVE  SOCIALE SI PERSONALE, Total, Prahova, Anul 2023, Milioane lei RON, 468
R+S ALTE ACTIVITATI DE SERVICII COLECTIVE  SOCIALE SI PERSONALE, Total, Prahova, Anul 2024, Milioane lei RON, 550
R+S ALTE ACTIVITATI DE SERVICII COLECTIVE  SOCIALE SI PERSONALE, Total, Teleorman, Anul 2008, Milioane lei RON, 55
R+S ALTE ACTIVITATI DE SERVICII COLECTIVE  SOCIALE SI PERSONALE, Total, Teleorman, Anul 2009, Milioane lei RON, 60
R+S ALTE ACTIVITATI DE SERVICII COLECTIVE  SOCIALE SI PERSONALE, Total, Teleorman, Anul 2010, Milioane lei RON, 49
R+S ALTE ACTIVITATI DE SERVICII COLECTIVE  SOCIALE SI PERSONALE, Total, Teleorman, Anul 2011, Milioane lei RON, 43
R+S ALTE ACTIVITATI DE SERVICII COLECTIVE  SOCIALE SI PERSONALE, Total, Teleorman, Anul 2012, Milioane lei RON, 38
R+S ALTE ACTIVITATI DE SERVICII COLECTIVE  SOCIALE SI PERSONALE, Total, Teleorman, Anul 2013, Milioane lei RON, 42
R+S ALTE ACTIVITATI DE SERVICII COLECTIVE  SOCIALE SI PERSONALE, Total, Teleorman, Anul 2014, Milioane lei RON, 39
R+S ALTE ACTIVITATI DE SERVICII COLECTIVE  SOCIALE SI PERSONALE, Total, Teleorman, Anul 2015, Milioane lei RON, 46
R+S ALTE ACTIVITATI DE SERVICII COLECTIVE  SOCIALE SI PERSONALE, Total, Teleorman, Anul 2016, Milioane lei RON, 61
R+S ALTE ACTIVITATI DE SERVICII COLECTIVE  SOCIALE SI PERSONALE, Total, Teleorman, Anul 2017, Milioane lei RON, 69
R+S ALTE ACTIVITATI DE SERVICII COLECTIVE  SOCIALE SI PERSONALE, Total, Teleorman, Anul 2018, Milioane lei RON, 83
R+S ALTE ACTIVITATI DE SERVICII COLECTIVE  SOCIALE SI PERSONALE, Total, Teleorman, Anul 2019, Milioane lei RON, 110
R+S ALTE ACTIVITATI DE SERVICII COLECTIVE  SOCIALE SI PERSONALE, Total, Teleorman, Anul 2020, Milioane lei RON, 81
R+S ALTE ACTIVITATI DE SERVICII COLECTIVE  SOCIALE SI PERSONALE, Total, Teleorman, Anul 2021, Milioane lei RON, 99
R+S ALTE ACTIVITATI DE SERVICII COLECTIVE  SOCIALE SI PERSONALE, Total, Teleorman, Anul 2022, Milioane lei RON, 90
R+S ALTE ACTIVITATI DE SERVICII COLECTIVE  SOCIALE SI PERSONALE, Total, Teleorman, Anul 2023, Milioane lei RON, 100
R+S ALTE ACTIVITATI DE SERVICII COLECTIVE  SOCIALE SI PERSONALE, Total, Teleorman, Anul 2024, Milioane lei RON, 77
R+S ALTE ACTIVITATI DE SERVICII COLECTIVE  SOCIALE SI PERSONALE, Total, Ilfov, Anul 2008, Milioane lei RON, 121
R+S ALTE ACTIVITATI DE SERVICII COLECTIVE  SOCIALE SI PERSONALE, Total, Ilfov, Anul 2009, Milioane lei RON, 138
R+S ALTE ACTIVITATI DE SERVICII COLECTIVE  SOCIALE SI PERSONALE, Total, Ilfov, Anul 2010, Milioane lei RON, 157
R+S ALTE ACTIVITATI DE SERVICII COLECTIVE  SOCIALE SI PERSONALE, Total, Ilfov, Anul 2011, Milioane lei RON, 197
R+S ALTE ACTIVITATI DE SERVICII COLECTIVE  SOCIALE SI PERSONALE, Total, Ilfov, Anul 2012, Milioane lei RON, 288
R+S ALTE ACTIVITATI DE SERVICII COLECTIVE  SOCIALE SI PERSONALE, Total, Ilfov, Anul 2013, Milioane lei RON, 406
R+S ALTE ACTIVITATI DE SERVICII COLECTIVE  SOCIALE SI PERSONALE, Total, Ilfov, Anul 2014, Milioane lei RON, 501
R+S ALTE ACTIVITATI DE SERVICII COLECTIVE  SOCIALE SI PERSONALE, Total, Ilfov, Anul 2015, Milioane lei RON, 539
R+S ALTE ACTIVITATI DE SERVICII COLECTIVE  SOCIALE SI PERSONALE, Total, Ilfov, Anul 2016, Milioane lei RON, 1027
R+S ALTE ACTIVITATI DE SERVICII COLECTIVE  SOCIALE SI PERSONALE, Total, Ilfov, Anul 2017, Milioane lei RON, 1139
R+S ALTE ACTIVITATI DE SERVICII COLECTIVE  SOCIALE SI PERSONALE, Total, Ilfov, Anul 2018, Milioane lei RON, 1606
R+S ALTE ACTIVITATI DE SERVICII COLECTIVE  SOCIALE SI PERSONALE, Total, Ilfov, Anul 2019, Milioane lei RON, 1914
R+S ALTE ACTIVITATI DE SERVICII COLECTIVE  SOCIALE SI PERSONALE, Total, Ilfov, Anul 2020, Milioane lei RON, 1574
R+S ALTE ACTIVITATI DE SERVICII COLECTIVE  SOCIALE SI PERSONALE, Total, Ilfov, Anul 2021, Milioane lei RON, 1759
R+S ALTE ACTIVITATI DE SERVICII COLECTIVE  SOCIALE SI PERSONALE, Total, Ilfov, Anul 2022, Milioane lei RON, 1795
R+S ALTE ACTIVITATI DE SERVICII COLECTIVE  SOCIALE SI PERSONALE, Total, Ilfov, Anul 2023, Milioane lei RON, 1972
R+S ALTE ACTIVITATI DE SERVICII COLECTIVE  SOCIALE SI PERSONALE, Total, Ilfov, Anul 2024, Milioane lei RON, 2090
R+S ALTE ACTIVITATI DE SERVICII COLECTIVE  SOCIALE SI PERSONALE, Total, Municipiul Bucuresti, Anul 2008, Milioane lei RON, 3382
R+S ALTE ACTIVITATI DE SERVICII COLECTIVE  SOCIALE SI PERSONALE, Total, Municipiul Bucuresti, Anul 2009, Milioane lei RON, 3168
R+S ALTE ACTIVITATI DE SERVICII COLECTIVE  SOCIALE SI PERSONALE, Total, Municipiul Bucuresti, Anul 2010, Milioane lei RON, 3137
R+S ALTE ACTIVITATI DE SERVICII COLECTIVE  SOCIALE SI PERSONALE, Total, Municipiul Bucuresti, Anul 2011, Milioane lei RON, 3332
R+S ALTE ACTIVITATI DE SERVICII COLECTIVE  SOCIALE SI PERSONALE, Total, Municipiul Bucuresti, Anul 2012, Milioane lei RON, 3615
R+S ALTE ACTIVITATI DE SERVICII COLECTIVE  SOCIALE SI PERSONALE, Total, Municipiul Bucuresti, Anul 2013, Milioane lei RON, 3797
R+S ALTE ACTIVITATI DE SERVICII COLECTIVE  SOCIALE SI PERSONALE, Total, Municipiul Bucuresti, Anul 2014, Milioane lei RON, 3786
R+S ALTE ACTIVITATI DE SERVICII COLECTIVE  SOCIALE SI PERSONALE, Total, Municipiul Bucuresti, Anul 2015, Milioane lei RON, 4118
R+S ALTE ACTIVITATI DE SERVICII COLECTIVE  SOCIALE SI PERSONALE, Total, Municipiul Bucuresti, Anul 2016, Milioane lei RON, 4513
R+S ALTE ACTIVITATI DE SERVICII COLECTIVE  SOCIALE SI PERSONALE, Total, Municipiul Bucuresti, Anul 2017, Milioane lei RON, 4796
R+S ALTE ACTIVITATI DE SERVICII COLECTIVE  SOCIALE SI PERSONALE, Total, Municipiul Bucuresti, Anul 2018, Milioane lei RON, 5629
R+S ALTE ACTIVITATI DE SERVICII COLECTIVE  SOCIALE SI PERSONALE, Total, Municipiul Bucuresti, Anul 2019, Milioane lei RON, 6144
R+S ALTE ACTIVITATI DE SERVICII COLECTIVE  SOCIALE SI PERSONALE, Total, Municipiul Bucuresti, Anul 2020, Milioane lei RON, 4239
R+S ALTE ACTIVITATI DE SERVICII COLECTIVE  SOCIALE SI PERSONALE, Total, Municipiul Bucuresti, Anul 2021, Milioane lei RON, 6378
R+S ALTE ACTIVITATI DE SERVICII COLECTIVE  SOCIALE SI PERSONALE, Total, Municipiul Bucuresti, Anul 2022, Milioane lei RON, 8754
R+S ALTE ACTIVITATI DE SERVICII COLECTIVE  SOCIALE SI PERSONALE, Total, Municipiul Bucuresti, Anul 2023, Milioane lei RON, 9157
R+S ALTE ACTIVITATI DE SERVICII COLECTIVE  SOCIALE SI PERSONALE, Total, Municipiul Bucuresti, Anul 2024, Milioane lei RON, 16386
R+S ALTE ACTIVITATI DE SERVICII COLECTIVE  SOCIALE SI PERSONALE, Total, Dolj, Anul 2008, Milioane lei RON, 161
R+S ALTE ACTIVITATI DE SERVICII COLECTIVE  SOCIALE SI PERSONALE, Total, Dolj, Anul 2009, Milioane lei RON, 147
R+S ALTE ACTIVITATI DE SERVICII COLECTIVE  SOCIALE SI PERSONALE, Total, Dolj, Anul 2010, Milioane lei RON, 170
R+S ALTE ACTIVITATI DE SERVICII COLECTIVE  SOCIALE SI PERSONALE, Total, Dolj, Anul 2011, Milioane lei RON, 242
R+S ALTE ACTIVITATI DE SERVICII COLECTIVE  SOCIALE SI PERSONALE, Total, Dolj, Anul 2012, Milioane lei RON, 165
R+S ALTE ACTIVITATI DE SERVICII COLECTIVE  SOCIALE SI PERSONALE, Total, Dolj, Anul 2013, Milioane lei RON, 168
R+S ALTE ACTIVITATI DE SERVICII COLECTIVE  SOCIALE SI PERSONALE, Total, Dolj, Anul 2014, Milioane lei RON, 210
R+S ALTE ACTIVITATI DE SERVICII COLECTIVE  SOCIALE SI PERSONALE, Total, Dolj, Anul 2015, Milioane lei RON, 317
R+S ALTE ACTIVITATI DE SERVICII COLECTIVE  SOCIALE SI PERSONALE, Total, Dolj, Anul 2016, Milioane lei RON, 349
R+S ALTE ACTIVITATI DE SERVICII COLECTIVE  SOCIALE SI PERSONALE, Total, Dolj, Anul 2017, Milioane lei RON, 437
R+S ALTE ACTIVITATI DE SERVICII COLECTIVE  SOCIALE SI PERSONALE, Total, Dolj, Anul 2018, Milioane lei RON, 617
R+S ALTE ACTIVITATI DE SERVICII COLECTIVE  SOCIALE SI PERSONALE, Total, Dolj, Anul 2019, Milioane lei RON, 502
R+S ALTE ACTIVITATI DE SERVICII COLECTIVE  SOCIALE SI PERSONALE, Total, Dolj, Anul 2020, Milioane lei RON, 390
R+S ALTE ACTIVITATI DE SERVICII COLECTIVE  SOCIALE SI PERSONALE, Total, Dolj, Anul 2021, Milioane lei RON, 585
R+S ALTE ACTIVITATI DE SERVICII COLECTIVE  SOCIALE SI PERSONALE, Total, Dolj, Anul 2022, Milioane lei RON, 709
R+S ALTE ACTIVITATI DE SERVICII COLECTIVE  SOCIALE SI PERSONALE, Total, Dolj, Anul 2023, Milioane lei RON, 810
R+S ALTE ACTIVITATI DE SERVICII COLECTIVE  SOCIALE SI PERSONALE, Total, Dolj, Anul 2024, Milioane lei RON, 569
R+S ALTE ACTIVITATI DE SERVICII COLECTIVE  SOCIALE SI PERSONALE, Total, Gorj, Anul 2008, Milioane lei RON, 64
R+S ALTE ACTIVITATI DE SERVICII COLECTIVE  SOCIALE SI PERSONALE, Total, Gorj, Anul 2009, Milioane lei RON, 63
R+S ALTE ACTIVITATI DE SERVICII COLECTIVE  SOCIALE SI PERSONALE, Total, Gorj, Anul 2010, Milioane lei RON, 78
R+S ALTE ACTIVITATI DE SERVICII COLECTIVE  SOCIALE SI PERSONALE, Total, Gorj, Anul 2011, Milioane lei RON, 83
R+S ALTE ACTIVITATI DE SERVICII COLECTIVE  SOCIALE SI PERSONALE, Total, Gorj, Anul 2012, Milioane lei RON, 106
R+S ALTE ACTIVITATI DE SERVICII COLECTIVE  SOCIALE SI PERSONALE, Total, Gorj, Anul 2013, Milioane lei RON, 122
R+S ALTE ACTIVITATI DE SERVICII COLECTIVE  SOCIALE SI PERSONALE, Total, Gorj, Anul 2014, Milioane lei RON, 79
R+S ALTE ACTIVITATI DE SERVICII COLECTIVE  SOCIALE SI PERSONALE, Total, Gorj, Anul 2015, Milioane lei RON, 210
R+S ALTE ACTIVITATI DE SERVICII COLECTIVE  SOCIALE SI PERSONALE, Total, Gorj, Anul 2016, Milioane lei RON, 86
R+S ALTE ACTIVITATI DE SERVICII COLECTIVE  SOCIALE SI PERSONALE, Total, Gorj, Anul 2017, Milioane lei RON, 125
R+S ALTE ACTIVITATI DE SERVICII COLECTIVE  SOCIALE SI PERSONALE, Total, Gorj, Anul 2018, Milioane lei RON, 142
R+S ALTE ACTIVITATI DE SERVICII COLECTIVE  SOCIALE SI PERSONALE, Total, Gorj, Anul 2019, Milioane lei RON, 176
R+S ALTE ACTIVITATI DE SERVICII COLECTIVE  SOCIALE SI PERSONALE, Total, Gorj, Anul 2020, Milioane lei RON, 144
R+S ALTE ACTIVITATI DE SERVICII COLECTIVE  SOCIALE SI PERSONALE, Total, Gorj, Anul 2021, Milioane lei RON, 212
R+S ALTE ACTIVITATI DE SERVICII COLECTIVE  SOCIALE SI PERSONALE, Total, Gorj, Anul 2022, Milioane lei RON, 293
R+S ALTE ACTIVITATI DE SERVICII COLECTIVE  SOCIALE SI PERSONALE, Total, Gorj, Anul 2023, Milioane lei RON, 318
R+S ALTE ACTIVITATI DE SERVICII COLECTIVE  SOCIALE SI PERSONALE, Total, Gorj, Anul 2024, Milioane lei RON, 237
R+S ALTE ACTIVITATI DE SERVICII COLECTIVE  SOCIALE SI PERSONALE, Total, Mehedinti, Anul 2008, Milioane lei RON, 43
R+S ALTE ACTIVITATI DE SERVICII COLECTIVE  SOCIALE SI PERSONALE, Total, Mehedinti, Anul 2009, Milioane lei RON, 39
R+S ALTE ACTIVITATI DE SERVICII COLECTIVE  SOCIALE SI PERSONALE, Total, Mehedinti, Anul 2010, Milioane lei RON, 45
R+S ALTE ACTIVITATI DE SERVICII COLECTIVE  SOCIALE SI PERSONALE, Total, Mehedinti, Anul 2011, Milioane lei RON, 112
R+S ALTE ACTIVITATI DE SERVICII COLECTIVE  SOCIALE SI PERSONALE, Total, Mehedinti, Anul 2012, Milioane lei RON, 112
R+S ALTE ACTIVITATI DE SERVICII COLECTIVE  SOCIALE SI PERSONALE, Total, Mehedinti, Anul 2013, Milioane lei RON, 120
R+S ALTE ACTIVITATI DE SERVICII COLECTIVE  SOCIALE SI PERSONALE, Total, Mehedinti, Anul 2014, Milioane lei RON, 108
R+S ALTE ACTIVITATI DE SERVICII COLECTIVE  SOCIALE SI PERSONALE, Total, Mehedinti, Anul 2015, Milioane lei RON, 121
R+S ALTE ACTIVITATI DE SERVICII COLECTIVE  SOCIALE SI PERSONALE, Total, Mehedinti, Anul 2016, Milioane lei RON, 78
R+S ALTE ACTIVITATI DE SERVICII COLECTIVE  SOCIALE SI PERSONALE, Total, Mehedinti, Anul 2017, Milioane lei RON, 45
R+S ALTE ACTIVITATI DE SERVICII COLECTIVE  SOCIALE SI PERSONALE, Total, Mehedinti, Anul 2018, Milioane lei RON, 50
R+S ALTE ACTIVITATI DE SERVICII COLECTIVE  SOCIALE SI PERSONALE, Total, Mehedinti, Anul 2019, Milioane lei RON, 60
R+S ALTE ACTIVITATI DE SERVICII COLECTIVE  SOCIALE SI PERSONALE, Total, Mehedinti, Anul 2020, Milioane lei RON, 43
R+S ALTE ACTIVITATI DE SERVICII COLECTIVE  SOCIALE SI PERSONALE, Total, Mehedinti, Anul 2021, Milioane lei RON, 64
R+S ALTE ACTIVITATI DE SERVICII COLECTIVE  SOCIALE SI PERSONALE, Total, Mehedinti, Anul 2022, Milioane lei RON, 82
R+S ALTE ACTIVITATI DE SERVICII COLECTIVE  SOCIALE SI PERSONALE, Total, Mehedinti, Anul 2023, Milioane lei RON, 73
R+S ALTE ACTIVITATI DE SERVICII COLECTIVE  SOCIALE SI PERSONALE, Total, Mehedinti, Anul 2024, Milioane lei RON, 87
R+S ALTE ACTIVITATI DE SERVICII COLECTIVE  SOCIALE SI PERSONALE, Total, Olt, Anul 2008, Milioane lei RON, 27
R+S ALTE ACTIVITATI DE SERVICII COLECTIVE  SOCIALE SI PERSONALE, Total, Olt, Anul 2009, Milioane lei RON, 46
R+S ALTE ACTIVITATI DE SERVICII COLECTIVE  SOCIALE SI PERSONALE, Total, Olt, Anul 2010, Milioane lei RON, 33
R+S ALTE ACTIVITATI DE SERVICII COLECTIVE  SOCIALE SI PERSONALE, Total, Olt, Anul 2011, Milioane lei RON, 41
R+S ALTE ACTIVITATI DE SERVICII COLECTIVE  SOCIALE SI PERSONALE, Total, Olt, Anul 2012, Milioane lei RON, 62
R+S ALTE ACTIVITATI DE SERVICII COLECTIVE  SOCIALE SI PERSONALE, Total, Olt, Anul 2013, Milioane lei RON, 60
R+S ALTE ACTIVITATI DE SERVICII COLECTIVE  SOCIALE SI PERSONALE, Total, Olt, Anul 2014, Milioane lei RON, 37
R+S ALTE ACTIVITATI DE SERVICII COLECTIVE  SOCIALE SI PERSONALE, Total, Olt, Anul 2015, Milioane lei RON, 69
R+S ALTE ACTIVITATI DE SERVICII COLECTIVE  SOCIALE SI PERSONALE, Total, Olt, Anul 2016, Milioane lei RON, 72
R+S ALTE ACTIVITATI DE SERVICII COLECTIVE  SOCIALE SI PERSONALE, Total, Olt, Anul 2017, Milioane lei RON, 80
R+S ALTE ACTIVITATI DE SERVICII COLECTIVE  SOCIALE SI PERSONALE, Total, Olt, Anul 2018, Milioane lei RON, 161
R+S ALTE ACTIVITATI DE SERVICII COLECTIVE  SOCIALE SI PERSONALE, Total, Olt, Anul 2019, Milioane lei RON, 245
R+S ALTE ACTIVITATI DE SERVICII COLECTIVE  SOCIALE SI PERSONALE, Total, Olt, Anul 2020, Milioane lei RON, 181
R+S ALTE ACTIVITATI DE SERVICII COLECTIVE  SOCIALE SI PERSONALE, Total, Olt, Anul 2021, Milioane lei RON, 195
R+S ALTE ACTIVITATI DE SERVICII COLECTIVE  SOCIALE SI PERSONALE, Total, Olt, Anul 2022, Milioane lei RON, 211
R+S ALTE ACTIVITATI DE SERVICII COLECTIVE  SOCIALE SI PERSONALE, Total, Olt, Anul 2023, Milioane lei RON, 244
R+S ALTE ACTIVITATI DE SERVICII COLECTIVE  SOCIALE SI PERSONALE, Total, Olt, Anul 2024, Milioane lei RON, 332
R+S ALTE ACTIVITATI DE SERVICII COLECTIVE  SOCIALE SI PERSONALE, Total, Valcea, Anul 2008, Milioane lei RON, 72
R+S ALTE ACTIVITATI DE SERVICII COLECTIVE  SOCIALE SI PERSONALE, Total, Valcea, Anul 2009, Milioane lei RON, 83
R+S ALTE ACTIVITATI DE SERVICII COLECTIVE  SOCIALE SI PERSONALE, Total, Valcea, Anul 2010, Milioane lei RON, 109
R+S ALTE ACTIVITATI DE SERVICII COLECTIVE  SOCIALE SI PERSONALE, Total, Valcea, Anul 2011, Milioane lei RON, 81
R+S ALTE ACTIVITATI DE SERVICII COLECTIVE  SOCIALE SI PERSONALE, Total, Valcea, Anul 2012, Milioane lei RON, 77
R+S ALTE ACTIVITATI DE SERVICII COLECTIVE  SOCIALE SI PERSONALE, Total, Valcea, Anul 2013, Milioane lei RON, 69
R+S ALTE ACTIVITATI DE SERVICII COLECTIVE  SOCIALE SI PERSONALE, Total, Valcea, Anul 2014, Milioane lei RON, 57
R+S ALTE ACTIVITATI DE SERVICII COLECTIVE  SOCIALE SI PERSONALE, Total, Valcea, Anul 2015, Milioane lei RON, 68
R+S ALTE ACTIVITATI DE SERVICII COLECTIVE  SOCIALE SI PERSONALE, Total, Valcea, Anul 2016, Milioane lei RON, 75
R+S ALTE ACTIVITATI DE SERVICII COLECTIVE  SOCIALE SI PERSONALE, Total, Valcea, Anul 2017, Milioane lei RON, 86
R+S ALTE ACTIVITATI DE SERVICII COLECTIVE  SOCIALE SI PERSONALE, Total, Valcea, Anul 2018, Milioane lei RON, 95
R+S ALTE ACTIVITATI DE SERVICII COLECTIVE  SOCIALE SI PERSONALE, Total, Valcea, Anul 2019, Milioane lei RON, 122
R+S ALTE ACTIVITATI DE SERVICII COLECTIVE  SOCIALE SI PERSONALE, Total, Valcea, Anul 2020, Milioane lei RON, 89
R+S ALTE ACTIVITATI DE SERVICII COLECTIVE  SOCIALE SI PERSONALE, Total, Valcea, Anul 2021, Milioane lei RON, 129
R+S ALTE ACTIVITATI DE SERVICII COLECTIVE  SOCIALE SI PERSONALE, Total, Valcea, Anul 2022, Milioane lei RON, 148
R+S ALTE ACTIVITATI DE SERVICII COLECTIVE  SOCIALE SI PERSONALE, Total, Valcea, Anul 2023, Milioane lei RON, 157
R+S ALTE ACTIVITATI DE SERVICII COLECTIVE  SOCIALE SI PERSONALE, Total, Valcea, Anul 2024, Milioane lei RON, 155
R+S ALTE ACTIVITATI DE SERVICII COLECTIVE  SOCIALE SI PERSONALE, Total, Arad, Anul 2008, Milioane lei RON, 80
R+S ALTE ACTIVITATI DE SERVICII COLECTIVE  SOCIALE SI PERSONALE, Total, Arad, Anul 2009, Milioane lei RON, 117
R+S ALTE ACTIVITATI DE SERVICII COLECTIVE  SOCIALE SI PERSONALE, Total, Arad, Anul 2010, Milioane lei RON, 128
R+S ALTE ACTIVITATI DE SERVICII COLECTIVE  SOCIALE SI PERSONALE, Total, Arad, Anul 2011, Milioane lei RON, 137
R+S ALTE ACTIVITATI DE SERVICII COLECTIVE  SOCIALE SI PERSONALE, Total, Arad, Anul 2012, Milioane lei RON, 128
R+S ALTE ACTIVITATI DE SERVICII COLECTIVE  SOCIALE SI PERSONALE, Total, Arad, Anul 2013, Milioane lei RON, 139
R+S ALTE ACTIVITATI DE SERVICII COLECTIVE  SOCIALE SI PERSONALE, Total, Arad, Anul 2014, Milioane lei RON, 172
R+S ALTE ACTIVITATI DE SERVICII COLECTIVE  SOCIALE SI PERSONALE, Total, Arad, Anul 2015, Milioane lei RON, 209
R+S ALTE ACTIVITATI DE SERVICII COLECTIVE  SOCIALE SI PERSONALE, Total, Arad, Anul 2016, Milioane lei RON, 218
R+S ALTE ACTIVITATI DE SERVICII COLECTIVE  SOCIALE SI PERSONALE, Total, Arad, Anul 2017, Milioane lei RON, 267
R+S ALTE ACTIVITATI DE SERVICII COLECTIVE  SOCIALE SI PERSONALE, Total, Arad, Anul 2018, Milioane lei RON, 177
R+S ALTE ACTIVITATI DE SERVICII COLECTIVE  SOCIALE SI PERSONALE, Total, Arad, Anul 2019, Milioane lei RON, 174
R+S ALTE ACTIVITATI DE SERVICII COLECTIVE  SOCIALE SI PERSONALE, Total, Arad, Anul 2020, Milioane lei RON, 113
R+S ALTE ACTIVITATI DE SERVICII COLECTIVE  SOCIALE SI PERSONALE, Total, Arad, Anul 2021, Milioane lei RON, 162
R+S ALTE ACTIVITATI DE SERVICII COLECTIVE  SOCIALE SI PERSONALE, Total, Arad, Anul 2022, Milioane lei RON, 228
R+S ALTE ACTIVITATI DE SERVICII COLECTIVE  SOCIALE SI PERSONALE, Total, Arad, Anul 2023, Milioane lei RON, 285
R+S ALTE ACTIVITATI DE SERVICII COLECTIVE  SOCIALE SI PERSONALE, Total, Arad, Anul 2024, Milioane lei RON, 233
R+S ALTE ACTIVITATI DE SERVICII COLECTIVE  SOCIALE SI PERSONALE, Total, Caras-Severin, Anul 2008, Milioane lei RON, 35
R+S ALTE ACTIVITATI DE SERVICII COLECTIVE  SOCIALE SI PERSONALE, Total, Caras-Severin, Anul 2009, Milioane lei RON, 54
R+S ALTE ACTIVITATI DE SERVICII COLECTIVE  SOCIALE SI PERSONALE, Total, Caras-Severin, Anul 2010, Milioane lei RON, 61
R+S ALTE ACTIVITATI DE SERVICII COLECTIVE  SOCIALE SI PERSONALE, Total, Caras-Severin, Anul 2011, Milioane lei RON, 58
R+S ALTE ACTIVITATI DE SERVICII COLECTIVE  SOCIALE SI PERSONALE, Total, Caras-Severin, Anul 2012, Milioane lei RON, 61
R+S ALTE ACTIVITATI DE SERVICII COLECTIVE  SOCIALE SI PERSONALE, Total, Caras-Severin, Anul 2013, Milioane lei RON, 70
R+S ALTE ACTIVITATI DE SERVICII COLECTIVE  SOCIALE SI PERSONALE, Total, Caras-Severin, Anul 2014, Milioane lei RON, 71
R+S ALTE ACTIVITATI DE SERVICII COLECTIVE  SOCIALE SI PERSONALE, Total, Caras-Severin, Anul 2015, Milioane lei RON, 80
R+S ALTE ACTIVITATI DE SERVICII COLECTIVE  SOCIALE SI PERSONALE, Total, Caras-Severin, Anul 2016, Milioane lei RON, 83
R+S ALTE ACTIVITATI DE SERVICII COLECTIVE  SOCIALE SI PERSONALE, Total, Caras-Severin, Anul 2017, Milioane lei RON, 72
R+S ALTE ACTIVITATI DE SERVICII COLECTIVE  SOCIALE SI PERSONALE, Total, Caras-Severin, Anul 2018, Milioane lei RON, 76
R+S ALTE ACTIVITATI DE SERVICII COLECTIVE  SOCIALE SI PERSONALE, Total, Caras-Severin, Anul 2019, Milioane lei RON, 66
R+S ALTE ACTIVITATI DE SERVICII COLECTIVE  SOCIALE SI PERSONALE, Total, Caras-Severin, Anul 2020, Milioane lei RON, 53
R+S ALTE ACTIVITATI DE SERVICII COLECTIVE  SOCIALE SI PERSONALE, Total, Caras-Severin, Anul 2021, Milioane lei RON, 71
R+S ALTE ACTIVITATI DE SERVICII COLECTIVE  SOCIALE SI PERSONALE, Total, Caras-Severin, Anul 2022, Milioane lei RON, 87
R+S ALTE ACTIVITATI DE SERVICII COLECTIVE  SOCIALE SI PERSONALE, Total, Caras-Severin, Anul 2023, Milioane lei RON, 98
R+S ALTE ACTIVITATI DE SERVICII COLECTIVE  SOCIALE SI PERSONALE, Total, Caras-Severin, Anul 2024, Milioane lei RON, 99
R+S ALTE ACTIVITATI DE SERVICII COLECTIVE  SOCIALE SI PERSONALE, Total, Hunedoara, Anul 2008, Milioane lei RON, 75
R+S ALTE ACTIVITATI DE SERVICII COLECTIVE  SOCIALE SI PERSONALE, Total, Hunedoara, Anul 2009, Milioane lei RON, 71
R+S ALTE ACTIVITATI DE SERVICII COLECTIVE  SOCIALE SI PERSONALE, Total, Hunedoara, Anul 2010, Milioane lei RON, 69
R+S ALTE ACTIVITATI DE SERVICII COLECTIVE  SOCIALE SI PERSONALE, Total, Hunedoara, Anul 2011, Milioane lei RON, 74
R+S ALTE ACTIVITATI DE SERVICII COLECTIVE  SOCIALE SI PERSONALE, Total, Hunedoara, Anul 2012, Milioane lei RON, 100
R+S ALTE ACTIVITATI DE SERVICII COLECTIVE  SOCIALE SI PERSONALE, Total, Hunedoara, Anul 2013, Milioane lei RON, 98
R+S ALTE ACTIVITATI DE SERVICII COLECTIVE  SOCIALE SI PERSONALE, Total, Hunedoara, Anul 2014, Milioane lei RON, 92
R+S ALTE ACTIVITATI DE SERVICII COLECTIVE  SOCIALE SI PERSONALE, Total, Hunedoara, Anul 2015, Milioane lei RON, 110
R+S ALTE ACTIVITATI DE SERVICII COLECTIVE  SOCIALE SI PERSONALE, Total, Hunedoara, Anul 2016, Milioane lei RON, 120
R+S ALTE ACTIVITATI DE SERVICII COLECTIVE  SOCIALE SI PERSONALE, Total, Hunedoara, Anul 2017, Milioane lei RON, 111
R+S ALTE ACTIVITATI DE SERVICII COLECTIVE  SOCIALE SI PERSONALE, Total, Hunedoara, Anul 2018, Milioane lei RON, 174
R+S ALTE ACTIVITATI DE SERVICII COLECTIVE  SOCIALE SI PERSONALE, Total, Hunedoara, Anul 2019, Milioane lei RON, 227
R+S ALTE ACTIVITATI DE SERVICII COLECTIVE  SOCIALE SI PERSONALE, Total, Hunedoara, Anul 2020, Milioane lei RON, 209
R+S ALTE ACTIVITATI DE SERVICII COLECTIVE  SOCIALE SI PERSONALE, Total, Hunedoara, Anul 2021, Milioane lei RON, 366
R+S ALTE ACTIVITATI DE SERVICII COLECTIVE  SOCIALE SI PERSONALE, Total, Hunedoara, Anul 2022, Milioane lei RON, 374
R+S ALTE ACTIVITATI DE SERVICII COLECTIVE  SOCIALE SI PERSONALE, Total, Hunedoara, Anul 2023, Milioane lei RON, 340
R+S ALTE ACTIVITATI DE SERVICII COLECTIVE  SOCIALE SI PERSONALE, Total, Hunedoara, Anul 2024, Milioane lei RON, 417
R+S ALTE ACTIVITATI DE SERVICII COLECTIVE  SOCIALE SI PERSONALE, Total, Timis, Anul 2008, Milioane lei RON, 314
R+S ALTE ACTIVITATI DE SERVICII COLECTIVE  SOCIALE SI PERSONALE, Total, Timis, Anul 2009, Milioane lei RON, 252
R+S ALTE ACTIVITATI DE SERVICII COLECTIVE  SOCIALE SI PERSONALE, Total, Timis, Anul 2010, Milioane lei RON, 249
R+S ALTE ACTIVITATI DE SERVICII COLECTIVE  SOCIALE SI PERSONALE, Total, Timis, Anul 2011, Milioane lei RON, 280
R+S ALTE ACTIVITATI DE SERVICII COLECTIVE  SOCIALE SI PERSONALE, Total, Timis, Anul 2012, Milioane lei RON, 269
R+S ALTE ACTIVITATI DE SERVICII COLECTIVE  SOCIALE SI PERSONALE, Total, Timis, Anul 2013, Milioane lei RON, 296
R+S ALTE ACTIVITATI DE SERVICII COLECTIVE  SOCIALE SI PERSONALE, Total, Timis, Anul 2014, Milioane lei RON, 351
R+S ALTE ACTIVITATI DE SERVICII COLECTIVE  SOCIALE SI PERSONALE, Total, Timis, Anul 2015, Milioane lei RON, 438
R+S ALTE ACTIVITATI DE SERVICII COLECTIVE  SOCIALE SI PERSONALE, Total, Timis, Anul 2016, Milioane lei RON, 537
R+S ALTE ACTIVITATI DE SERVICII COLECTIVE  SOCIALE SI PERSONALE, Total, Timis, Anul 2017, Milioane lei RON, 596
R+S ALTE ACTIVITATI DE SERVICII COLECTIVE  SOCIALE SI PERSONALE, Total, Timis, Anul 2018, Milioane lei RON, 425
R+S ALTE ACTIVITATI DE SERVICII COLECTIVE  SOCIALE SI PERSONALE, Total, Timis, Anul 2019, Milioane lei RON, 456
R+S ALTE ACTIVITATI DE SERVICII COLECTIVE  SOCIALE SI PERSONALE, Total, Timis, Anul 2020, Milioane lei RON, 312
R+S ALTE ACTIVITATI DE SERVICII COLECTIVE  SOCIALE SI PERSONALE, Total, Timis, Anul 2021, Milioane lei RON, 434
R+S ALTE ACTIVITATI DE SERVICII COLECTIVE  SOCIALE SI PERSONALE, Total, Timis, Anul 2022, Milioane lei RON, 663
R+S ALTE ACTIVITATI DE SERVICII COLECTIVE  SOCIALE SI PERSONALE, Total, Timis, Anul 2023, Milioane lei RON, 762
R+S ALTE ACTIVITATI DE SERVICII COLECTIVE  SOCIALE SI PERSONALE, Total, Timis, Anul 2024, Milioane lei RON, 816
